a̱a̱	5
a̱a̱a̱	10
ä́ä́ä́ä́	1
abelardo	1
adalid	1
adj	1
adolfo	1
ái	6
ä́iné̱	1
ä́ka̱wá̱ká̱	1
aláki	8
alákiwá	1
aláklä	58
alákläwá	13
alár	1
alé	3
á̱lë́	1
alejandro	4
aléji̱a̱	1
aléju̱	1
aléma̱na̱	4
älí	2
alice	2
á̱li̱k	2
á̱li̱ksí̱	1
älíná̱	1
älína̱	1
älíná̱wa̱	1
älír	2
älíwá̱	3
älíwa̱	2
älíwa̱klä	2
älíwé̱	4
älíwé̱ké̱	2
älíwó̱	2
alvin	8
älwí	6
älwíí	8
älwíwa̱	1
amada	1
amelia	1
á̱mi̱	20
a̱mí̱	37
á̱mi̱ji̱a̱	3
á̱mi̱ka	1
á̱mi̱kjë́	2
á̱mi̱ska	4
amontonen	1
á̱ná̱	7
á̱na̱	2
a̱ná̱	1
a̱ná̱á̱	2
a̱ná̱á̱wa̱	1
á̱ná̱mi̱	1
á̱ná̱të	2
a̱ná̱wa̱	1
á̱né̱	1
a̱ni̱	6
aníbal	1
anita	1
anthony	1
antonio	1
aquiles	1
á̱r	22
á̱rdámi̱	1
árik	1
á̱rké̱	2
armando	2
á̱rni̱	1
arnoldo	2
artavio	3
arturo	1
atá	33
á̱ta̱ná̱	14
á̱ta̱ná̱ké̱	2
á̱ta̱ná̱rá	1
atára	3
átjä́	3
aurora	1
awa	1
äyë́	14
aziel	1
ba	2
bá	396
bä	31
báá	17
báárama̱	4
báárrama̱	4
báásí̱	3
báásí̱wa̱	1
bááwa̱	8
bááwa̱sí̱	2
bábá	1
bacha	1
bacháá	2
bachawá	1
bächí	1
bächíí	3
bächííwa̱	2
bächiríí	4
bächís	1
bächíta	11
bái	1
bä́i	39
bä́ina̱	1
bä́ina̱klä	1
bä́iná̱ni̱	2
bä́iné̱na̱	1
bä́iné̱wa̱	1
bä́iné̱wa̱klä	3
bä́iné̱wé̱	4
bä́irmi̱	1
bä́isí̱	2
bä́iwa̱	2
bä́iwa̱klä	5
bä́iwé̱	6
bä́iwó̱	1
bajakjë́	2
bajakjë́wa̱	1
bák	7
baka	1
báka	2
bakalá	2
bäkälí	7
bakáné̱	2
bäkäsa̱	1
bäkís	2
báklä	1
báklë́	26
báklë́ká̱ju̱	1
báklë́wá	2
bál	2
bala	10
balá	3
bälä	1
bälä́	1
bäläklä	4
balálí	1
balapjá̱	1
balapjá̱na̱	2
balapjé̱	1
balasikälë́	1
balatiá	1
balatië́	1
baláwa̱	2
balba	1
balë́	1
bálë́	1
bälë	1
bälë́	1
bälë́na̱	1
bälë́ná̱wa̱	3
bälë́r	1
bälëríwák	2
bälë́rmi̱wa̱	1
balë́wa̱	1
bálí	4
bälí	7
bálíí	2
bälíí	1
bálírmi̱	1
báná	1
báná̱	1
bána̱	1
báná̱ká̱	1
baná̱wa̱	3
báná̱wa̱	1
baná̱wa̱kia	1
báné̱	1
bané̱wó̱	1
báo	1
bár	8
bä́r	1
barár	1
barbilla	1
bárké̱	1
bä́rmi̱ká̱ni̱	1
bás	65
báshkirí	1
bäsú	1
bata	89
batalá	2
batashá	1
batashä	2
batashë́mi̱	1
bätsä	1
bätsä́	1
batsáné̱	1
bätsë́	6
bätsë́ë́	12
bätsë́ké̱	1
bätsë́na̱	2
bätsë́rama̱	1
bätsë́tsä	3
batú	2
batúrama̱	1
batúú	1
bawa̱	1
báwá̱	1
báwa̱	19
báwa̱sa̱	1
báwa̱sí̱	8
báwé̱	1
bawó̱	1
báwó̱	1
bäyë́i	1
bë	1
bë́	15
bë́chí	1
bë́ibulu	1
bë́iwä́	3
bë́k	4
bë́na̱	64
bë́ná̱sa̱	1
bë́na̱sa̱	1
bë́rbë́na̱	6
bë́rbë́r	3
beré	2
berékla	3
bërkä	1
bernardo	9
béshyë́ë́ka	1
bétjí	9
bë́wa̱	17
bë́wák	25
bia	1
biá	3
biä	2
biäklä	1
bíbík	1
bíblä́	1
bichó̱k	1
bichö́k	1
bichö́l	1
bië́	3
bíí	1
biká	2
bikä	2
bikákla	8
bikála	1
bikáná̱	1
bikäsa̱	1
bikë́	1
bikë́ké̱	3
bikë́tsa	2
bikë́tsá	16
bikë́tsä	2
bikë́tsáné̱	2
bikë́tsárá	1
bikë́tsë́	8
bikë́tsë́ké̱	1
bikë́tsë́rá	3
bikö́	26
bikö́kjë́	36
bikö́kla	1
bikö́le	11
bikölö́	5
bíl	4
bílë́	1
bílka	2
bílwä́	1
birró	1
bís	2
bishéé	1
bitä	1
bitä́	2
bitä́ké̱	1
bitäklä	1
bítawa	3
bítäwä	2
bitë	2
bitë́	13
bitë́ju̱	2
bitë́ju̱të	1
bitë́ká̱	1
bitë́ká̱ju̱lu̱	4
bitë́né̱	1
bitë́wa̱	1
bítkä	1
bitsikí	10
bitsikíi	2
bítsiri	2
bíyäkä	1
biyö́	2
biyö́i	1
bläklä	1
blanca	1
bo	2
bó	4
bö	9
bóbäkë́i	2
bóikí̱	5
bóikía	4
bökö́	1
bokól	5
bökölö́	3
ból	18
bö́lí	4
bólka	2
bolkí	2
bólkí	1
bolo	6
bölö́	1
bolóbatawák	2
bolók	1
bolóná̱	1
bolóna̱	4
bolóná̱ká̱	1
bolóné̱	1
bolóó	5
bolóósí̱	1
bolór	2
bolóta	3
bolówa̱	1
bolówá̱sa̱	1
bolówé̱	1
bólwá	1
bólwä́	4
bólwí̱n	1
borói	2
borro	2
borrói	2
borróó	2
bótäwä	18
bótkä	38
botóklí	1
bötsö́	1
bóyäkä	6
bua	1
buá	2
buë́	4
buka	1
bukalá	7
bukälë́	1
bukalë́i	16
bukaná̱	3
bukana̱	1
bukáná̱	1
bukaná̱ká̱	1
bukë́	6
buklú	1
bukulu	2
bukulú	6
bukulúú	3
bukulúwá	2
buláná̱	2
buláná̱jka	1
buláná̱ká̱	1
buláné̱	1
buláné̱wé̱	3
buláné̱wé̱ké̱	1
bulár	11
bulárké̱	4
buláwa̱	1
buláwé̱	1
bulë́ë́	2
búlë́ná̱	1
búlë́wó̱	1
bulí	1
bulía	27
bulílí	25
bultos	1
bulu	10
bulú	2
bulúiwá	2
bulúlú	3
bulúr	1
buö́k	1
búr	1
búrké̱wa̱	1
burríí	2
burru	1
burrú	2
búrwa̱	2
busí	34
busíwá	7
butälë́	1
butaná̱	1
butaná̱ká̱	1
butaná̱wa̱	2
butará	1
butaráwa̱	1
butärë́	1
butarréé	1
buträklä	1
butrö́	1
butsá	2
butsä	1
butsäklä	1
butsälë́	1
butsälë́wa̱	1
butsaná̱	2
butsaná̱ju̱	1
butsë́	3
butsútsú	2
buturu	3
búú	1
calvo	1
carlos	9
carmen	1
cartago	1
castro	1
cha	10
chá	1
chá̱	18
cha̱	1
chá̱á̱	4
chacón	1
chá̱je	2
cháka	1
cháká	13
chákä	5
chákä́	1
chákána̱	1
chákáni̱	3
chákë́	2
chákë́ké̱rá	1
chá̱ké̱wa̱	1
chäklä	1
chä́klë́	1
chákö́	2
chákö́mi̱	1
chálí	7
chá̱mi̱	3
chá̱ráwa̱	3
chá̱ta̱na̱	1
chátkáwa̱	1
chá̱wa̱	11
cha̱wa̱	1
ché̱i̱	1
ché̱i̱lá	2
ché̱ké̱wa̱	1
chë́kwa	2
ché̱mi̱	2
ché̱nó̱mi̱pa	1
chë́wó̱	1
chichä	1
chicháná̱	1
chicháné̱l	1
chichár	3
chichë́	1
chichë́i	7
chíchi	62
chíchí	1
chíchiwá	5
chichö́	2
chí̱í̱wa̱	1
chikória	1
chi̱mo̱	37
chi̱mo̱lí	13
chi̱mo̱rí	1
chína̱	4
chína̱lí	12
chírírí	2
chó̱	36
cho̱	4
chö́kälík	1
chó̱kchó̱k	1
chö́lí	5
chö́líwá	1
chó̱mi̱	1
chó̱ni̱	1
chó̱të	3
chó̱wa̱	1
chúldá	2
chu̱lí̱í̱	3
chu̱lí̱í̱wa̱	2
chu̱lí̱jí̱wa̱	1
chúlwák	1
claudio	1
clementina	1
constenla	1
cristóbal	1
da	23
dä	161
dabái	4
dabáiwá	1
dachá	6
dachákí	1
dächík	3
dáju̱	3
dä́ju̱	5
dáju̱ni̱	1
dä́ju̱ni̱	1
dáju̱të	3
däká̱	2
dä́ká̱	9
dáká̱ju̱	2
dä́ké̱	6
dä́ké̱ju̱	1
dä́ké̱ká̱	3
dä́ké̱ksa̱	2
dä́ké̱mi̱ni̱	1
dä́ké̱ne̱	1
dä́ké̱rá	1
dä́ké̱sa̱	2
dä́ké̱wa̱	1
däklä	1
däkläká̱	2
däklämi̱	2
däkläsa̱	2
däkläwa̱ni̱	1
däksa̱	1
däkuë́ibäwák	2
dala	5
daláá	7
dälä́ä́	2
daláárama̱	2
daláásí̱	1
dalábäkä́	1
dalábulu	1
daláibä	1
dalána̱	1
dälä́na̱	7
dälä́ná̱sa̱	4
dälä́na̱sí̱	4
dälä́na̱sí̱wa̱	1
dälä́ná̱të	1
dälä́ná̱wa̱	5
dälä́na̱wa̱	1
dälä́né̱	1
dälä́né̱l	1
dälä́r	12
dälä́rdáká̱	1
dälä́rké̱	9
dalárrama̱	1
dälä́tsána̱	1
dälä́tsë́	3
dälä́tsö́	1
daláwa̱	1
dälä́wá̱	1
dälä́wa̱	1
dälä́wá̱sa̱	1
dälä́wé̱	3
dälä́wé̱ké̱	1
dälä́wé̱wa̱	1
dälë́i	4
dälí	30
dalia	1
dälírké̱	1
dälíwá̱	1
dälíwa̱klä	1
dälíwé̱ké̱	1
dámi̱	5
dämi̱	1
dä́mi̱	4
dámi̱ju̱	4
dä́mi̱ju̱	1
dámi̱ju̱lu̱	1
dämi̱ká̱	1
dämi̱ni̱	1
dä́mi̱sa̱	1
dä́mi̱wa̱	1
dä́ni̱	6
daniel	3
danilo	5
dár	3
dara	2
därë́ná̱wa̱	1
därë́nó̱wó̱pa	1
därë́rë́	10
därë́rë́sí̱	1
dárká̱	1
dármi̱	3
darrá	3
dársa̱	1
dä́sa̱	9
dása̱ju̱	2
dä́sa̱ju̱	2
dä́sa̱ju̱lu̱	1
dásta̱na̱	8
dätsí	13
david	1
dáwa̱ju̱	1
däwa̱ju̱	1
dä́wa̱ju̱	2
däyë́	17
de	1
dé	1
dë́	21
dë́ba	1
dë́bälísh	1
dë́ju̱	33
dë́ju̱lu̱	8
dë́ju̱ni̱	1
dë́ju̱të	6
dë́ká̱	6
dë́ká̱ju̱	8
dë́ká̱ju̱lu̱	2
dë́ksa̱ju̱	1
dë́l	28
dë́lë́	2
dë́lë́ká̱	3
dë́mi̱	3
dë́mi̱ju̱	9
dë́mi̱ju̱lu̱	1
dë́mi̱ká̱	2
dë́mi̱ká̱ju̱lu̱	1
dë́né̱	1
dë́né̱wa̱	1
dë́ni̱	1
dë́sa̱	5
dë́sa̱ju̱	3
dë́sa̱ju̱lu̱	1
dë́sa̱wa̱	1
dë́tsé̱	1
dë́wa̱	1
dë́wa̱ju̱	4
dë́wa̱ju̱lu̱ni̱	1
dí	44
diá	6
diä́	16
diáka	1
dialë́	1
dianá̱	2
diana̱	1
diané̱wé̱	1
diár	5
diáska	1
diáwa	1
dibö́	2
dibö́sí̱	1
dië́	3
dië́i	15
dië́ska	2
dië́wa	1
digna	6
diká	20
dikä́	1
dikaba	1
dikë́i	3
dikë́k	1
díkiö́kiö́	1
díklä́	94
díklä́wák	1
díklë́i	1
díklë́ika	1
dína̱	1
dína̱ma̱	1
dísälë́lë́	2
ditsä́	98
ditsä́wá	3
ditsë́i	10
dö́	2
doctor	2
dók	2
doko	1
dokó	2
dokói	1
dokóitsë́	2
dokóna̱	6
dokóna̱sí̱	1
dokóna̱sí̱wa̱	1
dokóné̱wá̱wa̱	1
dokórwa̱	1
dokówá̱wa̱	1
dö́lí	6
dolo	4
doló	3
dolói	1
dolóna̱	5
dolóna̱sí̱	1
dolóó	3
dö́r	2
dö́sa̱ju̱	1
du	35
dua	5
duá	11
duä	1
duä́	20
duájka	1
duáká̱	2
duálkä	16
duä́rámi̱	1
duä́ráwa̱	6
duä́ráwa̱sí̱	1
duás	27
duása̱	2
duä́sa̱ba	1
duáwa̱	13
duä́wá	2
duä́wa̱	3
duä́wa̱ba	1
duawák	1
ducha	4
duchálí	2
duchí	26
duchíwák	5
due	15
duë́	15
duë́i	2
duë́ké̱sa̱	1
duë́tawá	1
dúi	30
duíbulu	1
dúk	7
dukira	1
duklä́k	12
duku	1
dukúr	11
dula	1
dulá	4
duláklë́i	13
duláklë́iwá	5
duláná	1
duláná̱wa̱	1
dulár	1
duláwé̱	1
dulbä	3
dúlë́wa̱	4
dulú	3
dulúi	8
dulúisí̱	1
dulúita̱mi̱	6
dulúna̱	6
dulúna̱sí̱	1
dulúrba	2
dulúú	1
dúná̱	1
dúna̱	1
duö́so̱pa	1
ébä	96
éblá	7
eduardo	2
ékla	21
éklabä	6
éklawä́	1
éktá	4
él	26
elena	1
élka	9
élkabä	1
élkjë́	2
élkjë́bä	3
élwá	1
élwí̱n	1
é̱na̱	19
é̱na̱sí̱	4
é̱na̱sí̱wa̱	1
é̱ná̱wa̱	6
é̱né̱nó̱wó̱pa	1
é̱né̱wé̱	1
é̱né̱wé̱ké̱wa̱	1
é̱né̱wé̱wa̱	1
e̱ní̱a̱	1
enrique	1
é̱o̱k	1
é̱r	3
é̱rba	1
é̱rmi̱wa̱	1
esaú	1
esteban	1
estela	1
étaba	24
étäbä	2
étababä	1
étawa	12
étäwä	3
étka	34
étkä	8
étkabä	2
étkäwá	1
é̱wá̱wa̱	2
é̱wé̱ké̱wa̱	1
éyaká	1
faustina	1
felicia	1
feliciano	1
fernanda	1
fernando	6
fernardo	1
fidelio	2
francisco	4
freddy	22
frijol	1
froilán	3
gabriel	1
geovanny	1
gerardo	1
gregorio	1
guillermo	12
hermenegildo	1
hernán	1
i	1628
i̱a̱	300
iálë́wa̱	1
iáná̱wa̱	18
iáné̱wá̱wa̱	1
iár	2
i̱a̱ra	9
iárdáwa̱	1
iárké̱ni̱	2
iárké̱wa̱	4
iárwa̱	1
iáwá̱	3
iáwa̱	1
iáwá̱ké̱	1
iáwá̱wa̱	3
ignacia	2
ijé	252
ijéwá	71
ikolóó	1
ikuä́	2
i̱ná̱	7
i̱na̱	36
i̱na̱klä	18
i̱né̱lbí	1
i̱né̱wa̱	1
ipë́	7
irä	76
í̱shäkä́	25
ishälí	1
íshbulu	1
í̱skí̱	1
í̱skí̱ka	3
itaná̱	1
ita̱ná̱wa̱	3
itané̱wé̱	1
ítjä́	1
itó	1
itsó	43
já	2
já̱	1
jä	1
já̱á̱	1
jä́ä́	1
jaba	14
jabá	1
jába	5
jabáá	2
jabáásí̱	1
jabábá	1
jäbë́	1
jabó	2
jabóna̱	1
jabóná̱sí̱	1
jabóó	1
jabós	1
jái	4
jäí	1
jä́i	2
jail	1
jäíná̱wa̱	1
jäísí̱	1
jäíwa̱	1
jak	1
ják	36
jáká̱	1
ja̱ká̱	12
jakák	1
jakalá	1
jakaláká̱	1
já̱ka̱ná̱ká̱	1
já̱ka̱né̱wó̱	1
já̱kätä	1
já̱ka̱wá̱ká̱	1
jakbalá	1
jakblä́	1
jäkë́	2
jakë́i	1
ja̱ké̱i̱	1
jákë́kë́	1
jäkë́wá	1
jakí	1
jakíbälë́ná̱wa̱	2
jakíblá	1
jakíblä	1
jakíbláwa̱	1
jakíblë́ná̱	1
jakíblë́r	1
jákkuë́lö	1
jäklä́	1
jákna̱ma̱	1
jáksa̱	1
ja̱kú̱	1
jäkuí	9
ja̱kú̱ú̱	2
jákwë́ika	1
jala	3
ja̱lá̱	1
ja̱la̱	1
jaláá	2
jalakälí	1
jalana̱	1
jalaná̱wa̱	1
jalanó̱pa	1
jalar	11
jälä́sí̱	1
jalawá̱	1
jalba	3
jalbáibä	1
jälbë́	1
jälbë́kälík	1
jälbë́na̱	2
já̱lë́	1
ja̱lé̱	2
jälë́ná̱wa̱	1
já̱lë́wa̱	2
jälë́wá̱wa̱	1
jali	1
ja̱li̱	2
jálibá	7
jálibáwák	1
ja̱lí̱í̱	2
jälír	1
ja̱lí̱syë́	2
ja̱lí̱wé̱ké̱	1
ja̱lma̱	3
ja̱ma̱	3
ja̱má̱á̱	5
ja̱mé̱i̱	3
ja̱mé̱tä	10
ja̱mé̱täwák	1
já̱mi̱	19
ja̱mi̱	125
já̱mi̱je	2
já̱mi̱je̱	1
ja̱mi̱wá	1
ja̱mó̱	11
ja̱mó̱i̱	2
ja̱mó̱lkä	1
já̱ná̱	8
já̱na̱	1
ja̱ñá̱	1
já̱ná̱ká̱	2
já̱na̱klä	1
já̱na̱klämi̱	1
ja̱ñá̱ksa̱	1
já̱ná̱mi̱	8
já̱ná̱të	3
já̱ná̱wa̱	3
já̱ná̱wa̱ta̱na̱	1
já̱né̱	3
ja̱ñé̱	1
ja̱né̱é̱	1
ja̱ñé̱tsë́	1
jáné̱wá̱	1
já̱né̱wa̱	2
ja̱ñé̱wá̱	1
já̱ñé̱wé̱	1
ja̱ñé̱wé̱	1
ja̱ní̱í̱	1
já̱nó̱pa	2
jár	7
já̱r	93
jarána̱	2
jarbä	3
járbä	1
já̱rdáwa̱	1
jaré	3
jaréé	19
jarééé	1
järë́r	1
jaréré	1
já̱rkätë́	1
já̱rké̱	5
já̱rmi̱	2
já̱rmi̱wa̱	2
járrák	2
jarréé	2
járwä́	1
já̱rwa̱	4
já̱rwa̱mi̱	1
já̱s	2
jäsa̱	1
jásh	7
já̱shkú̱	1
já̱tká	2
já̱tkä	1
já̱tkása̱	2
já̱tkë́	1
ja̱ú̱na̱	1
jawá	48
jawa̱	1
jáwá̱	1
jáwa̱	2
já̱wá̱	1
já̱wá̱mi̱	1
já̱wá̱sa̱	1
já̱wá̱të	1
jawáwá	1
já̱wá̱wa̱	1
já̱wa̱wa̱	1
jäwë́i	3
já̱wó̱mi̱	1
já̱wó̱të	1
jäyí	33
jäyírí	8
jäyíwá	10
jäyúk	5
jché̱i̱	1
je	14
jé	781
jé̱	18
jë́	1
jébä	10
jébä́	1
jeé	3
jë́ë́	1
jééra	1
jé̱i̱	2
jéirä	2
jé̱k	68
jéka	4
jékä́i	34
jé̱ké̱mi̱	1
jë́ké̱mi̱	1
jé̱kë́ta	1
jë́ké̱wa̱	3
jékjë́	2
jé̱mi̱	3
jé̱ná̱	4
jé̱na̱	12
jé̱ná̱ká̱	5
jé̱na̱klä	2
jé̱na̱na̱	2
jenaro	1
jé̱ná̱sa̱	1
jé̱na̱sí̱	1
jé̱ná̱wa̱	3
jé̱né̱wa̱	1
jé̱né̱wé̱	4
jé̱nó̱pa	1
jé̱r	48
jéra	122
jé̱rä	1
jé̱rä́	1
jé̱rbä́iwá̱	1
jeremías	1
jé̱rë́na̱	1
jé̱riálë́wa̱	1
jé̱riána̱	1
jé̱riáná̱wa̱	2
jé̱riár	1
jé̱riáwá̱wa̱	2
jé̱ríká	1
jé̱ríkä́	1
jé̱rjá̱ná̱	3
jé̱rjá̱na̱klä	1
jé̱rjá̱ná̱ni̱	1
jé̱rjá̱né̱	1
jé̱rjá̱r	1
jé̱rjá̱rké̱	1
jé̱rjá̱wá̱	1
jé̱rjá̱wé̱	2
jérjér	2
jé̱rká̱	1
jé̱rkälík	1
jé̱rké̱	1
jé̱rkië́wá̱ká̱	1
jé̱rkië́wé̱	1
jé̱rkó̱né̱	2
jé̱rku̱á̱	6
jé̱rmá̱	1
jé̱rpablä	1
jé̱rpabläklä	1
jé̱rpablë́né̱pa	1
jé̱rsë́wá̱	1
jé̱rsë́wé̱	11
jé̱rshë́ná̱wa̱	1
jé̱rshë́ná̱wa̱të	1
jé̱rshë́wé̱	3
jé̱rshë́wó̱	1
jé̱rsí̱wé̱	1
jérwa	2
jé̱rwa̱	1
jë́shkuiráo	1
jéshtä́	1
jésí̱	1
jéska	62
jéskara	1
jéskawá	1
jé̱tkäklä	5
jé̱tkä́wa̱	1
jé̱tkë́lë́wa̱	1
jé̱tkë́wá̱wa̱	1
jéwa	1
jéwá	18
jë́wa̱je	1
jí	95
jí̱	3
jiá	7
jiä	1
ji̱a̱	51
ji̱a̱bikä	1
ji̱á̱bikë́	1
ji̱á̱cha̱	1
ji̱a̱ji̱a̱	3
jiáká̱	1
ji̱á̱kálë́	1
jiäklä	8
ji̱á̱ksa̱	1
jía̱ni̱	9
ji̱á̱të́rba	1
ji̱á̱tká	1
ji̱á̱tkä	1
ji̱á̱tkä́ké̱	1
ji̱á̱tkä́ké̱ká̱	1
ji̱á̱yá	1
ji̱á̱yä	1
ji̱á̱yä́	1
ji̱á̱yása̱	1
ji̱á̱yë́	1
ji̱á̱yë́ké̱	1
ji̱á̱yö́	1
jíbä́	26
jíbä́ni̱	5
jíbä́sí̱wa̱	1
jië́	4
ji̱é̱bíl	1
jië́ké̱	2
ji̱é̱lë́sa̱	1
jië́mi̱ká̱	1
jië́na̱	1
ji̱é̱na̱	2
jië́ná̱ká̱	3
jië́ná̱wa̱	1
jië́rké̱	1
ji̱é̱tsä	2
jië́wá̱	2
ji̱é̱wá̱	1
jië́wá̱ká̱	1
jí̱jí̱	3
jíka	2
jíkä́i	5
jíkjë́	2
jilé	33
jímá̱k	3
jí̱mbäkä́	8
jí̱mbäkë́i	1
jíni̱	2
jiö́	5
jír	29
jíra	3
jírä	23
jíräle	2
jíräni̱	1
jírda	15
jírírírí	3
jírje	1
jirö́	2
jíshtä́	22
jíshtä́lera	2
jíshtä́ra	1
jíska	31
jitík	1
jíwa	3
jiyë́	2
jíyë́	42
jíyë́sí̱	1
jó	8
jö́	1
jö́a̱	6
jóak	1
joaquín	1
jók	8
jóka	2
jókíbë́	1
jókna̱ma̱	1
jökö́k	1
jökölö́	2
jóksala	1
jö́ktö́kölí	1
jö́lkö́kö́jö́ö́	1
jolóná̱	1
jolóná̱wa̱	1
jolóné̱	1
jolóó	1
jo̱ló̱ó̱	1
jolór	2
jolórké̱tëkia	1
jolówé̱të	1
jö́lpë́	15
jö́ma̱la̱	1
jó̱mi̱	10
jö́mi̱	2
jones	1
jó̱nó̱mi̱pa	1
jó̱ó̱	11
joói	1
jö́rak	2
jorge	2
jörö́	2
jörö́sala	1
jorró	3
jorrówá̱	1
josé	3
jö́shkí	3
jóta̱mí̱i̱	4
jö́tkö́kö́	1
jö́u	2
jówá	3
jö́wa̱	1
ju	176
juá	1
ju̱á̱	3
ju̱a̱	1
juä́i	2
juä́ika	6
juä́iska	1
juä́iwa	3
juä́iwata	1
juä́iwä́ta	2
ju̱a̱ju̱a̱na̱	1
ju̱á̱ká̱	1
juákälík	1
ju̱a̱klä	2
ju̱á̱ksa̱ne̱	1
ju̱á̱mi̱	5
ju̱á̱mi̱ta̱na̱	1
juan	3
juané̱wé̱	1
juar	1
juarké̱	1
ju̱á̱sa̱	2
ju̱á̱ta̱na̱	10
ju̱a̱ta̱na̱	4
ju̱á̱yäkä́	5
judith	6
ju̱é̱	5
juë́k	1
ju̱é̱ké̱ta̱na̱	1
juë́ná̱	10
juë́na̱klä	1
juë́ná̱sa̱	1
juë́né̱	4
juë́r	39
juë́rké̱	4
juí	22
juíwä́ta	1
juká	2
jula	63
julabuluwák	2
juláskú	3
jú̱lë́ë́	1
julë́i	1
julë́mi̱	1
jú̱lë́mi̱	3
júlë́ta̱na̱	1
jú̱lë́ta̱na̱	2
julíí	2
julík	1
julílí	1
julio	1
julírbë́	1
julísyë́	2
júlkä	3
julúi	1
ju̱lu̱né̱wa̱klä	1
juluné̱wa̱klämi̱	1
julunó̱	1
ju̱lu̱nó̱	1
julur	1
ju̱lú̱ú̱	1
juluwá̱	1
júña̱	2
jú̱ná̱	5
jú̱na̱	2
jú̱ná̱ká̱	2
jú̱ná̱mi̱	10
jú̱na̱mi̱	1
jú̱ná̱mi̱ni̱	2
jú̱ná̱ráwa̱	1
júñá̱wa̱	1
júné̱r	1
júñé̱r	27
ju̱ó̱	1
ju̱ó̱ká̱	1
ju̱ó̱ta̱na̱	2
ju̱ó̱ta̱na̱pa	1
ju̱ó̱të	1
jú̱r	12
júrbä	3
jú̱rba	1
júrbäsí̱wa̱	1
jú̱rdáma̱	2
jú̱rdámi̱	1
jurés	8
jú̱rké̱	1
jú̱rké̱ju̱	1
júú	1
juwák	1
juyá	1
juyáá	1
júyäkä	2
juyë́ë́	1
ka	194
ká	439
ká̱	217
kä	3
kä́	81
ká̱bala	1
kabe	1
kabé	5
kabë́kiröwák	1
käbë́kiröwák	2
kabékwák	4
kabíí	1
ká̱bikë́tsä	1
kabísu̱é̱tsä	1
ká̱bla	1
ká̱blawá	1
kachá	3
kachál	3
kachálíwák	1
kachikíi	5
kächúk	6
kaí	1
kái	27
kä́i	54
käís	1
kajalí	23
ká̱k	1
káká̱	8
ká̱kä́	21
käká̱	1
kakälík	1
ká̱ka̱ma̱	2
kakätä́	1
ká̱kätä́	1
kä́ké̱ká̱	1
ká̱ké̱l	1
kakirë́i	9
ká̱kjä́tä	1
kakju̱á̱	1
kakju̱é̱	1
ká̱kla	1
kakó̱lë́	1
káksä	1
káku	3
kákukië́rámi̱	2
kákumá̱	2
kákuma̱	1
kákumé̱lë́	1
kákumó̱	3
kal	172
kala	12
kalabë́	19
kalakala	1
kalashaná̱ju̱	1
kalashaná̱sa̱	1
kaláskú	3
kalawá	1
kälbí	2
kaldu	50
kale	1
kälë́wä́	1
kalí	5
ka̱lí̱	48
ka̱lí̱wák	6
ka̱lí̱wí̱n	1
kalku	3
kalme̱	29
kalmo̱	14
kalwá	51
ka̱mé̱i̱	1
ká̱mí̱	1
ká̱mí̱í̱	2
ká̱mí̱i̱le	6
ka̱mí̱i̱ra	1
ká̱mí̱í̱wa̱	2
ká̱mí̱k	15
ká̱mí̱n	1
ká̱mí̱nle	1
ká̱mí̱s	4
ká̱mí̱skla	13
ka̱mí̱skla	1
ká̱mí̱wa̱	2
kana̱	3
kána̱	2
káná̱ká̱	1
káné̱ká̱	1
ka̱ní̱	2
ka̱ní̱blä́	1
ka̱ní̱bláwa̱	1
ká̱ni̱kí̱wák	1
ka̱ní̱lbí	4
ka̱ñú̱k	1
kapa	2
kapá	2
käpä	3
käpä́	4
ká̱páká	1
ká̱pákä́	3
ká̱pákë́	6
käpäklä	3
käpäni̱	1
käpä́ráwa̱	1
kapáwa̱	2
käpë́	1
käpë́bíl	1
käpë́i	4
käpë́lë́	1
käpë́né̱	1
käpë́né̱l	1
käpë́r	1
käpë́tsä	2
kara	1
karáá	1
ká̱ráá	7
karár	3
ka̱rá̱r	1
ká̱ráwa̱	1
karáwá̱wa̱	2
kärë	1
kärë́i	1
kárké̱ká̱	1
kärwä	1
kása̱ju̱	1
ká̱sé̱né̱wá̱	5
ká̱sé̱né̱wá̱ké̱	1
kásha	1
káshä	1
ká̱shá̱	4
ká̱shá̱á̱	6
káshkala	1
káshö́	1
káshtä́	1
kä́sí̱	1
kasirí	13
kasiríwák	1
káswák	1
kata	15
katá	7
kätä	18
ka̱tá̱á̱	1
ka̱tá̱á̱wa̱	1
katablä	3
katablö́	1
katáká̱	2
kätäkläwa̱	1
katála	1
katälë́	4
katalë́wa̱	1
katálí	1
katana̱	2
katána̱	15
katáná̱mi̱wa̱	1
katatkä	1
katatkë́né̱	1
katatkë́r	1
katáwa̱	4
kätäwa̱	1
katáwa̱je	1
káte	214
kátë	1
kätë́	59
kätë́ké̱	3
kätë́ké̱wa̱	2
katë́lë́	1
kätë́lë́	1
kätë́mi̱wa̱	2
káteni̱	1
kätë́rámi̱	1
kátërë́i	1
katë́wa̱	1
kätë́wa̱	2
kátkë	21
kátkëká̱	2
kátkëta̱na̱	1
ká̱tsä	10
ká̱tsë́i	1
kätsú	6
kätsúiba	2
kätsúibawák	2
ká̱u̱su̱á̱	2
ká̱wä́	47
ká̱wák	3
ká̱wä́ta	35
ká̱wë́i	2
kayë́	1
káyeké	1
káyekéwá	1
ká̱yuä	2
ká̱yuë́	1
kë́	57
kéé	2
ké̱i̱	23
kë́i	1
keilor	1
ké̱i̱sá	2
kë́ká̱	1
kë́kë́	1
kë́kë́pa	20
kë́kë́pawá	14
kë́kë́wa	28
kë́kë́wá	11
kë́kë́wa̱	1
kë́klä	33
kë́kläwá	1
kë́ná̱wa̱	2
kë́na̱wa̱	1
kenneth	2
kér	3
kë́ráká̱	1
kë́rata	1
kë́rdáwa̱	1
kérwá	1
kë́tälík	1
kë́wá̱	1
kë́yaké	1
kí	1
kí̱	165
kiá	10
kiä	5
kiä́	2
ki̱á̱	2
kiäklä	1
kianá̱	54
kiana̱	7
kiané̱	3
kiané̱r	1
kiar	66
kiarké̱	12
kiáwa̱	4
kibë́	1
kibí	2
kibíí	4
kibííwa̱	2
kibíná̱	1
kibína̱klä	1
kibír	2
kibíwá̱	2
kibíwa̱	3
kibíwé̱	1
kicha	71
kichë́i	2
kichö́	6
kichö́lí	3
kië́	73
kië́ké̱	1
kië́t	1
kië́wé̱	1
kí̱jiö́	1
kí̱ka	103
kikalá	1
kiklá	1
kí̱ma̱	1
kína̱	3
kíné̱l	1
kiö́	2
kiö́l	1
kiö́wó̱	1
kipa	16
kipáá	2
kipë́	3
kipë́s	1
kipö	13
kirë́	1
kirë́kö	1
kirë́na̱ma̱	3
kiríí	1
kirítäwä	3
kiríwá̱wa̱	1
kí̱sä	3
kí̱së́	6
kí̱së́je	1
kí̱së́ké̱je	1
kísh	2
kí̱shuä	1
kí̱shuäklä	2
kí̱sö́pa	1
kí̱su̱a̱	3
kitá	2
kí̱ta	2
kíta̱na̱	1
kíta̱né̱wé̱	1
kí̱të́ná̱wa̱	1
kí̱tiáwa̱	3
kí̱tiö́wa̱	1
kí̱tsá̱	1
kíwä́	1
kjá	2
kjä́	60
kjä́bitä́	2
kjä́butsä́	1
kjä́jiäklä	2
kjä́jiö́	1
kjä́ké̱	1
kjä́ktä́	1
kjalá	8
kjalí	1
kjä́ná̱ká̱	1
kjä́ná̱na̱	3
kjä́ná̱né̱ké̱	1
kja̱né̱	6
kja̱ne̱	6
kja̱né̱blä	1
kja̱ne̱ka	2
kjáné̱tsë́	2
kja̱ní̱	25
kjár	1
kjä́rika	1
kjä́shä́ké̱	1
kjä́shtá	1
kjä́shtä	1
kjä́shtäklä	4
kjä́shtäkläwa̱	1
kjä́shtáné̱	1
kjä́shtáwa̱	1
kjä́shtë́	4
kjä́shtë́ráwa̱	1
kjä́shtö́	2
kjä́téna̱klä	1
kjä́të́ná̱wa̱	1
kjä́téné̱	1
kjä́tér	2
kjä́tká	1
kjä́tkä	1
kjä́tkäklä	1
kjä́tsó̱	1
kjä́wa̱	1
kjáwa̱ju̱	1
kjä́wé̱mi̱ká̱	1
kjä́yá	1
kjä́yä́	1
kjä́yäklä	1
kjä́yë́r	1
kjä́yö́sa̱	1
kjë́	9
kjë́a	34
kjë́apa	28
kjë́apara	2
kjë́ara	1
kjé̱i̱	2
kjë́i	7
kjë́ibutsá	1
kjë́ishá	1
kjë́ishä́	1
kjë́ishë́	2
kjë́kälík	1
kjë́la	3
kjë́lbí	1
kjë́pa	10
kjë́rabä	1
kjë́rmi̱ta	10
kjë́rmi̱tawá	1
kjë́wa	2
kjë́wá̱	1
kjë́wé̱	1
kjö́	5
kjó̱a̱	26
kjól	4
kjö́l	21
kjólkälík	1
kjö́lpané̱wák	4
kjö́lwák	1
kjo̱nó̱	24
kjo̱nó̱wák	1
kjós	5
kjóskälík	1
kjóswák	3
kjó̱wa̱	4
kjóyír	4
kjóyírdámi̱	1
kjóyírké̱	4
kjú	1
kjuä́	45
kju̱á̱	1
kjuä́biö́	1
kjuáká̱	1
kju̱á̱rása̱	1
kju̱á̱sa̱	2
kju̱á̱tká	1
kju̱á̱tkä	1
kju̱á̱tkä́	2
kju̱á̱tká	1
kjuä́tkäklä	1
kju̱á̱tkäklä	1
kju̱á̱tkä́ráwa̱	2
kju̱á̱tkáwa̱	6
kju̱á̱tkë́	1
kju̱á̱tkë́lë́wa̱	1
kju̱á̱tkë́wa̱	2
kju̱é̱i̱	7
kju̱é̱ké̱	1
kjúná̱	1
kjúwá̱	1
klä	1
klä́	67
klák	1
klärí	1
klë́ibë́ka	2
klë́iklä	14
kó	3
kó̱	1
kö	3
kö́ba	1
kóbäkä́	1
kö́chi	53
köchö́wä́	4
köí	4
köíta̱mi̱	4
kók	4
kö́ká̱	3
kó̱kó̱	2
kökö́	1
kö́kö́bí	1
kokóblä	4
kokolma̱	1
kóktúwák	4
kól	4
kö́lbí	2
kólë́	1
kolió	2
kolma̱	1
kölö	7
kolóbä́	2
kololë́	3
kolona̱	1
koloná̱wa̱	1
kolorké̱	1
ko̱lo̱wá	1
kolowá̱sa̱	1
kö́mi̱ta̱	1
kó̱ná̱	7
kö́ná̱	1
kó̱ná̱ká̱	1
kó̱ná̱ni̱	1
kó̱né̱	1
kó̱né̱sa̱	1
kóné̱wa̱	1
ko̱no̱	5
ko̱ñó̱	7
kö́nó̱pa	1
kó̱ó̱	2
köö́	2
köpö́	1
kó̱r	5
kö́r	1
kórdáwa̱	1
kó̱rké̱	1
korróó	4
kó̱rsa̱ba	1
kotälë́	1
kota̱na̱	1
kö́të	10
kö́tëká̱	1
kö́tëwa̱	3
kö́tëwa̱ni̱	1
kpa	1
kpá	6
kpä	1
kpáwa̱kia	1
kpë́	5
kpë́ké̱	1
kpë́tsá	1
kpö́	1
kpö́pa	1
ksá	18
ksá̱	6
ksä	4
ksä́	18
ksa̱	4
ksä́ké̱	2
ksäklä	3
ksálí	12
ksä́mi̱	1
ksárá	1
ksë́	5
ksë́i	1
ksë́k	2
ksë́ka	6
ksë́lë́	1
ksë́ná̱	1
ksë́r	1
ksë́tsä	2
ksë́wá̱ká̱	1
kshá	1
kshá̱	1
kshä	1
kshána̱	1
kshána̱sí̱	1
kshása̱	1
kshë́	4
kshö́ká̱	1
kshö́sa̱	1
ksö́	1
kta	1
ktá	6
ktä	9
ktä́	41
ktä́ké̱	1
ktäklä	1
ktä́ni̱	1
ktása̱	3
ktáwa̱	15
ktë́	17
ktë́i	2
ktë́ké̱	5
ktë́ké̱wa̱	1
ktë́ráwa̱	4
ktë́wa̱	4
ktë́wé̱	1
kú	3
kú̱	48
kuá	1
kuä́	40
ku̱á̱	15
kuáj	1
ku̱á̱je	5
kuák	3
kuakua	7
kuál	1
kuálí	22
kuálíta̱na̱	1
kuä́líwák	1
ku̱á̱ma̱ká̱	1
ku̱á̱pa	1
kuáwa̱	4
ku̱á̱wa̱	4
kuë	4
kuë́	2
kuëí	4
ku̱é̱ké̱	1
ku̱é̱mi̱	1
kuërí	2
kújkújkúj	1
kújkúna̱	1
kúju	2
kúk	1
kuká	17
kukä	8
kukä́	14
kúka	1
kúká	31
ku̱ká̱	3
kukä́jkä́	1
kukáká̱	1
kúkáká̱	1
kukäklä	1
kukälë́	7
kukälë́i	3
kukáná̱wa̱	1
kukáné̱wá̱	1
kúkáni̱	1
kukár	1
kukáwa̱	13
kukë́	6
kukë́ké̱	2
kukë́mi̱wa̱	2
kukë́s	1
kúkë́wa̱je	1
kukö́	1
kúkö́	1
kukö́sa̱	1
kukö́wó̱pa	1
ku̱kú̱	1
ku̱kú̱líwák	1
kula	1
ku̱le̱	4
ku̱lé̱r	1
kulí	5
ku̱lí̱	3
ku̱lí̱í̱	1
kulík	1
ku̱lí̱kjä́	1
ku̱lí̱lë́wa̱	1
ku̱lí̱ná̱wa̱	1
ku̱lí̱wá̱	1
ku̱lú̱kák	2
kú̱na̱	138
ku̱na̱	8
ku̱na̱wák	1
ku̱né̱lbä	1
kú̱né̱wa̱ma̱	1
kú̱né̱wá̱wa̱	1
ku̱ó̱	1
ku̱ó̱wó̱pa	2
kurríí	1
kúsh	1
kuta	17
kutä́	3
kutawá	1
kutí	2
kú̱wá̱wa̱	1
kúyá	1
kúyä	1
kúyäklä	1
kúyäkläwa̱	1
kúyála	1
kúyálë́	1
kúyálë́wa̱	1
kúyámi̱	2
kúyána̱	4
kúyáná̱wa̱	1
kúyáni̱	1
kúyár	1
kúyárdáwa̱	1
kúyáwa̱	6
kúyë́	1
kuyë́r	2
kúyë́ráwa̱	1
kúyë́wa̱	1
lalo	1
laura	2
lé	16
liliana	1
lína̱	3
lína̱lí	1
lö	9
lolita	2
lorena	1
luci	6
luis	4
luisito	2
má̱	40
ma̱	63
má̱balá	1
má̱blá	1
má̱blä	5
má̱bläklä	1
má̱blë́	1
má̱blö́	1
ma̱chi̱ní̱í̱	1
madrigal	1
má̱i̱	1
ma̱í̱	31
ma̱í̱a̱ni̱	1
ma̱í̱bä	3
ma̱í̱ka	3
ma̱í̱kä́i	12
ma̱í̱kä́ilera	1
ma̱í̱le	1
ma̱í̱lera	8
ma̱í̱nlera	1
ma̱í̱ska	1
ma̱í̱skale	3
ma̱í̱tjä́	4
ma̱í̱wa	1
má̱ju̱	23
má̱ju̱lu̱	1
má̱ju̱mi̱	5
má̱ju̱ni̱	4
má̱ka	9
má̱ká̱	7
má̱kaa̱ni̱	1
ma̱klä	1
ma̱lá̱á̱	4
ma̱lá̱né̱l	1
ma̱lé̱	1
ma̱lé̱chá̱	1
ma̱lé̱cha̱klä	1
ma̱lé̱chá̱wa̱	3
ma̱lé̱ché̱	1
ma̱le̱ché̱	1
ma̱lé̱ché̱ké̱	1
ma̱lé̱chó̱pa	1
ma̱lék	1
ma̱lé̱k	12
ma̱lé̱té̱lë́wa̱	1
ma̱lé̱té̱ná̱wa̱	2
ma̱lé̱yuë́	4
ma̱lí	1
má̱lísä	1
má̱lísäwa̱	1
má̱líwák	1
ma̱mi̱	1
ma̱ñá̱blä́	1
ma̱ñá̱l	9
ma̱ñá̱lí	2
ma̱ñá̱lka	4
ma̱ñá̱lwä́	4
ma̱ñá̱lwí̱n	2
ma̱ñá̱täwä	12
ma̱ñá̱tkä	12
ma̱ñá̱yäkä	3
ma̱né̱	15
ma̱né̱é̱	3
ma̱né̱kä́i	9
ma̱né̱le	5
ma̱né̱lewá	6
ma̱né̱né̱	1
ma̱né̱rmi̱ksa̱	2
ma̱né̱wá̱	1
ma̱né̱wa̱	3
ma̱né̱wó̱	1
ma̱ñí̱i̱kí̱	2
ma̱ñí̱nkía	1
ma̱nsá	4
manuel	2
má̱r	38
marcelino	1
margarita	4
maría	6
mariano	2
mariela	3
mario	1
marlene	1
má̱rmi̱	1
martillo	1
martín	1
má̱sa̱	1
má̱shkitawá	1
má̱shkítöwá	1
má̱ta̱na̱	3
má̱të	1
má̱tka	10
má̱tkasí̱	1
ma̱tsí̱í̱	5
ma̱tsí̱k	1
ma̱tsí̱rbë́	1
ma̱tsu̱	22
má̱u̱	14
má̱u̱mi̱	20
má̱u̱r	2
mauricio	1
má̱wá̱	1
ma̱wa̱	1
má̱wa̱ju̱	1
ma̱wá̱ká̱	1
mayra	1
mé̱	9
me̱	5
mé̱i̱	5
mé̱ké̱	1
mé̱ké̱ká̱	2
mé̱ksí̱	1
mé̱lë́ká̱	1
mé̱lë́ta̱na̱	1
mé̱na̱	2
mé̱pa	5
mé̱rká̱ba	1
mé̱rké̱	1
me̱wä́	4
mé̱wá̱wa̱	1
mé̱wé̱	1
mé̱wé̱wa̱	1
mi̱	16
mi̱a̱	2
mi̱ba	1
mi̱chó̱k	2
mi̱é̱	2
miercoles	1
mí̱i̱le	6
mí̱i̱lera	12
mí̱i̱lewá	1
mi̱ju̱	1
mí̱ká̱	12
mi̱ké̱	9
mi̱ké̱ju̱	3
mi̱ké̱ju̱ni̱	1
mi̱ké̱ká̱	1
mi̱ké̱mi̱	1
mí̱klera	1
mí̱kö	18
mí̱köwá	1
mí̱na̱	2
mi̱ná̱	1
mi̱na̱	13
mi̱na̱ju̱	1
mi̱na̱ju̱mi̱	1
mi̱na̱ju̱ni̱	1
mi̱na̱ká̱	2
mi̱na̱klä	5
mi̱na̱kläju̱	2
mi̱na̱kläju̱ni̱	1
mi̱na̱kläká̱	1
mi̱na̱mi̱	1
mi̱na̱sa̱	2
mí̱ná̱shtä́	1
mi̱na̱tsé̱	1
mi̱na̱wa̱	1
mi̱né̱	9
mi̱né̱ju̱	43
mi̱né̱ju̱lu̱	5
mi̱né̱ju̱lu̱mi̱ni̱	1
mi̱né̱ju̱mi̱	5
mi̱né̱juni	1
mi̱né̱ju̱ni̱	8
mi̱né̱ju̱pa	1
mi̱né̱ju̱të	1
mi̱né̱ká̱ju̱	3
mi̱né̱ká̱ju̱lu̱	3
mi̱né̱ká̱ju̱ni̱	2
mi̱né̱lë́ká̱	1
mi̱né̱lë́wa̱ju̱	1
mi̱né̱mi̱	1
mi̱né̱né̱	2
mi̱né̱né̱ju̱	1
mi̱né̱ni̱	1
mi̱né̱sa̱ju̱	1
mi̱né̱tsé̱	1
mi̱né̱tsé̱mi̱	1
mi̱né̱wa̱ju̱	3
mí̱nlera	1
mi̱ó̱	1
mí̱r	1
mireya	1
mí̱rké̱	1
mi̱tá̱k	2
mí̱yakéwá	1
mó̱	13
mo̱	30
mo̱buluwák	2
mo̱í̱	1
mó̱ká̱	2
mó̱kälík	1
mó̱kí̱í̱	4
mó̱klä	6
mó̱klë́	1
moklë́i	1
mó̱klë́i	11
mó̱kú̱	3
mó̱kú̱i̱	5
mó̱lë́	2
mó̱lë́ká̱	2
mó̱ná̱ká̱	1
mó̱na̱ká̱	1
mó̱r	1
mó̱shá̱á̱	2
mó̱skawá	1
mó̱wä́	1
mó̱wö́mó̱	6
mu̱á̱	2
mu̱a̱	4
mu̱a̱klä	1
mu̱á̱ma̱	1
mu̱a̱tala	1
mu̱á̱wa̱	2
mu̱é̱ké̱ká̱	1
mu̱é̱s	2
mu̱ká̱r	11
mu̱lá̱	3
mu̱lá̱á̱	2
mu̱lé̱i̱	1
mu̱lí̱í̱	4
mu̱lí̱na̱klä	1
mu̱lí̱tä	3
mu̱lú̱i̱bä	1
mu̱lú̱lú̱	1
mu̱lú̱né̱wé̱	1
mu̱lú̱rbí	5
mu̱lú̱sí̱k	3
mu̱lú̱swá̱k	1
mu̱lú̱wák	2
mu̱ó̱wa̱	2
mu̱tútú	1
na̱	177
ñá̱	125
ña̱	4
ñá̱biriri	1
nachi	6
ñá̱ébä	4
na̱í̱	24
ñá̱j	2
ñá̱jka	1
ñá̱jkí̱	1
ñá̱k	22
na̱ka	21
ñá̱kä́i	20
na̱ké̱	7
na̱ké̱l	1
ñá̱kjë́ë́	4
na̱la̱	1
ñá̱la	2
ña̱la̱	44
ña̱lé̱i̱	9
ñá̱lí	3
na̱lí̱í̱	1
na̱lmi̱	1
ñá̱m	1
na̱má̱	21
na̱má̱i̱ta̱mi̱	2
na̱ma̱la̱	6
na̱ma̱na̱ma̱	1
na̱má̱u̱r	6
na̱mé̱i̱	8
ñá̱ñ	1
ná̱na̱	1
ñá̱na̱	5
ná̱né̱	1
ñá̱né̱kä́i	2
ña̱né̱wá̱	2
ña̱né̱wa̱klä	1
ña̱né̱wé̱	2
ña̱né̱wé̱ké̱	1
ñá̱nsí̱	3
ñá̱r	2
ñá̱rí	2
ña̱riäkäkläwá	1
ña̱rië́ká	2
ña̱rië́käklä	8
ña̱rië́kálë́	1
ña̱rië́kámi̱	1
ña̱rië́káwa̱	1
ña̱rië́kö́	1
ñá̱shuák	1
ñá̱skirö	1
ñá̱tkë́	2
ñá̱tkuru	6
ñá̱tuá	1
ñá̱u̱	2
ñá̱wa̱	1
ñá̱wí̱í̱	2
ña̱yulä	5
ña̱yulë́ké̱	1
ña̱yulë́wá̱	1
né̱	66
ñé̱	30
ñé̱i̱	5
ñé̱jka	4
ñé̱kä́i	1
ñé̱ké̱	1
ñé̱mi̱wa̱	1
ñé̱ná̱	4
ñé̱ná̱sa̱	1
ñé̱ná̱wa̱	1
ñé̱né̱	1
ñé̱né̱wá̱	1
ñé̱né̱wá̱sa̱	1
ñé̱r	14
ñé̱ra	3
ñé̱rä	27
ñé̱rdá	1
ñé̱rdáwa̱	4
né̱s	1
ñé̱ska	1
ñé̱wa	1
ni̱	39
nicolás	1
ñí̱í̱	4
ni̱kí̱	37
ni̱ma̱	28
ni̱ma̱rí	1
ni̱ma̱sí̱	2
ñí̱ná̱wa̱	1
ñí̱né̱wé̱	1
ñí̱r	1
ñó̱	1
ño̱	1
no̱mó̱l	3
nú̱	2
nu̱a̱	10
nu̱á̱jkí̱	5
nu̱á̱wa̱	1
nu̱a̱wá	1
nu̱ché̱l	1
nu̱é̱k	2
nu̱í̱	7
nu̱í̱bä	4
nú̱l	5
nu̱lé̱i̱	5
nu̱lé̱i̱wá	1
nu̱lé̱i̱wa̱	1
nú̱né̱né̱	1
nú̱né̱wa̱	1
nú̱né̱wé̱ké̱	1
nu̱ó̱	1
nu̱ó̱pa	1
nú̱ú̱	2
okälë́të	1
óka̱ma̱	2
oklë́	2
ö́kölölö	2
ól	3
ó̱lë́	1
olë́ë́	1
ólë́ë́	1
ólë́ë́wá	1
ö́likë́	1
oló	10
ölö	1
olóbukú	3
olói	10
olóitsä	1
olóitsë́	2
ölö́kákpjú̱	4
olókjä́	5
olóó	5
olóówa̱	1
olówa̱	2
ó̱ná̱	1
ó̱na̱	2
óná̱ká̱	1
ó̱né̱	1
óné̱wa̱	1
óné̱wé̱	1
ór	1
ó̱r	2
ó̱rmi̱	1
órmi̱ká̱	1
ortiz	3
ósa̱ná̱	1
ósa̱ná̱ká̱	1
óscar	1
óshkoro	60
pa	39
pá	2
pabäkë́	1
pabáwé̱	1
pabiä	1
pabiä́	1
pablë́	1
pablo	2
pabolóná̱ká̱	1
pabuträklä	1
pabutrë́	1
pachá̱	5
pacha̱	1
pachá̱ká̱	2
pacha̱klä	5
paché̱	1
paché̱ká̱	1
paché̱ké̱	1
pachó̱	1
páiklä	18
pajiá	2
pajiä	2
pajiä́	2
pajiä́ba	1
pajiä́ké̱	2
pajiäklä	1
pajië́lë́	1
pajië́lë́wa̱	1
paju̱á̱ká̱	1
pajú̱ná̱ká̱	1
pajú̱r	1
pajú̱rdáká̱	1
páká	2
pákä	2
pákáné̱l	1
pakë́	1
pákë́	14
pákë́ké̱	1
pákö́	1
pakpá	1
pakshë́	1
pakshé̱ké̱	1
pakshö́	1
paktá	2
paktäklä	1
paktë́	1
paktö́	1
pakukö́	1
palá	4
paláá	6
palááwa̱	1
paláwa̱	5
pálísh	2
palíwá̱	1
palíwa̱	1
palíwa̱klä	2
palíwó̱	1
pamu̱a̱	1
panú̱wó̱	1
papachí̱n	1
päpälí	11
pár	1
parí	2
paríná̱	1
parré	1
parréé	1
parúna̱	1
parúna̱ká̱	1
parwä	2
parwäká̱	1
parwäklä	1
parwë́ké̱	1
parwö́	1
pasa	3
pasá	1
pásä	2
pásh	2
páshtä́	11
pashuá	1
pashuö́	1
pasikäklä	7
pasikáné̱	1
pasikë́	2
pasiklë́wa̱	2
pasikö́	3
pasí̱né̱wé̱mi̱	1
pasí̱wa̱	2
pá̱skirö	1
paskuä	2
paskuë́	1
pasu̱á̱	1
pasu̱a̱	3
pasu̱é̱	2
pasukaná̱	1
pasú̱ná̱	1
pasu̱ó̱	1
paté̱lë́	2
paté̱ná̱	1
paté̱ná̱ká̱	1
patiä	1
patiö́	2
patiróta	2
patju̱a̱klä	1
patká	4
pátkámi̱	1
pátkë́ké̱mi̱	1
patkë́ké̱wa̱	1
patkë́lë́	1
pátkë́lë́	1
patkö́	3
pátkö́	1
pátkö́të	1
patkö́wa̱	1
patsé̱na̱	1
paulino	1
pau̱ñá̱	1
pautälë́	2
pauträklä	1
pautrö́	1
pawä	1
paya	1
payö́	1
pë́	2
pë́iñá̱ná̱	1
pë́iñá̱né̱	1
péitá	1
péitä	2
péitáná̱	1
péitána̱	1
péitë́	2
péitö́	2
pë́rí	1
pí	10
pi̱á̱	1
piána̱	5
pík	6
píkälík	1
pí̱lë́	4
pí̱nó̱pa	1
piö́ö́	2
piö́s	1
piö́wa̱	1
pípíwä́	1
pírkä	1
pís	14
písh	4
píslí	1
píspís	1
pítä	3
pítsirí	1
pjá̱	2
pjá̱lë́	1
pjälí	3
pjá̱ná̱wa̱	4
pjá̱né̱l	1
pjá̱wa̱	1
pjói	11
pjóilá	1
pjóna̱	2
pjóná̱të	1
pjóné̱wa̱	1
pjóó	6
pjóórama̱	1
pjó̱sa̱	1
pjú̱	13
pjúl	2
pju̱ná̱á̱	2
pjúná̱ká̱	1
plúplú	1
pó̱	2
pö́	2
pö́kí̱	1
pö́ktë́i	3
pölö	2
pölö́	1
pópólë́wa̱	1
pópóna̱	2
pópóná̱mi̱	1
pópóné̱wó̱	1
pópór	3
pópówa̱	1
pshá	1
pshá̱	1
pshál	1
pshé̱s	5
pshíí	2
pshíná̱wa̱	1
pshíwá̱wa̱	1
pshíwé̱ké̱wa̱	1
pshíwó̱	2
psho	1
pshó	1
pshö́	1
psssst	3
pulá	1
púm	1
pupú	1
púpú	1
púpúwá	1
ra	231
rá	2
rä	952
rafa	2
rafael	1
ráju̱	4
rä́ju̱	1
ráju̱ni̱	3
ráju̱të	2
ráká̱ju̱	2
ráma̱	1
ráma̱ju̱	4
ráma̱ju̱ni̱	2
ráma̱ká̱ju̱	1
rámi̱	12
rámi̱ju̱	2
raquel	1
rásta̱na̱	3
rátsé̱	2
ráwa̱	1
reyes	1
riä́	23
ribariba	1
rikä́	4
rikë́wá	1
rogelio	15
rolando	1
ronald	1
rosy	1
rubí	1
rúi	3
ruperto	2
s	341
sa	2
sá	337
sä	88
sä́	1
sa̱	14
sabák	9
säbë́ë́	1
sájé	1
sájéwá	3
saká	10
säkätä́	11
säkätä́ba	9
säkätä́wá	1
sakáwá	13
säkë́i	4
sal	11
salarwák	1
salé	1
säli	4
salibä	1
salibäwá	2
sälié	1
säliéé	3
sälírba	6
salkoló	2
salkolói	4
sälwíí	1
sälwíwa̱	2
san	1
sá̱n	1
sanabria	1
sandra	2
sa̱ñé̱réé	2
sa̱ñí̱ré	1
sa̱ñí̱ré̱é̱wa̱	1
santiago	1
sapálbä	1
säpë́kue	1
saprissa	1
sara	1
sará	2
sára	1
sárá	7
sarátsí̱	1
saré	2
sás	1
sásá	2
sa̱sé̱i̱	2
satala	1
sätë́	3
sätë́bla	6
sätë́blawá	5
sáwák	4
sa̱wá̱lá	1
sa̱wa̱la	1
säyä́	1
së́	8
séjé	7
séjéwá	3
së́kälík	1
së́ké̱	3
sé̱lë́	5
së́lë́	1
së́lë́wa̱	1
së́lia	3
sëlikö	1
sé̱ná̱	6
sé̱na̱	10
së́ná̱	11
së́na̱	7
së́ñá̱	2
së́ná̱ká̱	1
sé̱na̱klä	5
sé̱na̱ni̱	1
sé̱ná̱wa̱	7
sé̱na̱wa̱	1
së́ná̱wa̱	2
sé̱né̱	1
së́né̱	3
sé̱né̱l	1
sé̱né̱wá̱	2
sé̱nó̱	1
së́nó̱	1
sé̱r	80
së́r	11
sé̱rdáwa̱	2
së́rikë́	2
së́rikë́wá	18
sé̱rké̱	5
së́rké̱	2
së́së́lílí	1
së́ta	1
severiano	4
së́wá̱	5
së́wé̱	1
shá	92
shá̱	8
shä	7
shä́	9
shá̱á̱	4
shä́ä́	1
shäbë́	6
shabóó	3
sháje	2
shäklä	1
shá̱l	1
shalái	1
shalákshälë́	1
sha̱lé̱	1
shälë́ë́	1
shälë́i	1
sháliba	1
sha̱mé̱	4
sha̱mé̱shamé̱	2
shána̱	4
shá̱na̱	1
shána̱sí̱	1
shána̱wa̱	2
sháne̱	1
sháni̱	1
shäpä́k	2
shapátkä	1
shára	14
sharrë́ë́	1
shá̱shá̱á̱	1
shá̱t	2
shátä	2
sháta̱na̱	1
shataráwá̱wa̱	1
shá̱tkä	1
sháwák	1
shë	1
shë́	71
shë́ë́	1
shé̱i̱	2
shë́ké̱	6
shëlër	1
shé̱líë	2
shé̱na̱	1
shë́ná̱	19
shë́na̱	2
shë́na̱kläwa̱	1
shë́náwa̱	1
shë́ná̱wa̱	4
shë́r	6
shë́rdáwa̱	1
shë́rké̱	1
shë́wa̱wa̱	1
shi̱á̱na̱	4
shi̱á̱na̱sí̱	1
shibír	1
shibö	8
shibúú	1
shikabá	4
shikalár	1
shikálë́	2
shikálë́wák	2
shikáöwák	2
shikiárí	3
shi̱mé̱i̱	4
shipë	1
shipölö́ö́	3
shirá	1
shirílë́	1
shirílë́wa̱	1
shiríná̱wa̱	3
shiríwá̱wa̱	2
shka	4
shká	11
shkä	8
shkä́	50
shká̱á̱	3
shká̱á̱sí̱wa̱	1
shkabátala	2
shkabë́ë́	2
shká̱blá	1
shká̱blä	16
shká̱blä́	5
shká̱blä́ké̱	3
shká̱bläklä	2
shká̱blä́ni̱	1
shká̱blátë	1
shká̱blë́	11
shká̱blë́bíl	1
shká̱blö́	2
shkä́ké̱	2
shkäklä	5
shka̱lá̱	2
shka̱lá̱á̱	3
shkálë́	1
shká̱lë́	1
shka̱lé̱i̱	2
shká̱lë́wa̱	1
shká̱lí	2
shká̱líblä́	1
shká̱líblë́lë́	2
shkámi̱	1
shká̱ná̱	4
shká̱né̱l	1
shká̱né̱wé̱	1
shkä́ni̱	3
shkä́rámi̱	1
shká̱rké̱	1
shká̱wó̱	1
shkë́	1
shkë́ka	1
shkë́lë́	1
shkë́né̱l	2
shkë́né̱ldáwa̱	1
shkë́r	1
shkí̱ná̱	21
shkí̱ná̱ká̱	1
shkí̱ná̱sa̱	1
shkiri	4
shkiríí	6
shkirítkë	1
shkí̱wa̱	1
shkí̱wá̱ká̱	1
shkö́	20
shkóna̱	1
shkóó	2
shkö́ö́	1
shkóta	1
shkówé̱	2
shkuá	2
shkuë́r	3
shkú̱lë́né̱wá̱	1
shkú̱lë́wa̱	1
shkú̱lí	2
shkú̱wó̱	1
shó	1
shö́	12
shö́ktë	2
shó̱lí̱	5
shölölë́i	1
shölöná̱	1
shölö́ö́	1
shölör	1
shölörju̱mi̱	1
shölöwá̱	1
shóna̱	1
shóó	2
shóósí̱	1
shö́pa	2
shórdí	1
shö́rdí	2
shoro	2
shorro	2
shorróó	3
shorrórama̱	1
shotorró	1
shpátkë	5
shpë́i	1
shpó	1
shtá	2
shtä	3
shtä́	1
shtáá	3
shtäklä	1
shtálí	2
shtána̱klä	1
shtáwa̱	1
shtáwó̱	1
shtë́	3
shtë́i	6
shtirílë́wa̱	1
shtirílë́wa̱sí̱	1
shtiríná̱wa̱	4
shtiríwá̱wa̱	1
shtö́	2
shuá	1
shu̱á̱k	1
shuík	3
shuírë́rë́	1
shukë́	9
shuláka̱ma̱	3
shulé	2
shuléé	1
shulë́k	5
shu̱nu̱k	2
shúr	1
shútä	1
shutarálë́wa̱	1
shutaráná̱	1
shutaráná̱wa̱	2
shutaráwa̱	1
shutaráwé̱ké̱	2
shutaráwé̱wa̱je	1
shutaráwó̱	1
shutráwa̱	1
si̱á̱	23
si̱á̱lí	4
siámu̱ñá̱	2
si̱á̱ta̱mí̱i̱	3
si̱á̱u̱r	6
sibí	1
sibíná̱ká̱	1
sibö	40
siböka̱ma	1
siböka̱ma̱	8
sibúna̱	1
sibúú	2
si̱é̱i̱bä	1
síibawák	2
síita̱mi̱	3
sí̱k	1
siká	6
sikä	5
sikä́	3
sikalba	1
sikalbá	1
sikälë́	1
sikámi̱	1
sikana̱	2
sikáná̱	1
sikä́rámi̱	1
sikäsa̱	1
sí̱kata	1
sikë́	2
sikí	1
sikíí	5
sikö́	4
sí̱l	11
sí̱lë́	3
sí̱lë́wa̱	1
si̱má̱á̱	1
si̱má̱á̱wa̱	1
síma̱na̱	4
si̱má̱wa̱	1
si̱mí̱	3
si̱mí̱rí	2
sí̱ná̱	1
sí̱na̱	3
si̱na̱	7
si̱ná̱l	4
sí̱ná̱wa̱	5
sí̱né̱wá̱	1
sí̱né̱wa̱klä	1
sí̱ní̱ní̱ní̱	2
si̱nó̱ta	1
siö́	5
siö́bälí	1
siö́ná̱	1
siö́na̱	1
siö́ña̱	1
siö́ö́	7
siö́ö́rama̱	1
siö́ö́sí̱	1
siö́ö́sí̱wa̱	2
siö́ö́wa̱	1
siö́ö́wa̱sí̱	1
siö́r	1
siö́rama̱	1
siö́rrama̱	1
siö́wa̱	1
sipák	3
sípolo	2
sí̱r	1
sirák	8
sirbí	10
sí̱rdáá	1
sítala	5
sí̱wá̱	1
sí̱wa̱	9
si̱wá̱	21
si̱wá̱kälík	1
si̱wá̱u	1
sí̱wá̱wa̱	1
si̱wá̱wák	1
si̱wé̱i̱	1
ska	131
skalí	1
skara	6
ské̱i̱kía	1
skí̱blä́	1
skí̱l	1
skí̱lka	1
skí̱lwä́	3
skí̱lwí̱n	2
skír	1
skí̱täwä	1
skí̱tkä	3
skí̱yäkä	1
skók	1
skú	1
skuä	1
skuë́wé̱	1
skulá	3
so	2
só	2
sö́	7
sofía	2
sö́i	1
sö́irí	1
sók	2
sö́k	8
sóklä	1
sokorro	1
sö́krí	1
sólbulu	1
so̱ló̱ó̱	2
sólpa	1
sórkulá	2
sótkä	6
sótkë́i	2
spá̱	5
spá̱á̱	5
spá̱á̱rama̱	1
spá̱á̱sí̱	1
spá̱á̱wa̱	1
spá̱na̱	5
spá̱tsí̱	1
sú	3
suá	12
su̱á̱	29
su̱a̱	21
su̱á̱je	2
suäklä	1
su̱a̱klä	2
suálë́wa̱	2
suáná̱	1
suána̱	2
suáná̱wa̱	1
suáné̱bíl	1
suáné̱l	1
suáné̱wa̱	1
suáné̱wó̱pa	1
su̱á̱ni̱	5
su̱a̱ni̱	1
suánó̱pa	1
suár	6
su̱á̱rá	21
suárké̱	1
suáwá̱wa̱	1
suë́	1
su̱é̱	8
su̱é̱i̱	6
suë́k	1
su̱é̱ké̱	1
su̱é̱mi̱	2
su̱é̱ráwa̱	2
suë́wä́	1
su̱é̱wa̱	1
suí	4
suíbulu	5
suíí	1
su̱í̱í̱	2
suína̱	1
suírí	2
suíwä́	5
sukaná̱	1
sulá	12
súla	1
súlák	1
sulára	1
suláyö́bí	3
súlë́	2
sú̱lë́	10
súlë́ë́	1
sulílák	1
su̱lí̱spawák	2
su̱lí̱wák	1
sulur	2
sú̱na̱	2
sú̱né̱	2
sú̱né̱l	1
sú̱né̱né̱	1
sú̱né̱rá	2
su̱ó̱	11
su̱ó̱mi̱	1
su̱ó̱rá	1
surí	2
súrkukú	1
suru	6
surúibä	1
surúna̱	6
surúrkä	1
surúrú	2
surúú	20
surúúrama̱	2
surúúrrama̱	1
surúúwa̱sí̱	1
surúúwa̱sí̱rama̱	1
súrwák	2
sút	7
sú̱ta	19
sútsí̱	1
ta	142
tá	20
tá̱	5
tä́	25
táá	1
tä́biä	2
tä́biäwá	2
tä́bië́	1
tä́bílë́	1
tä́bíné̱	1
táchi	3
táchí	15
táchiwá	1
táchíwá	3
tá̱i̱	167
ta̱í̱	2
tá̱i̱sí̱	2
tá̱i̱wa̱	13
tä́jië́	2
tä́ju̱é̱	1
ták	5
takalák	3
täkí	3
täkíí	15
täkíísí̱	1
täkííwá	1
täkííwa̱	1
täkílí	4
täkína̱	1
täkíwa̱	3
täkíwá̱ká̱	1
tákkälík	1
táklä	9
táklí	1
tala	39
talá	14
ta̱lá̱á̱	1
talalák	1
talamanca	1
talana̱klä	1
talané̱wé̱	1
talané̱wé̱ké̱	1
talarké̱ká̱	1
talawá̱	1
talawa̱	1
talawé̱ké̱	1
tälë́	1
tälë́ë́	1
tälë́r	1
tälë́wé̱	1
täli	1
tälí	1
tälík	6
tälísala	1
ta̱mi̱	12
ta̱mí̱i̱	3
ta̱né̱né̱wák	1
täpä́k	1
tapál	1
tapána̱	1
tapáné̱wa̱	1
tapáné̱wá̱ké̱	1
tapáné̱wa̱klä	1
tapáné̱wé̱ké̱	1
tapáné̱wó̱	7
tapáwó̱	1
tá̱r	1
tára	32
tárbë́	1
taréé	1
taréka	1
tä́rí	6
táta	5
tátá	1
tátápawák	2
tátsí	1
táur	1
täwä́	24
te	1210
të	19
të́bälí	1
tebélí	29
té̱i̱	1
tëkäbíwák	4
tëkälík	3
tëla	1
të́lë́	5
të́ná̱	2
të́na̱	3
të́ná̱wa̱	2
të́r	2
të́rba	1
të́rdáwa̱	1
të́rké̱ju̱mi̱	1
të́s	1
të́sh	1
të́swa	1
tí	6
tia	1
tiá	32
tiä	8
tiä́	3
tiáje	2
tiä́ké̱	1
tiäklä	9
tiása̱	2
tiáwa̱	1
tië́	12
tië́ká̱	1
tië́ké̱	1
ti̱ní̱í̱	2
tiö́	4
tiö́sa̱	3
tipä́	24
tipä́wák	1
tipë́i	4
tiri	1
tirö́	1
tís	3
tjabálë́	3
tjabána̱	3
tjabána̱sí̱	5
tjabáná̱wa̱	1
tjabána̱wa̱	1
tjabár	1
tjabárdáwa̱	1
tjabármi̱wa̱	1
tjabáwá̱	1
tjabáwá̱wa̱	1
tjabáwé̱	1
tjäbë́	2
tja̱í̱	1
tja̱í̱wák	1
tja̱má̱á̱	4
tja̱na̱	1
tjarak	1
tjína̱	1
tjír	1
tjí̱s	1
tjíwa̱	1
tjó	7
tjuá	1
tjuä́	4
tju̱á̱	6
tju̱a̱	8
tju̱á̱blä	1
tju̱á̱je	2
tjuä́ké̱	2
tjuäsa̱	1
tju̱a̱sa̱	2
tju̱a̱të	1
tju̱é̱	6
tju̱é̱sa̱	1
tjuë́wé̱	1
tjúnú̱k	2
tju̱ó̱	1
tká	12
tká̱	3
tkä	5
tkä́	2
tkäbë́	26
tkäbë́kälík	1
tkäbë́klä	3
tkäbë́sí̱	1
tkäbíi	19
tkáju̱	7
tkáju̱mi̱	2
tkäju̱mi̱	1
tkáju̱mi̱ni̱	1
tkáká̱	1
tkä́ké̱	1
tkäklä	4
tkäkläwa̱	1
tka̱má̱	1
tkáná̱ká̱	1
tkása̱	2
tkä́sa̱	1
tkása̱ju̱	1
tkáwa̱	18
tkáwa̱ju̱	8
tkäwa̱ju̱	1
tkáwa̱ju̱lu̱	1
tkë́	10
tkë́ikí̱	3
tkë́ká̱	2
tkë́ké̱	1
tkë́ké̱je	1
tkë́lë́	9
tkë́lë́ká̱	1
tkë́lë́wá	1
tkë́lë́wa̱	1
tkë́mi̱	1
tkë́ná̱	3
tkë́na̱	2
tkë́ná̱wa̱	2
tkë́né̱	1
tké̱nkía	1
tkë́nó̱pa	1
tkér	1
tkë́r	4
tkë́rké̱	1
tkë́sa̱	1
tkë́te	1
tkë́wa̱	2
tkë́wé̱	1
tkí	2
tkíbälä́	1
tkíl	4
tkílka	2
tkílwä́	3
tkílwí̱n	1
tkíná̱wa̱	1
tkína̱wa̱	1
tkítäwä	6
tkítkä	3
tkíyäkä	3
tkö́	5
tkö́a̱	1
tkölö́	1
tkö́wa̱	4
tobías	3
tokolóó	1
tó̱lë́	1
tolók	22
tó̱né̱	1
tó̱rké̱	1
tóstós	1
tres	1
tsá̱	20
tsa̱	14
tsäí	2
tsäílá	1
tsakabár	1
tsa̱klä	3
tsa̱klämi̱	1
tsa̱klämi̱wa̱	1
tsá̱kö́né̱pa	1
tsá̱kö́pa	1
tsá̱kpä	1
tsá̱kú̱	34
tsá̱kuä	2
tsá̱kú̱i̱	2
tsá̱kú̱i̱wá	1
tsalá	34
tsaláwá	1
tsalbéé	2
tsá̱lí	1
tsá̱mi̱	2
tsa̱mi̱	2
tsá̱na̱	9
tsá̱ña̱	2
tsá̱na̱sí̱	3
tsá̱na̱sí̱wa̱	1
tsáre	2
tsá̱sa̱	6
tsa̱sa̱	1
tsá̱sa̱ni̱	1
tsá̱ta̱na̱	1
tsá̱të	1
tsa̱të	4
tsá̱tië́	2
tsá̱tiö́	2
tsá̱tká	3
tsá̱tkä	10
tsá̱tkä́	1
tsá̱tkä́mi̱	1
tsá̱tkë́	3
tsá̱tkë́ké̱	1
tsá̱tkë́mi̱	1
tsé̱é̱	4
tsé̱é̱wa̱	2
tsé̱ké̱të	2
tsé̱lí̱	1
tsé̱mi̱të	1
tsé̱ná̱	1
tsé̱na̱	3
tsé̱na̱të	1
tsé̱né̱wa̱	1
tsér	1
tsé̱r	1
tsé̱rawa̱	1
tséwá̱	1
tsé̱wa̱	1
tsé̱wó̱	1
tsi	2
tsí̱	7
tsibä́rkä	1
tsíbë	1
tsikíná̱	5
tsikíná̱ká̱	1
tsikíná̱sa̱	1
tsikíná̱të	1
tsikíná̱wa̱	1
tsikír	1
tsikírba	1
tsikírdáká̱	1
tsikírdása̱	1
tsikíwá̱	1
tsikíwó̱	1
tsí̱lá	4
tsí̱láwá	1
tsi̱ma̱	4
tsí̱ndalá	5
tsí̱ne̱	18
tsí̱ne̱kla	4
tsí̱ne̱lá	2
tsi̱ni̱	12
tsi̱ní̱í̱	1
tsi̱ní̱i̱	5
tsiö	1
tsiö́	1
tsipí	1
tsírbä	1
tsirík	2
tsiríta	1
tsirú	20
tsirúrkä	1
tsirúrú	1
tsirúrúwák	8
tsí̱tsé̱k	2
tsí̱tsé̱kwá	1
tsítsí	3
tsítsía	20
tsó̱	185
tsö́lë́	1
tsolo	1
tsó̱mi̱	8
tsö́ná̱	1
tsö́né̱l	1
tsö́nó̱pa	1
tsö́r	1
tsó̱sa̱	2
tsó̱sa̱ni̱	1
tsó̱të	13
tsó̱tëpa	1
tsú	32
tsuä́	2
tsuä́r	2
tsuí	11
tsuíkúkú	1
tsúkúk	1
tsúlá	1
tsútsúl	1
tú	3
tuá	2
tuä	4
tuáksala	1
tuáríwák	2
tu̱á̱sa̱	1
tu̱a̱wa̱	1
tuí	1
tuíl	1
tuína̱	49
tuíná̱wa̱	3
tuír	3
tuírdáwa̱	3
tukíí	1
tukíjí	1
túkwák	2
tulá	1
tulámi̱	1
tulämi̱	1
tulë́	4
tú̱lë́	1
tulë́ké̱	1
tulë́ké̱mi̱	1
tulë́mi̱	1
tulë́skiwá	1
tú̱lë́wa̱	1
tu̱lí̱s	2
tulö́	2
tulö́wa̱	1
tulu	35
tulúk	4
tulúnó̱	1
túma̱la̱	3
tú̱ná̱	3
tú̱na̱	1
tú̱ná̱ká̱	3
tú̱ná̱sa̱	1
tú̱ná̱të	3
tú̱né̱wa̱	1
tu̱né̱wa̱	1
tú̱né̱wá̱sa̱	1
tú̱né̱wó̱sa̱	1
tú̱r	6
túrí	5
tú̱rké̱	1
tú̱rmi̱	1
ú̱	15
ucr	1
uká	28
ukä	4
ukä́	17
ukákpawák	1
ukáshirö	1
ukë́ké̱	1
ukë́ta	2
ukë́wé̱	1
ukë́wó̱	1
u̱lá̱k	1
ulë́	2
úlë́	3
ulë́pa	1
ulu	2
ulúk	9
ulúná̱wa̱	1
ulúné̱l	1
ulútkä	1
ulúwá̱wa̱	1
ulúwó̱wa̱	1
umaña	1
úna̱	2
ú̱ná̱jka	1
u̱ñá̱ká̱	1
universidad	1
ú̱nó̱	1
u̱ñó̱	1
úr	1
urrí	1
uséklä	2
ushë́ë́	3
ushë́ë́ka	4
ushë́ika	3
utälë́	1
utana̱	1
utané̱l	2
utané̱lba	1
vicente	1
víctor	1
virgilio	3
wa	247
wá̱	8
wä	2
wä́	158
wa̱	304
wä́bäkä	1
wä́batsá	6
wä́bätsä	1
wä́bätsä́	21
wä́bätsä́ké̱	1
wä́batsánó̱pa	1
wä́bätsë́	1
wä́biá	1
wä́bië́	1
wä́bika	1
wä́bikö́	1
wablä	2
wä́bla	14
wä́bukaná̱	1
wä́bulë́ika	4
wä́butana̱	1
wäbuträ	1
wä́buträ́	1
wä́butrë́	1
wä́butsä	1
wachákána̱	1
wä́chákë́wá̱	1
wä́chá̱na̱klä	1
wachë́wé̱	1
wä́chichë́	1
wä́chó̱	1
wä́chú̱né̱ká̱	1
wä́dälíwá̱rámi̱	1
wä́duláné̱wé̱	1
wä́dulár	1
wä́duláwa̱	1
wainer	1
wä́jalasä	1
wä́jalasä́	1
wä́ju̱a̱	1
wä́ju̱a̱klä	1
wä́ju̱é̱	1
wä́káné̱wá̱	2
wä́káné̱wá̱ká̱	1
wä́káné̱wé̱ké̱ká̱	1
wä́káné̱wó̱ká̱	1
wä́kár	4
wákblá	2
wákblä	1
wákblë́	1
wä́ké̱	1
wákë́i	20
wákë́iwá	1
wä́kiri	3
wä́kju̱é̱	1
wä́kju̱ó̱	1
wäklä	2
wa̱klä	2
wä́koloná̱wa̱	1
wä́koloné̱	1
wä́kolor	1
wä́kpë́	2
wä́kpö́	1
wä́ksá	1
wä́ksë́ba	1
wä́ksë́ka	1
wä́kuchí	8
wä́kuchíi	4
wä́kukäklä	1
wä́kukö́	3
wä́lá	3
wä́lbë́ka	1
walí	5
wä́lí	6
wä́líná̱ká̱	1
wä́lír	1
walítä	1
wä́ma̱lé̱chá̱	1
wá̱mi̱	1
wamó̱na̱	1
wä́mu̱ó̱	1
wä́ná̱	1
wä́ña̱la̱	3
waná̱né̱	1
waná̱nó̱	1
wä́ná̱wa̱	1
wä́ñé̱i̱	2
wä́ñé̱i̱wá	1
wä́ñé̱ná̱	1
wä́ñé̱r	2
wá̱ni̱	3
waó̱na̱	2
wapë́	2
wapë́bälä	1
wapë́blë́	3
wapë́blë́né̱pa	1
wä́r	2
wä́ruka	11
warúlë́	1
warwäklä	1
wá̱sa̱	1
wä́saka	5
wä́së́	1
wä́së́ka	5
washá	1
wä́shë́wá̱wa̱	1
wä́shká̱wá̱ni̱	1
wä́shkirílë́	1
wä́shkiríwá̱	1
wä́shtäwa̱	1
wä́sí̱	1
wä́siká	1
wä́sikë́	1
wáskä́	3
wasu̱é̱mi̱	1
wata	6
wä́tä́biá	1
wä́tä́biä	1
waták	3
wä́të́ná̱wa̱	1
wä́të́nó̱wó̱pa	1
wä́tiá	1
wä́tiä	1
wä́tiäklä	1
watiáwa̱	1
wä́tiáwa̱	1
watië́	3
wä́tië́	2
wä́tílë́wa̱	1
watimá̱la	3
watju̱á̱	1
watju̱a̱	1
watju̱é̱	3
wä́tkä	1
wä́tkäká̱	1
wä́tkö́	1
wató̱na̱	3
wató̱r	1
wató̱rké̱	1
wä́tsá̱	2
wä́tuä	1
wä́tuë́	1
wä́tuíná̱	1
wä́tuíná̱wa̱	1
wä́tuírké̱wa̱	1
wä́tuíwá̱wa̱	1
wä́túlë́	1
wä́tú̱ná̱	2
wawá̱	1
wawa̱	1
wáwá	3
wä́wa̱	1
wáwä́ta	1
wawé̱	3
wawó̱	1
wä́yá	2
wä́yársa̱	1
wä́yása̱	1
wä́yö́	1
wayuä	1
wayuë́	1
wé̱	10
wë́	3
wë́iká	1
wë́ikä	3
wë́ikálë́	1
wë́ikálë́wa̱	1
wë́ikáná̱	3
wë́ikána̱	1
wë́ikáná̱wa̱	2
wë́ikána̱wa̱	1
wë́ikáné̱	1
wë́ikár	1
wë́ikáwa̱	1
wë́ikäwa̱	1
wë́ikë́	2
wë́ikë́ké̱	3
wé̱ké̱	3
wë́ktë	1
wendy	1
wë́stë	6
wë́stëla	2
wë́tsá̱sa̱ni̱	1
wë́tsé̱	1
wíblu	2
wíbulu	7
wí̱i̱	2
william	3
wilson	2
wí̱ná̱	1
wí̱r	1
wíshka	5
wó̱	3
wö́	1
wö́koloné̱	1
wö́mó̱	3
wóó	5
xinia	1
yá	9
yä	18
yä́	3
yaba	92
yabalá	58
yabashtä́	1
yábulu	2
yak	4
yaká	59
yäkä	9
yäkä́	56
yakáá	1
yäkä́ba	1
yäkä́ké̱	1
yäkäklä	24
yakálë́	1
yaké	37
yäkë́	1
yakéi	28
yakéilá	5
yakéiwa̱	3
yakéla	1
yäklä	11
yakuë́ë́	2
yalá	2
yála	2
yalánó̱pa	1
yálë́	2
yälë	1
yälílë́ta̱na̱	1
yälíná̱wa̱	2
yälína̱wa̱	1
yälíwá̱	1
yälíwá̱wa̱	1
yámi̱wá	1
yáná̱	1
yána̱	16
yána̱wa̱	1
yanory	1
yár	3
yärë́ë́	1
yärë́ë́wa̱	1
yärë́ibä	2
yás	7
yása̱	2
yä́sälík	2
yatá	7
yätä́	1
yátare	1
yátaré	4
yátiä	1
yátsí	1
yawa	38
yáwá̱	1
yáwa̱	7
yawalá	11
yáwé̱	3
yáwé̱ké̱	3
yë́	100
yë́bä	3
yebí	1
yë́blä́	1
yë́blë́	1
yë́bulë́	5
yéé	7
yë́ë́	6
yéérama̱	5
yë́ë́rama̱	1
yéésí̱	1
yë́ë́sí̱	1
yééwa̱	1
yë́iwa̱	1
yejkäbë́	1
yë́ké̱	3
yë́mi̱wa̱	1
yéna̱	1
yë́ná̱	3
yë́na̱	9
yë́ná̱sa̱	1
yë́ná̱të	1
yë́r	1
yë́ria	10
yë́riwa	1
yë́riwá	6
yë́s	2
yë́shtä́	2
yë́sikö́	1
yë́wa̱	13
yí	8
yía̱ni̱	11
yíbä́	15
yíe	16
yík	9
yíka	23
yíkchikí	1
yikí	33
yilé	8
yílë́	1
yílë́ta̱na̱	1
yína̱	11
yína̱sí̱	1
yína̱sí̱wa̱	1
yíné̱	1
yirá	2
yírä	1
yís	620
yísholók	2
yísí̱bä	1
yíwá	1
yö́	5
yö́bíí	2
yóbikö́	2
yökö́	60
yökö́lbí	1
yökö́líwák	1
yökö́ma̱la̱	1
yökö́ö́	2
yökö́saba	18
yóksoro	1
yö́l	1
yölbë	4
yö́ldí	1
yö́lë́	8
yö́lë́sa̱	1
yö́lí	1
yö́ná̱	2
yö́na̱	8
yö́na̱klä	3
yö́na̱ni̱	1
yö́na̱wá	1
yö́nó̱pa	1
yóó	1
yö́pa	1
yö́r	1
yorróó	2
yós	1
yös	2
yötö́	1
yotoróó	1
yö́yö́	1
yö́yö́rí	1
yuá	15
yuä	19
yuä́	9
yuä́ké̱	1
yuäklä	13
yuáklë	1
yuálá	1
yuámi̱	1
yuása̱	2
yuäwá	1
yuë	3
yuë́	30
yuë́ké̱	5
yuë́mi̱	1
yuë́ráká̱	1
yuí	8
yula	1
yulá	2
yulä	26
yuläklä	1
yulámi̱	4
yulämi̱ká̱	1
yuläwá	1
yulä́wa̱	1
yulë́	13
yulë́i	3
yulë́ilá	1
yulë́ké̱je	1
yulë́rámi̱	3
yulë́rámi̱je	2
yulë́ski	2
yulë́wá	1
yulö́	2
yulö́wa̱	1
yuö́	2
yuö́pa	1
yuö́sa̱	1
yúú	2
