و	14386
کی	11203
به	3985
می	3082
تی	2314
از	2194
خودا	1967
خو	1941
اون	1885
میأن	1758
تا	1738
اونٚ	1716
اَمرأ	1621
او	1553
ایتأ	1527
اونه	1515
بوگفته	1447
من	1405
خوداوند	1404
عیسی	1382
جه	1292
جَا	1285
اَ	1270
بو	1254
اونَ	1168
ای	1157
جٚه	1145
کونه	1130
در	1117
شیمی	1109
وختی	1095
هر	1075
ورجه	1074
ولی	1052
دورون	1046
اَمره	1041
تو	1013
پس	980
بوکوده	973
اوشأن	927
ره	911
سر	906
اَمی	857
چونکی	842
امّا	833
چی	795
ایسه	753
مره	730
بوکونید	692
تومامٚ	680
مأنستن	664
پادشاه	662
مرَ	658
بده	621
دس	608
دأره	603
اوشأنٚ	598
شمرَ	593
بَزین	586
چون	566
اوشأنَ	564
بوکونه	540
بوبوسته	535
بوشو	535
کوده	533
شومأن	525
اویه	511
اوشأنه	503
بید	492
ببه	487
وستی	481
هو	481
کسی	480
خانه	474
یه	469
کودن	468
پئر	462
اَن	457
اگه	453
ترَ	441
کونم	437
کونیدی	429
دونیا	417
بر	416
بیرون	416
بوسته	409
همه	408
نه	404
زندگی	402
پسر	397
بَمو	396
چره	395
تومام	392
رأ	391
اگر	384
وخت	374
نجات	374
انجام	368
دانیال	362
نام	360
روز	359
اوسه	358
هسه	356
مسیح	355
وأ	348
بوکودیدی	345
اَمأن	343
یوسف	339
وسی	337
اَیه	336
بوکون	330
خوشأنٚ	330
بلکی	323
پیله	322
جواب	310
یا	310
رو	308
بی	302
گب	299
خوأیه	299
هیچ	293
کودی	289
با	289
پیدا	287
دأرم	286
پا	284
موسی	284
دأشتی	270
جا	269
بوستن	267
خیلی	265
بیده	260
جان	254
دیل	253
بوگفتیدی	253
قوم	248
جُلُو	244
دِ	241
مصر	240
گوش	239
بیبید	239
کودیدی	235
اَنکی	232
فأرسه	230
خوأیم	229
هم	227
بأورده	226
میأنی	223
اوشأنی	221
زنده	220
قوبیل	220
ستایش	215
دوعا	214
دیگر	214
اونچی	213
فکر	211
زن	211
گوناه	210
زیمین	208
هوطو	207
کونی	206
بدن	204
یعقوب	204
زیمینٚ	203
دهه	202
آیا	202
ایمأن	199
دوست	199
شهرٚ	199
نی‌یه	198
اَطویی	197
روزٚ	197
نوکونه	197
وأگردسته	197
اَمرَ	195
بَموییدی	193
خودای	193
طرف	192
اونی	192
هَطو	191
بیشید	190
دور	188
یأن	186
محبت	185
دورونی	185
خوداونده	184
همیشه	184
پادشاهی	184
آیه	184
وجود	183
بأورید	181
ایبراهیم	181
بیدی	179
الأن	179
جور	178
فرعون	177
پولُس	176
هَنٚ	175
یاد	174
کار	171
جیر	171
بفرمأسته	169
یَنی	169
بوشوییدی	168
سرزیمینٚ	168
آب	168
دأریدی	167
آدم	166
عیسایَ	164
بزه	163
برکت	163
آسمان	162
شادی	161
خواب	161
سه	160
اینسان	160
حتی	160
فقط	160
بوکونم	159
اَنه	159
خودش	158
آسمانٚ	157
بوکودم	157
دستور	156
بدَه	156
اورشلیم	156
برأرأن	154
گم	154
بوکونیم	153
زأکأن	152
وَورسه	150
دره	150
شب	149
ایسم	149
بیگیفته	148
رحمت	148
ویشتر	147
فده	146
گبأنَ	146
ایسیدی	146
بدید	145
مرد	145
نفر	144
خودایه	143
منم	143
بد	143
پطرس	142
کومک	142
جلال	142
شکر	142
کونید	141
هرچی	141
کون	141
پرستش	141
زیادی	141
دریا	140
روح	138
زأی	137
فرمان	137
همه‌تأن	135
دوبو	135
پور	135
بنَه	134
برأر	134
قدرت	134
دوتأ	134
نأره	133
خُب	132
بابٚ	131
پئرٚ	131
دو	130
بأوردیدی	130
بخاطر	130
چیزی	129
حکمت	129
سال	129
شفا	128
بوکودید	128
دکفته	127
شاگردأن	127
اسرائیل	126
مردوم	126
دیبید	126
بعد	126
بأیه	125
مگر	125
شوئون	125
بنی	124
بدی	124
اوّل	123
نوکونید	123
خوداوندٚ	123
بعدٚ	122
قرار	122
خوره	120
بین	120
یهودا	120
مرگ	120
خودایَ	119
دونبال	118
بوستیدی	118
کویه	117
بیده‌ییدی	117
فریاد	116
ایجازه	116
یهودیأن	116
مأنه	116
بله	116
قومٚ	116
مردای	116
بینیویشته	116
بِیسه	115
هفت	115
مار	115
ببرده	115
بوکونی	115
هَه	114
جمعَ	112
تأنه	112
اَمون	112
شهر	111
فرشته	111
چند	111
نیبه	110
بیجیر	110
آمین	110
چوطو	109
بوجور	109
بدَییدی	108
شه	108
ویریشته	108
پیله‌دأنه	108
سرور	107
خدمت	107
کوه	106
نبوکدنصر	106
کاری	106
بجا	106
داوری	105
تعلیم	104
کنار	104
بیدم	103
نتأنه	102
دأری	102
انتخاب	102
بوکودی	102
کس	101
تنها	101
خوشأن	100
زنه	100
بأیید	100
اینسانٚ	99
دوخوأده	99
سرزیمین	98
یحیی	98
خبر	98
پئره	98
ایطاعت	98
خوأیی	98
قربانی	98
گبأن	97
نبی	97
گیدی	96
بیدینید	96
همه‌یٚ	96
گه	95
فدَه	95
مردومأنٚ	95
این	95
مردومٚ	94
آخر	94
پیش	93
مردم	93
وسین	93
دشمنأن	93
دسٚ	92
نوکوده	92
اوشأنم	92
غذا	92
آشکارَ	92
کیتابٚ	91
جایی	91
نیشان	91
ایسی	91
مقدّس	91
بیگید	91
بوگفتم	91
کارَ	91
معبدٚ	90
هیکس	90
اَطو	89
بیشنَوسته	89
آدمأن	89
خوأییدی	89
تومامی‌یٚ	88
بمرده	88
آزاد	88
کسأنی	88
نَهه	88
آتش	87
بوم	86
هَطویی	86
دأنم	85
گریه	85
شریعت	85
زِئن	85
کلام	85
شهادت	85
روزه	84
یوسفَ	84
خودایٚ	84
زبان	84
بار	83
سلطنت	83
رفتار	83
بشه	83
چأکوده	83
بوگو	82
بدأنید	82
مصرٚ	82
یوسفٚ	82
بوبوسته‌بو	82
فرعونه	81
ایپچه	81
باقی	81
ایمروز	81
باد	81
همدیگرٚ	80
زمان	80
فَده	80
وعده	80
فرار	80
اورشلیمٚ	79
طرفٚ	79
دوواره	79
اونٚ‌ره	79
ایسَه‌بید	79
بدکارأن	79
خوراک	79
ده	79
دکفه	78
نوکون	78
سلام	78
قسم	78
سرود	78
کشتی	78
بوکوده‌بو	78
اوسَده	78
فدم	78
روزأن	78
مال	78
تعبیر	77
اونم	77
بیأ	77
نهَه‌بو	77
بوبوستیدی	77
نسل	77
خوش	76
نان	76
دوختر	76
تعمید	76
گیره	76
مِره	76
درباره‌یٚ	76
چه	75
دأشتیدی	75
خودایی	75
خوداوندا	75
بدأرید	75
اعلام	75
آتشٚ	74
خورم	74
پسرَ	74
اوّلی	74
نابود	74
هنوز	74
نقشه	73
ابرام	73
چومأن	73
کونیم	73
قحطی	72
زبانٚ	72
نَوا	72
کوجه	72
شراب	72
شروع	72
دیگری	72
نیگاه	72
یک	72
نیبید	71
خاطر	71
ایسَه‌بو	71
شِمره	71
باعث	71
یوحنا	71
دریدی	70
اینفر	70
بدأره	70
بیشنَوستیدی	70
دیگرم	70
نظر	70
دهم	70
مسیحٚ	70
شین	70
حرف	70
موردٚ	70
دسته	69
عروسی	69
تعریف	69
نهَه	69
زیاد	69
حکم	69
بوخورید	69
اوشأنٚ‌ره	69
بیدینه	69
قوّت	68
کودنٚ	68
ببرید	68
ترس	68
رحم	68
تازه	68
دیلٚ	68
زمانی	68
بوکود	67
کیسه	67
هویه	67
ساله	67
دونبالسر	67
دسَ	67
روزی	67
امید	67
کودم	66
فَدن	66
بوگفتید	66
فأرسه‌ییدی	66
ببخشه	66
وازَ	66
بازم	66
خون	66
راستی	66
قبلٚ	66
یوسفه	66
طلا	66
هیزار	65
خوردن	65
اَجور	65
وَورسه‌ییدی	65
کلامَ	64
بدم	64
مردومأن	64
بأوره	64
نقره	64
پسرأن	64
حق	64
شیدی	64
قادر	64
کارأن	64
دأنیدی	64
ختنه	64
گفتیدی	63
بزه‌ییدی	63
بیم	63
مردخای	63
چار	62
خوبی	62
دوعای	62
خوابَ	62
اَوره	62
مورد	62
بوخورده	62
محکوم	62
نبه	62
دینیدی	62
جز	62
بوستی	61
بوجود	61
فریسیأن	61
خلق	61
خودم	61
بأور	61
آبٚ	61
ایتفاق	60
چیز	60
کاهنأن	60
مردومَ	60
پسرٚ	60
اَشأن	60
همه‌تأ	60
متعال	59
یهودی	59
پاک	59
خوأهش	59
شینه	59
ساکن	59
سرَ	59
حیات	59
ایسَه	59
حقیقت	59
بزرگ	59
توکل	59
اوستاد	59
گویه	59
برای	59
راست	58
اَنٚ	58
بزنه	58
هیچی	58
ویریز	58
درم	58
نامٚ	58
چوم	58
جانٚ	58
بیشنَوستم	57
شاگردأنَ	57
آقا	57
گله	57
یوسفِ	57
ببم	57
تأنی	57
طوری	57
ببردیدی	56
سارا	56
اَبد	56
تِره	56
عمل	56
موقع	56
بیبی	56
هرگز	56
فدید	56
دینه	56
آزادَ	56
نفرت	56
نور	55
بیشیم	55
بیگیرید	55
پسره	55
تومامَ	55
ایسه‌ییدی	55
اَنَ	55
موجازات	55
نیشأن	55
آدمأنٚ	55
یهودیأنٚ	55
بود	54
اَبدی	54
احترام	54
نابودَ	54
عیبادت	54
سیوا	54
چاه	54
خود	54
عدالت	54
نسبت	54
زنیدی	54
باور	54
توبه	54
سختی	54
تصمیم	54
ماه	54
شاد	53
ی	53
بزنید	53
گندم	53
مریم	53
پیشتر	52
حکومت	52
خشم	52
جمع	52
معنی	52
داد	52
دینٚ	52
ضدٚ	52
خوشحال	52
بوگوذشته	52
بیرونَ	52
تاریکی	51
قومأن	51
نامه	51
سخت	51
بوکوشید	51
بِیسید	51
کارٚ	51
بوخوره	51
چوطویی	51
مُرده‌یأن	51
بوستید	51
فیض	51
خودت	51
بگم	51
بیدین	50
صبح	50
پورَ	50
کنعان	50
درست	50
پنج	50
شکست	50
هَطویم	50
نوبوسته	50
سرٚ	49
کودید	49
صدا	49
کلیسا	49
ایدامه	49
بعضی	49
اسرائیله	49
عهد	49
بیابانٚ	49
حفظ	49
برابر	49
بلند	49
کیتاب	49
جانه	49
صدای	49
نأریدی	49
دَئن	49
آزار	49
آسمانی	48
زانو	48
برأره	48
مسخره	48
حمله	48
بدَم	48
آماده	48
خودشه	47
پئرَ	47
خیمه	47
لحظه	47
گفتن	47
جنگ	47
صد	47
علما	47
زیمینَ	47
کسی‌یَ	47
دهنده	47
چومأنٚ	47
تخت	47
کسایی	47
فرعونٚ	47
مردی	47
پیلاطس	47
ترکَ	47
خاک	46
ایسحاق	46
موعظه	46
ایبراهیمٚ	46
هیچوخت	46
قدرتٚ	46
سالٚ	46
بم	46
سه‌تأ	46
حال	46
وأگرده	46
ظلم	46
چیسه	45
فردا	45
هوطویی	45
بوسته‌بو	45
میوه	45
بیدینم	45
همه‌تأنٚ	45
روح‌القدس	45
مردأکَ	45
عمر	45
خطر	44
فراوانی	44
حضور	44
وأگردأنه	44
کونمه	44
طلایی	44
نوکونم	44
زنأکأن	44
خوأستی	44
هفتأ	44
زود	44
مورده	44
بیگیفتیدی	44
تعظیم	44
شکوه	44
پولُسٚ	44
دشمن	44
علیه	44
نی	43
پولُسَ	43
آزاده	43
خودشٚ	43
خوابی	43
دِئن	43
نزدیک	43
نتأنیدی	43
بَموم	43
ثابت	43
دم	43
دفنَ	43
جانَ	43
یهودیه	43
یعقوبٚ	43
پسری	43
صحرا	43
سرورم	43
هَنه	43
تأوده	43
آرامش	43
پیشگویی	43
سلامتی	43
دانا	43
شومأنم	43
درد	43
زأکأنَ	43
دأنه	43
محافظت	42
چهل	42
یهود	42
اَییدی	42
تأودَه	42
ایسید	42
زنای	42
وای	42
چقدر	42
خوابٚ	42
هارون	42
عیسایٚ	42
مردٚ	42
ارباب	42
بنه	42
هدایت	42
بنده	42
بیسپرده	42
قومَ	42
فوری	42
تعیین	42
زندانٚ	42
تومامی	42
تقدیم	41
بوکودیم	41
دَیی	41
چشمه	41
دیگرَ	41
آسمانأن	41
حالی	41
بمأنه	41
شیطان	41
اونچی‌یَ	41
پاره	41
قبل	41
دعوت	41
بتأنید	41
بره	41
شمعونٚ	41
زندگی‌یٚ	41
خُبه	41
چأکونه	41
گفتی	41
هفت‌تأ	40
درازَ	40
لیباس	40
بحالٚ	40
تأنیدی	40
نأرم	40
بینیشته	40
گیفته	40
خودتأن	40
شخص	40
گردن	40
بتأنه	40
برأرٚ	40
بلا	40
درستکار	40
نوبو	40
بنَه‌ییدی	40
بشم	40
بنا	39
سنگ	39
ایمتحان	39
ایماندارأنٚ	39
پارسا	39
کاهنٚ	39
درستکارأن	39
لطف	39
نافرمانی	39
جای	39
خورد	39
چی‌یَ	39
مردأکٚ	39
عجله	39
شمشیر	39
روحٚ	39
بوخوردیدی	39
اَنقدر	39
دانه	39
صلح	39
کنیسه	39
اینسانی	39
وحشی	39
سالم	39
مزمور	38
دیگرٚ	38
نی‌یم	38
گوناهی	38
بابِلٚ	38
زه‌یی	38
گی	38
خنده	38
بأیستی	38
زنم	38
آخرٚ	38
اَمأنم	38
کدام	38
دوازده	38
شرارت	38
نفرٚ	38
زنٚ	38
غروب	38
بمأنسته	37
تحمل	37
نامَ	37
داوودٚ	37
نوکونیدی	37
نزدیکی	37
تعجب	37
زأکأنه	37
آشکار	37
دروازه	37
کودَن	37
ظاهرَ	37
پناه	37
کارأنَ	37
برنابا	37
دیهیدی	37
روت	37
دَوسته	37
دوری	37
دیله	37
تنبیه	36
بده‌بو	36
استر	36
دام	36
رئیسه	36
هیچکی	36
همدیگرَ	36
آشکاره	36
اَمِره	36
ایبار	36
نسلٚ	36
بأورم	36
بوگفته‌بو	36
ایماندارأن	36
دأریم	36
رئیسٚ	36
قوی	36
اَشأنَ	36
ایجگره	36
داریوش	36
محاکمه	36
نتأنستی	36
دری	35
راستٚ	35
موسی‌یه	35
زأکأنٚ	35
شیر	35
تقسیم	35
بدأشته	35
دأنی	35
استانٚ	35
عجیب	35
غیر	35
پیروز	35
بوبوستید	35
جلیل	35
بشارت	35
کنعانٚ	35
نفرَ	35
اعتماد	35
جوری	35
رویا	35
تأنم	35
بریدی	35
خودایا	35
کسٚ	35
پادشاها	35
خانواده	35
پیروی	34
رسولأن	34
بدونٚ	34
بدأر	34
پریشان	34
اَورم	34
شمعون	34
سمت	34
نوکودم	34
وختٚ	34
بخوأسته	34
گیلکی	34
بهتر	34
رئیس	34
کاخٚ	34
بیگیره	34
وأگردستیدی	34
نوکونی	34
فیگیفته	34
نَعومی	34
نِیسه	34
شاگردأنٚ	34
ضد	33
بکشه	33
نده	33
مصره	33
عالمه	33
بخوأیه	33
خانه‌یَ	33
برأرأنٚ	33
ایسیم	33
بزرگی	33
شهبانو	33
تأودید	33
شهرَ	33
کونیمی	33
ایلتماس	33
شرور	33
اینتظار	33
دوازده‌تأ	33
لوط	33
جوان	33
دأشتن	33
امین	33
راسی	33
سی	33
توجه	33
بِلشَصَّر	33
گرفتار	33
یقین	32
بفهمسته	32
زندانی	32
بوگفتی	32
زحمت	32
بأید	32
آگاه	32
فراموش	32
تختٚ	32
اونکی	32
آرام	32
جشن	32
عظیم	32
پول	32
جهان	32
پیغام	32
کراَ	32
فرمانده	32
بیوه	32
باغٚ	32
شورا	32
ویریزه	32
مطلق	31
صدایَ	31
کسه	31
ایشنَویدی	31
زنی	31
پیروزی	31
خودشَ	31
عزیز	31
مجسمه	31
دانیالَ	31
وزیر	31
اَوریدی	31
تلاش	31
انجیل	31
راس	31
تسلیم	31
بوستم	31
دأشتیم	31
خوریدی	31
واخبرَ	31
کمال	31
کم	31
غلام	31
قضاوت	31
تورات	31
رأیَ	31
بخاطرٚ	31
روح‌القدسٚ	31
سبتٚ	31
دهی	31
اِشعیا	31
مهربانی	31
ببره	31
خوار	31
بهتره	31
مُهر	31
شکایت	31
گوشت	31
بأوردی	31
خادم	31
نزدیکَ	31
سایه	31
اَشفِناز	31
بیده‌ییم	31
کامل	31
همدیگر	31
خوشک	30
تیکه	30
خورشید	30
بگه	30
درک	30
البته	30
حساب	30
سکه	30
دهیدی	30
نوح	30
رنج	30
مردومأنَ	30
تعبیرَ	30
گوسفندأن	30
بیابانه	30
بیشی	30
هَن	30
ایوب	30
خیلی‌یأن	30
کوچ	30
اوسَدیدی	30
دار	30
اَشأنٚ	30
دفن	30
عیدٚ	30
آرزو	30
پرنده‌یأن	30
منسی	30
خوداوندَ	30
دو‌تأ	30
زنده‌یه	30
دکفتیدی	30
خوأییم	30
پلید	30
بهترین	30
ایبراهیمَ	30
چارتأ	30
یهوه	30
نوکودیدی	30
معبد	30
ایدفعه‌یی	30
کلامٚ	30
صخره	30
نیشته	30
یوسفم	30
کودیم	29
غیظ	29
شریعته	29
کی‌یه	29
خوشی	29
بَنه	29
شکرگزاری	29
بلایی	29
گونایأن	29
بدنه	29
گبأنٚ	29
گویم	29
خودشأن	29
سپاس	29
دوره	29
بوعَز	29
پاداش	29
اَوردن	29
بخشه	29
آینده	29
دفاع	29
ایچی	29
دورَ	29
درخت	29
ریشه	29
انگور	29
وأگردید	29
دوّمی	29
ده‌تأ	29
هوا	29
سوارَ	29
بیبیم	29
فیگیره	28
زندان	28
منتظر	28
نادان	28
کسأنی‌یَ	28
اعظم	28
سرأنٚ	28
شرمنده	28
فیگیفتیدی	28
زودتر	28
بزنم	28
حاکم	28
هدف	28
خشایارشاه	28
کاشکی	28
آزمایش	28
پایَ	28
بدونیا	28
رِفیقأن	28
پادشایَ	28
چندتأ	28
دانیالٚ	28
وختأن	28
غیظَ	28
مسیحَ	28
نبوّت	28
زنَ	28
بخشم	28
خیانت	28
مردأکأن	28
اوسَنه	28
بوبوستم	28
غم	28
قبرٚ	28
سوّمی	28
وارد	28
بخوأنید	28
سنگٚ	28
بخشیده	28
غیرٚ	28
ظلمأت	28
مَردن	28
موفق	27
گیفتن	27
آدمی	27
بعضی‌یأن	27
کور	27
بیشنَوه	27
بأورد	27
حیساب	27
اراده	27
حرفأن	27
نیده	27
شم	27
صلیب	27
دوکوده	27
روشنایی	27
بدَن	27
ثروت	27
نتأنم	27
زندَه	27
دراز	27
سُفره	27
سره	27
مصریأن	27
فراهم	27
سرزنش	27
ایسَم	27
تن	27
پادشاهی‌یَ	27
دوزدی	27
نأشتی	27
شکم	27
دوبوم	27
درَ	27
بدأن	27
خوأستیدی	27
مارَ	27
روزأنٚ	26
کوره	26
اَنطاکیه	26
آدمٚ	26
جدا	26
مدت	26
ظهور	26
فدَییدی	26
دستورَ	26
پئرأن	26
دأنیم	26
درختٚ	26
پیله‌تر	26
خروج	26
چومٚ	26
خوابه	26
گوناهأن	26
همرأه	26
گیریدی	26
عیسو	26
جلیلٚ	26
شاه	26
لوقا	26
عیسای	26
خودایم	26
کشه	26
دینم	26
بپا	26
بپوشأنه	26
بیده‌یید	26
دیگرأن	26
زیادَ	26
بوکوشه	26
نأیه	26
صبحٚ	26
نمأنه	26
دَییدی	26
بوشویید	26
قلعه	26
ساکت	26
اینسانه	26
دریاچه	25
دوعایَ	25
مارٚ	25
بوستنٚ	25
روبرو	25
طول	25
پادشایٚ	25
ردایَ	25
درٚ	25
بیمیره	25
داوود	25
کونان	25
دَهن	25
میره	25
دأنستی	25
بوکوده‌بید	25
جنوبٚ	25
مشورت	25
مثلٚ	25
تأوده‌ییدی	25
سفید	25
عذاب	25
ایشنَوه	25
سلطنتی	25
اسرائیلٚ	25
شائول	25
زأکَ	25
ایضافه	25
بدیم	25
هیرودیس	25
بدون	25
فکشه	25
نیشته‌بو	25
اَیم	25
هیزارتأ	25
هلاک	25
مردأی	24
کارأنٚ	24
یونس	24
تشنه	24
مهمانی	24
اندازه	24
مردن	24
عطا	24
بیشنو	24
میأنم	24
سارای	24
آدمأنَ	24
کارأنه	24
برأرَ	24
شاخه	24
بیگیم	24
حقیقتاً	24
سرتاسرٚ	24
اویتأ	24
سعی	24
قبیله	24
پئرم	24
پیغمبرأنٚ	24
سفر	24
تثنیه	24
اجرا	24
حمایت	24
حرفأنَ	24
مصرِ	24
وأکوده	24
پادشایأن	24
زه‌ییدی	24
شریک	24
قلب	24
شویی	24
ماجرایَ	24
بترسه‌ییدی	24
خاکٚ	24
بوسته‌بید	24
رسوا	24
لیباسٚ	24
بنید	24
زکریا	24
ردَ	24
عوض	24
خوأندن	24
بخوأیید	24
بوبو	24
هامان	24
کِی	24
هفته	24
خورجینه	24
جایٚ	24
ببر	24
وَوِه	24
افتخار	24
قومی	23
منال	23
میشَک	23
بأوردم	23
کلامه	23
گوناهکار	23
نتأنستیدی	23
آشتی	23
زنا	23
قدم	23
بودورون	23
دینی	23
ابرامَ	23
برّه	23
بهره	23
یاری	23
سدوم	23
دوخوأنه	23
برسه	23
ترک	23
هنوزم	23
تکیه	23
مزرعه	23
ویریزأنه	23
اعتراف	23
اعضا	23
روحه	23
غریبه	23
روخانٚ	23
وگرنه	23
کوشته	23
هلاکَ	23
شَدرَک	23
کویتأ	23
وادار	23
خشمگین	23
مصری	23
بفهمستیدی	23
اجداد	23
برق	23
صحنٚ	23
اذیت	22
شاهد	22
کوهٚ	22
چیزأنی	22
جاودانی	22
قومأنٚ	22
هیرودیسٚ	22
چیزأنَ	22
قصر	22
زنأی	22
شومالٚ	22
هاجر	22
قوّتٚ	22
لغزش	22
بتأنم	22
مأنیدی	22
شک	22
سجده	22
پراکنده	22
گندمه	22
پاکَ	22
آسمانه	22
کاهن	22
تبدیل	22
مقام	22
فراوان	22
نیویشتن	22
همسایه	22
تأنیم	22
پریشانَ	22
حکیم	22
وفادار	22
شاگرد	22
ساق	22
بیست	22
بیده‌یی	22
محصول	22
الهی	22
فقیر	22
وأگردم	22
ابرامٚ	22
سؤال	22
غورصه	22
بیگی	22
بابل	22
رنگ	22
زأکی	22
روشنَ	22
رهبری	22
بقیه‌یٚ	22
بردن	22
نشه	22
روحانی	22
نمأنسته	22
زور	21
سیل	21
چیزأن	21
نأشتیدی	21
دعوا	21
چومأنَ	21
پولٚ	21
بأوردید	21
هدیه	21
فرشته‌یأن	21
بأیم	21
نانٚ	21
نأنیدی	21
بفهمید	21
وحشت	21
فدی	21
قبلاً	21
راستَ	21
نوَستی	21
ایتفاقی	21
تکان	21
تقدیس	21
شهرأنٚ	21
زنأکٚ	21
دأشته	21
پوله	21
منالَ	21
خوشا	21
نزدیکه	21
کارأنی	21
بادٚ	21
کسأن	21
زاری	21
بیهینید	21
دورٚ	21
متّی	21
ماهی	21
دوخوأدیدی	21
اینفرٚ	21
جایَ	21
نهیدی	21
چنگ	21
طوفان	21
فیلیپُس	21
کفر	21
اسیر	21
دیگره	21
بیان	21
مدتٚ	21
عید	21
ساعت	21
بیدینیم	21
تونم	21
بیدار	21
اِشعیای	21
زمانٚ	21
گوماشتیأن	21
رومی	21
بمأنید	21
بَمویی	21
خادمأن	21
روحَ	21
یونانی	21
برأرأنَ	20
پیله‌تره	20
رئوبین	20
دود	20
جولوتر	20
زندانه	20
غلامأن	20
نتیجه	20
حرکت	20
اسب	20
مجسمه‌یَ	20
نیدینه	20
فریب	20
رایَ	20
دَوستیدی	20
صدایی	20
رشد	20
ایسرائیلٚ	20
مراقبت	20
بِیسَه‌ییدی	20
نیکویی	20
توهین	20
دلیل	20
میریدی	20
وئلید	20
طرفه	20
اوشأنی‌یَ	20
اطراف	20
دونبالٚ	20
نیشه	20
آفتاب	20
ایطمینان	20
پهلو	20
عبری	20
نوکودید	20
رومٚ	20
چیزأنٚ	20
پیمان	20
حضورٚ	20
درسته	20
رودخانه	20
فأرسه‌ییم	20
بکفته	20
نأوره	20
جسدَ	20
جلالٚ	20
تشویق	20
ستاره	20
روح‌القدسَ	20
فَنرسه	19
بوجورتر	19
بیخودی	19
مریمٚ	19
بیگانه	19
آذوقه	19
کلمه	19
نوکودی	19
تند	19
عَبِدنِغو	19
نی‌ییدی	19
سِیر	19
معلوم	19
انکار	19
بوخوریم	19
محکم	19
پولَ	19
خوفته	19
خوشکَ	19
قیصریه	19
دسأنَ	19
جاری	19
ترسی	19
جیگا	19
اَموییدی	19
یونسٚ	19
لذت	19
پادشایأنٚ	19
هامانٚ	19
ایستراحت	19
سفره	19
لقد	19
یهودٚ	19
ویشتری	19
گردستی	19
نیگران	19
نجاتٚ	19
زمات	19
اربابٚ	19
گوناهکارأن	19
دسگیر	19
ببخشم	19
عاقل	19
دکفتید	19
ماچی	19
خونه	19
پیر	19
خواخور	19
قایم	19
ایسأدی	19
لعنت	19
دنیایه	19
صبر	19
سربازأن	19
جوانٚ	19
احتیاج	19
فریسی	19
جوانی	19
باعثٚ	19
کنیسه‌یأنٚ	19
خودشم	19
ولَ	19
گبَ	19
شیش	19
عزاداری	19
اختیار	19
زنأکأنٚ	19
رسولأنَ	19
نو	19
آزادی	19
کودنه	19
برأرم	19
خجالت	19
فأرسأنه	19
حسودی	19
ازدواج	19
سرتاسر	19
روخان	19
گاو	19
پِطرُسٚ	19
رسول	19
مخالفت	19
بیده‌بو	19
بوشوم	19
لمس	18
انجیلٚ	18
جاجیگاه	18
قربانگاه	18
شوشٚ	18
نبوکدنصرٚ	18
آسیا	18
شهره	18
تاج	18
پر	18
پشتٚ	18
موبارک	18
مقدسه	18
بوخور	18
خوشحالی	18
پایه	18
بئرشبع	18
گول	18
برپا	18
مصرَ	18
نشنأسیدی	18
مسح	18
تسلی	18
بوسوخته	18
دَهنَ	18
خیال	18
خالی	18
پیمانه	18
بوستیم	18
عویرَ	18
انبار	18
استوار	18
بوگفتیم	18
نورٚ	18
برده	18
اوسَن	18
شرورأن	18
سوّم	18
اَمونٚ	18
خبرٚ	18
ارزش	18
حاکمأنٚ	18
راسته	18
سنگی	18
حقیقتَ	18
خوأسته	18
قبر	18
بَموییم	18
صادر	18
بوشوییم	18
نانَ	18
هفتاد	18
سلطنتٚ	18
مردأکأنَ	18
ایشاره	18
همبستر	18
آبأن	18
استفاده	18
ابی‌ملک	18
شریعتٚ	18
عصبانی	18
خروس	18
پنج‌تأ	18
محل	18
ایدفعه	18
شامٚ	18
حقیقی	18
جسم	17
نسله	17
ظهر	17
عقب	17
جلاله	17
افرایم	17
مهربان	17
مَثَل	17
دوخترٚ	17
مأنم	17
کویأنٚ	17
مبادا	17
عبرانی	17
ماهٚ	17
سبت	17
بینٚ	17
نیدینم	17
موعود	17
بکشه‌ییدی	17
خوشحاله	17
فک	17
ساقیأن	17
آهین	17
بِیسم	17
ندید	17
ماده	17
بیشنَوید	17
دوکونید	17
کی‌یم	17
رودخانه‌یه	17
بفرما	17
کوچه	17
ساکنه	17
رعد	17
معروف	17
معرفی	17
دسأنٚ	17
لرزه	17
حکیمأن	17
سیاه	17
هرچند	17
بأوریم	17
ظاهر	17
بوخوفته	17
بنیامینَ	17
بحث	17
صدایٚ	17
هلاکت	17
وخته	17
والی	17
دأریمی	17
عاقبت	17
لاویان	17
سفال	17
بدأنه	17
مطیع	17
بدَه‌بو	17
اوسَنید	17
کوتاه	17
مقدّسٚ	17
آدمَ	17
عقل	17
هابیل	17
دانش	17
رسولأنٚ	17
صورتٚ	17
سوریه	16
بَمویید	16
ایتفاقأن	16
شنأسیدی	16
وأگردستید	16
خسته	16
ویا	16
مدتی	16
معجزه	16
ایوبٚ	16
هونی	16
نینوا	16
قول	16
پابرجا	16
نوخورید	16
انبیا	16
لازم	16
گاب	16
تعداد	16
سامره	16
پیغامَ	16
جو	16
دأنستیدی	16
حدودٚ	16
رمه	16
منظور	16
روان	16
بوبوستیم	16
آمادَه	16
حرمت	16
خوراکی	16
برسأنید	16
شلاق	16
فرمانروایی	16
مارتا	16
ناسزا	16
روشن	16
خبرَ	16
حیوانأن	16
مُرده‌یأنٚ	16
ببخشه‌یی	16
فرعونٚ‌ره	16
آگاهی	16
سرزیمینَ	16
نترسید	16
فارسی	16
درخوأست	16
زنأکَ	16
ایروز	16
پشت	16
کوشه	16
درستکاری	16
شیرأنٚ	16
بینیویشتیمی	16
وأگردأن	16
ایجور	16
کلمه‌یٚ	16
فرو	16
رویَ	16
بودووَسته	16
حاضر	16
شاید	16
بزم	16
فدیدی	16
وسوسه	16
کوجدأنه	16
همه‌تأنَ	16
عادل	16
صلیبٚ	16
رایٚ	16
خوردیدی	15
خوراکٚ	15
سود	15
وارش	15
تشکر	15
واردٚ	15
انجیله	15
خوردنه	15
نیشأنه	15
نیشأنه‌یٚ	15
ولایتأنٚ	15
پایأن	15
پیرَ	15
خوشحالَ	15
آدمأنه	15
قادرٚ	15
عزیزأن	15
اَمویی	15
سرآخر	15
سکه‌یٚ	15
خوشبخت	15
پطرسَ	15
نیکو	15
تأودیدی	15
بعداً	15
پوشتٚ	15
نیگید	15
مقبره	15
مَمری	15
ایسحاقٚ	15
دارایی	15
عزیزه	15
پیشواز	15
پرنده	15
دریافت	15
مصلوب	15
کمی	15
انتقام	15
نزدیکٚ	15
پیغمبر	15
فرمانَ	15
هَیه	15
درازه	15
کلیسای	15
جام	15
شهرأن	15
معجزات	15
نقره‌یه	15
وفاداری	15
میأنه	15
اینکه	15
خرابَ	15
بأوری	15
سارایَ	15
اعضای	15
خراب	15
چأکونیدی	15
کاخ	15
قیام	15
نگهبانی	15
هدایا	15
موم	15
دیلَ	15
یهودیأنی	15
نأنم	15
ذوق	15
بخوأستیدی	15
گردیدی	15
بیشنَوستید	15
بوکوشتید	15
ویریشتیدی	15
خلیل	15
ببرم	15
شرورٚ	15
چیزی‌یَ	15
بابِل	15
بیمیرم	15
دیهی	15
خودایأنٚ	15
روزَ	15
لاغر	15
استرٚ	15
لاوی	15
دیمَ	15
بیگیفتید	15
ایماندارأنَ	15
آسمانَ	15
رسم	15
ننَه	15
بوبوسته‌بید	15
بیداد	15
عهدٚ	15
جلالَ	15
حیاتٚ	15
باغ	15
قیصرٚ	15
حیوانات	15
لیباسأنَ	15
ارابه	15
متنفر	15
آشکارا	15
جنس	15
هجوم	15
راز	15
جنوب	15
حقیقته	15
ارث	15
لوطَ	15
دیگرأنَ	15
بیهینیم	15
راضی	15
گونایأنَ	15
ملاقات	14
زودی	14
سرخ	14
صلاح	14
دستوری	14
اسرائیلَ	14
سِئرَ	14
کومکٚ	14
اموال	14
زیتون	14
چوب	14
بأورده‌بو	14
بأوردیم	14
نابوده	14
فندرسته	14
ببخش	14
پوچ	14
خمیر	14
نوکودیم	14
سرزیمینی	14
شیطانٚ	14
خمیرمایه	14
مردأکأنی	14
اوّلین	14
نر	14
ضرر	14
کوده‌بو	14
مسیحه	14
فهمیدی	14
گیران	14
یافا	14
نأنیم	14
خُبی	14
شنأسم	14
ترسئنید	14
ردا	14
بندرٚ	14
بمردیدی	14
رسأنیدی	14
گوسفند	14
تامار	14
قشنگ	14
گوذر	14
گور	14
مرگه	14
گیرم	14
لب	14
دریای	14
خزنده‌یأن	14
غیریهودیأنٚ	14
تغییر	14
بترسه	14
بدَیی	14
دادگاه	14
بوگوذشته‌بو	14
نوکرأنَ	14
دسأن	14
نوحٚ	14
کمتر	14
تعلّق	14
بوشوسته	14
گیفتنٚ	14
فووُسته	14
حالٚ	14
حامله	14
مطمئن	14
عود	14
واخبر	14
پطرسٚ	14
کدامٚ	14
فریسیأنٚ	14
آبه	14
خودتَ	14
باز	14
مَثل	14
جورٚ	14
جانورأنٚ	14
فِستوس	14
فیوِه	14
جوانأن	14
غرور	14
موضوع	14
ایشنَوستن	14
پسرم	14
کافی	14
مواظب	14
نیدینیدی	14
کینه	14
شبیه	14
ایشنَوستیدی	14
جوابی	14
صاب	14
قیمت	14
خوراکه	14
قانون	14
سخته	14
گاوه	14
یکی	14
احمق	14
جامَ	14
بیگیفتم	14
قدرتی	14
یهودیأنَ	14
عیسایه	14
الف	14
دوخوأنیدی	13
راحت	13
سومی	13
بوکوده‌بوم	13
ابراهیمَ	13
مردومأنی	13
غریب	13
شمعونَ	13
قدرته	13
جامِ	13
گیفتیدی	13
نامی	13
طریق	13
ور	13
محتاج	13
گیل	13
کمان	13
مصریأنٚ	13
حرفأنه	13
روتٚ	13
نأنه	13
استرَ	13
روپوشه	13
نفرین	13
دوخترأن	13
پیلاطسٚ	13
شهری	13
نیشأنه‌یه	13
رستاخیز	13
تأودیم	13
پادشاهٚ	13
فرمانه	13
خاطرٚ	13
متر	13
گوساله	13
سنگسار	13
عصا	13
دوروغگو	13
رسأنه	13
مریض	13
نتأنید	13
اَوردیدی	13
داور	13
دأنیمی	13
اورشلیمَ	13
نتأنیم	13
خادمٚ	13
گوسفندأنٚ	13
افکار	13
فامیلأنٚ	13
کو	13
بوبوستی	13
شبٚ	13
روم	13
عسل	13
سبد	13
کنیز	13
بدأرم	13
بدأری	13
جمعیتٚ	13
مُرده‌یَ	13
حکمی	13
سوار	13
حلقه	13
جُلُوتر	13
بنیامین	13
اوشأنی‌یم	13
بفهمستم	13
گوناهه	13
کنیزٚ	13
عالم	13
واگویا	13
پایأنَ	13
آرامَ	13
تقاضا	13
چأکونید	13
روانه	13
نأری	13
فنده	13
چأکونم	13
دشمنی	13
شکل	13
بِیس	13
دهمه	13
چومأنه	13
ساعتٚ	13
ادعا	13
پیرأن	13
احکامه	13
ساکتَ	13
خوداشناسأن	13
غیریهودیأن	13
ممکنه	13
نیشینه	13
مملکت	13
خوشبختی	13
سرپیچی	13
ساحلٚ	13
نوکونیم	13
میوه‌یَ	13
اَمره‌یه	13
سینه	13
کشتی‌یَ	13
زیرا	13
قیصر	13
زیمینی	13
بال	13
تیموتائوس	13
بدٚ	13
ماتم	13
ا	13
قیامت	13
فرعونَ	13
بالاتر	13
مقدونیه	13
دیگرأنه	13
آخرین	13
آدمأنی	13
پسرأنَ	13
فردایٚ	13
دأرید	13
بوکوشیم	13
ویریزید	13
یعقوبِ	13
پیری	13
صورت	13
نوع	13
آشوب	13
مردأنه	13
لایق	13
باب	13
شوییدی	13
خلقت	13
ناصری	13
نوری	13
خوداوندی	13
فراوانه	13
پیشکارم	13
چیزه	13
توسطٚ	12
مریضأنَ	12
ترسئن	12
ترسٚ	12
حاضرَ	12
مرتبه	12
حَنانیا	12
ماجرا	12
آتشه	12
یهودایٚ	12
وکیلٚ	12
خونٚ	12
محبتٚ	12
آواره	12
ترجمه	12
وأگردستن	12
سمتٚ	12
وأگردستم	12
تویی	12
دارٚ	12
خوشأنَ	12
سهم	12
قایمَ	12
خشکی	12
هامانَ	12
ظالمأن	12
ترسن	12
سلیمانٚ	12
حیوان	12
توطئه	12
تلخی	12
حرفی	12
اربابه	12
اسارت	12
وفا	12
سوزان	12
چهارمی	12
گرفتارَ	12
فارسی‌یَ	12
چأکودی	12
وَورسم	12
شومأنی	12
شمه	12
چاق	12
خودتأنه	12
مردأکی	12
جادوگرأن	12
شخصی	12
اردنٚ	12
ارغوانی	12
خلوتی	12
روغن	12
کوشیدی	12
جلویه	12
حاشا	12
جرأت	12
شرقٚ	12
سیلاس	12
گندمٚ	12
عهده	12
عوضَ	12
احکامَ	12
شورش	12
توانا	12
قائن	12
تشخیص	12
نزنه	12
شرق	12
هرکی	12
هستی	12
حکیمأنَ	12
مردَ	12
خیر	12
اهلی	12
مهم	12
مهر	12
بفهمم	12
درنده	12
بیگیر	12
بیهه	12
اینتخاب	12
زمانه	12
بقیه	12
معبدَ	12
نیدم	12
هون	12
رسه	12
میرم	12
درختأنٚ	12
فدَه‌بو	12
قدیم	12
پیمانی	12
نگهدأری	12
دوواردِه	12
بارور	12
آسیب	12
مشکلات	12
رأیأن	12
ندا	12
سدومٚ	12
منالٚ	12
پذیرایی	12
زماتی	12
دَوَده	12
ایسمَ	12
مکفیله	12
نانی	12
کسأنٚ	12
نیشینیدی	12
کشیدی	12
نیل	12
پئرجان	12
فرمانٚ	12
فروتن	12
نیم	12
کاهنأنٚ	12
مغرور	12
ایلعازر	12
دشتٚ	12
پاکه	12
دوروغ	12
دستورٚ	12
ببردید	12
دیم	12
نوبوستیدی	12
نازلَ	12
نابودی	12
بوفروختیدی	12
قدیمی	12
نأنستیدی	12
عروس	12
هیوخت	12
بوکوشته	12
زندگی‌یَ	12
سفرٚ	12
ناصره	12
فیگیرید	12
بوگویه	12
زأکٚ	12
وأگرد	12
حاکمه	11
شایسته	11
پخش	11
نزنید	11
رقص	11
مجبور	11
پایأنه	11
زماتٚ	11
نوبوسته‌بو	11
کبوتر	11
دورونم	11
گِله	11
اسخریوطی	11
بُتأن	11
سپر	11
پارَه	11
کهنه	11
یعقوبم	11
بوکوشتیدی	11
فوطیفار	11
کج	11
کجین	11
برأرأنم	11
وظیفه	11
کسی‌یم	11
فووُستیدی	11
ثروتمند	11
دَییم	11
بخشنده	11
بخشی	11
گل	11
وشتی	11
غلبه	11
احوال	11
ایسه‌یی	11
نانه	11
وصیت	11
کسی‌یه	11
خدمتکار	11
خورَه	11
زبانه	11
نَمو	11
بدرفتاری	11
لال	11
محاصره	11
همخواب	11
مو	11
محصوله	11
کُرنِلیوس	11
محصولٚ	11
حوا	11
الأنم	11
دوخوأدم	11
جانور	11
منطقه	11
ادا	11
قدغن	11
دیلأن	11
رافا	11
ویشتأ	11
یهودیأنه	11
بیشنَوستیم	11
فقیرأن	11
فقیرأنَ	11
بکنده	11
اعداد	11
بأیی	11
دیلأنه	11
مالکٚ	11
بدأریم	11
چپٚ	11
فکرٚ	11
بیت‌لحمٚ	11
بیدینی	11
رویه	11
لیباسَ	11
نوه	11
میدانٚ	11
ویشترَ	11
بوخوری	11
لوطٚ	11
دَه	11
گبی	11
نجستَ	11
ویشتره	11
شرکت	11
هشدار	11
جمعیت	11
بِه	11
همه‌یه	11
شخصٚ	11
اینسانأن	11
صدایه	11
علف	11
بدأنم	11
ارواحٚ	11
صور	11
سبزیجات	11
بکفتیدی	11
خودمَ	11
افسرٚ	11
بأییم	11
ایوأرکی	11
نجاتَ	11
جوشن	11
بوستَن	11
مأموریت	11
حکمٚ	11
قصد	11
دوشمنی	11
نسلَ	11
دوشمن	11
گندمأنه	11
سالی	11
اینفرَ	11
دین	11
مصلوبَ	11
پوست	11
درو	11
اَوری	11
دفعه	11
بفرمایید	11
مقدّسَ	11
مستجاب	11
ایسرائیل	11
تولد	11
رحمٚ	11
تعجبٚ	11
نأورده	11
واقعی	11
وارث	11
رحیم	11
کودنٚ‌ره	11
مراسمٚ	11
تأنستی	11
فرشته‌یَ	11
شومال	11
قرعه	11
دریغ	11
دستورأنَ	11
فاصله	11
تکرار	11
طبقٚ	11
مردأکأنٚ	11
امیدٚ	11
فیگیر	11
پیشکشی	11
نقش	11
فرشته‌یأنٚ	11
بعضیأن	11
پیچه	11
کوشش	11
نیگیره	11
نیویشته	11
مردومٚ‌ره	11
زده	11
داماد	11
کنارٚ	11
سینا	11
خوشٚ	11
فامیلأن	11
تحویل	11
تعبیرٚ	11
واقعاً	11
رسمٚ	10
سنگینی	10
بینیوشته	10
دربارٚ	10
خار	10
دوش	10
بدأشتیدی	10
مرگٚ	10
شرابٚ	10
قبلی	10
بینیشتیدی	10
بوخوردی	10
نهه	10
نتأنی	10
بزن	10
خوأنم	10
شرابَ	10
پیشکش	10
پیرهنه	10
چله	10
وأکونه	10
تاریکَ	10
نیمیریم	10
فانی	10
اَمونه	10
یعقوبه	10
متبارک	10
بعضی‌یأنم	10
یوشَع	10
برم	10
اینسانَ	10
نوکرأن	10
لیباسأن	10
جنگی	10
هیچ‌کدام	10
هاجرٚ	10
جمله	10
امیدوار	10
کاملاً	10
نقل	10
هیزارأن	10
ندم	10
غیظٚ	10
ده‌ییدی	10
بیأفه	10
فکرأن	10
نأریم	10
گوسفندأنَ	10
نأرید	10
بیگیفت	10
حکمتٚ	10
بأورده‌بید	10
شریعتَ	10
ندن	10
بوخوردم	10
هرچی‌یَ	10
پیمانَ	10
بخوأنه	10
زخمی	10
دیگری‌یه	10
نیاز	10
عتیقٚ	10
مسیحی	10
هشت	10
دوکودیدی	10
مأنستنه	10
جوشنِ	10
اسرائیلی	10
زیاده	10
ناجی	10
چیزَ	10
جورواجور	10
حقٚ	10
بوستنه	10
خودایأنی	10
تعلیمٚ	10
ویشترٚ	10
آپولُس	10
مردومی	10
رِفیق	10
جوفت	10
کنده	10
داستان	10
بدونه	10
پادشاهه	10
خرابه	10
نوخوره	10
نأوردیدی	10
خاموش	10
گوناهأنٚ	10
نیشته‌بید	10
سراسره	10
سراسرٚ	10
حرفَ	10
بوعَزٚ	10
فامیله	10
محکومَ	10
حتماً	10
یگانه	10
قاقَ	10
تپه	10
پرده	10
عموره	10
یحیایٚ	10
محبتی	10
جانورأن	10
دقّت	10
توراتٚ	10
صدقه	10
توضیح	10
بدشکل	10
خوشکی	10
اساس	10
خوشکسالی	10
زنأکأنی	10
پلاس	10
گیری	10
شمشیرٚ	10
ته	10
کودنَ	10
پلیدَ	10
خوشه‌یه	10
حرفه	10
آلوده	10
نصفٚ	10
مکان	10
فرعونٚ‌شین	10
وأگردأنی	10
خوشحالم	10
فرشتیان	10
دکفیدی	10
پنجاه	10
نانوایأنه	10
قاضی	10
بخوأستم	10
موآبٚ	10
ترسه	10
فرمانی	10
مواظبت	10
ترسه‌ییدی	10
جلالی	10
نیلِ	10
مقایسه	10
پخشَ	10
حیاته	10
معنی‌یٚ	10
استیفان	10
رخ	10
نقره‌یَ	10
واگذار	10
همان	10
دیو	10
جزیره	10
پیدایش	10
شائولٚ	10
پاکی	10
دَئنٚ	10
پئرأنٚ	10
گله‌یه	10
جزیره‌یٚ	10
ترسم	10
فرمأیه	10
دیوزده	10
متهم	10
دیوأنَ	9
شکیم	9
کوجه‌دأنه	9
بخوأنده	9
بترسید	9
رابطه	9
بلندٚ	9
خادمه	9
شکایتَ	9
خطا	9
حیوانأنٚ	9
فندرید	9
بوخورم	9
خدمتَ	9
یی	9
مُرده‌یأنه	9
میل	9
اجدادٚ	9
گرسنگی	9
اسیری	9
فایده	9
اَوردنٚ	9
بخوأستید	9
روشنه	9
ناپاک	9
فأرسید	9
چهارصد	9
نورَ	9
خأخوره	9
نوشو	9
لأنتی	9
گفتگو	9
راجع	9
تأودم	9
رویایی	9
نود	9
نأوریدی	9
ببخشی	9
نوره	9
فوکونه	9
بدَیید	9
قوچ	9
فوکوده	9
سنگَ	9
بلندَ	9
نورانی	9
روش	9
هفتمی	9
شگفت	9
استان	9
شکنجه	9
اسماعیلیأن	9
بیأفته	9
قیافا	9
ناراحتَ	9
ناراحت	9
دِئنه	9
بمَردیدی	9
ببریم	9
طومار	9
فوطیفاره	9
مریضی	9
گرم	9
زنأن	9
دیوأن	9
عمرٚ	9
بشکنه	9
الاغ	9
خاندان	9
ایسحاقَ	9
غیرت	9
مجسمه‌یٚ	9
شهادتٚ	9
جد	9
خاکی	9
همش	9
جانورٚ	9
کوهی	9
نیکی	9
وسط	9
شام	9
نَموم	9
نفهمستیدی	9
دوزد	9
آتشی	9
بدأنیم	9
نِیسه‌بو	9
نیمیره	9
غذایَ	9
نیمه	9
شبَ	9
ایراده	9
گوناهکارأنٚ	9
مَثَلٚ	9
پی	9
کوشتنٚ	9
وزیرأن	9
متوجه	9
گوشنه	9
دوختره	9
نمک	9
غلامٚ	9
ملوانأن	9
مختلف	9
شوق	9
مکاشفه	9
شینم	9
صورته	9
خوشه	9
تی‌شین	9
کشت	9
تهیه	9
گوذشته	9
مِلکی	9
دمشق	9
سربلند	9
گوناهأنَ	9
شاگردأنم	9
جامٚ	9
پرٚ	9
فرماندارأن	9
پرنده‌یأنٚ	9
منطقه‌یٚ	9
غلامَ	9
محصولاته	9
پسرأنه	9
کسَ	9
پسرأنٚ	9
بنَه‌بو	9
خونَ	9
غولام	9
پِسَخ	9
فیلیپُسَ	9
مایل	9
کناره	9
هونه	9
اونی‌یَ	9
چأکودیدی	9
اِشکنه	9
تاجه	9
بارٚ	9
بیشمأره	9
سودی	9
ریاکار	9
صاحاب	9
خوداحافظی	9
چأکودید	9
برکات	9
شصت	9
بارِ	9
تصمیمَ	9
اشک	9
همراهأنٚ	9
هاجرَ	9
عدالتٚ	9
تارح	9
خوأسته‌یَ	9
اردن	9
نَهم	9
چراغ	9
قدیمٚ	9
درس	9
فکش	9
ساتْراپأن	9
بازو	9
آشفته	9
گاوأنه	9
باجگیرأن	9
جوانأنٚ	9
دوشمنأنٚ	9
نبم	9
نوبوستی	9
معاشرت	9
اعمالٚ	9
افتاده	9
جوانه	9
شباهت	9
دوستأن	9
معرفت	9
غافل	9
ریش	9
ماهی‌یَ	9
سرکشی	9
پئری	9
کاری‌یَ	9
شیطانَ	9
ایبارٚ	9
مالیات	9
جونده‌یأن	9
طمع	9
شنأسه	9
تعدادٚ	9
فدَیی	9
فراموشه	9
قرض	9
قصرٚ	9
فراوانَ	9
مصیبت	9
کارگرأنٚ	9
جولفٚ	9
نترس	9
خانم	8
طولانی	8
قراره	8
فیضٚ	8
فیگیرم	8
قسمت	8
راحیل	8
زنأکأنَ	8
فهمه	8
زمستان	8
راهنمایی	8
دکفته‌بو	8
فرصت	8
دمشقٚ	8
شادمانی	8
غلامه	8
کشئن	8
دشت	8
کولاک	8
فرشته‌یی	8
خونریزی	8
سیلاسَ	8
سحر	8
دوخوأنید	8
دَوَدید	8
دودید	8
خوردنٚ	8
شاگردٚ	8
غلامأنه	8
فرقه‌یٚ	8
قاطی	8
دوخترأنَ	8
دوخترأنٚ	8
سکوت	8
سواره	8
درختَ	8
درختی	8
شیرٚ	8
دربار	8
کوچیک	8
زأکه	8
فاسدَ	8
عشق	8
فدا	8
دریم	8
کله	8
کلماتی	8
سیصد	8
قتل	8
فراوانی‌یه	8
درستی	8
کورأن	8
دره‌یٚ	8
سرم	8
غیریهودیأنٚ‌ره	8
زیادی‌یَ	8
عهدی	8
گدایی	8
گر	8
دیگری‌یم	8
صاحب	8
زِبدی	8
ساده	8
شفاعت	8
گاوأن	8
فکشه‌ییدی	8
خزانه	8
دیهات	8
دیهاتٚ	8
فیگیریدی	8
ذهن	8
خط	8
قایقٚ	8
صدادارٚ	8
خم	8
دینیمی	8
فورشٚ	8
کاهَ	8
عیسی‌یم	8
خودشأنه	8
شدت	8
شدید	8
خودمم	8
خوردَ	8
ستم	8
رِفیقأنَ	8
خوراکَ	8
فروتنی	8
عبرانیأن	8
خوداوندم	8
رشوه	8
دونیای	8
خوداترس	8
رفت	8
دوشمنأنَ	8
دوشٚ	8
شرارتٚ	8
فشار	8
دوکونه	8
همراهأن	8
جهنمٚ	8
ارزشی	8
نجاته	8
بلندی	8
بند	8
نترسی	8
وتی	8
حاکمأن	8
پیمانٚ	8
نخوأستی	8
مشغول	8
بکفه	8
بپرسته	8
جیویزه	8
ببردی	8
تکبر	8
اسبأن	8
بگرده	8
نتأنسته	8
جوستجو	8
نأوردم	8
معجزاتی	8
احترامٚ	8
باطل	8
وأگردأنم	8
ابرأنٚ	8
بوفروخته	8
هیتّی	8
نأورید	8
اختیارٚ	8
نوگفتم	8
حبرون	8
پیغمبرأن	8
اختیاره	8
حد	8
اختلاف	8
ناهار	8
باطن	8
مردخای‌یَ	8
بخشش	8
اَمرأیم	8
وصی	8
بدأشتم	8
برّه‌یٚ	8
اعظمٚ	8
چأکونی	8
تأوده‌یید	8
نشنأسه	8
نفری	8
مرگَ	8
وَلأن	8
بدَییم	8
بدینید	8
چرا	8
مردومم	8
بردگی	8
افعی	8
تشکیل	8
اعدام	8
بکار	8
چی‌یه	8
وختم	8
تاریک	8
لشکریأنٚ	8
بتأنسته	8
بکشید	8
مشایخ	8
بتأنی	8
اصرار	8
لوتکا	8
بترسئم	8
ویریزم	8
ویران	8
چأکودم	8
بعضیأنم	8
بشنأخته	8
لقمه	8
ویریشتم	8
بوگفته‌بید	8
پسند	8
تویه	8
پوشیده	8
اینسانأنٚ	8
حمد	8
نیدینید	8
یعقوبَ	8
یحیایَ	8
مملکتٚ	8
جنگٚ	8
اوطرف	8
اینکار	8
آبی	8
پولی	8
نیبیم	8
ممکن	8
اهلٚ	8
پنجا	8
جاسوسیدی	8
یونسَ	8
گوشتٚ	8
ایلعازرٚ	8
پشتیبان	8
ایسَه‌ییدی	8
بیش	8
مکانٚ	8
ایمأنٚ	8
گومان	8
حواس	8
جشنٚ	8
جوابٚ	8
آندریاس	8
آویزانَ	8
هیکسَ	8
گوشَ	8
بهانه	8
حضوره	8
ایسماعیل	8
پریشانی	8
معلومه	8
ناظر	8
بولندٚ	8
بازجویی	8
گیر	8
بازه	8
وأکودیدی	8
توما	8
محبتَ	8
پیاده	8
یازده‌تأ	8
محبته	8
نادانی	8
ایسَه‌بوم	8
زنجیر	7
کودیمی	7
مجلسٚ	7
کوهه	7
فوکودیدی	7
جاسوس	7
زناکار	7
زندانبانأن	7
دأنستن	7
نوحَ	7
بدنَ	7
نَنم	7
بدأنی	7
فرعونم	7
محترم	7
محافظ	7
بچرأنید	7
بخانه	7
مُرده	7
کورَ	7
تلخ	7
نوکونیمی	7
زیادٚ	7
توسطه	7
تونٚ	7
نیبیدی	7
باکره	7
باجگیر	7
نوگفته	7
ساخته	7
خیلی‌یأنَ	7
تنهایی	7
باش	7
نوگفتی	7
باغَ	7
توبیخ	7
فِلیکْس	7
زو	7
نوشیدن	7
نیشأنه‌یأن	7
نیش	7
تعمیددهنده	7
ایشنَوستنٚ	7
فرق	7
ایشنَوی	7
نیشانه‌یٚ	7
ستاره‌شنأسأن	7
نیده‌ییدی	7
فریادٚ	7
تهدید	7
خوفتن	7
داریوشٚ	7
ایمأنَ	7
ایمشب	7
نوکر	7
دیگرأنٚ	7
بیت‌لحم	7
دیر	7
ناحور	7
بیأفید	7
بیت‌ایل	7
دقتٚ	7
کفاره	7
بیسپر	7
بیدارَ	7
بیرونه	7
پوشأنه	7
ناحورٚ	7
کلماتٚ	7
معنی‌یَ	7
مغرب	7
ذراع	7
پیروزَ	7
دِئنٚ	7
قونیه	7
بی‌معطلی	7
بیابان	7
نأشتیم	7
دینار	7
نازل	7
بیسپردیدی	7
موجودات	7
پاکٚ	7
پراکندَه	7
کاسه	7
دَوَسته‌بو	7
پاداشَ	7
پسرأنم	7
کردکارأن	7
کرّه	7
دَوده	7
مناسب	7
کس‌کسَ	7
بینیشینید	7
بیگیفته‌بید	7
دوّم	7
ملک	7
می‌شین	7
دکفتیم	7
بیگیریم	7
دوکونی	7
ملکیصدق	7
مومیایی	7
کشته	7
دلیلی	7
دوکونیدی	7
کوتاهی	7
نشنأسم	7
مستَ	7
نفرم	7
تبعید	7
برنز	7
نزه	7
بشر	7
درباریأن	7
تأودن	7
نشنأخته	7
نسلی	7
مزامیر	7
دانه‌یأنَ	7
براستی	7
قادش	7
نمأنید	7
نگهبانأنٚ	7
فیلیپُسٚ	7
تحسین	7
رهبرأنٚ	7
رهبرأن	7
بردأشت	7
زاد	7
نفسه	7
روحأنٚ	7
رحمتٚ	7
بنَه‌یید	7
بنی‌اسرائیل	7
بمأنیم	7
قربانی‌یٚ	7
قرضَ	7
دریایٚ	7
معجزاتٚ	7
بوستنی	7
قسمتی	7
بنیامینِ	7
پیشگویی‌یٚ	7
کمر	7
مشایخٚ	7
نخوأیم	7
قدرتَ	7
ندَه	7
مشاورأن	7
بکاشته	7
نجاتی	7
قدوس	7
نجات‌دهنده	7
مشرق	7
مشغولٚ	7
مشکٚ	7
غولامی	7
حکومتٚ	7
سیلٚ	7
گندمأنَ	7
اثری	7
یَسا	7
کیلیکیه	7
لطفٚ	7
ماده‌یَ	7
شادَ	7
عجیبٚ	7
شاگردی	7
عدالتَ	7
خوأنده	7
الیاسٚ	7
چپ	7
گونایَ	7
وضع	7
اصلاح	7
حکیمأنٚ	7
جهنم	7
شهادتی	7
فأرسه‌یی	7
لشکرٚ	7
سوارٚ	7
سنگین	7
سنگینَ	7
سو	7
خاموشَ	7
سوجده	7
انبارأنه	7
اَمیرأن	7
امیدی	7
چأکوده‌بو	7
وختأنی	7
فأرسم	7
احکامٚ	7
فأرسأنم	7
صعود	7
عده	7
ونألید	7
وَوینید	7
اَبدی‌یَ	7
گیاهأن	7
ونال	7
شبان	7
حقَ	7
حفظَ	7
غارَ	7
افسر	7
وَورسه‌یید	7
وَوینه	7
وَوین	7
خواجه‌یأن	7
حرمسرا	7
ابر	7
وَورس	7
شجاعتٚ	7
چنگالٚ	7
الاغأنه	7
آکیلا	7
یأفه	7
حقیقتٚ	7
خانه‌یی	7
خوأندنٚ	7
گنجی	7
غصه	7
غسلٚ	7
اقرار	7
گمه	7
خبره	7
هیکسٚ	7
چندی	7
حقه	7
خُبَ	7
آگْریپاسٚ	7
غرقَ	7
ویریزیدی	7
خودایأنَ	7
فرات	7
کی‌یَ	7
جشنی	7
حیواناتی	7
عفرونٚ	7
همدس	7
نیهیدی	7
ایامٚ	7
حاضره	7
فدیم	7
اونقدر	7
آتشین	7
خاشأن	7
استخوانأن	7
وارثٚ	7
گوسفندأنه	7
هلاکه	7
گرفتاره	7
خودمه	7
سرمشق	7
مَجْدَلیّه	7
فرشته‌یأنَ	7
حاکمٚ	7
آبااجدادٚ	7
آبَ	7
فرشته‌یٚ	7
مجلس	7
هموارَ	7
همکار	7
لایقٚ	7
خریده	7
ایتأیَ	7
آبأنَ	7
لبریز	7
همراهی	7
خادمأنه	7
ایجوری	7
اربابم	7
سرگردأن	7
شکمٚ	7
صوغر	7
خالص	7
یواش	7
خلافٚ	7
عوضه	7
اَنم	7
فدَم	7
گوشٚ	7
سلامت	7
اَورمه	7
سلامتی‌یَ	7
سلطنتَ	7
سکه‌یه	7
ینی	7
جوانَ	7
فامیل	7
یکسان	7
سفیده	7
اَدار	7
شلأن	7
گوشزد	7
واقع	7
عاقبتٚ	7
هَطویی‌یم	7
خطایی	7
چیزٚ	7
قصره	6
دیهیمی	6
بوجورَ	6
بوفروشید	6
بوجورترین	6
بوکوشی	6
بندم	6
شهادته	6
قشنگی	6
قوّتی	6
بوبوسته‌بی	6
رد	6
نأورم	6
نانوایأن	6
بوشورید	6
عظیمٚ	6
ادبیات	6
هوطویم	6
بوستنَ	6
بنی‌اسرائیلٚ	6
هونم	6
نأنستی	6
شیون	6
احترامی	6
نأوری	6
بنَم	6
عطرٚ	6
شهادتَ	6
شیطانه	6
ابرٚ	6
موقعه	6
طابیتا	6
یونانیأن	6
عادت	6
دوس	6
ظرفی	6
کاهنِ	6
دوشمنأن	6
صوندوقٚ	6
آسان	6
بیگیفته‌بو	6
ضده	6
بینیش	6
بینا	6
مهمان	6
طلوع	6
پرمغز	6
دوخوأن	6
پرکِه	6
آبااجداده	6
طومارَ	6
دوتان	6
پریشانه	6
آباد	6
مواجب	6
پایانی	6
کدامه	6
ظرفأنَ	6
دَوَدم	6
یهودیأنٚ‌ره	6
موآبی	6
بیأفتم	6
آمد	6
نأریمی	6
ناخبر	6
بیخودٚ	6
میوه‌یٚ	6
بیت‌عَنْیا	6
دیلی	6
صاب‌خانه	6
ابرأن	6
دیوارٚ	6
بوگوذشتیدی	6
صبحه	6
هیچی‌یَ	6
صاحبٚ	6
عجیبی	6
بیشنَوسته‌بید	6
یکدیل	6
دهأن	6
بیشنَوی	6
کارگر	6
کارأیی	6
بیگیرم	6
صلیبَ	6
بیرونٚ	6
میری	6
میشائیل	6
بیریه	6
یقیناً	6
بِیسَه‌ییم	6
دَهنٚ	6
فَندر	6
وأگردیم	6
سنگسارَ	6
فلک	6
وانمود	6
فندری	6
زیتونٚ	6
فندرستم	6
فاسد	6
فکرَ	6
ساعتی	6
باراباس	6
نی‌یی	6
فکشید	6
بازارٚ	6
فکری	6
فکره	6
ببخشید	6
غلامی	6
غمگین	6
بدَ	6
امضا	6
زشت	6
بدرقه	6
الیزابت	6
شاکی	6
اموالَ	6
سوزاندنی	6
اَنجیل	6
زنیم	6
زواله	6
غیریهودی	6
وزن	6
بترکسته	6
انجامٚ	6
اوطاقٚ	6
سرمچه	6
ایشمأره	6
نیویشته‌یأن	6
ایتفاقأنَ	6
ستاره‌یأن	6
ایفلیج	6
سِرَ	6
نیشید	6
سرپا	6
فرصتی	6
ایسرائیلَ	6
ایسَن	6
نیکأن	6
فردای	6
سرپرستی	6
نیگیر	6
سرزیمینأنٚ	6
سروری	6
ایوار	6
اوقات	6
اینفره	6
واز	6
فدن	6
فقیرأنه	6
باج	6
نیبی	6
اوّلٚ	6
سبده	6
ایمروزم	6
ایمانداری	6
ایماندار	6
سفره‌یه	6
سفرم	6
واردَ	6
سعادت	6
نذر	6
اصل	6
نره	6
اصلاً	6
عیبی	6
ندی	6
بغلَ	6
ندَییدی	6
ویریشتن	6
قبرس	6
وهل	6
نشانه‌یٚ	6
بزرگه	6
رود	6
ویریشت	6
بسته	6
بساخته	6
اشتباهی	6
رسولٚ	6
رسیدگی	6
عنایت	6
قدمأن	6
همگی	6
اربابَ	6
بمأنی	6
بَلطَشَصَّر	6
رضایت	6
اسماعیل	6
رنجه	6
بکشم	6
اشتباه	6
قدس	6
استیفانَ	6
اسرائیلیأن	6
نخوأییدی	6
قایمٚ	6
غرق	6
نفهمیدی	6
برأریم	6
فیویدی	6
اَفِسُسٚ	6
ولایتٚ	6
زأکأنم	6
زأکأنی	6
غرورٚ	6
فیگیفته‌بو	6
غضبه	6
فیگیری	6
نمایش	6
زأیی	6
زبانأن	6
برأرأنٚ‌ره	6
بذر	6
قاضیأن	6
برنابا‌یَ	6
نفتالی	6
عینٚ	6
رها	6
روشی	6
بزرگتر	6
شخم	6
برنجٚ	6
رهبر	6
نفره	6
ریاکارأن	6
ریفق	6
قانع	6
غار	6
قایق	6
رهبرانه	6
شبأنه	6
درباری	6
دادخوأهی	6
پئرٚره	6
خودمأن	6
خودمأنٚ	6
حکیمٚ	6
کوشتن	6
گنج	6
جوابه	6
لیباسأنٚ	6
ملکوت	6
جوابَ	6
کورٚ	6
گیاه	6
لیباسأنه	6
خشمٚ	6
گوشه	6
متنٚ	6
چقده	6
حیران	6
مثلاً	6
مربوط	6
مسئولٚ	6
تنی	6
دنده	6
چشمٚ	6
لُخت	6
دِربِه	6
پیشکاره	6
حَنَنیا	6
لِستْره	6
مقصد	6
تربیت	6
ترسه‌یی	6
خوأیید	6
مردنٚ	6
کیتابأن	6
تعدادی	6
خرمنگاه	6
خوداوندْ	6
کفشٚ	6
مَرقُس	6
تَسالونیکی	6
پیامبرأنٚ	6
خدمتی	6
لازمه	6
مکروه	6
تأیید	6
تب	6
کوچه‌یأنٚ	6
چراغَ	6
تأنستید	6
گرمَ	6
تقویت	6
مزد	6
خدمتکارأن	6
تحریک	6
تعلیمی	6
گابأنٚ	6
مَردنه	6
داورٚ	6
مانع	6
جدید	6
پسریم	6
پیغامی	6
خادمأنَ	6
گردستن	6
خاطره	6
پیغامه	6
کمرَ	6
خلقتٚ	6
پیلَه	6
جادوگری	6
پیله‌ترین	6
ثابتَ	6
محلٚ	6
محصولات	6
مخالف	6
جاندارأنٚ	6
خادمأنٚ	6
خورمٚ	6
جایز	6
خوشگلٚ	6
ثروتمندٚ	6
خاکستر	6
خوکأنٚ	6
جذامی	6
خاکَ	6
گوسفندٚ	6
گرسنه	6
چوبی	6
خادمَ	6
لشکر	6
مدیان	6
ریشه‌کن	5
وسی‌یم	5
سهمَ	5
خوداره	5
زأیه	5
کمٚ	5
امرٚ	5
ماد	5
چاک	5
مریضه	5
دانه‌یأن	5
برسأنه	5
وَوینیدی	5
چادر	5
قایقَ	5
چوپانی	5
قدّوس	5
تجارت	5
وسیله‌یٚ	5
رسومٚ	5
زبانأنٚ	5
مرگی	5
چارده	5
سیلی	5
اَمیرأنٚ	5
امور	5
اَمونَ	5
چأکون	5
غیریهودیأنَ	5
نَتَنائیل	5
دانه‌یٚ	5
برتری	5
چوطویه	5
خوابأن	5
زأکأنیدی	5
کیفا	5
زارزار	5
سهمی	5
نفع	5
غیریهودیأنم	5
امکان	5
بردنه	5
بلایأن	5
قاصدَ	5
وستیم	5
ویریزأنم	5
قابلٚ	5
چاله	5
اِلیزابِتٚ	5
بشنأسه	5
گرد	5
بشنأسأنه	5
چوپانأن	5
شاهدٚ	5
چشمه‌یٚ	5
رنجی	5
درباریأنٚ	5
شخصَ	5
ولایتأن	5
افرایمَ	5
نزدیکی‌یٚ	5
چشمأنه	5
شجره‌نامچه	5
قدر	5
بفهمی	5
بفهمه	5
شَبّاتَ	5
ونأله	5
اَفِسُس	5
کنیزَ	5
ندأشته	5
ونأشتی	5
چوپان	5
شائولَ	5
غرب	5
شجاع	5
درختأنی	5
درختأن	5
چوبٚ	5
تاجی	5
بزرگَ	5
وقف	5
تأودی	5
تأنستیم	5
نشنأختیدی	5
تأود	5
الهام	5
کوچی	5
بگردید	5
تابستان	5
مشکل	5
دچار	5
شاگردَ	5
مابینٚ	5
الاغأن	5
نسلأنٚ	5
نخوأندیدی	5
روزأنَ	5
رودٚ	5
نسلأن	5
دربارِ	5
شامَ	5
وَوِه‌ییدی	5
لوطم	5
الاغٚ	5
نشانه	5
ولایت	5
تاکستانٚ	5
نخوأستیدی	5
مردِ	5
خیانتکار	5
جسارت	5
سروره	5
واج	5
زِئنٚ	5
تنگ	5
متعالٚ	5
ساحل	5
فراموشَ	5
ساقه	5
تولدٚ	5
باخبری	5
مثلَ	5
تور	5
سارای‌یَ	5
مَثَلَ	5
نهیب	5
اولاغٚ	5
فندرستیدی	5
زیبا	5
وأره	5
جنازه	5
سَفیره	5
نوکونمه	5
ماهی‌یأن	5
واش	5
خیلی‌یأنٚ	5
خودمٚ	5
نُه	5
خیلی‌یأنم	5
سفارش	5
تمامی‌یه	5
فِلیکْسٚ	5
نوگو	5
جلیلی	5
ساکنَ	5
فرمایه	5
سپاهٚ	5
نِیسید	5
جارچی	5
ایماندارأنی	5
تیاتیرا	5
نیزه	5
ایسه‌ییم	5
ایشب	5
فرقی	5
جادوگر	5
نیشنَوه	5
ایطرف	5
ایشنَوسته	5
ثروتمندأن	5
نیشأنه‌یی	5
ثروتٚ	5
محکومیت	5
فصلٚ	5
ایجا	5
خوردنَ	5
فصح	5
فطیر	5
مراد	5
ایتفاقَ	5
جذام	5
سرکش	5
سرد	5
فرهنگٚ	5
فروکش	5
نیکوکار	5
نیگرانٚ	5
نیگیریم	5
ایراد	5
خوفته‌بو	5
خورده	5
ببارأنه	5
جهانَ	5
نَنِه	5
انگشترٚ	5
بدأشتی	5
مُرده‌یأنَ	5
جهانٚ	5
جهانه	5
زکی	5
بدتر	5
بخوأیم	5
وأگردیدی	5
نوبوستم	5
بخوأندیدی	5
بخوأیی	5
مالی	5
تعبیره	5
کیتابأنَ	5
بخور	5
زحمتی	5
فأرسأنید	5
زخم	5
وجه	5
انجیلَ	5
نِگِب	5
فأرسأنی	5
ترکه	5
فیگیفتی	5
اندر	5
نمرده	5
کوده‌بید	5
فأرسی	5
دان	5
تسلط	5
فأرسه‌بو	5
مالک	5
فأرسه‌یید	5
فأرسیم	5
نوکری	5
خودتأنٚ	5
نوکوده‌بو	5
مردأنٚ	5
بپیچسته	5
اوستادٚ	5
زنده‌یم	5
کیتابَ	5
وأکون	5
نوکوده‌بید	5
جوابگو	5
زورٚ	5
نوکوشیم	5
ببری	5
بپاشأنه	5
دأرمه	5
مردأن	5
خودته	5
مأنستنم	5
کورأنٚ	5
زنجیرٚ	5
بتی	5
نوخورم	5
نوخورده	5
فوگوردأنه	5
فوکونیدی	5
مَردنٚ	5
جورواجوری	5
مأنی	5
زندگیه	5
بتأبسته	5
وأگردأنه‌ییدی	5
وأگردأنید	5
سلیمان	5
بتأنیم	5
مردَن	5
عَزَریا	5
دکفتن	5
میدان	5
دهمی	5
بیشتره	5
بیشمرده	5
خدمتکاره	5
بیشکنه	5
بیشتری	5
دقّتٚ	5
کفرناحوم	5
بیده‌بید	5
دیبیم	5
قیمتی	5
قیمتٚ	5
دهنَ	5
ابری	5
بیس	5
کارگرأن	5
دوّمین	5
دونبالَ	5
پنجره	5
صارا	5
بیمی	5
مهمانأن	5
آوازه	5
کارگرٚ	5
عروسأنٚ	5
دونیایَ	5
دونیایٚ	5
بیشنَوسته‌بو	5
پنجومه	5
دکفیم	5
ملعون	5
کشه‌یی	5
بیگیری	5
همهمه	5
خُرُم	5
کلامی	5
پیامبرأن	5
بی‌دفاع	5
همیشگی	5
خرج	5
ناراحتی	5
عطرَ	5
کلدانیأن	5
نأشتید	5
کلک	5
لافندَ	5
همه‌تأنٚ‌ره	5
ناسازگاری	5
گفتار	5
بی‌احترامی	5
بهشت	5
دشمنٚ	5
شی	5
اجداده	5
گیفتی	5
دیشب	5
مقرر	5
شیش‌تأ	5
دیروز	5
هوشیعانا	5
کفیدی	5
هَنَ	5
حدوداً	5
احوالپرسی	5
بیأفتیدی	5
دشمنأنَ	5
ناحق	5
مقامٚ	5
بیأفتیم	5
موبارکه	5
دورتر	5
دنیایَ	5
دنیای	5
پامفیلیه	5
خاطرَ	5
آداب	5
کسأنی‌ره	5
دورأن	5
ضعف	5
آدمیأن	5
یونان	5
گوسفندَ	5
آدمی‌یَ	5
آدمه	5
حیرت	5
موجازاتٚ	5
ضمانت	5
گوشأن	5
منظره‌یَ	5
حیوانه	5
خارجَ	5
پرهیزکار	5
منتظره	5
پْریسکیلا	5
دوخترَ	5
منزل	5
دَوَد	5
آتنٚ	5
کسأنه	5
آخره	5
موآب	5
دوخوأدید	5
دوارستیم	5
دوخوأنی	5
منه	5
پطرسم	5
حکمَ	5
بینیشید	5
آگْریپاس	5
گندمم	5
کسی‌ره	5
عجایب	5
کاش	5
پشیمان	5
بیمیریم	5
کاره‌یه	5
صحبت	5
دوکون	5
دوکودن	5
مُهرَ	5
دوعایأن	5
صدایأن	5
هیستَ	5
پادشایأنی	5
عالیجناب	5
دوز	5
کاهنه	5
صید	5
آرامشه	5
آرامشٚ	5
صیدونٚ	5
صیدون	5
بیهم	5
بینیویشتیدی	5
خاندانٚ	5
بینیویشتم	5
آسیاب	5
یوحنایَ	5
پاداشی	5
دنکفه	5
صلیبه	5
بولندی	5
بنیامینم	5
اراده‌یَ	5
شمشیره	5
دیویست	5
پیروأن	5
شمعونم	5
نامزد	5
قربانی‌یَ	5
قربانگاهٚ	5
اصلی	5
قطعَ	5
ویریشتنٚ	5
عقد	5
بوکودیمی	5
معجزاته	5
درنده‌یی	5
اساسی	5
بنوشه	5
عمری	5
نبی‌یَ	5
بوسوزانه	5
خشت	5
قوبیلَ	5
هارونٚ	5
اَشأنٚ‌ره	5
اِرمیایٚ	5
خمَ	5
لطمه	5
عوبید	5
اسفند	5
علمایَ	5
وینریزه	5
ربکا	5
وئلن	5
معطلی	5
هطویه	5
چیزی‌یه	5
معلّم	5
همکارأن	5
همکاری	5
شریرأنٚ	5
بمرده‌بو	5
بولندَ	5
دینید	5
عفرون	5
شل	5
بمأنم	5
خرید	5
لخت	5
هموار	5
نبو	5
بوجوری	5
بوکولَ	5
راضی‌یم	5
دیوأنه	5
بمردید	5
عوضٚ	5
سفت	4
هدفَ	4
ایبراهیمٚ‌ره	4
نیهیمی	4
هراسان	4
آشنا	4
شکلی	4
استقبال	4
آشنایأن	4
جماعت	4
نیویشته‌یأنَ	4
ایتالیا	4
جلعاد	4
اونٚ‌شینه	4
هدایایی	4
خفه	4
اونٚ‌شین	4
سرمچه‌یَ	4
اهالی	4
گوناهکارٚ	4
گبأنی	4
سرورٚ	4
صوحارٚ	4
اسرائیلٚ‌ره	4
اهله	4
چوبَ	4
خفَه	4
حَنّا	4
شَبّات	4
اسرارَ	4
سرورأن	4
ونألیدی	4
سرورَ	4
گبٚ	4
سزاوارٚ	4
گوم	4
غاری	4
عای	4
خاکسترٚ	4
ایام	4
گوشتَ	4
آتشَ	4
گوشته	4
سربازأنٚ	4
ظرفأنٚ	4
یهودیأنم	4
طلاق	4
یهودایَ	4
خوری	4
نیقودیموس	4
شریعتی	4
محبوب	4
چهاردهم	4
ایسه‌یید	4
محصولَ	4
خوابنما	4
آبااجداد	4
ایشنَوم	4
یید	4
جاجیگای	4
نیشنَوستیدی	4
سدیمٚ	4
لوتکایَ	4
شریرأنه	4
خأخور	4
سربازأنَ	4
سربازأنم	4
نیشیدی	4
گردستیدی	4
اصلی‌یٚ	4
گوشأنٚ	4
عار	4
افرات	4
وَوَرسید	4
شدیدی	4
ایدأنه	4
عادلَ	4
شغل	4
ایتفاقأنی	4
جر	4
جِرارٚ	4
خواجه‌سرایٚ	4
خواجه‌سرا	4
شفایٚ	4
هاران	4
شکارَ	4
خوابی‌یه	4
شرارتَ	4
ظهرٚ	4
جبرئیل	4
جبروت	4
چوپانأنٚ	4
سرتاسره	4
طرفداری	4
آخورٚ	4
خوردی	4
وَوینی	4
نیگیرید	4
نیگی	4
کویدأنه	4
نیگرانی	4
طرفدار	4
اَجاجی	4
وجودَ	4
وجودٚ	4
خدمتٚ	4
ابی‌ملکَ	4
شیشصد	4
گفتَن	4
الهه	4
عشقبازی	4
هوایَ	4
غلامأنیم	4
خوأننده‌یأن	4
الیاس	4
مالکیت	4
هوشع	4
کیتابأنٚ	4
وقفٚ	4
اراده‌یٚ	4
گفته	4
غَلاطیه	4
حرفأنی	4
شورایٚ	4
فأرسیدی	4
خدمتگزارأن	4
شوستن	4
فارسی‌یه	4
وأنگردید	4
شورٚ	4
سنگینٚ	4
ابلیسه	4
شوره	4
عقلَ	4
کیلومتر	4
سیه‌بختی	4
غمگینیدی	4
گروه	4
گرمی	4
عطر	4
شاخه‌یأنَ	4
گزارش	4
عظیمی	4
املاکٚ	4
املاکه	4
غولامأنٚ	4
اموریأن	4
شوییم	4
سیفیدٚ	4
انبارٚ	4
احتمالا	4
ارابه‌یأنی	4
شهرأنی	4
خوأنیم	4
شهرت	4
همسفره	4
ارابه‌یه	4
شهرأنه	4
کیسم	4
اَخائیه	4
وختش	4
ماره	4
اِلیمِلِک	4
وختَ	4
گابٚ	4
اَریوک	4
عذابٚ	4
صاف	4
آویزأن	4
صبوری	4
شمشیرَ	4
ازلی	4
شاهدأن	4
همداتای	4
سلامته	4
ماهأنٚ	4
اگرچی	4
گایوس	4
وأکودیم	4
عرض	4
گیاهأنٚ	4
گنجٚ	4
اسبأنه	4
واسطه‌یٚ	4
جماعتی	4
گندمَ	4
خطایأن	4
گونایأنٚ	4
غذایم	4
هیزم	4
شمارش	4
عوبیدٚ	4
خودشأنٚ	4
غذایه	4
جنسٚ	4
حقّه	4
حاضرم	4
اَنه‌	4
گفتید	4
لیباسی	4
سن	4
شنأختیدی	4
خوأستید	4
ارثی	4
غضبناک	4
شنأسیم	4
چراغٚ	4
علفزاری	4
همزه	4
ابراهیمه	4
خشایارشایَ	4
وأگردی	4
حرفأنٚ	4
حسادت	4
أ	4
اورشلیمه	4
فامیلٚ	4
عرضه	4
سلطنتم	4
اورٚ	4
عموره‌یَ	4
وأگردستی	4
وأگردستیم	4
هیچکسه	4
گیرید	4
خوأسته‌یٚ	4
همدست	4
حس	4
دکفید	4
بهانه‌یی	4
بیگیفتی	4
زادگاه	4
بردنٚ	4
دونخوأنید	4
کاردان	4
رئیسَ	4
بردیدی	4
بردی	4
قُرِنتُسٚ	4
ترسأن	4
دانه‌یی	4
نقشه‌یَ	4
برأری	4
تدهین	4
مِلک	4
مریضَ	4
معمارأن	4
دستورأن	4
رحمی	4
دکفتی	4
داوودَ	4
کمالٚ	4
نبی‌یه	4
کوچیکَ	4
بِیسیم	4
نظرٚ	4
نأشته	4
پورَه	4
رویٚ	4
برسأنم	4
دکفم	4
تحویلٚ	4
مهیا	4
بنوشید	4
برکاتٚ	4
قانونٚ	4
بیشنَوستی	4
بیشنَوم	4
داوره	4
فیگیفتن	4
فیگیفتم	4
نمایانَ	4
بوگفته‌بوم	4
تسلیمَ	4
برأرأنی	4
نگم	4
دأنستیم	4
مرزٚ	4
بنیامینه	4
تسلیمه	4
مویه	4
فیضَ	4
کِلیون	4
دوشمنٚ	4
زرخرید	4
بدنٚ	4
بینیشأنه	4
بَنید	4
مهار	4
معلمی	4
دره‌یه	4
زأیدار	4
دوکودی	4
برأرجان	4
دوکودم	4
قابله	4
دلیلٚ	4
نقشه‌یی	4
کأره	4
کلٚ	4
نکاتی	4
ملکه	4
زبانَ	4
رأیی	4
نکشه	4
مِلْکَه	4
قسمی	4
ترسیدی	4
دانه‌دارٚ	4
مطلقم	4
قیافه	4
نخوأیی	4
دردسر	4
مشاورأنٚ	4
ندار	4
کنعانیأن	4
بکفتم	4
پهنا	4
نخوأیه	4
درده	4
مقاومت	4
قتلٚ	4
تاریخ	4
ندأرید	4
رسأنیمی	4
قحطی‌یه	4
رنگین	4
رنگٚ	4
مقامی	4
تارسوسٚ	4
پیغمبره	4
پیغمبرٚ	4
قدوسه	4
پینیک	4
درستکارٚ	4
پیامبر	4
دیلأنَ	4
بمأنستم	4
بمألسته	4
بلوطٚ	4
کمه	4
نخوأسته	4
تاجٚ	4
درسأنه	4
پهنه	4
قدرتمندٚ	4
قومٚ‌ره	4
نجست	4
نخ	4
پیغمبری	4
بگردسته	4
قائنَ	4
بزنی	4
درأنَ	4
دیبی	4
درازی	4
دیمیتریوس	4
قبرَ	4
بزه‌ییم	4
نتأنستید	4
دیچه‌ییدی	4
رومیأن	4
قومأنَ	4
مقصود	4
مزرعه‌یَ	4
قائل	4
کفش	4
تأوده‌یی	4
مصریأنه	4
روغنٚ	4
دروازه‌یٚ	4
تاکستان	4
بفرمأسته‌بو	4
مقبره‌ره	4
میکاه	4
دیلگرمی	4
پیغمبرأنی	4
بی‌رحمی	4
بنام	4
روتَ	4
بی‌خوراکی	4
کفشَ	4
پولسٚ	4
کنیزی	4
پولدار	4
پوشت	4
دیدار	4
بی‌ایمانی	4
قیصرَ	4
بعدم	4
روحانی‌یه	4
تاریکی‌یٚ	4
نبرید	4
ایوبَ	4
کَدُرلاعُمَر	4
پایأنٚ	4
خوک	4
فصحٚ	4
باخبره	4
معجزه‌یأن	4
مراسم	4
نیازی	4
معجزه‌یی	4
خوفته‌ییدی	4
اینفرم	4
اینسانم	4
سامان	4
پیروأنٚ	4
خوفتیدی	4
مملکتَ	4
دنیایٚ	4
تون	4
اینقده	4
بوز	4
بارم	4
معجزه‌یأنَ	4
نهَه‌یی	4
تورَ	4
باطلَ	4
پافشاری	4
فکشه‌یی	4
خیری	4
مرتکب	4
بارَ	4
باده	4
پاکیدی	4
فقیرٚ	4
نامه‌یَ	4
فکرأنَ	4
نهَه‌ییدی	4
خونی	4
مراقب	4
قلمرو	4
دودمان	4
پرنده‌یأنَ	4
ستاره‌یأنٚ	4
پرنده‌یأنم	4
ایلتماسٚ	4
دوختری	4
مخصوصاً	4
دَییمی	4
محلی	4
ستاره‌یَ	4
ستاره‌یأنَ	4
کرم	4
دسترنج	4
دوتأن	4
نیشنَوسته	4
منتظرٚ	4
نیشتن	4
سختَ	4
دوخترم	4
نأنستیم	4
پُره	4
پیره	4
نیدینی	4
کلی	4
خوشه‌چینی	4
ذخیره	4
نیده‌یید	4
سامری	4
خوشه‌یأنه	4
بوشور	4
خوشه‌یأنَ	4
دوخوأنم	4
بوشوستم	4
ذات	4
دوخوأدی	4
منالم	4
مخلوط	4
سبدٚ	4
سبزَ	4
سبزه	4
دوارستی	4
تندی	4
تغیرٚ	4
تفاوتٚ	4
زندگی‌یه	4
بتأنستم	4
بتأنستی	4
داستانه	4
موسی‌یَ	4
داستانَ	4
زندانیأنه	4
نوکرأنه	4
کاهنأنه	4
موسایَ	4
زنده‌یی	4
دیوبزه	4
پسوند	4
فورشه	4
پسوندَ	4
بوخوردیم	4
درید	4
بوکوله	4
پشیمانَ	4
مردومأنٚ‌ره	4
پیشکشی‌یَ	4
موقعی	4
بوبوسته‌یه	4
بدترَ	4
دامادٚ	4
بینیشینه	4
ننَه‌بو	4
رانٚ	4
تعلیمَ	4
فوکونید	4
بیهه‌بو	4
نوسوخته	4
کاملَ	4
دَوستید	4
رامه	4
نوجوان	4
بخششه	4
بپوشأنه‌بو	4
کاهنی	4
تلفظ	4
تمیز	4
پارچه	4
بالاخانه	4
فلکٚ	4
بالاتره	4
فندریدی	4
تلفظٚ	4
کسأنی‌یم	4
تماشا	4
کبوترٚ	4
خیمه‌یَ	4
رازَ	4
کبوترَ	4
پارس	4
موجودٚ	4
زیادتر	4
تکمیلَ	4
تلاطم	4
فکشٚ	4
بوخوفتم	4
پادشاهی‌یه	4
دوزدأن	4
مورده‌یأنٚ	4
بامٚ	4
مورده‌یأن	4
بالع	4
فلسطینیأنٚ	4
قوچَ	4
نامِ	3
همه‌یَ	3
لاشه‌یأنٚ	3
ناظرٚ	3
لأنتی‌یَ	3
قوّته	3
گرما	3
قوچٚ	3
نامه‌یأنَ	3
کلدانیأنٚ	3
قومأنی	3
کْلودیوسٚ	3
ناظرأنی	3
معطر	3
همسایه‌یَ	3
گریه‌کونان	3
قورت	3
گروهٚ	3
کلمه‌یأنٚ	3
عبادت‌کوننده‌یأن	3
یوستوس	3
گومارٚ	3
موسایه	3
یکشنبه	3
عاقله	3
کتان	3
موجأن	3
موجٚ	3
عاموسٚ	3
عجب	3
کاسبی	3
ملکه‌یٚ	3
مویَ	3
گنجَ	3
موسایٚ	3
گوناهکارأنم	3
یکدیگر	3
موعوده	3
کاشتی	3
کجَ	3
کردکارأنٚ	3
یهودی‌یم	3
مناسبٚ	3
منظورٚ	3
کردار	3
کُرنِلیوسٚ	3
منّت	3
طویله	3
گوسفندأنٚ‌ره	3
منظورَ	3
یونانٚ	3
عادلأن	3
کدامَ	3
کجینٚ	3
موجازاتَ	3
یهودَ	3
کِرجی	3
کْرِتٚ	3
کْرِت	3
مموکان	3
کفرناحومٚ	3
هونٚ	3
عزیزٚ	3
عشایٚ	3
قِیسٚ	3
هیجده	3
هیجای	3
عزیزَ	3
مقصر	3
هیتّیأنٚ	3
قیامتی	3
عصایٚ	3
کلامم	3
مقامَ	3
ناراحته	3
قیرَوانٚ	3
هوشیاری	3
قیامتٚ	3
ناتوانی	3
گیفته‌بو	3
می‌شینه	3
گلٚ	3
گله‌یٚ	3
کشتزارٚ	3
عده‌یی	3
گیج	3
گناهٚ	3
یاسون	3
گناهکاره	3
کاری‌یه	3
هیکل	3
کارگرأنَ	3
مهمترین	3
عروسَ	3
گیسٚ	3
ملتٚ	3
کاروانه	3
گله‌داری	3
مهمانأنٚ	3
هیرودیا	3
عُرپَه	3
وأگردستَن	3
فوکودن	3
فوکونم	3
وأکونید	3
نوفروختیدی	3
کوروشٚ	3
مأمورأنٚ	3
فهمی	3
نوبت	3
فارص	3
نوبوم	3
مردومأنم	3
وأکونی	3
وأکودن	3
فَندَیی	3
فحش	3
فَندن	3
فدمه	3
فَندید	3
فوراً	3
وأکونم	3
ماهه	3
فَنرسه‌بو	3
فایده‌یی	3
نوکره	3
غیظم	3
مارا	3
فینیقیه	3
وحی	3
مرم	3
غیور	3
کیسی	3
غیریهودیأنی	3
نقشه‌یأن	3
ورَ	3
وره	3
ورٚ	3
وحشتناکی	3
وأمجید	3
وأنگرده	3
نَمویی	3
مأمورأن	3
وامجه	3
فیچالستم	3
فیکول	3
مردی‌یَ	3
نمایان	3
نمونه	3
وأوینه	3
فیضه	3
ماهی‌یأنٚ	3
فروختیدی	3
نیصفٚ	3
فرود	3
نِیسم	3
مخفیأنه	3
فروختی	3
فروشیدی	3
فریادی	3
نیگهبانأن	3
فِرِصٚ	3
نیدینیم	3
مجهز	3
مخصوص	3
نیشتیدی	3
نیشتی	3
نیشنَوی	3
فرمانده‌یَ	3
نیشنَوستیم	3
مَحلون	3
نیشتم	3
فرمانروایه	3
نیشینم	3
محلَ	3
فرمانروا	3
نیشی	3
فکشیدی	3
نهم	3
کوشتنٚ‌ره	3
نِهه	3
فدَییم	3
واران	3
وارستی	3
فندرستید	3
ماهیگیری	3
فندرستن	3
مردأکی‌یَ	3
کوشتنَ	3
نهَه‌بید	3
نیمه‌یَ	3
مجبورَ	3
نیمیرید	3
مدرکی	3
نیده‌یی	3
فرستاده	3
فقیرأنٚ	3
مَثَلی	3
نِی	3
فراوانٚ	3
نیأفتیدی	3
نی‌ییم	3
لطیف	3
ویریشته‌بو	3
عیده	3
قراولأنٚ	3
قربانگاهی	3
نتأنستیم	3
نتأنستم	3
هارانٚ	3
لشکرَ	3
مصلحت	3
ه	3
گردٚ	3
لمکٚ	3
عیسی‌ره	3
وَورسه‌یی	3
کنعانَ	3
لیاقتٚ	3
ندأره	3
ندأر	3
مشکلی	3
لنتی	3
گردم	3
وَوِن	3
وَوینم	3
کُندُر	3
قلبَ	3
گرفتارٚ	3
عمو	3
معتبره	3
معجزه‌یَ	3
همجنسٚ	3
عِلیما	3
علیل	3
علوفه	3
نانوا	3
لحاظ	3
کلیسایَ	3
نأوریم	3
هدایتٚ	3
مطابقٚ	3
مطمئنم	3
کمَ	3
هتاک	3
قُرِنتُس	3
معبده	3
نبأید	3
نأیید	3
هشتاد	3
نبخشید	3
قضاوتٚ	3
ونالم	3
وسی‌یه	3
قانونَ	3
وصله	3
نَفَس	3
وَسی	3
مات	3
وعده‌یٚ	3
مزدَ	3
کوجه‌دأنه‌ترین	3
مریمَ	3
گالیو	3
غلامأنٚ	3
ماتمه	3
نفهمید	3
مروت	3
نفهمه	3
مرواریدأنَ	3
وستی‌یم	3
وستی‌یه	3
مادرزاد	3
وسوسه‌یأن	3
غمه	3
نفهمستید	3
مریضأن	3
مریضأنٚ	3
وله	3
نرمَ	3
غذای	3
مسیحیأنَ	3
نزدیکایه	3
کنیزأنٚ	3
گبانَ	3
کنیزأن	3
قبیله‌یٚ	3
ونأشتم	3
نرسه	3
مسیرٚ	3
قبره	3
قأیمَ	3
قأیمه	3
غضبٚ	3
لیسیاس	3
نصب	3
وفاداری‌یَ	3
ولایتأنَ	3
مسیحیأن	3
قبرستان	3
نشنأختی	3
نشم	3
قائنٚ	3
درستکارأنٚ	3
درستکارأنَ	3
درستَ	3
دردٚ	3
انگورچینی	3
درمه	3
انجامه	3
دق	3
اندام	3
اَنطاکیه‌یٚ	3
دروغگویه	3
اوچه	3
دائمی	3
داوری‌یه	3
داوری‌یم	3
داورأنٚ	3
دبستم	3
درخته	3
انگوشتَ	3
درأن	3
درازا	3
دِجلِه	3
دلایل	3
دوعایٚ	3
دوستی	3
دوستأنٚ	3
دورونه	3
دوروغین	3
دوقلو	3
اقتداره	3
دهأنٚ	3
دوّمی‌یَ	3
دولت	3
الهامٚ	3
املاکَ	3
دواره	3
اَمیرأنَ	3
دندان	3
انباره	3
دودستی	3
امپراطور	3
دوروغگویأن	3
دورترین	3
دورتادور	3
دورأنٚ	3
دأنستید	3
خشنودم	3
خشکی‌یَ	3
خشکَ	3
خزانه‌دار	3
خرمنٚ	3
خمره	3
خواجه‌یأنٚ	3
خواجه‌یأنَ	3
خواجه	3
خوابأنه	3
ایجاره	3
ایستراحتگاه	3
خُبٚ	3
خُبترین	3
ایسحاقٚ‌ره	3
خانه‌یٚ	3
خدمتکارأنَ	3
ایدس	3
خدمتٚ‌ره	3
خدمتگذار	3
خدمتکاری	3
خدمتکارأنی	3
ایتفاقی‌یَ	3
اوطو	3
خوشرفتاری	3
اولاغ	3
خوسأنه	3
اونان	3
اوطرفٚ	3
دأشتید	3
دارأنم	3
دارَ	3
اوسَنم	3
خیمه‌یأن	3
اَیتأ	3
خوأنیدی	3
خوأندیدی	3
ایتأیم	3
خوأستگاری	3
خوداپرست	3
اونقده	3
خودمأنَ	3
خودتأنَ	3
اهأن	3
خودایأنه	3
استرم	3
زیرٚ	3
استیفانٚ	3
اسرارٚ	3
زنی‌یَ	3
زیمینأن	3
اسباب	3
اسبأنٚ	3
اسبٚ	3
زیمینم	3
استخوأنی	3
اسماعیلی	3
زن‌مار	3
زمانم	3
اسیرأن	3
اسیرأنٚ	3
زنأکه	3
زنمه	3
زنده‌یأن	3
زنده‌یَ	3
اسکندریه	3
زنأکی	3
سادگی	3
سربازٚ	3
سرأنَ	3
ارابه‌یَ	3
ستونی	3
سبزٚ	3
ادویه	3
سرخٚ	3
سرپناه	3
ادما	3
سرپرست	3
سربلنده	3
ساقٚ	3
ساقیأنه	3
اَریوکٚ	3
اسبَ	3
سارای‌یٚ	3
سالأنه	3
سبزه‌زاره	3
سامریأنٚ	3
ارغوان	3
سالیدی	3
سالهایه	3
زخمأنَ	3
ذکاوت	3
ذاتٚ	3
دیوأنٚ	3
دیوَ	3
دیمٚ	3
راحتَ	3
ردای	3
افتخاری	3
رأیٚ	3
راهنما	3
رام	3
دیگرأنم	3
دئر	3
دیداره	3
دیچه	3
دهنه	3
دیگرأنٚ‌ره	3
دیلم	3
دیلأنٚ	3
دیل‌نیگرانٚ	3
دیگری‌یَ	3
دیگری‌‌یَ	3
ردایی	3
رومی‌یَ	3
اشکول	3
روزأنی	3
اصرارٚ	3
روح‌القدسه	3
رویایَ	3
زبولون	3
زاله	3
اِشکفه	3
زاده	3
رویم	3
رسوم	3
اَطویی‌یه	3
رسأنی	3
رسالت	3
ردایٚ	3
رشت	3
روبوسی	3
اَطاد	3
رفتارَ	3
اطاقه	3
اطرافٚ	3
بشکنه‌ییدی	3
بشنأختیدی	3
بعضی‌یأنٚ	3
پِنتیکاست	3
پلنگٚ	3
پوریمَ	3
پهلویَ	3
پولی‌یم	3
بشارتٚ	3
پوستٚ	3
پوریمٚ	3
پسته	3
پُرٚ	3
بکشه‌بو	3
پرستشٚ	3
پرستاری	3
پِسَخَ	3
پلا	3
پشم	3
بفرمأستیدی	3
پسرجان	3
پسرأنی	3
پیام	3
پیغامٚ	3
پیشوازه	3
بِرنیکی	3
پیشکشَ	3
پیشکار	3
پیغمبرَ	3
برفٚ	3
برکتَ	3
برکتٚ	3
پیله‌تری	3
پیغمبرأنَ	3
پیرم	3
پئرأنه	3
پئرأنم	3
پیامبری	3
پیامبرأنم	3
پیروأنَ	3
پیشروی	3
پیشرفت	3
بزرگأنه	3
پیسیدیه	3
پیرٚ	3
پرس	3
بیسپردم	3
بِئَرلَحی‌رُئی	3
بنَه‌یی	3
بیچیشته	3
بیت‌صیدا	3
بنَه‌بید	3
بیشکفته	3
بندَ	3
بِیسی	3
بندری	3
بیسپردی	3
بوگوریزید	3
بوستنید	3
بوسوجأنه	3
بوقچه	3
بوشوستیدی	3
بودووَستیدی	3
بیأفی	3
بوخوردید	3
بیأفتی	3
بی‌خوراک	3
بی‌ایمأنی	3
بیشمأری	3
بیهینی	3
بیهینه	3
بیهین	3
بلایَ	3
بلای	3
پادشاهی‌یٚ	3
پرَ	3
پایٚ	3
بکندم	3
پارسأنٚ	3
پادشایأنَ	3
بمأن	3
بیمیرید	3
بمأنستیدی	3
بمرده‌بید	3
بیشنَویم	3
بینیشأنید	3
بینیویسید	3
بینیویسم	3
بینیویس	3
بینیشین	3
بینیشتم	3
چراگاه	3
چراغی	3
باعثه	3
چأکونیم	3
چأکودنٚ	3
چو	3
باجگیرٚ	3
بادام	3
چومأنی	3
باراباسَ	3
چوپانأنَ	3
جولویَ	3
جولوی	3
جورواجورَ	3
ببافتیدی	3
جنیسارتٚ	3
جویَ	3
چأکودن	3
باغبانأن	3
باغی	3
جینجال	3
باقی‌یه	3
چهاردهمی	3
ایفلیجٚ	3
حوایَ	3
حنا	3
حکومتی	3
حکمه	3
ایفلیجَ	3
خانه‌یم	3
خانه‌یأنٚ	3
ایسماعیلٚ	3
خأخورأن	3
حیاتَ	3
حاله	3
اینتظارٚ	3
اینفری	3
اَیی	3
اَییم	3
حامی	3
حقی	3
ایلیاس	3
حسادتٚ	3
حرانٚ	3
حبوبات	3
ببردم	3
تعلیماته	3
تعبیری	3
تعالیم	3
تشریف	3
تشر	3
تعمیدَ	3
بخیر	3
بدأنستیدی	3
تندتر	3
تقصیری	3
بدکارأنٚ	3
برأرزا	3
براَورده	3
برتولما	3
بردأشتی	3
تاریخٚ	3
تَتَرَج	3
بدهکار	3
تْروآسٚ	3
تَرشیش	3
ترشیش	3
برابرم	3
بخوأییم	3
جبرائیل	3
جاودان	3
جانوارأن	3
جانداری	3
جاندارأنی	3
جدایی	3
جسمَ	3
جسد	3
بترسه‌بید	3
جزوٚ	3
جُرمی	3
تیخیکوس	3
بخوأستی	3
تیتوس	3
تیبِریه	3
بخوأنی	3
بخوأسته‌بو	3
جاندارأن	3
جارو	3
جاجیگایَ	3
تِئوفیلوس	3
بخشمه	3
صَدّوقیأنٚ	3
شیرأن	3
سیفید	3
آزادأنه	3
ابراهیمم	3
طبیب	3
شنبه	3
طبقه	3
آفریننده‌یٚ	3
آردٚ	3
آفرینش	3
احساس	3
آشیانه	3
سقفٚ	3
صادرَ	3
آریوپاگوسٚ	3
شترأنه	3
آماده‌یٚ	3
شِنعارٚ	3
سلامتی‌یه	3
سرگذشت	3
شینی	3
سنگه	3
آبأنٚ	3
شکایتی	3
سَلمون	3
سوّمین	3
شاگردأنٚ‌ره	3
سنگأنَ	3
آبل	3
شرح	3
سرکه	3
آرتِمیس	3
سَلمونٚ	3
سرگرمٚ	3
سفیدأن	3
شاگردأنی	3
شنأختن	3
طرد	3
شهرأنَ	3
سوجه	3
احکامی	3
شاخه‌یی	3
ابلیس	3
اجاره	3
صهیونٚ	3
سموئیل	3
شیرخوره	3
آبااجدادم	3
سیلاسٚ	3
سکه‌یَ	3
شومٚ	3
آفرین	3
سوختن	3
اَبدی‌یه	3
آمون	3
شفاعتَ	3
شبا	3
ابرامٚ‌ره	3
شهامت	3
شریرٚ	3
سْیلوآم	3
سرودٚ	3
شُکوفه	3
شاهٚ	3
شریفی	3
آفتابَ	3
سرشناسٚ	3
صدتأ	3
سوجأنه	3
ضعیفتر	3
آرامه	3
نوکودیمی	2
مانده	2
بانو	2
جوانتر	2
نوکوشه	2
مأنستنٚ	2
مأنستنیدی	2
شنأختی	2
بالغه	2
جوجه‌یأنَ	2
آزارٚ	2
جورواجورٚ	2
بالین	2
لیَه	2
نَهن	2
نَهنٚ	2
چپه	2
لیدیه	2
ماجرای	2
چایَ	2
چایأنه	2
چایی	2
باطنٚ	2
لیتر	2
چرخستیم	2
چله‌یه	2
چنگک	2
عنوانٚ	2
لیاقتَ	2
لیبی	2
شِمعی	2
بازرگانأنٚ	2
عنوانه	2
بازجویی‌یٚ	2
نوه‌یه	2
مالکه	2
نوگفته‌بو	2
باغبأنه	2
مالت	2
مالَ	2
مأمورٚ	2
شنأخته	2
بالاترم	2
جونده‌یأنَ	2
آسمانأنٚ	2
نوگفتید	2
عمیقَ	2
مادیأن	2
چأنکوده	2
مادرزادٚ	2
چاهأنٚ	2
چادرأن	2
نوگفتیم	2
مارم	2
چاقو	2
چاقویَ	2
ماهگی	2
علفأن	2
جاندارٚ	2
نوخوفته	2
محتاجٚ	2
جاندارأنَ	2
محکمتر	2
جاسوسی	2
جالب	2
شوستنٚ	2
شنله	2
بچمسته	2
بچشب	2
بتِوئیل	2
نوسوزه	2
جاهایٚ	2
جانورأنی	2
جانوری	2
جانهایه	2
جاودانَ	2
جاسوسأنه	2
آریستارخوس	2
نوجوانی	2
مخصوصی	2
بخشٚ	2
مخلوتَ	2
عفرونم	2
نوبوستیم	2
شومأنه	2
شومأنَ	2
تیموتائوسٚ	2
جادوگرأنه	2
نوخوریم	2
محکومه	2
علامت	2
محله‌یَ	2
نوخوردم	2
بخششٚ	2
نوخورده‌بو	2
نوخوردی	2
مبلغی‌یَ	2
بپز	2
جلیلیأن	2
جماعتٚ	2
نوکرٚ	2
مترجم	2
جلسه	2
نوکرأنٚ	2
بپوشأنه‌ییدی	2
جمجمه	2
ببرده‌بو	2
عِمانوئیل	2
ببرد	2
شنأختیم	2
نوکوده‌بوم	2
ماهیگیرأن	2
ماهیگیر	2
بپخته	2
ماهی‌یم	2
نوکرأنم	2
نوشوییدی	2
نوشه	2
ینا	2
شنأسی	2
مَثلأنَ	2
مجدلیه	2
مثَلٚ	2
جرم	2
نوشوسته	2
مَتّیاسٚ	2
بتأبه	2
متعلق	2
جشنَ	2
جُلجُتا	2
بُتأنَ	2
جسدأن	2
بتأنستیدی	2
نوکرَ	2
آزادیدی	2
لیاقت	2
خبری	2
ختنه‌یَ	2
ایستعاره‌	2
ایستراحتٚ	2
گله‌یَ	2
گندمأن	2
خانه‌زاده	2
خبرأنٚ	2
گمراهه	2
گمَ	2
گفته‌یأن	2
گفتنٚ	2
گفتاره	2
خرمنَ	2
ایسأیید	2
خجالتٚ	2
ایسپریدی	2
ایسپرم	2
ایسپردی	2
شجاعت	2
خانواده‌یم	2
خأخورأنَ	2
ایطاعتٚ	2
نیشنَوید	2
ایضافَه	2
خأخورٚ	2
حیات‌بخشَ	2
حیرانَ	2
حیسابی	2
ایفترا	2
حیوانأنَ	2
گوره	2
خالقٚ	2
خانمٚ	2
شَرور	2
گندمزاره	2
گوسفندی	2
ایشنَوستی	2
نیشیمی	2
خارج	2
خاکه	2
شاهدیم	2
نیویشتی	2
نیهه	2
گامالائیل	2
یاکریم	2
غربی	2
نینیویس	2
خوأسته‌یه	2
ایتأییم	2
غُرصه	2
ایالاتٚ	2
خوداوند‌ٚ	2
کیتابی	2
خوداوندٚره	2
کیتابأنی	2
خوأییمی	2
خوبی‌یه	2
ایبراهیمه	2
آگابوس	2
ایالتٚ	2
خوأست	2
خریدٚ	2
خزنده	2
گرگ	2
گرفتاریأن	2
ایچی‌یَ	2
گز	2
شباهتٚ	2
خرمنگاهٚ	2
شبانی	2
گروهی	2
غربَ	2
خواخورجان	2
گدا	2
آقایم	2
خواخورٚ	2
خلوتٚ	2
شایع	2
گردی	2
خوابأنَ	2
گرچه	2
گوگردٚ	2
حاج	2
حاضریم	2
شکمَ	2
نیدیم	2
لاویأن	2
چهره	2
اینیاس	2
اینسانی‌یه	2
چِئن	2
چینی	2
حبرونٚ	2
لافند	2
لاغرَ	2
اَیمه	2
ایمشبم	2
حالَ	2
لأنتی‌یٚ	2
حاملگی	2
حامله‌یه	2
شکایتٚ	2
اِیوانٚ	2
باراباسٚ	2
یکتا	2
لوتکایأنَ	2
لوتکای	2
لنگرَ	2
بارأنَ	2
چوبدارأنٚ	2
شمعی	2
چوپانه	2
چوپانیم	2
باجگیرأنٚ	2
چهارپایأنه	2
آشنایأنٚ	2
نیازَ	2
ایوانٚ	2
لنگر	2
بادپناه	2
آسوسٚ	2
لمک	2
شکیمٚ	2
ایلعازَرم	2
حلفی	2
ایلعازرَ	2
گوناهکارم	2
حمایتَ	2
حقانیت	2
نیشأنه‌یأنٚ	2
حقیقتی	2
حقیقی‌یه	2
عیدَ	2
شستنٚ‌ره	2
حوبه	2
حوصله	2
حوله	2
گوله	2
گوناهکارأنَ	2
عیدالتٚ	2
حَنانیایَ	2
حنوک	2
ایل	2
نیشأنه‌یأنی	2
ایمتحانَ	2
حدٚ	2
گیفتیم	2
حرام	2
حَران	2
ایمروزٚ	2
لاشخورأنی	2
ایمروزه	2
نیری	2
لاجوردی	2
گیران‌قیمت	2
حسبٚ	2
حِصرون	2
حِصرونٚ	2
ایلی	2
حَرانٚ	2
حربونا	2
گیریم	2
ایلیاسٚ	2
گیران‌قیمتٚ	2
موجودی	2
پارو	2
بگرد	2
موجأنَ	2
پاشیدَه	2
موره	2
صوندوق	2
نَحشونٚ	2
بگردستیدی	2
پارچه‌یٚ	2
پراکنده‌ییدی	2
موآبیأنٚ	2
پِرجه	2
صورتَ	2
آتنَ	2
موجازاتی	2
پالانَ	2
پامالَ	2
نخوأندید	2
عبارت	2
موریا	2
طایفه‌یٚ	2
عاشقه	2
بینیشتید	2
بلنده	2
آبی‌یَ	2
مهمانأنَ	2
بمرده‌بوم	2
مُهرٚ	2
مهری‌یه	2
نَتَنائیلَ	2
موضوع‌یٚ	2
بیهینم	2
پاچه	2
پاداشم	2
نَحشون	2
بلایأنی	2
عاقلانه	2
عاقلٚ	2
بیهه‌ییدی	2
آتّالیه	2
بغتان	2
بعلزبولٚ	2
ملکی‌یَ	2
پلاسٚ	2
صَدّوقیأن	2
ممنونم	2
ممنوع	2
پسردار	2
پسری‌یَ	2
یوئیلٚ	2
پنجاه‌تأ	2
بعضی‌یأنَ	2
ملتی‌یَ	2
ملتی	2
نزدیکتره	2
پلیدٚ	2
صدوقیأن	2
پِنتیکاستٚ	2
بَعَلزبولٚ	2
بعضیأنَ	2
آخرَ	2
منطقه‌یَ	2
بقیه‌یم	2
ندأنسته	2
پریشانی‌یه	2
عبرانیأنه	2
منقلبَ	2
بکشه‌ییم	2
صندلَ	2
منطقه‌یی	2
بکش	2
ندایٚ	2
بقچه‌	2
بفهمستیم	2
عتیق	2
پسرأنٚ‌ره	2
عبرانیأنٚ	2
منت	2
ندایی	2
پِسَحَ	2
پِسَحٚ	2
بی‌دلیل	2
بی‌عقل	2
بوخوسید	2
بوخوسی	2
بوخوسه	2
ناشتأیی	2
بی‌ایمأن	2
بی‌خبر	2
نازک	2
نازا	2
ناخوش	2
ناخدا	2
آبااجدادی	2
ظاهرٚ	2
ناحیه	2
بی‌گناه	2
بوخوسم	2
بوخوسأنه	2
بوخوس	2
نأیم	2
بهره‌مند	2
بوفروشیم	2
بوسوختیدی	2
نامدار	2
بوکوبسته	2
طوفانٚ	2
بوفروش	2
بوشویی	2
طوله	2
نانم	2
بوفروشه	2
ناصره‌یٚ	2
نأنی	2
طوفانی	2
بویٚ	2
بها	2
بوکوبید	2
بوکوشتی	2
بولند	2
ناصری‌یم	2
ناصری‌یَ	2
بندگأنه	2
میأنٚ	2
بِیسَه‌یید	2
بندر	2
آبرو	2
بنی‌اسرائیلَ	2
بیرونی	2
ظرفٚ	2
طریقٚ	2
نبی‌یٚ	2
بمه	2
بیطینیه	2
بیگیفتیم	2
مهمانه	2
بیمار	2
بیشمأر	2
بنامه	2
طرفدارأنم	2
بِن‌عَمّی	2
طرفتر	2
میسیه	2
نبخشی	2
بوته	2
نبرده	2
نبردیدی	2
نبره	2
نایی	2
بوخورده‌بو	2
ظرف	2
ناچیز	2
نبخشه	2
میلیتوس	2
بَنیم	2
میکائیل	2
نبوکدنصرَ	2
بیداره	2
نابَ	2
میوه‌یه	2
میوه‌یأنٚ	2
بیت‌فاجی	2
نبریدی	2
نزدیکترین	2
برأرزایَ	2
نقشه‌یٚ	2
نقطه	2
نقطه‌یٚ	2
آرتِمیسٚ	2
مزرعه‌یٚ	2
نقشه‌یأنَ	2
تبارٚ	2
تبدیلَ	2
برأره‌شین	2
نکفه	2
ترش	2
عصبانیتٚ	2
نِگِبٚ	2
مُرغانه	2
نقلَ	2
تختأنٚ	2
مریضأنم	2
نکاشتی	2
تِدعال	2
تأوده‌ییم	2
تارسوسی	2
مشاورِ	2
مشارکت	2
تاریکی‌یَ	2
مسیر	2
بررسی	2
تأدَه‌به	2
مشایخی	2
بردَن	2
مشایخَ	2
نقب	2
نقره‌یأنه	2
نقره‌یی	2
برأریدی	2
مزمورٚ	2
تاریکی‌یه	2
یوسف‌جان	2
برخوردأرَ	2
تأکید	2
تالار	2
بدکارأنَ	2
مردأنی	2
تمامه‌یه	2
مردأکم	2
شوئونٚ	2
تقریباً	2
شوییمی	2
تقسیمَ	2
نَمردی	2
تقصیر	2
عظیمی‌یه	2
نواحی‌یٚ	2
مُر	2
مذهب	2
عفرونَ	2
یوحنایم	2
توبه‌یَ	2
مرخصَ	2
توبه‌یٚ	2
ننَه‌یید	2
بدو	2
عطایَ	2
نگهبانٚ	2
تصدیق	2
تصمیمی	2
تصویر	2
مرضٚ	2
مرضی	2
مرض	2
تسلیمٚ	2
شهبانویَ	2
بده‌بوم	2
تعریفَ	2
تعریفٚ	2
عطری	2
عطریاتٚ	2
تضاد	2
تطهیر	2
تطهیرٚ	2
بدَه‌بی	2
شهامتٚ	2
پونزده	2
بسازی	2
عذابی	2
مغرورَ	2
صبحدم	2
مقبره‌یم	2
مقبره‌یأنٚ	2
مقبره‌یَ	2
صِبوییم	2
پونتوس	2
بزه‌بو	2
نسلی‌یم	2
معمار	2
بُزه	2
نشکفه	2
پیامبرٚ	2
معنی‌یه	2
نسلم	2
بزه‌یید	2
معمولا	2
پولُسم	2
نزن	2
مکانه	2
نزنم	2
مکانَ	2
بِشکَفه	2
بشنأسأنم	2
بشکنید	2
پوتیولی	2
آدمأنم	2
مکر	2
مقدونی	2
مقدّمه	2
نزه‌یی	2
نزه‌ییدی	2
نسبتی	2
عدالته	2
پوریم	2
یونانیأنٚ	2
پوشانی	2
پوشش	2
نعناع	2
برنابایَ	2
نَعومی‌یَ	2
شیطانم	2
برگ	2
پیشنهاد	2
پیشنهادَ	2
پیشوازٚ	2
پیشه	2
شیطانیدی	2
تاجرأنه	2
تاجرأنی	2
مشغولَ	2
مشعلٚ	2
مشعل	2
شیرینی‌یه	2
تابوتٚ	2
تأبه	2
آرامٚ	2
مشکلاتَ	2
برنجأنه‌ییدی	2
پیرهن	2
پئری‌یه	2
نشنأختید	2
یونا	2
عروسأن	2
بزرگتری	2
نشنأختم	2
آذوقه‌یه	2
بزرگتره	2
معرفتٚ	2
معبدی	2
صابٚ	2
صاب‌باغ	2
یوسی	2
نظرَ	2
نشنأختیم	2
پیشامد	2
یولیوس	2
نشنأسی	2
بزأ	2
اهمیت	2
افرادٚ	2
قفل	2
اِفراتَه	2
سوایٚ	2
راحت‌تر	2
ذاتم	2
افسرَ	2
قوانینَ	2
وَورسی	2
ابرأنَ	2
قسمتٚ	2
سؤالَ	2
اعظمَ	2
رایی	2
رامٚ	2
راهزنه	2
سؤالی	2
رایج	2
قوّتَ	2
دیل‌نیگران	2
دیل‌نیگرانی	2
آیه‌یٚ	2
قومی‌یَ	2
سودٚ	2
قیرَوان	2
قیراندود	2
قیر	2
آینده‌یَ	2
وَنَورسه	2
دیوبزه‌یی	2
افسرأنَ	2
دیهیم	2
قورصَ	2
دیلگرمَ	2
قومهای	2
ونألی	2
افسری	2
قتلَ	2
روانی	2
فامیلأنَ	2
روجوع	2
اضافی	2
رعو	2
سمبلیک	2
رِفیقأنٚ	2
رنگی	2
اشیر	2
روشنایی‌یَ	2
رومَ	2
وئله	2
رودررو	2
روحْ	2
روح‌القدسم	2
ویریشتی	2
ویریشتید	2
اَطرافَ	2
سنگینه	2
اعتراض	2
ردیف	2
فأرسین	2
ردایه	2
رَحِم	2
رختخوابَ	2
اعضایَ	2
سوا	2
رسولأنی‌یَ	2
ابراهیمِ	2
فاسدٚ	2
رعایت	2
رسولأنم	2
قراولأن	2
رسمَ	2
قدٚ	2
اعتبار	2
اَمرافِل	2
اَمرأ‌یه	2
غیریهودی‌یٚ	2
امپراطورٚ	2
آوازَ	2
املاک	2
وسطٚ	2
دودم	2
اَمرأیه	2
دوره‌یٚ	2
دوزدأنٚ	2
دوزده	2
غیریهودیأنه	2
وشتی‌یَ	2
سیصدتأ	2
سی‌تأ	2
دورونَ	2
دورونٚ	2
کرمی	2
دنکفته‌بو	2
دنکفید	2
وزنٚ	2
امیدَ	2
دنکفته	2
کشتزارأنه	2
انبیایَ	2
سیلابٚ	2
ورم	2
غیرتٚ	2
کْریسپوس	2
اموری	2
دوچکه	2
وسایلٚ	2
امورٚ	2
وزیرٚ	2
کسأنَ	2
دوارسته	2
الاغه	2
ده‌ییمی	2
دهأنَ	2
کاپادوکیه	2
کارأنم	2
دونخوأن	2
کارأیٚ	2
دونفری	2
الأنه	2
سوزاندنٚ	2
ولده	2
قیرٚ	2
ولگأنَ	2
سوزانی	2
قینان	2
سوزانیدی	2
دِهی	2
فارانٚ	2
سوزه	2
دوشکٚ	2
اِلیزابِتَ	2
دوشمنَ	2
آورمه	2
اِلیزابِتم	2
کامله	2
وصیتَ	2
سه‌یٚ	2
دوستٚ	2
آهینَ	2
وفق	2
دولتٚ	2
اِلعاذارٚ	2
کاروان	2
دوقولو	2
الیاسی	2
دوکودید	2
دوکونیم	2
سالمند	2
فصلی	2
فصلأن	2
اَریحایَ	2
سالگی	2
سرما	2
سِرگیوس	2
ساکنٚ	2
سالأنَ	2
سالیم	2
همدم	2
فریسی‌یَ	2
فْریجیه	2
فریسیأنم	2
اَریحا	2
فِستوسٚ	2
فِستوسَ	2
سالهایٚ	2
ساقی‌یه	2
استخوأنأنه	2
استخوأنأن	2
استانأنٚ	2
هفتاد‌‌تأ	2
زیمینگیر	2
سفتٚ	2
اجباری	2
هوشدار	2
فلکَ	2
اجر	2
سرمدی‌یَ	2
سازش	2
اسامی	2
ساراره	2
زئوس	2
هفده	2
ساختمانَ	2
اجدادم	2
فرض	2
فردایی	2
فرصتٚ	2
سرشناس	2
فردایم	2
هنگٚ	2
همکارأنٚ	2
ادویه‌جات	2
سرباز	2
اختلافٚ	2
سرسبز	2
فرش	2
سرشماری	2
فرشته‌یأنی	2
فرصتَ	2
فرزیأن	2
سردار	2
اخراجَ	2
سرِ	2
ارثَ	2
فروشه	2
فروش	2
احتیاجاته	2
فروشٚ	2
اِرمیا	2
سامریأن	2
همدیگه	2
اَرسو	2
ارابه‌یأنه	2
همکارأنَ	2
سِر	2
فرماندار	2
سُدومٚ	2
سُبوکَ	2
سپاهیأنٚ	2
همسایه‌یأن	2
همسفرأن	2
اشعیای	2
فیگیفتید	2
زحمتٚ	2
زخمَ	2
زبورٚ	2
اشغال	2
فینگیره	2
فیلیپی	2
زبانم	2
زغالٚ	2
زکریا‌یَ	2
ابیحایلٚ	2
زمینی‌یه	2
ابی‌ملکٚ	2
اَشأنی	2
زد	2
اسیرٚ	2
هتاکٚ	2
فینیکس	2
ریاکارأنٚ	2
ریسا	2
اِشکنن	2
وینریزید	2
رهبرأنی	2
رومیأنٚ	2
فأنرسی	2
سلامه	2
وئلیدی	2
قاتل	2
زأکیم	2
زایمان	2
هاجرم	2
زأکأنیم	2
زاری‌یَ	2
هابیلٚ	2
زأک	2
زأکأنید	2
فَنرسه‌بید	2
اسرائیلی‌یم	2
اسرائیلی‌یَ	2
فندیرم	2
اسرائیلیأنٚ	2
فورادی	2
فوت	2
هرکدامه	2
هِرمِس	2
زیان	2
زیبیل	2
زیرِ	2
اسحاقه	2
زیادی‌یم	2
فَندی	2
زه‌يیم	2
فَندم	2
زیادی‌	2
فَدنٚ	2
زنأکم	2
هونَ	2
فوگوردسته	2
سفیدأنٚ	2
فووُستی	2
زنأک	2
فهرست	2
اسمٚ	2
زنأکأنم	2
فوکودم	2
اسکندر‌	2
زندانیأنَ	2
زندانیأنٚ	2
اِسکیوا	2
زنبیل	2
اسلحه	2
زنجیره	2
فوکودید	2
دربان	2
انگورٚ	2
درخوأستٚ	2
دستوره	2
وازواز	2
وجب	2
انسانٚ‌ره	2
انگوشتره	2
داستانٚ	2
خوش‌خوراک	2
درز	2
خوشایند	2
شاخأنٚ	2
غمگینَ	2
دستورأنی	2
هینیدی	2
دردَ	2
شاخه‌یأنه	2
اوسَدی	2
کنیسه‌یأن	2
دامادأن	2
کنیسه‌یَ	2
اَورید	2
اَوردید	2
درِ	2
شاده	2
کنیسه‌یٚ	2
دشتی	2
خورشیدَ	2
غلاف	2
خورشیدٚ	2
آلود	2
وجدانٚ	2
اندرونی	2
دأشتیمی	2
دسگیری	2
کلامی‌یه	2
وجودم	2
آماده‌یه	2
والی‌یٚ	2
کمرٚ	2
خیانتٚ	2
درّه	2
کومکی	2
یارأن	2
کلیسایأنٚ	2
اوسَنیدی	2
خیره	2
درگاهٚ	2
کول	2
اوشأنٚ‌شین	2
خونی‌یه	2
کمانَ	2
اوطاق	2
کوطرف	2
هِئن	2
انگشتٚ	2
انگشتری	2
خوشونتٚ	2
واورسی	2
غضبی	2
درستکارم	2
خوشگل	2
انگورأنه	2
یادگاری	2
خوشکه	2
کِنخْریه	2
دستگیرَ	2
یارأنٚ	2
یارأنَ	2
وأنگردأنی	2
کلیسایأن	2
درسٚ	2
داخلَ	2
دستخطٚ	2
انگشترَ	2
وأنگردسته	2
دکفتم	2
اویتأیه	2
اَنٚ‌ره	2
اویتأیَ	2
آمرزشٚ	2
دکفی	2
انجیرٚ	2
دخل	2
شادی‌یم	2
اونسَنم	2
دکفت	2
اَوردی	2
دامانٚ	2
کوچیکه	2
خوراکأن	2
اوچینه	2
انتظاره	2
کوجه‌دأنه‌یَ	2
دقیقتر	2
کفته	2
وأگردستنٚ	2
داووده	2
غلامأنَ	2
کفن	2
انجامَ	2
دشمنانه	2
کفه	2
انبیایه	2
کفنی	2
داورأن	2
کویتأیَ	2
دشمنأنٚ	2
دانه‌یأنی	2
انجیلی	2
اوچینم	2
دلایلٚ	2
کشه‌بو	2
ایشنَوستنه	1
یونانی‌زبانٚ	1
بفهمستید	1
اَشفنِازٚ	1
ندأنم	1
آقا‌یَ	1
آحازٚ	1
اِشعیایم	1
هرکدامٚ	1
اوسَنی	1
اسفانا	1
اسفنجی‌یَ	1
ایشمردیدی	1
اوسَنمه	1
هرطرف	1
اوچینی	1
اوچینید	1
ایشنَوستنَ	1
اَبیهودٚ	1
نشکنه‌ییدی	1
بکشی	1
بکشیم	1
نخوأیید	1
ابی	1
بکشه‌ییمی	1
اوشأنی‌ره	1
بکفتید	1
نیگیردی	1
بکفتیم	1
آتن	1
اِشکفتنی	1
ایسپأره	1
اشکَ	1
هُطو	1
آقا‌یم	1
بَزون	1
هشتأ	1
یونانی‌زبان	1
یحیایم	1
ایشنَوستیم	1
نداکوننده	1
بقیه‌یَ	1
اسرائیلیَ	1
ندَ‌یید	1
آحاز	1
بزرگٚ	1
نیگیدی	1
اسرائیلم	1
آدمٚ‌ره	1
بکشه‌یید	1
بفهمستی	1
اسماعیلٚ	1
بضاعتٚ	1
آفرینشٚ	1
یِسکه	1
ایسماعیلَ	1
اوستادَ	1
بشنأسید	1
نیقودیموسٚ	1
یِرُبعامٚ	1
اسماعیلَ	1
یِدلاف	1
نیکولائوسٚ	1
نیقودیموسم	1
بشارتی	1
آدریاتیک	1
یونانیأنَ	1
ابیا‌یٚ	1
هتاکٚ‌ره	1
اوریا	1
آدمکوشَ	1
بشرَ	1
نیکانور	1
اسیرأنی	1
ایسمٚ	1
هدر	1
هَدَسه	1
نیکوتره	1
ابیداع	1
اسیب	1
اسنادٚ	1
هتاکَ	1
ایسحاقم	1
یحیی‌یه	1
بفهمسته‌بی	1
وأکونیدی	1
ندَیی	1
ابی‌ملکم	1
بغتا	1
آدر	1
بُزٚ	1
ایسیمی	1
هوطویه	1
ایستراحتی	1
یادٚ	1
ایسَه‌بیم	1
ندَه‌ییمی	1
هَرَس	1
اَبیهود	1
هراسانَ	1
اشبیل	1
ایسَه‌بی	1
هامانی‌	1
واگذارَ	1
نسخه‌یٚ	1
بشارتَ	1
اشتیاقٚ	1
آدمی‌یه	1
اور	1
نذرَ	1
هارونَ	1
هراسأنَ	1
اَشدودٚ	1
بستگأنٚ	1
نخوأنده	1
همسفرأنٚ	1
ارابه‌یٚ	1
ارابه‌یأنی‌یه	1
همشهری	1
همشهریأنٚ	1
بوجورٚ	1
نیویشتنٚ	1
نأییدی	1
همسایه‌یٚ	1
وارنگی	1
وارشی	1
آگوستوس	1
ادیه‌جات	1
بوخوفتیدی	1
هنگ	1
نأوردی	1
ایتالیایی	1
نیویشته‌یأنٚ	1
بوخوسأنه‌ییدی	1
اونسَدید	1
وارشَ	1
بوبوسته‌بیم	1
نبریم	1
ایتفاقأنٚ	1
همرأهی	1
احترامه	1
یازده	1
یَهوشافاط	1
بنیادٚ	1
بِنیامینٚ	1
اربع	1
نینیشینه	1
نبردید	1
همسأیأن	1
اربابأنَ	1
اِراستوسَ	1
ایتفاقأنی‌یَ	1
بوبوسته‌یَ	1
همرایه	1
نَبری	1
اربابأن	1
یَهوشافاطٚ	1
اوهد	1
اداره	1
یاسونم	1
بوسوخت	1
اختیاری	1
آبااجدادَ	1
ایبراهیمم	1
یهویاکین	1
اویه‌شین	1
اَدرامیتینوس	1
بوسته‌یأن	1
اختیارَ	1
احوالم	1
بوعَزَ	1
یافایم	1
بوعز	1
بوعَزی	1
اهالی‌یٚ	1
بوشوری	1
یاغی	1
اختراع	1
آگْریپاسَ	1
بودوخته	1
یِهویاقیمٚ	1
بودوخته‌بید	1
ایپچه‌یم	1
هموارٚ	1
نأورده‌بید	1
یِهویاقیم	1
یأفیدی	1
احساسٚ	1
ادماتا	1
بودوزأنه	1
و‌زیره	1
ادلیا	1
بوزٚ	1
ادعایٚ	1
ادعایه	1
نأنیمی	1
بودوزید	1
نیهینی	1
وارثأنٚ	1
نانی‌یه	1
بلا‌یی	1
هفته‌یه	1
نیگیفته	1
بْلاستوس	1
نیگیفتید	1
یبوسیأن	1
نچشه	1
اسبی‌یَ	1
آتشدانی	1
بگردستیم	1
هوادارأن	1
یائیر	1
بَلطَشَصَّرم	1
نیگیفتیدی	1
ارییل	1
اجیک	1
آپیوس	1
نجات‌دهنده‌یه	1
نجات‌دهنده‌یَ	1
یائیرٚ	1
آپولونیا	1
اوشبم	1
اجدادَ	1
ایسأمی	1
اوطاقَ	1
آتشی‌یَ	1
اجازه‌یٚ	1
استره	1
بکن	1
نخوأستید	1
یهودایه	1
واکنش	1
نَحْشون	1
واقعه‌یَ	1
هوسباز	1
هفتمین	1
هفتمٚ	1
نخلٚ	1
هوسبازی	1
یهودم	1
واقعیتأنه	1
اوطاقی	1
نتیجه‌یٚ	1
یهودیت	1
نیمیریدی	1
بنده‌یَ	1
نتأستی	1
نبیره	1
یایروس	1
یاورٚ	1
بندرأنٚ	1
اولاده	1
ارواحَ	1
بنوشم	1
آبادی‌یَ	1
بنَه‌ییم	1
یاری‌یٚ	1
اوّله	1
ارزانترَ	1
نبی‌یم	1
آبادی‌یٚ	1
احترامَ	1
همدیگرٚره	1
یهودیه‌	1
ایحی	1
اریسای	1
واسینیمی	1
ایجوفت	1
اریدای	1
اوطویی	1
بلوط	1
آبلیه	1
نیگیفتیم	1
ایدانه	1
اریداتا	1
نیمی	1
ارودی	1
هَنٚ‌ره	1
یایروسَ	1
ایتوریه	1
همخوابه	1
بمرده‌بیم	1
بمرده‌یی	1
بمَردی	1
ایجورٚ	1
اینسانأنَ	1
الاغی‌یَ	1
الاغی	1
ولایتَ	1
نیدی	1
اینسانی‌یَ	1
نوزول	1
بتٚ	1
بجنگستیدی	1
بجنگید	1
الاغأنٚ	1
اقتدارٚ	1
نوخوفته‌بید	1
نیدینمه	1
آیاته	1
آمینِ	1
اینتظارَ	1
هیرودیسم	1
بچه	1
بحال	1
بتکنه‌ییدی	1
نوشیدی	1
نیجِر	1
الوهیت	1
انسانیم	1
نوشوم	1
بتأنسته‌بو	1
الیاسَ	1
آویزأنَ	1
بتأنستیم	1
یگانه‌یم	1
نوشورم	1
بتکأنه	1
نوشته‌یٚ	1
الداعه	1
نیده‌بی	1
نیدمه	1
اینسانی‌یم	1
اِلعاذار	1
نوشوری	1
وکیل	1
هیچی‌یم	1
افکارٚ	1
نوبوستیمی	1
وأنَگردأنم	1
آینده‌یه	1
نوخور	1
یوتامٚ	1
بخشیم	1
افلیجأن	1
آیاتٚ	1
بخوأندیم	1
آریستارخوسَ	1
وأنگَردأن	1
ونأشتیدی	1
بخورٚ	1
بخوأستیم	1
اَفِسُسٚ‌ره	1
نوبوستید	1
بخوأندم	1
بخوأندید	1
اِفُودیه	1
نوخوسه	1
آشنایی	1
ایمیأنَ	1
ولدم	1
انکارٚ	1
آریستارخوسٚ	1
اَنقده	1
ولایتی	1
واویشته	1
اقامتگاه	1
بحثٚ	1
بخار	1
نوخوردیدی	1
یوتام	1
انگشتأن	1
وأنَگردید	1
ولگَ	1
بحثی	1
یوبال	1
نوخوری	1
یکسره	1
بارأنٚ	1
اموریأنَ	1
اموره	1
بارْاَبّایَ	1
باغبان	1
انتقال	1
آسمانی‌یم	1
آسمانی‌یَ	1
آنتیپاتْریس	1
یکصدا	1
هیزمٚ	1
باکر	1
هیزمی‌یَ	1
انجیر	1
اموالٚ	1
یکشمبه	1
انجمنٚ	1
باغی‌یَ	1
باقی‌مانده‌یٚ	1
وختشه	1
هیفدهمی	1
ورودٚ	1
باطنَ	1
باطنی	1
نهَه‌‌بید	1
انبیایٚ	1
انتخابٚ	1
اناجیل	1
بازویأنه	1
بارٚره	1
وزشٚ	1
امیدوارَ	1
بارد	1
نَوه‌یأنَ	1
نوه‌یأنَ	1
امیری	1
آسوس	1
نویسی	1
بارَع	1
آندریاسَ	1
الیعزار	1
نوکودن	1
باجگیرَ	1
بپوشأنه‌یی	1
انداز	1
اِلیمِلِکٚ	1
وصی‌ام	1
وصی‌یَ	1
وصی‌یٚ	1
انحراف	1
نیازمندأنَ	1
بابه	1
یُقشانٚ	1
اندازه‌یی	1
یُقشان	1
الیشع	1
بپیوسته‌بو	1
وطن	1
بت‌پرستأنٚ	1
الیزابتٚ	1
اَمأنه	1
هیزمم	1
بارْاَبّا	1
آمینَ	1
ببافته	1
امراض	1
بالاخانه‌یی‌	1
اَمره‌یَ	1
بالدارٚ	1
وسوسه‌یأنَ	1
وسوسه‌یأنٚ	1
آوازٚ	1
یکٚ	1
ببخشِم	1
آشنایأنه	1
نیاپولیس	1
نِی‌یَ	1
اَمِتّای	1
نوکوشتیم	1
بارْ‌یِشوعَ	1
نوکوشتیدی	1
اِنوش	1
ابغتا	1
نفوذ	1
نفعٚ	1
اضطرابه	1
ایل‌فارانٚ	1
برداشتٚ	1
بردگی‌یه	1
ویریزیم	1
نفهمسته	1
برسأنیدی	1
اصطلاحه	1
بِرشاع	1
اَنیدی	1
ایفلیجه	1
اَنید	1
اصلی‌یه	1
بردیم	1
اصطلاحٚ	1
بَرسابا	1
انگوشتٚ	1
آمْفیپولیس	1
برتری‌یه	1
ایلتماسه	1
برتری‌یٚ	1
نقره‌یم	1
نیشانه‌یأنٚ	1
اعدامٚ	1
نقشه‌یه	1
ایلون	1
ویرانی‌یٚ	1
نفهمیم	1
ایلتماسَ	1
برخوردأره	1
ایلامیأن	1
اطرافه	1
هیجایَ	1
برجی	1
اَطویم	1
ویریزأنی	1
ویریزدی	1
وئلیم	1
یوغَ	1
ایطرفٚ	1
بِزتا	1
بزرگأن	1
اِشکنه‌یی	1
برٚ	1
نیشنَوسته‌بوم	1
آراراتٚ	1
ایطمینانٚ	1
ایضافه‌تر	1
یِشباق	1
وأگردستنه	1
نیشنَویدی	1
بزرگترم	1
ابلیسٚ	1
آماده‌ییم	1
وینیریزه	1
بزرگترأن	1
اِشکند	1
برنَمویی	1
برگزاری	1
نیشتیم	1
نَعومی‌ره	1
اشیا	1
اشوریأن	1
برکته	1
نفرات	1
هَیتأیی	1
اصبون	1
اصبانیت	1
نعمان	1
اوجور	1
وأگردستنٚ‌ره	1
هَیتأ	1
یابالَ	1
اشکٚ	1
یوسفی	1
آرامشَ	1
نعمه	1
نعمانٚ	1
یوحنایه	1
ونَورسیدی	1
ایماندارٚ	1
نِیسَم	1
افسرأن	1
بدتره	1
بدحرفی	1
بدرَ	1
بدرفتار‌ی‌یَ	1
آمونٚ	1
بدوزأنه	1
بدوزده	1
نمأنیم	1
افسار	1
افرایمه	1
نمردم	1
وأمجه	1
نمأیه	1
نماینده‌	1
آشوبَ	1
نیسانٚ	1
ننید	1
ننَه‌ییدی	1
اَفِسُسیأنٚ	1
بدأشتید	1
اَفِسُسَ	1
نواس	1
نوازِئن	1
وأنکوده	1
وانجه	1
بِدأشتید	1
ابدیه	1
نَموییم	1
نَموییدی	1
نمویید	1
افسرأنٚ	1
افسری‌یَ	1
نیسان	1
بدأنسته	1
بدأنستی	1
ننوشید	1
آرکِلائوس	1
افتخاره	1
افتخارَ	1
اعلامٚ	1
نکفم	1
وأگویا	1
یورامٚ	1
بذره	1
نگرده	1
ایلیا	1
وَهَشتی	1
وَهَشتیدی	1
برأرأییم	1
نکات	1
هینم	1
نکشیدی	1
نکشه‌یی	1
برأرأنیدی	1
نکشم	1
وَوینیمی	1
انگورَ	1
نِیسَه‌ییدی	1
وورسید	1
ایلیایٚ	1
نمازَ	1
بدَهر	1
بدونباله	1
اِفْرایم	1
ایماندارانه	1
هیچ‌کدامَ	1
ایماندارأنم	1
نگهبانم	1
بدَییمی	1
نگهبانأنه	1
نگهبانَ	1
والی‌یَ	1
اِفتیخوس	1
یورام	1
افترا	1
ایلیاسَ	1
افتخارٚ	1
راهزنید	1
راهزن	1
قضا	1
راستگه	1
رِحُبعام	1
قسمتأنَ	1
قسمتهای	1
رَبّونی	1
قطوره	1
قوانینٚ	1
قوبیلٚ	1
دَیید	1
دیویست‌تأ	1
راحتر	1
راحاب	1
قموئیل	1
قنزیأن	1
رشدٚ	1
قدمونیأن	1
رش	1
قدوسٚ	1
رفائیأنَ	1
قِدْرون	1
رعمسسِ	1
رطوبت	1
رسمه	1
رحمَ	1
قرنٚ	1
قریه	1
رِحُبعامٚ	1
رستاخیزَ	1
ردّه	1
قربانی‌یم	1
رختخوابأن	1
دیونیسیوس	1
دوهیزار	1
دووَستیدی	1
دونوخوأنم	1
دونکونیدی	1
دهمین	1
قینیأن	1
دهکده	1
کاخِ	1
دونکونه	1
کارگره	1
کاروانسرا	1
کاروانٚ	1
دوکودیم	1
کارکاس	1
دونخوأده	1
دوّمٚ	1
کارگرأنی	1
دینَ	1
قومأنم	1
دیلگرم	1
دیلسوز	1
دیوأنه‌یه	1
قورصٚ	1
دَئنه	1
دَئنَ	1
قونداق	1
قِیس	1
دیرتر	1
دیرَ	1
قیمتَ	1
دیگه‌یی	1
قیامٚ	1
قیرَوانی	1
دیره	1
فیشونه	1
زروبابِلٚ	1
زروبابل	1
فیگفتنَ	1
فوووستن	1
فهمستی	1
فهمستیدی	1
زمران	1
زروبابِل	1
فیگیفتنٚ	1
فیگیفتنٚ‌	1
زجر	1
فیگیفته‌بیم	1
زرش	1
زرخی	1
زِراحٚ	1
زخمانٚ	1
فَنگیفته	1
فنوئیلٚ	1
فوراتا	1
زندانیأن	1
فَنرسه‌یی	1
فَنرسیم	1
فَنکشه	1
فَنگیرید	1
زندانم	1
زنجیرَ	1
زنأنٚ	1
فوورستیدی	1
فووُستنٚ	1
زندانبانَ	1
فوکودنٚ	1
زندانَ	1
فوکودی	1
زپّه	1
روزأنم	1
قبرسَ	1
رودِس	1
قبرسٚ‌	1
روزٚره	1
روزمره‌یه	1
روزگارأنٚ	1
روزأنه‌یٚ	1
قبریدی	1
قحطی‌یَ	1
رِفیقٚ	1
رِفیقَ	1
رفائیأن	1
رودا	1
روپوش	1
روانَ	1
روا	1
زأیمأن	1
قاتلَ	1
زأکی‌یَ	1
قاصدأنٚ	1
فیگیفتیم	1
زایمانٚ	1
فینگیری	1
زایمانه	1
زاریٚ	1
رهبرٚ	1
رهبرأنَ	1
قایقأنٚ	1
رومه	1
قاضیأنَ	1
قاضیأنٚ	1
زاده‌یم	1
زاتر	1
دوقولویم	1
کنیزم	1
کنیزه	1
درباری‌‌یم	1
درباره	1
درستکاری‌یَ	1
کَنداکِه	1
کْنیدوس	1
درخشه	1
درازی‌یَ	1
دایه	1
کُودا	1
داوری‌ره	1
کودنی	1
دِدان	1
دتاوَسته	1
دَبّاغٚ	1
دَبّاغی	1
کلیسا‌یَ	1
دستخط	1
دس‌گذاری	1
کلیسایٚ	1
دستمالی	1
کْلوپاسٚ	1
دستگیری‌یٚ	1
دسترنجَ	1
دریا‌یم	1
دروازه‌یأنٚ	1
درکٚ	1
درکَ	1
درستم	1
درویه	1
دروی	1
دروگر	1
دْروسیلا	1
دانه‌یَ	1
کومک‌هایی	1
کومکم	1
کومکهای	1
خوکأن	1
کولفت	1
کولفتأنَ	1
خوکأنَ	1
کومکَ	1
کومکٚ‌ره	1
خوسأنه‌ییدی	1
کوهستانأنٚ	1
خوزا	1
خورزین	1
خوفٚ	1
خوفته‌ییم	1
خوشحالی‌یٚ	1
خوشَ	1
داماریس	1
دامادٚ‌	1
دامادَ	1
دأشتی‌یَ	1
دأنستیمی	1
دامأنٚ	1
کوده‌بوم	1
دامأنَ	1
کورأنه	1
خیمه‌یی‌	1
خیرٚ	1
کوفرٚ	1
کولاکَ	1
داستانأنه	1
کوریم	1
داخلٚ	1
خیمه‌یٚ	1
دَوَدمه	1
دودمأنٚ	1
دوخوأده‌بی	1
دوخوأده‌به	1
دورسفید	1
دورسأفم	1
دورانی	1
کرایه‌یَ	1
کرشنا	1
دوارستیدی	1
دوارستن	1
دنیایید	1
دنیایم	1
دوخترأنی	1
دوچاره	1
دوچار	1
دوازدهم	1
کافی‌یه	1
دَوسته‌بید	1
دَوسته‌بوم	1
دَوَستن	1
کاسِد	1
دوشکَ	1
دَوستیم	1
دَوستی	1
دوستأنی‌یَ	1
دوروغی	1
دوروغگویأنٚ	1
دوروغأن	1
کخ	1
کاهنَ	1
دوستأنَ	1
دوزدی‌یأن	1
دوره‌یَ	1
دنیاره	1
دشتأنٚ	1
دشتأنَ	1
دشتأن	1
دسم	1
دِکاپولیسٚ	1
کفتیدی	1
دفنٚ	1
دفنه	1
کلامی‌یٚ	1
دسته‌یم	1
دستوراتی‌یَ	1
دستمالٚ	1
کلمه‌یی	1
دسگیرَ	1
دسرسٚ	1
دسرسی	1
کلفتی	1
دندأن	1
دمه	1
دمشقٚ‌ره	1
دمشقی	1
دنیا‌ره	1
کسأنی‌یه	1
کسأنی‌یٚ	1
دنکفتی	1
دمشقَ	1
کشتی‌	1
کشتی‌ره	1
کشتی‌یٚ	1
کشه‌ییدی	1
کشتزاری‌یَ	1
دَمَر	1
دلیله	1
دلفون	1
زواله‌یٚ	1
شریرأنَ	1
عیسایم	1
شرابه	1
شخصیتٚ	1
شکایاتٚ	1
عیبادتَ	1
عیبرانی‌یم	1
شعشغاز	1
شجره‌نامه	1
عِیْنونٚ	1
شترأنٚ	1
غالب	1
غبارٚ	1
شجاعتَ	1
عیفا	1
عیفر	1
عین‌مشفاط	1
شنا	1
شِمیبِر	1
عمومی	1
عمونیانٚ	1
عمالیقیأنَ	1
عمده‌یٚ	1
شنأختید	1
عَمواسٚ	1
عَمّیناداب	1
شِکیم	1
شکّه	1
شکنجه‌یٚ	1
شکره	1
عَمّینادابٚ	1
شماره‌یأن	1
شَلٚ	1
عوص	1
شَبّاته	1
شاگردأنه	1
شارونٚ	1
شادی‌یٚ	1
شادی‌یه	1
شالَ	1
شاگردیم	1
شاگردیدی	1
شاگرده	1
شاخه‌یأنیدی	1
سینزدهمٚ	1
سینتیخی	1
غولامَ	1
سیلاسم	1
غلط	1
غلطٚ	1
غمگینه	1
سینه‌یٚ	1
شاهدید	1
شاهدأنی‌	1
غروبٚ	1
شاوه‌یٚ	1
شایسته‌یه	1
شایستگی	1
غرایب	1
غربتی	1
شاوه	1
غزال	1
غزه	1
شالتیئیلٚ	1
شالتیئیل	1
شاملٚ	1
غریبأنه	1
شالٚ	1
غریبه‌یم	1
عانر	1
صوغرٚ	1
صورٚ	1
عبادت‌کوننده‌یأنٚ	1
طابَح	1
ضعفأنَ	1
ضربه‌یی	1
صیغه	1
صندوقچه‌یأنَ	1
صرافأنم	1
صَدّوقی	1
صدایی‌یَ	1
عدالتی‌یَ	1
عبرانی‌زبان	1
صلحَ	1
صلاحیت	1
صفایٚ	1
طوفانم	1
طوفانَ	1
طناب	1
طلبِ	1
طوماره	1
طیبت	1
طیبریوسٚ	1
ظالمأنٚ‌	1
طعمِ	1
طرفدارأنٚ	1
طرفدارأنی‌	1
عادلأنه‌یه	1
طاقتٚ	1
ظرفیتٚ	1
طریقَ	1
ظلمتٚ	1
ظلمٚ	1
صخره‌یه	1
عطایٚ	1
عظمتَ	1
شوهر	1
شومأنیدی	1
شهید	1
شهرِ	1
عصبانیت	1
عضوٚ	1
شوقٚ	1
علمایٚ	1
شِنعاب	1
علیلأن	1
شنأسأنم	1
شوقه	1
شوش	1
عقلٚ	1
شواحَ	1
صادوق	1
عرقٚ	1
صاحبه	1
عروسأنَ	1
صحتٚ	1
صبرَ	1
صافَ	1
صادوقٚ	1
صاحبَ	1
شیشمی	1
عسلٚ	1
عشتروتٚ	1
شیتار	1
عروسٚ	1
عزاداری‌یٚ	1
شِئَلتیئیلٚ	1
شِئَلتیئیل	1
سیلابی	1
سُبوک	1
فروتنأنه	1
سَبَقتَنی	1
سبزه‌زار	1
ستاره‌شنأسأنَ	1
ستاره‌شنأس	1
سُبوکه	1
فرمشتا	1
فروشَ	1
فریادکونأن	1
سامری‌یم	1
سامِرِه‌یَ	1
سالیمِ	1
سایبانٚ	1
ساموس	1
ساموتْراکی	1
فریادزنأن	1
سربسته	1
سرأنه	1
سرأن	1
سراکیوس	1
فِرِص	1
سرپرستی‌یَ	1
سربلوندی‌یٚ	1
سربلندَ	1
سر‌پناه	1
فرمانده‌یٚ	1
سختگیر	1
ستمگرٚ	1
ستاره‌شنأسأنٚ	1
فرمانداره	1
سدومٚ‌ره	1
فرمانده‌یأنٚ	1
فرمانده‌یم	1
فریسی‌یٚ	1
فلسطینه	1
فَلسٚ	1
زیمینأنٚ	1
فِلیکْسَ	1
فَکشیدی	1
زیمینه	1
فلج	1
فِلداش	1
زیره‌	1
زه‌یید	1
فَنده‌بو	1
زوزیأنَ	1
فَندیم	1
زیرکتر	1
زیرَ	1
فندرستی	1
زیادیَ	1
فَطیر	1
فعلاً	1
سَالامیس	1
ساقأنَ	1
ساله‌یٚ	1
فصحَ	1
سالمه	1
سالمَ	1
ساعته	1
ساحله	1
فکشه‌یید	1
ساتْراپ	1
زِئنَ	1
ساعتَ	1
فکرأنٚ	1
ساختن	1
فکشن	1
سنت	1
سنبلٚ	1
سموئیلٚ	1
سِلوکیه	1
سوخار	1
سوجأنَن	1
سوپاتِروس	1
سؤاله	1
فامیلأنه	1
سکه‌یی	1
فَدّان	1
فدایه	1
سِکوندوس	1
فامیلأنی	1
سلطنتی‌یه	1
فانی‌ره	1
سلامَ	1
غیریهودی‌ره	1
سهمه	1
سوّمٚ	1
سوسن	1
غیرتی	1
غیرممکن	1
غیرممکنه	1
غیریهود	1
سوسْتِنِس	1
فأرسأنه‌ییدی	1
سودمند	1
فأرسأنیدی	1
فأرسأنیم	1
سوزنه	1
سوزنکاری‌یه	1
فأرسأنه‌یی	1
فأرسأنه‌یید	1
سکونتٚ	1
سرکارگرَ	1
فردا‌ی	1
فرزندانه	1
فرستنده	1
سرکوفت	1
سرکارگر	1
فراهمَ	1
فراهمه	1
سرسری	1
فرشته‌یم	1
فرشته‌یه	1
سرحالَ	1
فرشنداطا	1
سرزیمینم	1
سرزیمینأنَ	1
فرشته‌یأنه	1
سردارأنٚ	1
سفری‌یه	1
سفرَ	1
سفارشَ	1
سطل	1
سقوطٚ	1
فَدنَ	1
سفیدأنی	1
سفیدأنَ	1
سِریدی	1
سرنوشته	1
فراموشکاری	1
سرگذشتٚ	1
فراوانی‌یَ	1
سُریانی	1
سَره	1
سروریدی	1
فراریأن	1
خورَزین	1
پیشیگویی	1
مصلوبه	1
پیشگویأنه	1
پیشگفتار	1
پیلاتُسَ	1
پیغمبرأنم	1
مصریأنی‌یم	1
پیشٚ	1
پیشکشی‌یه	1
پیشامدی	1
معجزاتَ	1
پیشامدأنَ	1
پیشاپیشٚ	1
معاشرتی	1
معامله	1
معتبر	1
پیشخدمتأنَ	1
مشخصه	1
تأدَه‌بو	1
تاحَش	1
مشغولیدی	1
مشاجره	1
تاریخی	1
تارسوس	1
مشایخم	1
مشکَ	1
پیمانم	1
پیله‌دأنه‌ترین	1
پیلاطسَ	1
مصری‌یه	1
تاجَ	1
تابوتی	1
مشورتٚ	1
پیمانی‌یٚ	1
پئرٚشینه	1
مقدّسه	1
مقدّسی	1
پوششَ	1
مقرّر	1
مقبره‌یی	1
پولُسی	1
مقدّسأن	1
پولدارأنٚ	1
مکافاتَ	1
پوبلیوس	1
ملاقاتیدی	1
مَلاکی	1
ملت‌هایٚ	1
پوریدی	1
پوری	1
پورکیوس	1
پوبلیوسٚ	1
پیرزنأی	1
مَعکَه	1
پیرروسٚ	1
معلمأنٚ	1
پیری‌یٚ	1
پیروأنٚ‌ره	1
معروفی	1
معطره	1
معلومات	1
پیامٚ	1
پیامَ	1
پهنَ	1
پونتوسٚ	1
پیرأنم	1
پئرأنَ	1
معمول	1
پیچ	1
تعجبه	1
تعارف	1
تصور	1
تشنه‌یه	1
تعمیدٚ	1
مَردنی	1
تعلیماتی	1
تعدادم	1
تشنه‌یم	1
مرسنا	1
مَرقُسَ	1
تْروآسَ	1
ترشیشٚ	1
مُرده‌یی	1
تسلیم‌کوننده	1
تْروفیموسٚ	1
تْروفیموس	1
مردأکأنی‌یَ	1
تمید‌دهنده	1
تلمبار	1
تکمیله	1
توانٚ	1
تَنَوَدَییم	1
تندٚ	1
تمیزه	1
تکمیل	1
مردخایٚ	1
تقدیمٚ	1
تقاص	1
مَردنَ	1
تکبرٚ	1
تقویتٚ	1
تقسیمبندی‌یه	1
مردخای‌یم	1
ترشیده	1
تأودَنٚ	1
تأودَن	1
مسته	1
مستٚ	1
مزرعه‌یأن	1
مزه	1
مسافرخانه	1
مست	1
تأنیمی	1
تاک	1
مسیحیأنٚ	1
مسئله	1
مسئولیت	1
تأنودید	1
تالارَ	1
تاکستانی	1
تاکستانَ	1
تِرتولُس	1
تربیتَ	1
تختی	1
تختَ	1
ترسه‌یید	1
ترخونیتس	1
ترتیبٚ	1
تِرتولُسٚ	1
تحملٚ	1
تپه‌یأن	1
مزامیرٚ	1
تبلیغ	1
تبعه	1
تحقیق	1
مریمه	1
تپه‌یأنٚ	1
مزاحم	1
ملّتأنٚ	1
مینّت	1
بیجیریدی	1
بِیت‌عَنْیا	1
بیت‌عنیا	1
بیچمه	1
میلادی	1
میلادٚ	1
میلٚ	1
بیت‌صِیْدایٚ	1
بیت‌ایلٚ	1
بیت‌المالٚ	1
ناجی‌یَ	1
بیأفیم	1
بیت‌صِیْدا	1
نابه	1
بیت‌حِسْدا	1
ناتان	1
میّت	1
میتیلینی	1
میّتٚ	1
میخ	1
می‌شینم	1
میانجی	1
بیشتری‌یم	1
میانه	1
میخانه	1
بیده‌ییمی	1
میزان	1
میزأنَ	1
بیچیشم	1
میخٚ	1
بیسپریم	1
میدانأنٚ	1
میرا	1
بیأفتید	1
بونوشید	1
بوکوشتم	1
ناله‌یَ	1
بوکوبه	1
بی‌‌خورد	1
بویه	1
بونوشیم	1
ناصره‌یه	1
نامأن	1
نامه‌یی	1
نامه‌یٚ	1
بوفروختی	1
نامٚ‌ره	1
نامزدأنٚ	1
بوفروشی	1
نامه‌یأنی	1
نامه‌یأنٚ	1
بیابانم	1
بی‌گونایم	1
بی‌گوناه	1
بی‌کس	1
ناحوم	1
ناحیه‌یی	1
ناخوشی‌یأنَ	1
بیابانی	1
ناراستی‌یی	1
بی‌پاداش	1
ناسازگاری‌یه	1
نأشتم	1
نأشتنٚ	1
بی‌فهم	1
بی‌عقلٚ	1
بی‌دینأنٚ	1
بی‌خورد	1
منزلٚ	1
پُری	1
پره	1
منطقه‌یأن	1
منال‌دارأنَ	1
مَنائِن	1
پزشک	1
پُری‌یٚ	1
پْروخُروس	1
منی	1
پرده‌یأن	1
پِرجه‌یٚ	1
موآبَ	1
پرنده‌یأنی	1
پرندگأنَ	1
پَرمیناس	1
منوّرَ	1
پنتیوس	1
پلاسَ	1
ملکٚ	1
ملوانأنٚ	1
پنهانَ	1
پنجمی	1
ملعونیدی	1
ملکَ	1
پشتیبانٚ	1
پسرأنی‌یم	1
مناسبه	1
مِناسون	1
پِسَخِ‌ره	1
پسندَ	1
ممکنی	1
پسرٚره	1
مملکتی	1
پْتولامائیسٚ	1
مویم	1
بینیشت	1
بینایأن	1
بین‌النهرینٚ	1
بینیویسیم	1
موفقه	1
بینیشینیم	1
بینیشینی	1
بین‌النهرین	1
مهمانٚ	1
مهمتر	1
مهومان	1
بیشنَوستیمی	1
بیمیری	1
بیمارأنَ	1
مهمانسرا	1
مهمانی‌یٚ	1
پافوس	1
موجأنٚ	1
پارچه‌یَ	1
پارتیأن	1
مواظبٚ	1
موافقٚ	1
پاکار	1
پافوسٚ	1
مورده‌یأنَ	1
موشتٚ	1
موعظه‌یٚ	1
موعودَ	1
بینیویشتید	1
پادشاهم	1
پاداشٚ	1
پاتارا	1
موسی‌یٚ	1
توبال‌قائِنٚ	1
گوناهأنم	1
حَمورٚ	1
گوناهکارأنٚ‌ره	1
گوناهکارتر	1
حَویلَه	1
حوضی	1
حوضَ	1
حوریأنَ	1
گوناهکاریدی	1
حَقِلْ‌دَما	1
حضرتٚ	1
حَصّونٚ	1
حِصْرون	1
حمام	1
حلال	1
حکمأنَ	1
حقوق	1
گوسفندأنٚ‌	1
خادمأنی	1
گوسفندم	1
گوسفنده	1
خاکسترَ	1
خاشاک	1
خارٚ	1
خادمم	1
خأخوری	1
حیوانَ	1
حینه	1
گوشتی	1
حیله‌یی	1
خأخورأنٚ	1
گوشِ	1
گوشأنَ	1
گوشأنم	1
گیران‌قیمتی	1
لبالب	1
حاکمَ	1
حاصلی	1
حاصلترینه	1
لاویأنَ	1
حاکمأنی	1
حاکمأنه	1
حاکمأنَ	1
حاصلَ	1
چی‌ره	1
لطفم	1
لطفی	1
چهارٚ	1
لُختَ	1
چیزی‌یم	1
چیزأیه	1
چیزأنه	1
حرکتٚ	1
حرفٚ	1
حرامزاده	1
گیفتید	1
گیرانٚ	1
حَزو	1
حزقیال	1
حرمسرای	1
حرارتٚ	1
لاشه‌یأن	1
حَبشی‌	1
حَبَشه	1
لأنتی‌یأن	1
لابدان	1
لاتینی	1
حتمنی	1
لاسائیه	1
خوأنی	1
خوأندی	1
گاوأنٚ	1
گاوداری	1
خوأهشٚ	1
خوأهشیدی	1
خوأهشَ	1
گامالائیلٚ	1
خوأستیم	1
خوأستم	1
خواخورم	1
گرأنٚ	1
گردستیم	1
خوأسته‌یأنیدی	1
خوأسته‌یأن	1
خوأستنٚ	1
خوأستن	1
خوراکی‌یٚ	1
خوراکی‌یم	1
خوراکی‌یأن	1
کی‌شین	1
خورجینأنه	1
کویه‌شینم	1
کویه‌شینه	1
کویٚ	1
خوراکم	1
خوداترسه	1
خودا‌ترسی	1
کیلو	1
خوبی‌یی	1
خودکشی	1
خودایأنید	1
کیتابأنه	1
خوداترسٚ	1
خَنوخٚ	1
ختنه‌یه	1
گله‌یی	1
خُبترینٚ	1
گنایٚ	1
خدمتکارأنه	1
خداترسی	1
گله‌یأن	1
گله‌یأنٚ	1
خائنم	1
گوده	1
خامه‌یٚ	1
خأله	1
خألأ	1
خانه‌یأنی	1
خانواده‌یٚ	1
خانواده‌یَ	1
خانمه‌شأن	1
گرسنه‌یأن	1
گرسنه‌یأنَ	1
خطاکارأن	1
خشنود	1
خَنوخَ	1
گردنکش	1
خلسه	1
خلاصه‌یٚ	1
خشایارشاهٚ	1
خرجه	1
خدمتگزارأنَ	1
خدمتکارٚ	1
گفتیم	1
گرمه	1
خرمن‌چینأنٚ	1
خرمن‌چینأنَ	1
گشنه	1
چهاره	1
جَدَریانٚ	1
مجسمه‌یأنَ	1
جَت‌خِفِر	1
جبرائیلم	1
جدیدَ	1
جدّه‌یٚ	1
مجروح	1
جدریأنٚ	1
مجموعه	1
جانشین	1
محدودی‌	1
محکمَ	1
جادوگرأنٚ	1
جبرائیلَ	1
جَبّاتا	1
جانوارأنٚ	1
جانوارأنَ	1
جسمأنی‌یه	1
جسدأنَ	1
مِتوشائیل	1
مِتوشائیلٚ	1
جلیلَ	1
متبارکی	1
مترجمه	1
متعلقٚ	1
متهم‌کوننده	1
جروبحث	1
مثله	1
جرجاشیأن	1
جذب	1
متیاس	1
جزیره‌یَ	1
جزوِ	1
جریانٚ	1
جاحَم	1
تومایٚ	1
مِدیانٚ	1
مذبحی	1
مذهبَ	1
مدتها	1
تی‌شینیدی	1
تی‌شینه	1
مِدیان	1
مذهبٚ	1
تولدَ	1
توصیه	1
توراتَ	1
توجه‌یه	1
تومایم	1
تومایَ	1
تومامیٚ	1
تولدی	1
محوَ	1
مِحویائیل	1
مِحویائیلٚ	1
تِئوداس	1
مَحلونَ	1
مَحلونٚ	1
محله	1
ثروتمندَ	1
تیمون	1
تیراندازٚ	1
مِخٚ	1
مدارک	1
مِدان	1
تیموتائوسَ	1
مخصوصَ	1
تیرانوسٚ	1
مخصوصٚ	1
چرخستی	1
لیباسی‌یه	1
لیسانیوس	1
لیکائونیه	1
چشمه‌یه	1
چشم‌پوشی	1
لیباسأنم	1
لیباسأنی‌یَ	1
لیکیه	1
چایم	1
چاهی‌یَ	1
چاه‌یٚ	1
چاه‌یَ	1
لِئومیأن	1
مابین	1
چپَ	1
ماتَ	1
چهارپایأن	1
لگنٚ	1
لَمّا	1
چه‌ییدی	1
لِطوشیأن	1
چهارمٚ	1
چهارگوشه	1
لغدمالَ	1
چومانه	1
لوحٚ	1
چوپانأنی	1
لوقا‌یٚ	1
لوکیوسٚ	1
لنگرأنٚ	1
چومَ	1
چوگانٚ	1
لوتکایی	1
مادری	1
جوانأنی	1
جنگستیدی	1
جنگجو‌یَ	1
ماهی‌یأنَ	1
جوزا	1
جوری‌یه	1
جوجه	1
ماهری	1
ماهی‌یأنی	1
مبهوت	1
متأسفانه	1
مَتان	1
مَتانٚ	1
جمعِ	1
ماهیأنه	1
جلیلی‌یی	1
مبرایی	1
مالخوس	1
جیویزم	1
جِیحونه	1
جویی	1
مارأنَ	1
چاره‌یه	1
چادرَ	1
مالتٚ	1
مالی‌یَ	1
مانده‌یٚ	1
جوشنه	1
جوشأنه	1
مأنستنی	1
مالٚ	1
مامورأنی	1
جونده	1
مأموریته	1
