te	20414
i	17945
e	7263
ki	5879
ē	5874
kua	5760
a	5137
ra	4677
au	4328
aia	3523
mai	3441
ko	3088
atu	2603
o	2318
kia	2137
atura	2117
ꞌe	2099
ꞌoki	2008
nei	1960
rātou	1950
kōtou	1874
tangata	1864
nō	1778
tei	1606
ka	1522
kāre	1520
roto	1483
mea	1399
nā	1397
tō	1386
tētaꞌi	1333
ꞌua	1247
reira	1241
maira	1174
tē	1128
rā	1119
atua	1112
ꞌaere	1104
mei	1074
tuatua	1014
tōna	998
rāi	962
katoa	958
koe	943
rava	930
iēsū	896
runga	889
ia	852
tā	835
taua	786
ꞌei	766
tēia	757
ma	735
aronga	729
kite	694
ratou	664
ei	663
na	660
maꞌata	651
tātou	611
ake	582
akera	562
iꞌora	552
tae	538
tāna	531
vaꞌine	519
kō	502
ꞌatu	488
rave	487
tū	485
ana	469
mē	468
meitaki	457
ꞌenua	451
mua	439
rāua	437
mate	428
tikāi	382
ꞌakakite	363
tetaꞌi	361
noꞌo	355
mesia	355
metua	351
tuku	347
karanga	339
tamaiti	338
no	335
tēianei	331
āku	330
vaerua	318
auraka	317
rauka	316
ngā	313
ora	312
kai	310
ꞌakarongo	309
riro	308
kātoatoa	309
tika	306
ao	304
aroꞌa	302
kore	298
ō	297
paulo	290
mātou	287
raro	284
vai	279
aꞌa	278
ꞌuaꞌorāi	276
ariki	269
ꞌangaꞌanga	264
tupu	259
to	253
ingoa	253
ꞌare	252
tau	251
taeake	249
ai	246
kē	243
ꞌai	242
rangi	237
kare	233
ture	232
rima	231
roa	227
pae	226
ngāꞌi	226
ꞌara	225
tapu	225
kino	225
manako	224
taku	223
tāne	221
ꞌinangaro	220
kotou	220
rai	219
paꞌu	218
ꞌokotaꞌi	214
ꞌapinga	213
koia	212
tuātau	212
ꞌakaꞌou	201
vaka	200
pipi	200
muri	199
ꞌiti	198
tōku	198
raua	198
rua	192
mana	192
ꞌapai	190
tamariki	187
pakari	185
tāku	183
pū	181
vaꞌo	178
tona	175
oti	171
ngākau	171
mou	171
kōpapa	171
matou	169
ta	167
ā	158
taꞌunga	158
ui	156
inārā	153
pērā	151
tāvini	150
pati	149
tōꞌou	148
mata	148
ꞌē	147
ꞌākara	143
āina	143
anake	139
ꞌōronga	138
tai	137
kāpiki	134
inā	132
mā	129
āru	128
aꞌo	126
tere	125
ꞌōire	123
pou	123
vaitata	122
peroveta	122
pure	120
ꞌoro	118
bāsileia	118
arataki	118
aku	118
ꞌirinaki	117
tomo	117
ngaꞌuru	116
mānganui	116
ꞌakaruke	114
tērā	114
topa	113
ioane	112
tu	111
kitea	111
nui	110
ꞌāriki	109
ngata	109
mataku	109
tātāꞌia	108
rekareka	107
pō	107
rākau	105
reo	105
iuda	105
ꞌānau	104
ꞌākono	104
ngaro	104
ngutuꞌare	103
ꞌirinakiꞌanga	102
tumu	102
toru	102
tama	102
moana	102
tāꞌau	101
mārama	101
nāna	100
kimi	100
karere	100
ꞌakaora	99
teianei	99
ngati	99
teia	98
tangiꞌia	98
moni	97
kōrua	97
moe	95
ꞌōu	93
ꞌopenga	92
ꞌaereꞌanga	92
rāvenga	92
tono	91
katoatoa	91
ika	91
auē	91
ꞌau	89
rotopū	89
nōna	89
pūꞌāpiꞌi	88
matangi	88
āinei	87
iesu	87
ꞌ	85
aꞌi	85
tangaroa	84
tamāꞌine	84
petero	82
noa	82
māri	82
maunga	82
kāinga	82
ꞌavaiki	81
mataꞌiti	81
tatou	80
oraꞌanga	80
iūda	80
ꞌakairo	79
tiki	79
riri	79
varokura	78
rangatira	78
ꞌakaue	77
vaevae	77
uta	77
kāreka	77
kakā	77
ꞌāngela	76
tini	76
ētaꞌi	75
ngaꞌi	75
ꞌuaꞌorai	73
tākiri	73
tua	73
tana	73
maki	73
ꞌakatupu	72
ꞌakameitaki	72
tuꞌanga	72
tuaꞌine	72
toka	72
ꞌakatika	71
tēnā	71
rongo	71
kākaꞌu	71
tiaki	70
papa	70
ꞌiero	69
manu	69
aroaro	69
ꞌēkālēsia	68
teina	68
taꞌi	68
parabole	68
tupuna	67
tuatuaꞌia	67
toto	67
ꞌakapēꞌea	66
tamaki	66
mārie	66
ierusalema	66
iti	65
anoano	65
ꞌope	64
ūpoko	64
tikai	64
rere	64
nuku	64
ngāti	64
kura	64
ꞌakamata	63
rokoꞌia	63
phārīsea	63
māua	63
kau	63
ꞌēvangelia	62
ꞌakavā	62
tūtū	62
pā	62
kake	62
ꞌakariro	61
tūtaki	61
pētero	61
porinetia	61
nakiro	61
inu	61
ꞌētene	60
iērūsalēma	60
tonga	59
ara	59
ꞌoire	58
tākinga	58
pikikaꞌa	58
āberahāma	57
mataara	57
īserāꞌela	56
kī	56
katoaꞌia	56
tauturu	55
taime	55
raveꞌia	55
puꞌapinga	55
noꞌoꞌanga	55
marama	55
konei	55
ꞌatiꞌanga	54
ꞌaerenga	54
piri	54
manganui	54
aua	54
ꞌakakore	53
vaꞌa	53
urupū	53
tangi	53
ꞌāpiꞌi	52
ꞌoko	52
ꞌeiaꞌa	52
ꞌakaāri	52
ōna	52
nunui	52
ꞌea	51
viviki	51
tātakitaꞌi	51
maꞌuke	51
kiteꞌanga	51
kiteaꞌia	51
ꞌāpiꞌiꞌanga	50
dēmoni	50
ꞌeke	49
ꞌakaoraꞌia	49
tūtara	49
tukuꞌia	49
taꞌito	49
ꞌakakiteꞌia	48
ꞌui	47
viꞌiviꞌi	47
tātā	47
toku	47
putuputu	47
māroꞌiroꞌi	47
galilea	47
ako	47
ꞌuaatu	46
pōiri	46
mamao	46
leta	46
kōpū	46
etaꞌi	46
kā	45
kauraro	45
ꞌātinga	44
ꞌoa	44
ꞌakaueꞌanga	44
ꞌakakoroꞌanga	44
tapa	44
raru	44
pāpā	44
ke	44
ꞌōrongaꞌia	43
tauatini	43
takere	43
pāpāki	43
maruꞌakaꞌita	43
heroda	43
tokorua	42
rikiriki	42
paꞌa	42
one	42
iꞌo	42
ꞌopu	41
ꞌaposetolo	41
ꞌakaturi	41
ꞌakamori	41
ꞌa	41
vine	41
taki	41
rau	41
matakite	41
kōreromotu	41
ꞌakatū	40
ꞌakarongoꞌanga	40
ꞌakaipoipo	40
toe	40
simona	40
puka	40
paꞌī	40
nōku	40
nāku	40
maꞌara	40
mareka	40
uki	39
tuatuaꞌanga	39
tara	39
pupu	39
mōse	39
kōꞌanga	39
ꞌakaputuputu	38
ꞌakameitakiꞌanga	38
tūranga	38
tāraro	38
nāringa	38
mānea	38
kui	38
katau	38
karangaꞌia	38
ꞌāite	37
ꞌetene	37
ꞌenemi	37
ꞌanga	37
ꞌakaꞌaere	37
ꞌakakino	37
ēia	37
taeꞌanga	37
saula	37
māꞌine	37
māui	37
motu	37
ꞌāpōsetolo	36
ꞌāiteꞌanga	36
vaꞌeꞌau	36
tāmou	36
titiri	36
tero	36
rū	36
paꞌf	36
ngakau	36
kaikai	36
bāpetīto	36
ꞌuri	35
ꞌariki	35
ꞌakavāꞌanga	35
pāpū	35
peꞌe	35
ngere	35
māria	35
mero	35
mamae	35
dāvida	35
ꞌārāvei	34
puꞌapingakore	34
ono	34
mama	34
ꞌā	33
ꞌitinga	33
tāua	33
tuikaꞌa	33
rotopu	33
matapō	33
kaingākai	33
banaba	33
ꞌoe	32
ꞌakakoromaki	32
toro	32
taꞌau	32
taringa	32
tanu	32
sābati	32
rei	32
poto	32
muatangāna	32
eleni	32
ꞌuānga	31
ꞌokiꞌanga	31
ꞌiva	31
ꞌitu	31
ꞌiki	31
tuatuatika	31
tuaru	31
tapaꞌia	31
nga	31
meangiti	31
kāpiti	31
ꞌatiu	30
ꞌakatūꞌia	30
ꞌakaperepere	30
āꞌea	30
āna	30
varāoa	30
tūtapu	30
tera	30
teitei	30
rarotonga	30
pāꞌua	30
peke	30
māmoe	30
me	30
arātaꞌa	30
aiphiti	30
ꞌītoro	29
ꞌētū	29
ꞌānere	29
ꞌoronga	29
toa	29
tikaꞌanga	29
ririnui	29
pilato	29
paruparu	29
mānga	29
ꞌaꞌaki	28
ꞌauro	28
ꞌauri	28
ꞌata	28
ꞌakariroꞌia	28
ꞌakamā	28
varopana	28
tutara	28
tuakana	28
totoꞌu	28
tautai	28
tatarāꞌara	28
taputoꞌu	28
peu	28
patu	28
ngūtupa	28
maꞌani	28
ꞌinārā	27
ꞌapa	27
ꞌakakoreꞌia	27
tūꞌakaꞌouꞌanga	27
tuatau	27
taꞌatai	27
pera	27
kuru	27
aru	27
akoꞌanga	27
ꞌō	26
ꞌikiꞌia	26
ꞌangela	26
ꞌakara	26
tāpikipiki	26
tino	26
tikakore	26
taꞌiti	26
tatau	26
sūnago	26
puke	26
pua	26
nēneva	26
mānakonakoꞌanga	26
kiu	26
keiā	26
ꞌekalesia	25
ꞌakapērā	25
ꞌakamaꞌara	25
ꞌakakoro	25
vaiꞌo	25
tupuranga	25
toꞌou	25
tokerau	25
rūrū	25
ruatapu	25
roma	25
poti	25
pini	25
noinoi	25
ngari	25
koro	25
kapu	25
kaisara	25
kae	25
ata	25
ꞌāuri	24
ꞌākonoꞌanga	24
ꞌuriꞌia	24
ꞌakava	24
ua	24
tīmata	24
tāmate	24
tane	24
sunago	24
reva	24
piriꞌanga	24
mose	24
mamaꞌata	24
kōpae	24
koꞌi	24
kapiki	24
ina	24
aꞌiaꞌi	24
anga	24
ꞌi	23
ꞌakono	23
ꞌakaꞌapa	23
ꞌakavaitata	23
ꞌakatere	23
ꞌakatenga	23
ꞌakarongokore	23
ātea	23
vā	23
tūmatetenga	23
tāpapa	23
raꞌi	23
philipa	23
mutukore	23
maꞌataꞌanga	23
maꞌatamaꞌata	23
kēꞌia	23
koke	23
iōsēpha	23
ꞌākaraꞌanga	22
ꞌuꞌuna	22
ꞌuaꞌia	22
ꞌakateꞌateꞌamamao	22
umuumu	22
tou	22
tinirau	22
teꞌateꞌamamao	22
taoꞌonga	22
pāꞌī	22
poi	22
po	22
pekapeka	22
nao	22
anetioka	22
ꞌura	21
ꞌiku	21
ꞌanere	21
ꞌakamāroꞌiroꞌi	21
uru	21
umuumuꞌia	21
tāpū	21
tukunaꞌia	21
tonokia	21
ravakai	21
pōpongi	21
punua	21
nāꞌau	21
manakoꞌanga	21
kupenga	21
kaveinga	21
kanga	21
kaioꞌu	21
inara	21
fseraꞌela	21
bāpetītoꞌia	21
ꞌirinakiꞌia	20
ꞌangaꞌia	20
ꞌakaꞌina	20
ꞌakatu	20
ꞌakaipoipoꞌanga	20
ūmere	20
ōku	20
tuꞌa	20
tupa	20
tungāne	20
tatari	20
taruia	20
tamate	20
sītona	20
pongi	20
nōꞌou	20
ngutupa	20
mateꞌanga	20
mataora	20
matakukore	20
kāpikiꞌanga	20
kāingā	20
kakī	20
kainga	20
ainei	20
ꞌōꞌō	19
ꞌārio	19
ꞌāngai	19
ꞌia	19
ꞌapiꞌi	19
ꞌapaiꞌia	19
ꞌakakakā	19
varu	19
vairanga	19
umu	19
uaina	19
tataꞌia	19
pūꞌākapa	19
puakatoro	19
mataꞌiapo	19
marae	19
kiko	19
kaisarea	19
iūdea	19
ꞌākonoꞌia	18
ꞌinga	18
ꞌapainaꞌia	18
ꞌakonoꞌanga	18
ꞌakangāteitei	18
ꞌakamoriꞌanga	18
ēlia	18
ārai	18
uiꞌanga	18
tutu	18
tukua	18
tatara	18
taro	18
takurua	18
takiri	18
takinga	18
taka	18
sātauro	18
papaꞌuꞌanga	18
ngāteitei	18
nana	18
mēdēbara	18
mākitakita	18
mouꞌauri	18
maro	18
kf	18
ephesia	18
ꞌuaꞌanga	17
ꞌatarau	17
ꞌakaꞌaka	17
ꞌakavaꞌavaꞌa	17
ꞌakatinamou	17
ꞌakatikatikaꞌanga	17
ꞌakamārama	17
uiui	17
tiāporo	17
teretere	17
takaꞌua	17
sila	17
roꞌi	17
rauru	17
purotu	17
puaka	17
porinētia	17
piꞌa	17
peritome	17
nona	17
noaatu	17
mēnema	17
meika	17
maua	17
matariki	17
luka	17
kuriri	17
kiriti	17
kiri	17
kimiꞌanga	17
kekē	17
kapiti	17
kakaꞌu	17
bapetftoꞌia	17
ava	17
aroꞌaꞌanga	17
apiapi	17
ꞌōroꞌa	16
ꞌōpue	16
ꞌāiteite	16
ꞌiōra	16
ꞌakaꞌouꞌia	16
ꞌakaꞌoki	16
ꞌakasātauroꞌia	16
ꞌakangāroꞌiꞌanga	16
vave	16
vareꞌae	16
vaoꞌo	16
tōpiri	16
tukuꞌanga	16
tomoꞌanga	16
tavini	16
tarai	16
takakē	16
suke	16
rārā	16
pātoꞌi	16
putaꞌua	16
pureꞌanga	16
parau	16
nāzarēta	16
ngaru	16
mātau	16
maꞌaniꞌia	16
maramara	16
manamanatā	16
maitī	16
kikino	16
iākōbo	16
ꞌānauꞌanga	15
ꞌākonokono	15
ꞌopunga	15
ꞌakatikatika	15
ꞌakateitei	15
ꞌakapāpū	15
ꞌakaoraꞌanga	15
ꞌakangoru	15
ꞌakamou	15
ꞌakameitakiꞌia	15
ꞌakakiteꞌanga	15
tūroto	15
tūkē	15
tārangāꞌara	15
tāpae	16
tuā	15
tapepe	15
tamāroa	15
taipiro	15
rīrē	15
rungaaꞌo	15
rongonui	15
ravaꞌia	15
pēpe	15
pēnei	15
pāsa	15
pirikoki	15
māmā	15
munangaro	15
moto	15
moa	15
mato	15
matau	15
manuꞌiri	15
manga	15
kinoꞌanga	15
keretitiāno	15
karo	15
iākōba	15
iudea	15
feliki	15
ꞌōmai	14
ꞌī	14
ꞌāriu	14
ꞌārikiꞌia	14
ꞌākaraꞌia	14
ꞌari	14
ꞌaravei	14
ꞌaninga	14
ꞌakaunga	14
ꞌakaueꞌia	14
ꞌakatapuꞌia	14
ꞌakataka	14
ꞌakaperepereꞌia	14
ꞌakamaroꞌiroꞌi	14
ꞌakaari	14
ꞌaereꞌia	14
ōꞌou	14
īsāꞌaka	14
āmene	14
zākāria	14
uꞌi	14
tīpū	14
tīmataꞌanga	14
tāmā	14
taura	14
tanumanga	14
setephano	14
ravenga	14
rapa	14
pāretēnia	14
putuputuꞌanga	14
potonga	14
peritomeꞌia	14
patipika	14
pare	14
papaꞌuꞌia	14
noku	14
mātaio	14
māpū	14
maꞌaraꞌia	14
matenga	14
mari	14
manuia	14
kāpikiꞌia	14
kie	14
karika	14
damaseko	14
asia	14
aratakiꞌia	14
ꞌīmene	13
ꞌou	13
ꞌongi	13
ꞌona	13
ꞌeru	13
ꞌaꞌaere	13
ꞌakaāriꞌia	13
ꞌakautunga	13
ꞌakamatakiteꞌanga	13
ꞌae	13
īsaia	13
urupu	13
umeremere	13
tāpoki	13
tuāmuri	13
tuturi	13
tupuꞌanga	13
tokoꞌitu	13
tokotoru	13
terōno	13
taꞌu	13
tava	13
taoꞌongā	13
tanga	13
sātani	13
sunederi	13
samaria	13
rūrūꞌia	13
pōꞌitirere	13
pāruru	13
papaꞌu	13
niꞌo	13
mōmua	13
melekizedeka	13
marū	13
maroꞌiroꞌi	13
maori	13
lēpera	13
levi	13
koꞌanga	13
kimikimi	13
keu	13
kauvae	13
karape	13
fesito	13
avatea	13
ageripa	13
ꞌōꞌonu	12
ꞌāpiꞌiꞌia	12
ꞌue	12
ꞌorama	12
ꞌariu	12
ꞌakavāꞌia	12
ꞌakatūkia	12
ꞌakatupuꞌia	12
ꞌakanoꞌo	12
ꞌakakitekite	12
ūmeremere	12
vāvāꞌi	12
varotea	12
tena	12
tautā	12
tautoru	12
tatakitaꞌi	12
tano	12
tamakiꞌanga	12
taketake	12
ruru	12
rongomatāne	12
riringi	12
raverave	12
raka	12
pēꞌi	12
pē	12
pu	12
patiꞌanga	12
papu	12
ngāngāꞌere	12
mūtēkī	12
mīmiti	12
mātuāpuru	12
meitakiꞌia	12
matatio	12
marekaꞌia	12
mamia	12
makedonia	12
kāpipiti	12
korua	12
kona	12
kokoti	12
kaꞌu	12
kave	12
kako	12
iva	12
davida	12
anania	12
aka	12
ꞌāviri	11
ꞌānana	11
ꞌāmiri	11
ꞌākarakara	11
ꞌiro	11
ꞌinangaroꞌia	11
ꞌeva	11
ꞌaꞌati	11
ꞌataranga	11
ꞌapiꞌiꞌanga	11
ꞌapakore	11
ꞌapainga	11
ꞌakatikaꞌia	11
ꞌakatikatikaꞌia	11
ꞌakatakakē	11
ꞌakaoti	11
ꞌakangāroꞌi	11
ꞌakamaꞌaraꞌanga	11
ꞌakakākaꞌu	11
ēlīsābeta	11
vera	11
uruꞌia	11
tūroriꞌanga	11
tīmōteo	11
tēꞌea	11
tāmata	11
totoro	11
titiriꞌia	11
tinamou	11
tiao	11
tia	11
tatauꞌia	11
taitaiā	11
rōma	11
rō	11
rirerire	11
ona	11
noꞌoꞌia	11
ngātua	11
muna	11
maru	11
kotikoti	11
korenelio	11
kika	11
kareka	11
kaka	11
iꞌi	11
iopa	11
evangeria	11
bāpetītoꞌanga	11
auēꞌanga	11
aotearoa	11
akau	11
ꞌēkōkō	10
ꞌuriꞌuri	10
ꞌte	10
ꞌotoꞌoto	10
ꞌokoꞌokoꞌanga	10
ꞌka	10
ꞌevangelia	10
ꞌakaꞌapaꞌanga	10
ꞌakavaꞌia	10
ꞌakatangi	10
ꞌakaraꞌanga	10
ꞌakapaꞌapaꞌa	10
ꞌakanoꞌonoꞌoꞌanga	10
ꞌakamataꞌanga	10
ꞌakakī	10
ꞌakakoreꞌanga	10
āpōpō	10
vāꞌine	10
vaꞌarua	10
varoꞌau	10
ureꞌia	10
tīpapa	10
tāꞌokotaꞌiꞌanga	10
tāꞌokotaꞌi	10
tārevakē	10
tuꞌakaꞌouꞌanga	10
tuputupuā	10
tinongaꞌuru	10
teka	10
taupūpū	10
tata	10
tari	10
tanumia	10
takereꞌia	10
rūē	10
puꞌera	10
puta	10
pipini	10
paꞌuꞌanga	10
pararauare	10
papaꞌanga	10
papaki	10
pange	10
oi	10
nū	10
ngatā	10
mōmore	10
mōari	10
mēmeitaki	10
mārō	10
mānono	10
mutekf	10
mouꞌāuri	10
marie	10
manakoꞌia	10
kōrīnētia	10
kārē	10
koi	10
kaui	10
kata	10
kairae	10
iōna	10
ipo	10
epa	10
eia	10
ea	10
aꞌea	10
aitutaki	10
ꞌātoro	9
ꞌātonga	9
ꞌuꞌunaꞌia	9
ꞌuꞌunaꞌanga	9
ꞌuti	9
ꞌuipaꞌanga	9
ꞌiri	9
ꞌinu	9
ꞌina	9
ꞌeunuka	9
ꞌapopo	9
ꞌakatopa	9
ꞌakatereꞌanga	9
ꞌakarukeꞌanga	9
ꞌakarekareka	9
ꞌakapapaꞌanga	9
ꞌakamānea	9
ꞌakamanako	9
ꞌakakoreꞌangā	9
ꞌaiteite	9
ū	9
ānuanua	9
ādamu	9
varo	9
vari	9
vare	9
utunga	9
unga	9
tūkēkē	9
tōpāpā	9
tēsālōnia	9
tāviniꞌanga	9
tāpekaꞌia	9
tāki	9
tupua	9
tope	9
topaꞌia	9
tea	9
taꞌa	9
tavake	9
taraiꞌia	9
taoꞌi	9
tango	9
tamaꞌine	9
takatakaꞌi	9
sāmāria	9
sādukea	9
rapurapu	9
ranga	9
punāvai	9
pueꞌu	9
piriꞌanganaoa	9
pharfsea	9
pereue	9
patiꞌia	9
paruru	9
papanunui	9
nānā	9
ngāuta	9
ngātipaꞌaki	9
nazareta	9
mūrare	9
mātā	9
mānakonako	9
miri	9
marō	9
maoake	9
manava	9
kitekore	9
keikeiā	9
kava	9
kaurarokore	9
iakobo	9
atuꞌanga	9
ꞌāpopo	8
ꞌunga	8
ꞌoroꞌanga	8
ꞌepua	8
ꞌaua	8
ꞌapatonga	8
ꞌakaꞌātingaꞌia	8
ꞌakaꞌapaꞌia	8
ꞌakaātea	8
ꞌakavaꞌanga	8
ꞌakatūkēꞌia	8
ꞌakatūkē	8
ꞌakateiteiꞌia	8
ꞌakasātauro	8
ꞌakarua	8
ꞌakapeꞌea	8
ꞌakapapu	8
ꞌakakīꞌia	8
ēphēsia	8
āꞌau	8
ākōnei	8
ākē	8
veꞌeveꞌeꞌanga	8
vairangā	8
upoko	8
tītānia	8
tītā	8
tīriaꞌia	8
tāꞌiku	8
tāꞌae	8
tātāꞌanga	8
tāpepe	8
turi	8
tuma	8
tiu	8
tfmoteo	8
taumārō	8
taumaroꞌanga	8
tataraꞌara	8
tapuae	8
tapapa	8
tamata	8
t	8
sōlomona	8
sabati	8
rē	8
rākei	8
rui	8
rongoꞌanga	8
riki	8
rae	8
pūꞌia	8
pōkaikai	8
pāpāꞌia	8
pāpānunui	8
puna	8
puakaniꞌo	8
poroaki	8
papaꞌa	8
pai	8
orana	8
mokoroa	8
miꞌi	8
medebara	8
mavete	8
manārangi	8
manongi	8
mano	8
lāmepa	8
kōtinga	8
kāraperape	8
kāperenāuma	8
kākaꞌo	8
kupero	8
koꞌe	8
kopu	8
kiromita	8
kinoꞌia	8
kakara	8
iōrīdāna	8
iri	8
iakoba	8
bēlezebūba	8
basileia	8
atiu	8
aro	8
aina	8
aberahama	8
ꞌōngai	7
ꞌīrava	7
ꞌāsini	7
ꞌākonokore	7
ꞌuru	7
ꞌokoꞌia	7
ꞌitikau	7
ꞌinā	7
ꞌikiꞌanga	7
ꞌeꞌeu	7
ꞌautū	7
ꞌatinga	7
ꞌapingakore	7
ꞌano	7
ꞌakaō	7
ꞌakatapu	7
ꞌakapāpūꞌia	7
ꞌakapera	7
ꞌakanauru	7
ꞌakamaꞌata	7
ꞌakamaringiꞌia	7
ꞌakakōkō	7
ꞌakaatea	7
ꞌakaara	7
ꞌaiteꞌanga	7
āpolo	7
zebedaio	7
vavaria	7
varouri	7
varinga	7
vaiꞌt	7
vaiꞌoꞌia	7
va	7
umukai	7
tūpuna	7
tūngou	7
tōrō	7
tīpūꞌia	7
tāpokiꞌia	7
tāpepeꞌanga	7
tāmāꞌia	7
tāmanamanatā	7
tuāꞌivi	7
tutuki	7
totoꞌa	7
tikaꞌia	7
teroa	7
tenū	7
teiꞌea	7
teatea	7
taꞌe	7
taꞌangaꞌanga	7
taurangi	7
taukore	7
tamaroa	7
sīdona	7
sodoma	7
salamo	7
rōna	7
rāꞌiri	7
roroa	7
riroꞌanga	7
reka	7
raveꞌanga	7
rakau	7
pāꞌata	7
pārapu	7
pāpāꞌanga	7
pākatiꞌangā	7
poripētia	7
piro	7
piripiri	7
peritomekore	7
peresila	7
paꞌupaꞌu	7
pa	7
onge	7
noꞌou	7
ngōꞌie	7
ngaꞌae	7
mūmui	7
mōrī	7
mārieꞌanga	7
muramura	7
motumotu	7
morimori	7
moko	7
moenga	7
matekore	7
matara	7
maranga	7
manamanata	7
lāzaro	7
kōutu	7
kōrero	7
kumete	7
kopae	7
koka	7
kilikia	7
katu	7
kana	7
iosepha	7
bētelehēma	7
bāraba	7
bāpetītoꞌangaꞌia	7
avaiki	7
arataꞌa	7
ꞌōvī	6
ꞌōrei	6
ꞌōlive	6
ꞌēiva	6
ꞌuipā	6
ꞌuipa	6
ꞌuaꞌine	6
ꞌuanga	6
ꞌoꞌoki	6
ꞌorongaꞌia	6
ꞌna	6
ꞌkua	6
ꞌko	6
ꞌirinakikore	6
ꞌftoro	6
ꞌaꞌao	6
ꞌario	6
ꞌakonoꞌia	6
ꞌakautungaꞌia	6
ꞌakautungaꞌanga	6
ꞌakatupuꞌanga	6
ꞌakatauꞌanga	6
ꞌakarukeꞌia	6
ꞌakapūmaꞌana	6
ꞌakapiri	6
ꞌakaparau	6
ꞌakangere	6
ꞌakamate	6
ꞌakamatakite	6
ꞌakakinoꞌia	6
ꞌakakinoꞌanga	6
ōlive	6
vaꞌī	6
umauma	6
uira	6
uenga	6
u	6
tūtoru	6
tūria	6
tūrama	6
tōtoro	6
tīvata	6
tīnainai	6
tēterāreka	6
tāꞌia	6
tāꞌakaꞌaka	6
tāvaitaꞌi	6
tāpaeꞌanga	6
tānga	6
tāmaka	6
tākitumu	6
tongaiti	6
tokotoko	6
tira	6
tipi	6
tfroi	6
tesalonia	6
teretereꞌanga	6
tauꞌētonoꞌanga	6
tatariꞌanga	6
tataraꞌia	6
tapere	6
tapeka	6
taoriori	6
taokete	6
tamateꞌia	6
takingakino	6
takaꞌi	6
sinapi	6
simiona	6
ruā	6
rutu	6
ruiꞌia	6
roꞌiroꞌi	6
roimata	6
roaroa	6
rama	6
pūtē	6
pēkore	6
puꞌakapa	6
putunga	6
purepure	6
punanga	6
pueꞌurikiriki	6
philipi	6
pe	6
paꞌi	6
oraꞌia	6
nōnā	6
ngāꞌau	6
neke	6
naku	6
nakiroꞌanga	6
mōtoro	6
mākedōnia	6
mura	6
muatangana	6
mokopuna	6
miti	6
maꞌa	6
mauꞌike	6
matū	6
manatā	6
maitu	6
maire	6
kūporu	6
kōuri	6
kōpaeꞌia	6
kāpitiꞌia	6
kākaoa	6
kurene	6
kereta	6
karakia	6
kapitiꞌia	6
kaiꞌanga	6
k	6
ivi	6
iao	6
fkonio	6
enemi	6
bapetfto	6
atene	6
aroꞌaꞌia	6
arero	6
apa	6
akoꞌia	6
ꞌūtia	5
ꞌōiti	5
ꞌāpikepike	5
ꞌānauꞌia	5
ꞌāmoa	5
ꞌākarakoreꞌia	5
ꞌopukia	5
ꞌokotaꞌiꞌanga	5
ꞌkare	5
ꞌiō	5
ꞌito	5
ꞌikuꞌikuꞌanga	5
ꞌikuꞌiku	5
ꞌekeꞌanga	5
ꞌebera	5
ꞌebedoma	5
ꞌaꞌae	5
ꞌati	5
ꞌaru	5
ꞌapatokerau	5
ꞌani	5
ꞌanaunga	5
ꞌanau	5
ꞌakāꞌu	5
ꞌakaꞌātingaꞌanga	5
ꞌakaꞌāriu	5
ꞌakaꞌāiteꞌia	5
ꞌakaꞌouꞌanga	5
ꞌakaꞌau	5
ꞌakaāteaꞌia	5
ꞌakatuꞌeraꞌia	5
ꞌakateretere	5
ꞌakatakaꞌia	5
ꞌakaputu	5
ꞌakapini	5
ꞌakapaꞌapaꞌaꞌanga	5
ꞌakapapuꞌanga	5
ꞌakangāteiteiꞌia	5
ꞌakangaropōina	5
ꞌakamātūtū	5
ꞌakamutu	5
ꞌakamaꞌaraꞌia	5
ꞌakamarama	5
ꞌakakē	5
ꞌakakākaꞌuꞌia	5
ꞌakakoromakiꞌanga	5
ꞌakakitekiteꞌanga	5
ꞌakakf	5
ꞌakakaka	5
ūpokotū	5
āū	5
ābela	5
vīpera	5
veri	5
veka	5
vata	5
varevare	5
vananga	5
utuutu	5
unuꞌi	5
umere	5
tūꞌakaꞌou	5
tūtakiꞌanga	6
tūraki	5
tāꞌongā	5
tāꞌakamā	5
tāviri	5
tāpeka	5
tāngata	5
tāmāꞌanga	5
tāmateꞌia	5
tāanga	5
tuꞌera	5
tutungi	5
tutau	5
tutaki	5
turuturu	5
turekore	5
tuna	5
tukutuku	5
tuatuatikakore	5
tuatuamou	5
totoꞌaꞌanga	5
tongi	5
tokorima	5
tokapapa	5
tiꞌetiꞌe	5
tiꞌamā	5
tiratiratū	5
tetuaroa	5
tereꞌanga	5
teimaꞌa	5
teiaꞌa	5
taꞌunaꞌia	5
taꞌokotaꞌi	5
taumaꞌaꞌia	5
taumaro	5
tareso	5
taratara	5
taputoꞌuꞌia	5
tapepeꞌia	5
tao	5
tamou	5
tamanu	5
tamanamanata	5
takirua	5
takatakaꞌiꞌia	5
taia	5
suria	5
sina	5
simeona	5
sadukea	5
roaꞌia	5
ririꞌanga	5
raukaai	5
rapakau	5
rangiꞌura	5
rangihiroa	5
rakanui	5
r	5
pātia	5
puꞌapiꞌi	5
puā	5
puku	5
poꞌepoꞌe	5
porapora	5
popongi	5
poiri	5
poe	5
peritomeꞌangaꞌia	5
peritomekoreꞌia	5
penei	5
paꞌuꞌia	5
patuꞌia	5
patoꞌi	5
pata	5
parukāꞌua	5
pangia	5
pamephulia	5
pakuꞌivi	5
paerangi	5
noꞌonoꞌo	5
niū	5
ngāraꞌu	5
ngutu	5
navenave	5
mūmū	5
mātarō	5
māreta	5
māono	5
māgadala	5
mono	5
moemoeā	5
miro	5
mema	5
maveteꞌanga	5
matakeinanga	5
marike	5
mareva	5
mareko	5
manakokoreꞌia	5
mako	5
lusetera	5
lapita	5
laodikea	5
kūkupa	5
kōnitara	5
kēꞌanga	5
kāpuaꞌanga	5
kāpikipiki	5
kākaꞌuꞌia	5
koꞌu	5
koropini	5
koreromotu	5
kopapa	5
konitara	5
kolosa	5
kiritia	5
keretitiano	5
kaꞌa	5
kavakava	5
kamokamo	5
kaku	5
iēriko	5
iāiro	5
ipukarea	5
inuinu	5
huaꞌine	5
hokuleꞌa	5
hi	5
diana	5
derebe	5
d	5
c	5
bētānia	5
b	5
atea	5
aruaru	5
akoako	5
ad	5
ꞌꞌe	4
ꞌōꞌoki	4
ꞌōrama	4
ꞌōake	4
ꞌīꞌī	4
ꞌēumiumi	4
ꞌāꞌāere	4
ꞌātia	4
ꞌārote	4
ꞌārikiꞌanga	4
ꞌākaraai	4
ꞌāe	4
ꞌuꞌua	4
ꞌuā	4
ꞌutu	4
ꞌuna	4
ꞌuara	4
ꞌoꞌoro	4
ꞌoꞌonu	4
ꞌoroꞌenua	4
ꞌonu	4
ꞌokoꞌoko	4
ꞌluropa	4
ꞌio	4
ꞌikiꞌiki	4
ꞌaꞌakiꞌanga	4
ꞌaꞌaereꞌanga	4
ꞌauraka	4
ꞌarikiꞌia	4
ꞌarara	4
ꞌarakore	4
ꞌapiꞌiꞌia	4
ꞌapaina	4
ꞌanauꞌia	4
ꞌakaꞌōpuekoreꞌia	4
ꞌakaꞌāite	4
ꞌakaꞌāinu	4
ꞌakaꞌongiꞌia	4
ꞌakaꞌariuꞌangaꞌia	4
ꞌakaꞌaereꞌia	4
ꞌakaꞌaereꞌanga	4
ꞌakaāriꞌanga	4
ꞌakatikaꞌanga	4
ꞌakateꞌateꞌamamaoꞌia	4
ꞌakaruru	4
ꞌakarongoꞌia	4
ꞌakari	4
ꞌakapōiriꞌia	4
ꞌakaputuputuꞌia	4
ꞌakaputuputuꞌanga	4
ꞌakaperaꞌanga	4
ꞌakaparauꞌanga	4
ꞌakanoꞌonoꞌo	4
ꞌakangāteiteiꞌanga	4
ꞌakamāꞌaraꞌara	4
ꞌakamāroꞌiroꞌiꞌia	4
ꞌakamāroꞌiroꞌiꞌanga	4
ꞌakamāramaꞌia	4
ꞌakamataꞌia	4
ꞌakamarū	4
ꞌakairoꞌia	4
ꞌakaipoipoꞌia	4
ꞌakaipoipokore	4
ꞌairi	4
ꞌaia	4
āārona	4
āsia	4
ākaia	4
zākaiō	4
watu	4
vāꞌi	4
varovaro	4
varaoa	4
vaiꞌi	4
vaiau	4
vaeruārau	4
uiꞌia	4
tūtakiꞌia	4
tūrina	4
tūpāpaku	4
tōrea	4
tīvatakore	4
tīmataꞌia	4
tīmataꞌangaꞌia	4
tāꞌonga	4
tāꞌikuꞌia	4
tāꞌemoꞌemo	4
tāꞌangaꞌanga	4
tāꞌakaꞌakaꞌia	4
tāviriꞌanga	4
tātuaꞌia	4
tātatau	4
tātarāmoa	4
tāpiri	4
tāpapaꞌanga	4
tāmouꞌia	4
tālēni	4
tākinokino	4
tāia	4
tuꞌāꞌia	4
tuārangi	4
turuma	4
tunutunu	4
tuki	4
tuitārere	4
tuarumākina	4
toꞌu	4
topiri	4
topga	4
tonoꞌanga	4
toko	4
toenga	4
tikakoreꞌia	4
tfmata	4
teꞌea	4
tene	4
taꞌuri	4
tauꞌetonoꞌanga	4
tautāūnga	4
taumārōꞌanga	4
taumārōrō	4
taukupu	4
taui	4
tatauꞌanga	4
tapekaꞌia	4
tapatapa	4
tangotango	4
tangitangi	4
takoto	4
takapini	4
takake	4
tainga	4
taiate	4
tahiti	4
taeria	4
taea	4
tabita	4
siona	4
sinai	4
semeio	4
rūtetetete	4
roaꞌanga	4
rikau	4
rikarika	4
rabi	4
pōꞌue	4
pōrokiroki	4
pōkia	4
pēꞌiꞌia	4
pāꞌeru	4
pātiu	4
pāpūꞌanga	4
puꞌapingaꞌia	4
pukapuka	4
pouou	4
pikikaꞌakore	4
peritomeꞌanga	4
paratāne	4
para	4
pakū	4
paikea	4
otiꞌanga	4
ota	4
oku	4
oki	4
nāꞌea	4
nunūkaꞌu	4
niu	4
ngāueuekore	4
ngaꞌangaꞌā	4
ngateitei	4
ngangaꞌere	4
ngangana	4
naupara	4
mātūtū	4
mārōkiꞌakiꞌa	4
mākitakitaꞌia	4
muꞌu	4
muringa	4
motutaꞌa	4
momokoꞌia	4
moeꞌanga	4
moetapapa	4
mitiꞌāro	5
mereki	4
mekameka	4
meangitikā	4
maꞌeu	4
matie	4
matemate	4
matauꞌia	4
matatia	4
marumaru	4
marino	4
manotini	4
maniꞌiki	4
mangaia	4
manamana	4
make	4
makatea	4
luko	4
luda	4
kōꞌumuꞌumu	4
kīkau	4
kāpitiꞌanga	4
kāpikiꞌangaꞌia	4
kāmela	4
kākā	4
kākano	4
kurī	4
kupu	4
kukumi	4
kuki	4
kotinga	4
kosi	4
konā	4
kokotiꞌanga	4
kiteakoreꞌia	4
kiritiꞌia	4
kiore	4
kere	4
kaꞌara	4
katoaꞌanga	4
katoatoaꞌanga	4
karangaꞌanga	4
kapikiꞌia	4
kape	4
kao	4
kakaꞌo	4
kakati	4
iēse	4
ipgoa	4
ikariota	4
ieriisalema	4
iasona	4
hērōdia	4
herb	4
g	4
ftalia	4
fsaꞌaka	4
enua	4
bābulōnia	4
berenike	4
berea	4
bapetftoꞌanga	4
aū	4
aue	4
arai	4
apolo	4
anu	4
anaki	4
alekaneteria	4
akē	4
akuila	4
akaia	4
ꞌūꞌā	3
ꞌūperu	3
ꞌūero	3
ꞌōrureꞌau	3
ꞌōrongaꞌanga	3
ꞌītiki	3
ꞌēꞌē	3
ꞌēumiumiꞌanga	3
ꞌāꞌā	3
ꞌāviriꞌia	3
ꞌātoroꞌanga	3
ꞌārite	3
ꞌāringa	3
ꞌārikiꞌangaꞌia	3
ꞌāpuku	3
ꞌāpikepikē	3
ꞌāmani	3
ꞌākirāta	3
ꞌuāvare	3
ꞌuruꞌuru	3
ꞌunōnga	3
ꞌuipāꞌanga	3
ꞌuenga	3
ꞌuaake	3
ꞌoꞌo	3
ꞌorongaꞌanga	3
ꞌoraurau	3
ꞌopuꞌia	3
ꞌono	3
ꞌoea	3
ꞌo	3
ꞌkia	3
ꞌitirere	3
ꞌeꞌeuꞌia	3
ꞌereꞌere	3
ꞌeiva	3
ꞌauroa	3
ꞌauouoꞌia	3
ꞌaunga	3
ꞌatoto	3
ꞌatiꞌia	3
ꞌaruruꞌanga	3
ꞌaria	3
ꞌaraꞌanga	3
ꞌapaiꞌanga	3
ꞌangaꞌangakore	3
ꞌanauꞌanga	3
ꞌana	3
ꞌakaꞌōuꞌia	3
ꞌakaꞌōpueꞌia	3
ꞌakaꞌātinga	3
ꞌakaꞌu	3
ꞌakaꞌoro	3
ꞌakaꞌope	3
ꞌakaꞌokiꞌia	3
ꞌakaꞌiki	3
ꞌakavī	3
ꞌakavānui	3
ꞌakavaꞌavaꞌaꞌia	3
ꞌakatūꞌangaꞌia	3
ꞌakatūtū	3
ꞌakatāꞌinu	3
ꞌakatuꞌera	3
ꞌakatumuꞌia	3
ꞌakatoro	3
ꞌakatiꞌetiꞌe	3
ꞌakatinamouꞌia	3
ꞌakatauꞌia	3
ꞌakatau	3
ꞌakataneꞌaꞌanga	3
ꞌakatae	3
ꞌakarongorongo	3
ꞌakariroꞌanga	3
ꞌakariri	3
ꞌakapūmaꞌanaꞌia	3
ꞌakapērāꞌia	3
ꞌakapāpūꞌanga	3
ꞌakapuꞌera	3
ꞌakapuꞌapinga	3
ꞌakaputuꞌia	3
ꞌakapikikaꞌa	3
ꞌakapereperekore	3
ꞌakapaꞌapaꞌaꞌia	3
ꞌakapapa	3
ꞌakapakari	3
ꞌakapae	3
ꞌakanoa	3
ꞌakangaꞌoro	3
ꞌakangaro	3
ꞌakamāꞌia	3
ꞌakamārōkiꞌakiꞌa	3
ꞌakamāramaꞌanga	3
ꞌakamura	3
ꞌakamoriꞌia	3
ꞌakamatutu	3
ꞌakamataku	3
ꞌakamana	3
ꞌakakfꞌia	3
ꞌakakeu	3
ꞌakakakāꞌanga	3
ꞌakaipo	3
ꞌakaaꞌu	3
ꞌaereꞌaere	3
ūrunga	3
ūea	3
ōꞌanga	3
ōbeda	3
īō	3
ēsau	3
ēpāphera	3
ēliākima	3
āu	3
āruꞌanga	3
āria	3
āraiꞌanga	3
ānēderea	3
āmīnādaba	3
ābia	3
zērūbābela	3
vāvāria	3
vāito	3
vivikiꞌanga	3
veꞌe	3
veruveru	3
veritūamaroa	3
vaꞌie	3
vavaꞌiꞌanga	3
vareaꞌia	3
varea	3
vao	3
vaiꞌī	3
vaine	3
urutoꞌe	3
uipā	3
tūtūꞌia	3
tūtuꞌa	3
tūtau	3
tūruāꞌipō	3
tūrua	3
tūrori	3
tūpaꞌu	3
tūmatatini	3
tīroa	3
tī	3
tāꞌokotaꞌiꞌia	3
tāꞌikuꞌanga	3
tāꞌanga	3
tātīpoki	3
tārēꞌia	3
tārurikēꞌia	3
tārotokakā	3
tārekareka	3
tāranga	3
tāpora	3
tāpekapeka	3
tāmāꞌūꞌū	3
tāmataora	3
tāmarō	3
tāmamaeꞌia	3
tākore	3
tākipū	3
tākingameitaki	3
tākavea	3
tuāꞌine	3
tutungiꞌia	3
turuaꞌipo	3
turia	3
tuputupu	3
tupuaki	3
tumuꞌia	3
tumurangi	3
tumatetenga	3
tukuꞌangaꞌia	3
tukuna	3
tukumoe	3
tuke	3
tukaꞌiꞌia	3
tuitarere	3
tue	3
tuaꞌivi	3
tuatuaai	3
totoꞌuꞌanga	3
torotoro	3
toma	3
tokoiti	3
tiꞌe	3
tiꞌavā	3
tipa	3
tikiꞌia	3
tikinaꞌia	3
tiakiꞌia	3
tfvata	3
tfpu	3
terono	3
teanau	3
tavare	3
taurekareka	3
taumaroro	3
tatatauꞌia	3
tatatau	3
tatarāꞌarakore	3
tarotaro	3
taria	3
tareꞌuꞌia	3
taputoꞌuꞌanga	3
taputapu	3
tapokiꞌia	3
taoꞌiꞌia	3
tamaꞌia	3
tamanakoꞌanga	3
tamaka	3
takitaꞌi	3
takinaꞌia	3
takapiniꞌanga	3
sūria	3
sūnēderi	3
suoli	3
solomona	3
setephāna	3
sara	3
salatiela	3
salamona	3
rūti	3
rīꞌia	3
ruku	3
ruaꞌine	3
ruaꞌanga	3
roāngarere	3
riu	3
reꞌu	3
rekarekaꞌanga	3
raukaꞌanga	3
rata	3
raki	3
qmere	3
pūꞌākapaꞌanga	3
pōtera	3
pōpō	3
pēꞌea	3
pērāꞌia	3
pāꞌ	3
pāpaku	3
pānanaki	3
purotū	3
pupuru	3
pouꞌanga	3
poupou	3
ponotio	3
pongiꞌanga	3
pisidia	3
piko	3
pikipikikaꞌa	3
phāreza	3
pherigia	3
phenia	3
pharao	3
pgaꞌi	3
perege	3
penetekote	3
paꞌunga	3
patoꞌitoꞌi	3
parāni	3
pararā	3
papaia	3
pakariꞌanga	3
oꞌu	3
ova	3
oraai	3
nīneve	3
nākō	3
nukuā	3
noꞌoria	3
ngāruerueꞌanga	3
ngunguruꞌanga	3
ngoꞌie	3
ngaꞌā	3
ngaꞌe	3
ngaꞌa	3
ngaueue	3
ngaroꞌanga	3
ngaropōina	3
ngaropoina	3
ngana	3
ngaki	3
naꞌau	3
naꞌasona	3
naringa	3
nanao	3
nakōnei	3
n	3
mūmai	3
mōmani	3
māꞌanga	3
mātakitakiꞌanga	3
mārōketaketa	3
māruarua	3
mārea	3
māramarama	3
mānonoꞌanga	3
māngarongaro	3
mānene	3
munaꞌia	3
mota	3
moemoea	3
moai	3
mita	3
memeitaki	3
melita	3
mearikiriki	3
meariki	3
meameāꞌau	3
maꞌi	3
maꞌataꞌia	3
maꞌana	3
matamata	3
matakuꞌia	3
maringi	3
maremoꞌia	3
marekakore	3
maomao	3
maniania	3
mamaꞌanga	3
makiꞌia	3
maketū	3
mae	3
ludia	3
lota	3
kūki	3
kōꞌiriꞌiriā	3
kōꞌai	3
kōtoꞌeꞌanga	3
kōpaeꞌanga	3
kōnoninoni	3
kōnei	3
kīꞌanga	3
kāꞌura	3
kāōa	3
kāvea	3
kāvana	3
kāuru	3
kāpua	3
kākaꞌuꞌanga	3
kupengaꞌanga	3
kukumiꞌia	3
koꞌiꞌanga	3
koꞌai	3
koā	3
korōna	3
korfnetia	3
korero	3
koko	3
kiva	3
kinoꞌangaꞌia	3
kinokino	3
keꞌu	3
keuꞌanga	3
ketu	3
ketekete	3
kaꞌukura	3
kauvai	3
kautuai	3
kauraroꞌanga	3
kati	3
katakata	3
kariota	3
kari	3
karekare	3
karangaranga	3
kapikiꞌanga	3
kapikipiki	3
kapa	3
kanaana	3
kalaudio	3
kaki	3
kakf	3
kakapu	3
kaiāpha	3
kaingā	3
kaingaꞌia	3
kaikaiꞌanga	3
iōsua	3
iēremia	3
ioana	3
hōsāna	3
hisepānia	3
gerāsini	3
galio	3
fsaia	3
f	3
etiopia	3
boāza	3
betesaida	3
baratolomea	3
ari	3
arfsetareko	3
areopago	3
area	3
aratakiꞌanga	3
apopo	3
anoanoꞌia	3
akoakoꞌia	3
ainea	3
ꞌōꞌonuꞌanga	2
ꞌōuꞌanga	2
ꞌōtotitoti	2
ꞌōreiꞌia	2
ꞌōparaꞌia	2
ꞌōpara	2
ꞌīꞌīuta	2
ꞌīꞌītai	2
ꞌēli	2
ꞌēkōkōkore	2
ꞌēbera	2
ꞌāꞌāereꞌanga	2
ꞌāꞌaere	2
ꞌāō	2
ꞌāviriꞌanga	2
ꞌāvaro	2
ꞌāruna	2
ꞌāriuꞌanga	2
ꞌāraka	2
ꞌāpike	2
ꞌāpere	2
ꞌāpare	2
ꞌāpai	2
ꞌānimara	2
ꞌākarakaraꞌia	2
ꞌākarakaraꞌanga	2
ꞌāitekore	2
ꞌāirani	2
ꞌāeto	2
ꞌuꞌura	2
ꞌuꞌu	2
ꞌuvea	2
ꞌututua	2
ꞌutiꞌuti	2
ꞌutia	2
ꞌuritumu	2
ꞌungaꞌungā	2
ꞌungaꞌunga	2
ꞌuneꞌune	2
ꞌune	2
ꞌukiꞌuki	2
ꞌuke	2
ꞌukaꞌia	2
ꞌtmene	2
ꞌoꞌora	2
ꞌoruꞌoru	2
ꞌorometua	2
ꞌorei	2
ꞌopuꞌangaꞌia	2
ꞌopuꞌanga	2
ꞌopengakore	2
ꞌopa	2
ꞌongiꞌongi	2
ꞌoeꞌanga	2
ꞌitiꞌanga	2
ꞌirokia	2
ꞌiriꞌeaꞌanga	2
ꞌirinakikoreꞌia	2
ꞌinuꞌinu	2
ꞌingoꞌingo	2
ꞌingaꞌanga	2
ꞌikurangi	2
ꞌeꞌeuꞌanga	2
ꞌeuꞌeuꞌanga	2
ꞌeumiumi	2
ꞌetu	2
ꞌerekia	2
ꞌere	2
ꞌekokokore	2
ꞌekoko	2
ꞌaꞌau	2
ꞌaꞌatiꞌanga	2
ꞌauꞌ	2
ꞌautara	2
ꞌauia	2
ꞌatoro	2
ꞌatiꞌati	2
ꞌatikau	2
ꞌatava	2
ꞌaruꞌia	2
ꞌaraꞌura	2
ꞌaraꞌara	2
ꞌapu	2
ꞌapipga	2
ꞌapainaꞌangaꞌia	2
ꞌaonga	2
ꞌanana	2
ꞌamoa	2
ꞌamio	2
ꞌalabata	2
ꞌakonokono	2
ꞌakirata	2
ꞌakaꞌōuꞌanga	2
ꞌakaꞌōu	2
ꞌakaꞌāngai	2
ꞌakaꞌāiteꞌanga	2
ꞌakaꞌāiteite	2
ꞌakaꞌuānga	2
ꞌakaꞌua	2
ꞌakaꞌouꞌangaꞌia	2
ꞌakaꞌopuekoreꞌia	2
ꞌakaꞌongiꞌanga	2
ꞌakaꞌongi	2
ꞌakaꞌoko	2
ꞌakaꞌokiꞌanga	2
ꞌakaꞌikiꞌia	2
ꞌakaꞌevaꞌeva	2
ꞌakaꞌariu	2
ꞌakaūpoko	2
ꞌakaāteaꞌanga	2
ꞌakaviꞌiviꞌi	2
ꞌakavareꞌia	2
ꞌakau	2
ꞌakatūꞌakaꞌouꞌia	2
ꞌakatūtūꞌanga	2
ꞌakatūkēꞌangaꞌia	2
ꞌakatāꞌīꞌī	2
ꞌakatuꞌeraꞌangaꞌia	2
ꞌakatuꞌanga	2
ꞌakatuke	2
ꞌakatuikaꞌa	2
ꞌakatonga	2
ꞌakateꞌateꞌamamaoꞌanga	2
ꞌakateꞌateꞌa	2
ꞌakatereꞌia	2
ꞌakateateaꞌia	2
ꞌakataꞌinu	2
ꞌakatanotano	2
ꞌakatano	2
ꞌakatangiꞌia	2
ꞌakatakakēꞌia	2
ꞌakatakake	2
ꞌakasatauro	2
ꞌakarōri	2
ꞌakaruruꞌanga	2
ꞌakaroꞌiroꞌi	2
ꞌakaroa	2
ꞌakarevaꞌia	2
ꞌakarere	2
ꞌakareka	2
ꞌakarau	2
ꞌakapukupukuꞌanga	2
ꞌakapuku	2
ꞌakapueꞌurikiriki	2
ꞌakapou	2
ꞌakapiniꞌia	2
ꞌakaperaꞌia	2
ꞌakaparukā	2
ꞌakaotiꞌanga	2
ꞌakaoraꞌangaꞌia	2
ꞌakanoꞌoꞌia	2
ꞌakangāruerueꞌia	2
ꞌakangāruerueꞌanga	2
ꞌakangote	2
ꞌakangateitei	2
ꞌakanauruꞌia	2
ꞌakamāꞌinuꞌangaꞌia	2
ꞌakamāneaꞌia	2
ꞌakamāneaꞌanga	2
ꞌakamouꞌia	2
ꞌakametua	2
ꞌakamarinoꞌanga	2
ꞌakamaramaꞌanga	2
ꞌakamako	2
ꞌakakoꞌukoꞌu	2
ꞌakakona	2
ꞌakakinoꞌangaꞌia	2
ꞌakakeuꞌanga	2
ꞌakakakāꞌia	2
ꞌakaea	2
ꞌakaaroꞌaꞌia	2
ꞌakaariariꞌanga	2
ꞌairani	2
ꞌaeꞌae	2
ꞌaereꞌangaꞌia	2
ūzia	2
ūmereꞌia	2
ōrongo	2
ōliveta	2
ī	2
ēserōna	2
ēmausa	2
ēliuda	2
ēleāzara	2
ēkōkō	2
āzora	2
āvaitata	2
ātene	2
āta	2
ārīmātea	2
ārairai	2
āmona	2
ālephaia	2
ākuila	2
ākima	2
ākaꞌia	2
āitu	2
āhaza	2
ābiūda	2
zēbulūna	2
vāvare	2
viri	2
vinika	2
vero	2
vere	2
veo	2
vaꞌipe	2
vaꞌaruā	2
vavao	2
varenga	2
vaoꞌoꞌia	2
vaiꞌanga	2
vairaka	2
vaimāꞌanga	2
v	2
utuutuꞌia	2
urunga	2
urukaikai	2
uri	2
unu	2
ume	2
uka	2
uiuiꞌia	2
tūꞌanga	2
tūtūnoa	2
tūtakinaꞌia	2
tūpou	2
tūporo	2
tūpapa	2
tūoroꞌia	2
tūkētūkē	2
tūkiri	2
tūkiko	2
tūkia	2
tōpiriꞌia	2
tōkata	2
tōia	2
tīteni	2
tīria	2
tīnaimate	2
tīnai	2
tēkōpio	2
tāꞌīꞌī	2
tāꞌopenga	2
tāꞌokotaꞌiꞌangaꞌia	2
tāꞌitoꞌito	2
tāꞌiripotiꞌia	2
tāꞌikuꞌangaꞌia	2
tāꞌangaꞌangaꞌia	2
tāꞌakamāꞌia	2
tāviꞌiviꞌi	2
tāvarevare	2
tātāꞌuata	2
tātāꞌi	2
tātua	2
tātini	2
tāraꞌu	2
tārapa	2
tārai	2
tāpūꞌanga	2
tāpou	2
tāpotu	2
tāpotoꞌia	2
tāporoporo	2
tāpokikoreꞌia	2
tāpokikiri	2
tāpikipikiꞌia	2
tāpepeꞌia	2
tāparu	2
tāoꞌi	2
tāngaroꞌia	2
tāmoko	2
tāmarū	2
tāmanamanatāꞌia	2
tāmamae	2
tākoreꞌia	2
tākiriꞌia	2
tākirikiriꞌia	2
tākingakino	2
tākao	2
tāiko	2
tuꞌaꞌia	2
tuꞌangā	2
tuātatau	2
tuāpara	2
tutunga	2
tute	2
turotoꞌanga	2
turitā	2
turiara	2
turama	2
tupupa	2
tupae	2
tunu	2
tukumoekore	2
tukituki	2
tukeke	2
tuitui	2
tuaꞌia	2
tuatuatau	2
tuatini	2
tuaruꞌia	2
tuamotu	2
tti	2
toꞌutoꞌu	2
toꞌora	2
toꞌatoꞌa	2
totō	2
totoꞌuꞌia	2
topaꞌanga	2
tonoꞌia	2
tongareva	2
tokoꞌa	2
toki	2
toke	2
tokatoka	2
tiꞌetiꞌeꞌanga	2
tiꞌama	2
tiēni	2
tinai	2
tikāiꞌia	2
tikitiki	2
tike	2
tii	2
tiaporo	2
ti	2
tfria	2
teꞌateꞌamamaoꞌanga	2
teuteu	2
terophimo	2
teretulo	2
temarama	2
tekorona	2
teiiri	2
tdmatetenga	2
taꞌua	2
taꞌia	2
taꞌfꞌfꞌia	2
taꞌeke	2
taꞌaro	2
taī	2
taviti	2
tauturuꞌia	2
tautopa	2
taumaroroꞌanga	2
tatua	2
tataꞌanga	2
tarāo	2
taruru	2
taruri	2
tareꞌanga	2
tarevake	2
tarevakaꞌua	2
taraꞌu	2
taraiꞌanga	2
tapepeꞌanga	2
taparaua	2
tapapaꞌanga	2
tapakau	2
tapaeꞌanga	2
tapaeru	2
tapae	2
taoꞌanga	2
taote	2
taonga	2
tanutanu	2
taneꞌaꞌia	2
taneꞌaꞌanga	2
tanaꞌo	2
tamatea	2
takume	2
takiꞌā	2
takingakinoꞌia	2
takina	2
takiato	2
take	2
takaꞌī	2
takaꞌiꞌia	2
takaꞌinga	2
takave	2
takareꞌu	2
taiaꞌia	2
sālema	2
sādoka	2
sikinamai	2
sftona	2
sfdona	2
serio	2
sekeva	2
sekema	2
satani	2
samuela	2
rūꞌau	2
rūrūꞌanga	2
rīrērīrē	2
rī	2
rērē	2
rēhōboāma	2
rēbeka	2
rāꞌaba	2
rāvengaora	2
rāvea	2
rārātea	2
rānuinui	2
rākeiꞌia	2
rupe	2
rungi	2
roi	2
roda	2
ringoringo	2
rimu	2
rikarikaꞌanga	2
rererere	2
repo	2
remuremu	2
reiraꞌo	2
raveꞌangaꞌia	2
raveraveꞌanga	2
ravepga	2
ravengaora	2
raukakore	2
rarangaꞌia	2
raoaꞌia	2
rangaranga	2
rako	2
pūtī	2
pūtakaꞌiti	2
pūrua	2
pūraka	2
pūpūꞌanga	2
pōrau	2
pōpōure	2
pōpōiri	2
pīpīꞌia	2
pēꞌau	2
pērāai	2
pēni	2
pāꞌoa	2
pāꞌekeꞌeke	2
pāꞌataꞌia	2
pātete	2
pārua	2
pāpāringa	2
pāpāmarō	2
pānu	2
pāngika	2
pākau	2
puꞌipuꞌi	2
putā	2
putuputuꞌia	2
pururū	2
punga	2
pukupuku	2
puakāoa	2
puakaaoa	2
poꞌitirere	2
porotito	2
poreꞌo	2
pore	2
popilio	2
ponoto	2
pona	2
poko	2
pokipoki	2
pokerua	2
pio	2
pinipini	2
pikikaꞌaꞌanga	2
phārao	2
peꞌi	2
perepere	2
pereneki	2
pepeꞌi	2
pepe	2
peniꞌia	2
patoꞌiꞌanga	2
patitiꞌanga	2
patipati	2
parukaꞌua	2
paroro	2
parepare	2
paratāpe	2
papho	2
papaꞌia	2
papatūkere	2
paoꞌia	2
pakia	2
paki	2
paepae	2
paea	2
p	2
oꞌuꞌia	2
oī	2
ovf	2
oro	2
oraora	2
oa	2
nūmero	2
nāphatari	2
nāina	2
nukutere	2
nukuroa	2
nounou	2
niꞌa	2
nira	2
ngātata	2
ngāruerue	2
ngāpūāriki	2
ngāngana	2
ngāmatareꞌu	2
ngākauparau	2
ngāi	2
ngunguru	2
ngote	2
ngina	2
ngaꞌuruꞌanga	2
ngauru	2
ngaromia	2
nengonengo	2
neinei	2
nauriki	2
nanaꞌi	2
nanave	2
namu	2
naikuere	2
naero	2
mōtoroē	2
mōtiꞌa	2
mōrea	2
mōkiri	2
mō	2
mīnora	2
māꞌūꞌū	2
māꞌai	2
mātipi	2
mātana	2
mātaitai	2
mārōrō	2
māroꞌiroꞌikore	2
māringiringi	2
māreva	2
māreko	2
mārau	2
māramakore	2
māpua	2
mānakonakoꞌia	2
māmate	2
mākēsā	2
musia	2
muaꞌia	2
mouꞌauriꞌia	2
motuꞌanga	2
motokia	2
momono	2
momoe	2
moeāana	2
miā	2
miringāꞌo	2
mirimiri	2
mingimingi	2
mingi	2
minete	2
mfleto	2
meā	2
mesopotamia	2
mere	2
menema	2
meleki	2
maꞌaniꞌanga	2
maꞌanga	2
maui	2
matā	2
matuapuru	2
matua	2
matepongi	2
mataꞌiapoꞌ	2
matarō	2
matareka	2
matarau	2
maringiꞌangā	2
maria	2
maremo	2
marangai	2
maraka	2
mapu	2
manāse	2
mangamangā	2
manea	2
mamoe	2
mamaoꞌanga	2
mamanaꞌa	2
mamaeꞌanga	2
makiꞌanga	2
maiꞌia	2
maeva	2
lusia	2
lukio	2
lukaonia	2
litera	2
lili	2
kōꞌiti	2
kōꞌia	2
kōrāzina	2
kōringo	2
kōperepere	2
kōmono	2
kīnaki	2
kīkī	2
kēkeno	2
kāꞌore	2
kāꞌiro	2
kāꞌara	2
kāpitipiti	2
kāpikipikiꞌanga	2
kāne	2
kāmuta	2
kākaꞌukoreꞌanga	2
kākaꞌukore	2
kutekute	2
kupe	2
kumu	2
kumi	2
kukumiꞌanga	2
kukume	2
kuaꞌakarongo	2
ku	2
koꞌiriꞌiria	2
koukou	2
kotoꞌe	2
kotikotia	2
kote	2
korinetia	2
kokoi	2
kiteakore	2
kiro	2
kirikiritia	2
kimikimiꞌia	2
kimikimiꞌanga	2
keꞌia	2
keukeu	2
ketaketa	2
keta	2
kermadec	2
keripo	2
kerero	2
kerepuru	2
kenu	2
keke	2
kawainui	2
kaveꞌia	2
kavamapi	2
kauri	2
kaumaiti	2
katoā	2
karua	2
karaperape	2
kapo	2
kapitiꞌanga	2
kapipiti	2
kapikipikiꞌanga	2
kapi	2
kaokao	2
kanoꞌi	2
kanapa	2
kanae	2
kamoꞌangā	2
kamakura	2
kakīꞌangā	2
kakenga	2
kakai	2
kaiꞌia	2
kaitamaki	2
kairau	2
kaingakai	2
kainana	2
kaimoumou	2
kaikore	2
iōtama	2
iōsia	2
iōse	2
iōrama	2
iō	2
iēkōnia	2
iēhōsāphata	2
iuseto	2
iulio	2
iriꞌeaꞌanga	2
iriꞌea	2
inuꞌanga	2
inukore	2
iku	2
iiida	2
hēzekia	2
harana	2
gōmora	2
gāio	2
gāberiela	2
getesemane	2
genesāreta	2
gamaliela	2
galatia	2
gaio	2
etene	2
enoka	2
emi	2
elima	2
eaꞌau	2
eaꞌanga	2
doreka	2
dia	2
derusila	2
demeterio	2
bānaba	2
betephage	2
barasaba	2
bara	2
aꞌuru	2
aꞌuaꞌu	2
auguso	2
auaꞌi	2
atū	2
ateaꞌanga	2
ate	2
aso	2
asa	2
aruꞌanga	2
arumaki	2
aroꞌakore	2
araiꞌia	2
arairaiꞌia	2
aoꞌanga	2
aoaokaiꞌia	2
aoa	2
ano	2
amuamu	2
amo	2
ama	2
alekanedero	2
akoꞌangaꞌia	2
akoakoꞌanga	2
akaꞌia	2
airani	2
agabo	2
ꞌꞌei	1
ꞌūꞌū	1
ꞌōꞌōꞌia	1
ꞌōꞌōꞌanga	1
ꞌōꞌotu	1
ꞌōꞌongi	1
ꞌōtirēra	1
ꞌōrureꞌauꞌanga	1
ꞌōrongā	1
ꞌōreiꞌangā	1
ꞌōreikoreꞌia	1
ꞌōrea	1
ꞌōrau	1
ꞌōpita	1
ꞌōmāmā	1
ꞌōmaiꞌia	1
ꞌōatu	1
ꞌīꞌīa	1
ꞌīꞌiri	1
ꞌītaki	1
ꞌītae	1
ꞌīsopa	1
ꞌīkoke	1
ꞌēꞌeva	1
ꞌēꞌanga	1
ꞌēī	1
ꞌēte	1
ꞌētauꞌanga	1
ꞌēkōkōkoreꞌanga	1
ꞌēia	1
ꞌēi	1
ꞌāꞌāꞌia	1
ꞌāē	1
ꞌāvāꞌo	1
ꞌāvae	1
ꞌāutū	1
ꞌāuouō	1
ꞌāunaꞌia	1
ꞌāuna	1
ꞌāua	1
ꞌātui	1
ꞌāte	1
ꞌārō	1
ꞌārāveiꞌanga	1
ꞌāriuriungatā	1
ꞌāriteꞌia	1
ꞌārikiriki	1
ꞌārikikoreꞌia	1
ꞌāpukuꞌia	1
ꞌāpukuꞌangaꞌia	1
ꞌāpa	1
ꞌānū	1
ꞌāniu	1
ꞌāngera	1
ꞌāngaiꞌanga	1
ꞌāngairi	1
ꞌāneto	1
ꞌānereꞌanga	1
ꞌānaunga	1
ꞌāmouamou	1
ꞌāmou	1
ꞌāmiō	1
ꞌāmaru	1
ꞌāmama	1
ꞌākua	1
ꞌākonokonoꞌanga	1
ꞌākia	1
ꞌākarakore	1
ꞌākapikapi	1
ꞌāiteꞌia	1
ꞌāita	1
ꞌāiro	1
ꞌāia	1
ꞌuꞌutia	1
ꞌuꞌuti	1
ꞌuꞌunaꞌiaꞌanga	1
ꞌuꞌuaꞌanga	1
ꞌutiꞌutiꞌanga	1
ꞌutiꞌia	1
ꞌuriꞌuriꞌanga	1
ꞌuriꞌanga	1
ꞌuritua	1
ꞌuraꞌura	1
ꞌukea	1
ꞌuka	1
ꞌuiꞌui	1
ꞌuipāꞌia	1
ꞌuetū	1
ꞌuaꞌo	1
ꞌuapou	1
ꞌuanuku	1
ꞌuakore	1
ꞌuaai	1
ꞌtono	1
ꞌtnītia	1
ꞌputu	1
ꞌoꞌororoa	1
ꞌoꞌonitua	1
ꞌoꞌongi	1
ꞌoꞌoi	1
ꞌouꞌanga	1
ꞌotuꞌotu	1
ꞌotu	1
ꞌoroꞌoro	1
ꞌoroꞌinano	1
ꞌoroꞌenga	1
ꞌoroꞌa	1
ꞌorotu	1
ꞌororū	1
ꞌoropunga	1
ꞌoropapa	1
ꞌorokeꞌu	1
ꞌorinētia	1
ꞌoreiꞌia	1
ꞌora	1
ꞌopukinaꞌangaꞌia	1
ꞌopekore	1
ꞌoparaꞌia	1
ꞌopara	1
ꞌongoꞌongo	1
ꞌongoai	1
ꞌongiꞌanga	1
ꞌokī	1
ꞌokoꞌitu	1
ꞌokotaꞌo	1
ꞌokotaꞌingaꞌuru	1
ꞌokonaꞌia	1
ꞌokiatura	1
ꞌok	1
ꞌoi	1
ꞌoatu	1
ꞌno	1
ꞌmei	1
ꞌme	1
ꞌiꞌiki	1
ꞌiuropa	1
ꞌiu	1
ꞌitungaꞌuru	1
ꞌitiꞌiti	1
ꞌitiꞌia	1
ꞌirī	1
ꞌiriꞌiriꞌia	1
ꞌiriꞌiri	1
ꞌiriꞌia	1
ꞌiriꞌea	1
ꞌirinakikoreꞌanga	1
ꞌiria	1
ꞌipukarea	1
ꞌiota	1
ꞌinē	1
ꞌingoa	1
ꞌingo	1
ꞌinano	1
ꞌinangaroꞌanga	1
ꞌinangarokoreꞌia	1
ꞌin	1
ꞌikuꞌiku⁠	1
ꞌikurangiā	1
ꞌikiꞌangaꞌia	1
ꞌika	1
ꞌftikiꞌia	1
ꞌftikitiki	1
ꞌfmene	1
ꞌeꞌeꞌanga	1
ꞌeꞌeuꞌangaꞌia	1
ꞌevā	1
ꞌevaꞌeva	1
ꞌevatapu	1
ꞌevangeria	1
ꞌeuꞌeu	1
ꞌeuropa	1
ꞌetū	1
ꞌeruꞌ	1
ꞌero	1
ꞌepiri	1
ꞌepetoma	1
ꞌenuaꞌakarana	1
ꞌenemiꞌanga	1
ꞌelia	1
ꞌekeꞌia	1
ꞌekeꞌeke	1
ꞌeitiꞌuate	1
ꞌeaꞌa	1
ꞌaꞌaoꞌia	1
ꞌaꞌangiꞌanga	1
ꞌaꞌangi	1
ꞌaꞌane	1
ꞌaꞌakiꞌia	1
ꞌaꞌaeꞌia	1
ꞌaviriꞌanga	1
ꞌaviri	1
ꞌavini	1
ꞌavana	1
ꞌaumiꞌi	1
ꞌatuꞌatuꞌia	1
ꞌatonga	1
ꞌatom	1
ꞌatiꞌatiꞌia	1
ꞌatirā	1
ꞌatirau	1
ꞌataꞌatā	1
ꞌaruꞌiaꞌanga	1
ꞌaruru	1
ꞌarua	1
ꞌariuriu	1
ꞌareꞌanga	1
ꞌarerangi	1
ꞌaraveiꞌia	1
ꞌarapakia	1
ꞌarapaki	1
ꞌapiꞌipiꞌi	1
ꞌapiꞌikoreꞌia	1
ꞌapingā	1
ꞌapingamangamanga	1
ꞌaping	1
ꞌapikepike	1
ꞌape	1
ꞌapaꞌo	1
ꞌapakura	1
ꞌapaipaꞌia	1
ꞌapaipai	1
ꞌaotearoa	1
ꞌao	1
ꞌanā	1
ꞌaniꞌani	1
ꞌanimara	1
ꞌangiꞌangi	1
ꞌangaꞌuru	1
ꞌangaꞌangaꞌanga	1
ꞌanauꞌiaꞌanga	1
ꞌanake	1
ꞌamuri	1
ꞌamoꞌinu	1
ꞌakāroꞌa	1
ꞌakāriki	1
ꞌakānu	1
ꞌakāngi	1
ꞌakurama	1
ꞌakua	1
ꞌakoko	1
ꞌaki	1
ꞌakaꞌēumiumi	1
ꞌakaꞌāvai	1
ꞌakaꞌāuouō	1
ꞌakaꞌātingaꞌangaꞌia	1
ꞌakaꞌārāvei	1
ꞌakaꞌāriuꞌia	1
ꞌakaꞌānauꞌanga	1
ꞌakaꞌānau	1
ꞌakaꞌāiteiteꞌia	1
ꞌakaꞌuri	1
ꞌakaꞌungaꞌungātītī	1
ꞌakaꞌuaꞌanga	1
ꞌakaꞌotu	1
ꞌakaꞌopenga	1
ꞌakaꞌokoꞌanga	1
ꞌakaꞌoa	1
ꞌakaꞌiti	1
ꞌakaꞌingo	1
ꞌakaꞌinangaro	1
ꞌakaꞌieꞌie	1
ꞌakaꞌeunukaꞌia	1
ꞌakaꞌeunuka	1
ꞌakaꞌauꞌia	1
ꞌakaꞌatingaꞌia	1
ꞌakaꞌatikau	1
ꞌakaꞌariuꞌiaꞌanga	1
ꞌakaꞌariuꞌanga	1
ꞌakaꞌapeꞌapeꞌanga	1
ꞌakaꞌapaꞌangaꞌia	1
ꞌakaꞌaoꞌia	1
ꞌakaꞌangaꞌanga	1
ꞌakaꞌanauꞌia	1
ꞌakaꞌakaꞌanga	1
ꞌakaꞌaiteꞌanga	1
ꞌakaꞌaerenga	1
ꞌakaūꞌia	1
ꞌakaū	1
ꞌakaōꞌanga	1
ꞌakaāriꞌangaꞌia	1
ꞌakaārikiꞌiaꞌanga	1
ꞌakavāꞌangaꞌia	1
ꞌakavāai	1
ꞌakavaꞌine	1
ꞌakavaꞌ	1
ꞌakavaitataꞌanga	1
ꞌakautaꞌia	1
ꞌakauta	1
ꞌakaupokoꞌanga	1
ꞌakaungaꞌia	1
ꞌakaumuꞌia	1
ꞌakaumu	1
ꞌakauenga	1
ꞌakatūrori	1
ꞌakatūkiakiaꞌanga	1
ꞌakatūkatau	1
ꞌakatāꞌonga	1
ꞌakatārevakē	1
ꞌakatāpiki	1
ꞌakatāmakaꞌia	1
ꞌakatuꞌeraꞌanga	1
ꞌakatupū	1
ꞌakatupaꞌoroꞌoro	1
ꞌakatumu	1
ꞌakatukiakiaꞌanga	1
ꞌakatukeꞌia	1
ꞌakatukeꞌanga	1
ꞌakatukekeꞌanga	1
ꞌakatuikaꞌaꞌia	1
ꞌakatomo	1
ꞌakatiꞌamāꞌia	1
ꞌakatiꞌamaꞌia	1
ꞌakatiꞌama	1
ꞌakateretereꞌangā	1
ꞌakateretereꞌanga	1
ꞌakateni	1
ꞌakateiteiꞌanga	1
ꞌakateimaꞌaꞌanga	1
ꞌakateiaꞌaꞌia	1
ꞌakateaꞌanga	1
ꞌakateatea	1
ꞌakatea	1
ꞌakataꞌinuꞌanga	1
ꞌakataꞌaꞌia	1
ꞌakatapuꞌanga	1
ꞌakataputoꞌuꞌia	1
ꞌakataoꞌonga	1
ꞌakatangiꞌanga	1
ꞌakatangata	1
ꞌakatakaꞌanga	1
ꞌakatakataka	1
ꞌakasātauroꞌiaꞌanga	1
ꞌakasātauroꞌangaꞌia	1
ꞌakasatauroꞌanga	1
ꞌakarērē	1
ꞌakarārā	1
ꞌakarukeꞌangaꞌia	1
ꞌakaruarua	1
ꞌakarongorongoꞌanga	1
ꞌakaroaꞌia	1
ꞌakarikiꞌia	1
ꞌakaraꞌangaꞌia	1
ꞌakarava	1
ꞌakaraumātea	1
ꞌakarangatiraꞌanga	1
ꞌakarangatira	1
ꞌakarana	1
ꞌakarakaraꞌanga	1
ꞌakarakara	1
ꞌakapūꞌanga	1
ꞌakapūroku	1
ꞌakapēꞌeaꞌia	1
ꞌakapērāꞌanga	1
ꞌakapāpūꞌangaꞌia	1
ꞌakapāpānunui	1
ꞌakapuꞌeraꞌia	1
ꞌakapuꞌapingaꞌia	1
ꞌakapuꞌapingaꞌanga	1
ꞌakapumaꞌanaꞌanga	1
ꞌakapukuꞌanga	1
ꞌakapukupuku	1
ꞌakapuke	1
ꞌakaperepereꞌanga	1
ꞌakapeke	1
ꞌakapekapeka	1
ꞌakaparuparu	1
ꞌakaparuka	1
ꞌakaparu	1
ꞌakapapuꞌia	1
ꞌakapapaꞌia	1
ꞌakapangiaꞌia	1
ꞌakaotioti	1
ꞌakaoramou	1
ꞌakaonoꞌanga	1
ꞌakaoko	1
ꞌakanoꞌonoꞌoꞌia	1
ꞌakanonoꞌa	1
ꞌakanoanoa	1
ꞌakangāruerue	1
ꞌakangākau	1
ꞌakangereꞌia	1
ꞌakangateiteiꞌia	1
ꞌakangaroꞌiꞌanga	1
ꞌakangaropoinaꞌia	1
ꞌakanekenekeꞌanga	1
ꞌakananave	1
ꞌakamūrareꞌia	1
ꞌakamāꞌuꞌu	1
ꞌakamāꞌinuꞌinu	1
ꞌakamāunu	1
ꞌakamātūtūꞌia	1
ꞌakamātūtūꞌanga	1
ꞌakamātauꞌia	1
ꞌakamātau	1
ꞌakamārōkiꞌakiꞌaꞌia	1
ꞌakamārōketaketa	1
ꞌakamāro	1
ꞌakamāramaramaꞌanga	1
ꞌakamānu	1
ꞌakamāneaꞌiaꞌanga	1
ꞌakamutuꞌanga	1
ꞌakamutekf	1
ꞌakamouꞌauri	1
ꞌakamouꞌanga	1
ꞌakamouririkore	1
ꞌakamoupuku	1
ꞌakamotu	1
ꞌakamorimori	1
ꞌakamoeꞌau	1
ꞌakamoe	1
ꞌakamiroꞌiroꞌi	1
ꞌakamingimingi	1
ꞌakameangiti	1
ꞌakamaꞌoraꞌora	1
ꞌakamaꞌataꞌiaai	1
ꞌakamavete	1
ꞌakamatutuꞌanga	1
ꞌakamatu	1
ꞌakamaroꞌiroꞌiꞌia	1
ꞌakamaroꞌiroꞌiꞌanga	1
ꞌakamaro	1
ꞌakamaringiꞌanga	1
ꞌakamaringi	1
ꞌakamaremoꞌia	1
ꞌakamaramaramaꞌanga	1
ꞌakamaniaꞌia	1
ꞌakamanaꞌia	1
ꞌakamamaꞌata	1
ꞌakamamao	1
ꞌakamamae	1
ꞌakakōkōꞌanga	1
ꞌakakākaꞌuꞌanga	1
ꞌakakorōnaꞌia	1
ꞌakakorōna	1
ꞌakakoroꞌia	1
ꞌakakoreꞌiaai	1
ꞌakakoi	1
ꞌakaklklꞌanga	1
ꞌakakiteꞌangaꞌia	1
ꞌakaketaketaꞌia	1
ꞌakaketaketa	1
ꞌakakerekere	1
ꞌakakatoatoaꞌia	1
ꞌakakatiriꞌanga	1
ꞌakakapikapi	1
ꞌakakaioꞌu	1
ꞌakairoꞌi	1
ꞌakairoꞌanga	1
ꞌakairokoreꞌia	1
ꞌakairiꞌia	1
ꞌakaekeeke	1
ꞌakaeatuꞌanga	1
ꞌakaeatu	1
ꞌakaeaatu	1
ꞌakaaruaru	1
ꞌakaaroꞌa	1
ꞌakaariꞌia	1
ꞌakaariꞌanga	1
ꞌakaarikiꞌia	1
ꞌakaaraꞌia	1
ꞌakaanuanu	1
ꞌakaanu	1
ꞌakaanga	1
ꞌaka	1
ꞌaiꞌia	1
ꞌaitu	1
ꞌaite	1
ꞌairapi	1
ꞌaferika	1
ꞌaeꞌaeꞌia	1
ꞌaete	1
ꞌaerepga	1
ūtu	1
ūtataki	1
ūtaro	1
ūria	1
ūmeremereꞌia	1
ūiteki	1
ūa	1
ōꞌavaiki	1
ōu	1
ōp	1
īāꞌanga	1
ītālia	1
īmānuela	1
ēā	1
ēseroma	1
ērāseto	1
ērā	1
ēpainēto	1
ēnā	1
ēli	1
ēbera	1
āꞌī	1
āꞌeaꞌia	1
āō	1
ātou	1
ātiu	1
ātepae	1
āteatea	1
āsera	1
ārū	1
ārīsetōbulo	1
ārīsetāreko	1
ārēpākāsada	1
āruꞌia	1
āro	1
ārio	1
ārekelau	1
ārea	1
ārani	1
āranga	1
āraiꞌia	1
āpele	1
āoa	1
ānoa	1
ānederōniko	1
āmosa	1
āmiri	1
āmepēliāto	1
ām	1
ākī	1
ākā	1
ākonokore	1
ākono	1
ākonei	1
ākaiko	1
āia	1
āi	1
ādamina	1
ābilene	1
zārēphata	1
zākaio	1
zara	1
whātopga	1
waikato	1
w	1
vītū	1
vāꞌiꞌia	1
vāvāꞌiꞌia	1
vāvāꞌiꞌanga	1
vānangananga	1
vānanga	1
vāine	1
vāea	1
voyaging	1
viꞌiviꞌikore	1
vivikiꞌia	1
vitiviti	1
vipoko	1
vinivini	1
vfpera	1
veve	1
verovero	1
veravera	1
venevene	1
vaꞌīꞌia	1
vaꞌoꞌia	1
vaꞌi	1
vaꞌareka	1
vaꞌanga	1
vaꞌaki	1
vaveꞌanga	1
vavaꞌiꞌia	1
vavaꞌi	1
vavariaꞌia	1
vavariaꞌangaꞌia	1
varuꞌia	1
varivari	1
vareꞌau	1
vareāmoe	1
vareroa	1
varavara	1
varani	1
vanu	1
vaiꞌīꞌanga	1
vaiꞌuaꞌanga	1
vaiꞌoꞌangaꞌia	1
vaiꞌiria	1
vaito	1
vairākau	1
vairangaꞌia	1
vaimoko	1
vaikingi	1
vaikinga	1
vaiki	1
vaeruārangi	1
vaeruarau	1
vaero	1
uꞌo	1
uꞌa	1
uē	1
utautangia	1
utataki	1
urupūꞌanga	1
urua	1
urobāno	1
urenui	1
ura	1
uouo	1
unuꞌanga	1
unuunu	1
unutea	1
unaꞌi	1
umuumū	1
uiꞌara	1
uiuꞌia	1
uiuiꞌanga	1
uia	1
uea	1
uaua	1
tūꞌia	1
tūtoꞌu	1
tūtakikore	1
tūrēkia	1
tūrāvaꞌo	1
tūrāi	1
tūrotoꞌia	1
tūriki	1
tūrangakore	1
tūpae	1
tūmanava	1
tūkēkore	1
tūkura	1
tūkumi	1
tūketūke	1
tūkaꞌi	1
tūkatau	1
tūkao	1
tūiti	1
tūe	1
tōꞌanga	1
tōꞌ	1
tōtōia	1
tōtoengā	1
tōtara	1
tōro	1
tōpā	1
tōpatapata	1
tōpata	1
tōpa	1
tōnaꞌ	1
tītī	1
tīroi	1
tīriaki	1
tīpūꞌanga	1
tīpūpū	1
tīpu	1
tīpoto	1
tīnana	1
tīkura	1
tīirina	1
tērākōniti	1
tēra	1
tēkoꞌikoꞌi	1
tāꞌūꞌū	1
tāꞌēꞌēꞌanga	1
tāꞌēꞌē	1
tāꞌēē	1
tāꞌuriꞌuriꞌia	1
tāꞌuriꞌuriꞌangaꞌia	1
tāꞌiroꞌia	1
tāꞌiripotiꞌanga	1
tāꞌiripoti	1
tāꞌiria	1
tāꞌiki	1
tāꞌiaꞌanga	1
tāꞌeke	1
tāꞌakamāꞌanga	1
tāꞌaka	1
tāviꞌiviꞌiꞌia	1
tāviꞌiviꞌiꞌanga	1
tāviniꞌia	1
tāveva	1
tāvareꞌanga	1
tāvarenga	1
tāvare	1
tāvana	1
tāunga	1
tātāꞌangaꞌia	1
tātātou	1
tātāpaka	1
tātākiꞌanga	1
tātākinoꞌia	1
tātāai	1
tātomo	1
tāteniteni	1
tātaki	1
tātai	1
tārēꞌanga	1
tārē	1
tāruta	1
tārurikēꞌanga	1
tārotokaka	1
tāroaroa	1
tāriki	1
tāria	1
tārerē	1
tārepaꞌia	1
tāpokiꞌanga	1
tāpokipoki	1
tāpiriꞌia	1
tāpiriꞌanga	1
tāpikipikiꞌanga	1
tāpeꞌa	1
tāpepeꞌangakore	1
tāpapaꞌia	1
tāpaki	1
tāpaeꞌia	1
tāoriori	1
tāoni	1
tānā	1
tāngutu	1
tāmouꞌanga	1
tāmateꞌanga	1
tāmatemate	1
tāmataoraꞌanga	1
tāmatamataꞌanga	1
tāmataku	1
tāmarumaruꞌanga	1
tāmaru	1
tāmarama	1
tāmara	1
tāmanakoꞌia	1
tākotokoto	1
tākitāki	1
tākiritia	1
tākirikiri	1
tākinoꞌia	1
tākino	1
tākingā	1
tākingakinoꞌia	1
tākiato	1
tākave	1
tākatakata	1
tākaraꞌia	1
tākakoꞌia	1
tākako	1
tākai	1
tādaio	1
tāangaꞌia	1
tuꞌia	1
tuꞌeraꞌera	1
tuꞌe	1
tuꞌaꞌanga	1
tuꞌakaꞌou	1
tuꞌaai	1
tutuꞌaere	1
tutupu	1
tutungiꞌanga	1
tutauꞌanga	1
tutaumaꞌa	1
tutapu	1
tutakinaꞌia	1
tutaka	1
turuꞌia	1
turu	1
turotoꞌia	1
turoto	1
turo	1
turituri	1
turano	1
turanga	1
turaki	1
tupou	1
tupaꞌuꞌia	1
tupama	1
tuoro	1
tungouꞌanga	1
tungane	1
tumuꞌanga	1
tumutevarovaro	1
tukuꞌangā	1
tukutukukore	1
tukungā	1
tukunga	1
tukuaꞌia	1
tuko	1
tukiꞌanga	1
tukipapa	1
tukiko	1
tukatau	1
tuituiꞌanga	1
tuimuri	1
tuia	1
tui	1
tuatuaꞌiaꞌanga	1
tuatu	1
tuatira	1
tuama	1
tuaero	1
tttauꞌanga	1
tqvaru	1
totoꞌaꞌia	1
totototo	1
totopū	1
totoenga	1
torungaꞌuru	1
toroꞌia	1
topiriꞌia	1
topaꞌiāi	1
topapaꞌanga	1
topapa	1
tonoꞌangaꞌia	1
tongaꞌua	1
tongaꞌiti	1
tokōno	1
tokoꞌā	1
tokotaꞌi	1
tokoiva	1
tokelau	1
tokaroa	1
toeꞌanga	1
toetoea	1
toengā	1
tlta	1
tlaorangi	1
tiꞌākana	1
tiꞌava	1
tiꞌakono	1
tiꞌaka	1
tiura	1
titiriꞌangaꞌia	1
titiriꞌanga	1
titio	1
tiritiri	1
tiria	1
tiratiratu	1
tipuꞌanga	1
tioi	1
tinī	1
tina	1
timoteo	1
timona	1
tikoru	1
tikiꞌangaꞌia	1
tikiꞌanga	1
tikitikiꞌanga	1
tikingaꞌanga	1
tikinga	1
tikina	1
tikakoreꞌanga	1
tiitii	1
tiitara	1
tibērio	1
tiare	1
tiakiꞌanga	1
tiakikore	1
tfroiꞌanga	1
tfpupu	1
tfpapa	1
tfnainai	1
tfnaimateꞌia	1
tfnaimate	1
tfmataꞌanga	1
teꞌui	1
teꞌenui	1
teꞌateꞌamamaoꞌia	1
teōphilo	1
teve	1
teuda	1
tetoka	1
tetoiko	1
teterareka	1
tete	1
tetaꞌ	1
tetaro	1
terētio	1
terā	1
teruphosa	1
teruphaina	1
teraaꞌo	1
tepori	1
teophilo	1
tenimita	1
tela	1
tekuru	1
teivi	1
teivaꞌo	1
teira	1
teio	1
teata	1
tearawa	1
taꞌuꞌanga	1
taꞌunaia	1
taꞌuna	1
taꞌonga	1
taꞌokotaꞌiꞌanga	1
taꞌitoꞌito	1
taꞌitoā	1
taꞌiriꞌiri	1
taꞌingaꞌuru	1
taꞌikuꞌia	1
taꞌfꞌf	1
taꞌeꞌeꞌia	1
taꞌeꞌanga	1
taꞌetaꞌe	1
taꞌangaꞌangaꞌia	1
taꞌakura	1
taꞌakaꞌakaꞌangaꞌia	1
taꞌakari	1
taꞌaka	1
taꞌae	1
taviꞌiviꞌi	1
taviniꞌanga	1
tavere	1
tavaꞌenga	1
tavavare	1
tavarivari	1
tavarevare	1
tavakavaka	1
tavaitaꞌi	1
tauꞌētonoꞌia	1
tauꞌētonotono	1
tauꞌētono	1
tauꞌani	1
tauī	1
tautāꞌanga	1
tauturuꞌanga	1
tauturuturu	1
tautua	1
tautu	1
tautopaꞌanga	1
tautopatopa	1
taute	1
tautaꞌanga	1
tautauꞌanga	1
tautaiꞌanga	1
taurua	1
taupenga	1
taunga	1
taumaꞌa	1
taul	1
tauiꞌia	1
tauira	1
tauana	1
tauai	1
tauae	1
tatuaꞌia	1
tateitei	1
tataꞌa	1
tatautauꞌia	1
tataraꞌaraꞌanga	1
tataraꞌanga	1
tatakirima	1
tarāvaiꞌia	1
taruiae	1
taru	1
tarotaroꞌanga	1
taroaroa	1
tariꞌangaꞌia	1
tarionge	1
tarevakeꞌ	1
tarekareka	1
tapuꞌia	1
tapuꞌanga	1
taputoꞌukore	1
taputapuātea	1
tapukore	1
tapora	1
tapiri	1
tapini	1
tapikipiki	1
tapepeꞌiaai	1
tapekaꞌanga	1
tapekapekaꞌanga	1
tapekapeka	1
tape	1
tapaꞌiꞌia	1
tapaꞌanga	1
tapaono	1
tapakia	1
taoꞌiꞌau	1
taoꞌia	1
taotao	1
taorioriꞌanga	1
taomiꞌia	1
taomiꞌangā	1
tanuꞌia	1
tanuꞌanga	1
tanuā	1
tangāna	1
tangā	1
tangiꞌanga	1
tangikore	1
tangaroꞌia	1
tangaro	1
taneꞌa	1
tamāꞌīne	1
tamāꞌinē	1
tamu	1
tamouꞌanga	1
tamaꞌanga	1
tamatoa	1
tamatekapua	1
tamatakuꞌanga	1
tamatakutaku	1
tamataku	1
tamarua	1
tamaroꞌia	1
tamarikiꞌanga	1
tamarikikore	1
tamapakoꞌanga	1
tamanamanataꞌia	1
tamanakoꞌia	1
tamakia	1
tamahu	1
takuꞌenua	1
takiꞌituꞌanga	1
takiꞌia	1
takiꞌa	1
takitū	1
takitoru	1
takitimu	1
takitaki	1
takirima	1
takinokinoꞌia	1
takete	1
takerekore	1
takaꞌuriꞌuriꞌiaꞌanga	1
takaviriviriꞌia	1
takatipa	1
takataka	1
takapipi	1
takanimonimo	1
takamoa	1
takakēꞌia	1
takakeꞌanga	1
takakaravia	1
takaiꞌia	1
takaiꞌanga	1
takai	1
taiune	1
taitai	1
tairoto	1
tainui	1
taie	1
taetaevao	1
taenga	1
taeakore	1
sūsana	1
sōsīpātera	1
sōsitēne	1
sīloama	1
sēkuti	1
sāmāsona	1
sāmuela	1
sābākatani	1
surati	1
sukamōrea	1
sukamīno	1
sositene	1
sopatero	1
society	1
sirakusa	1
sir	1
siiria	1
siinederi	1
setāku	1
seta	1
seruga	1
semei	1
sema	1
seleukia	1
sela	1
sekunedo	1
satauro	1
sarona	1
saphira	1
saphfra	1
samoterakia	1
samo	1
salimone	1
salami	1
rūpuna	1
rūe	1
rōꞌau	1
rōio	1
rōake	1
rīrê	1
rēpāꞌanga	1
rēpāia	1
rēnanga	1
rēira	1
rēinga	1
rāꞌia	1
rāꞌela	1
rātouaukite	1
rārāroa	1
rārama	1
rākeiora	1
ruānuku	1
ruturutuꞌanga	1
ruturutua	1
ruturutu	1
rutetetete	1
rutete	1
rute	1
ruta	1
ruruꞌia	1
ruruꞌanga	1
ruri	1
rupga	1
rungaꞌo	1
rungaꞌanga	1
rufuta	1
rueruea	1
ruaꞌineꞌanga	1
ruatuki	1
ruatea	1
ruatakiva	1
ruarua	1
ruangaꞌuru	1
roꞌiroꞌikore	1
rouꞌaere	1
rou	1
rotopuꞌanga	1
rotopfj	1
roromi	1
ropgopui	1
rongoꞌia	1
rongorongoā	1
rokoꞌiaꞌanga	1
roiꞌia	1
roia	1
robley	1
roaiti	1
ro	1
ritote	1
rirē	1
riroꞌia	1
riringiꞌia	1
ringo	1
rimurimu	1
rimaꞌia	1
riko	1
rikirikiꞌia	1
rfpainga	1
reu	1
retu	1
resa	1
reruꞌia	1
rererereꞌanga	1
repuꞌanga	1
repua	1
rephana	1
renga	1
reko	1
rekirekia	1
rekeina	1
reirei	1
reinga	1
reia	1
regio	1
rearea	1
re	1
raꞌiri	1
raꞌinga	1
raē	1
ravē	1
ravetoro	1
raveiꞌo	1
raveiꞌia	1
rauꞌao	1
rautūtī	1
rautī	1
rautoro	1
rauti	1
raurau	1
raungaꞌuru	1
rauki	1
raukaꞌia	1
rauao	1
rarā	1
raranga	1
rapota	1
raparapa	1
ranu	1
rangā	1
rangorango	1
rangiora	1
rangarangaꞌanga	1
rakaꞌanga	1
raiatea	1
raemaru	1
pūꞌanga	1
pūtō	1
pūtao	1
pūrēkua	1
pūrotu	1
pūriꞌi	1
pūpūvaꞌa	1
pūpū	1
pūputa	1
pūnua	1
pūnanga	1
pūmaꞌanaꞌia	1
pūmaꞌana	1
pūkakā	1
pūkaitangitangi	1
pūeꞌueꞌu	1
pōuto	1
pōtiki	1
pōte	1
pōtaka	1
pōruturutu	1
pōrutu	1
pōrokirokiꞌanga	1
pōrio	1
pōpōtākiri	1
pōkerekere	1
pōkara	1
pōkai	1
pōiriꞌanga	1
pīꞌanga	1
pīpīꞌanga	1
pīpī	1
pērāꞌanga	1
pēresi	1
pēpei	1
pēi	1
pāꞌūꞌūꞌanga	1
pāꞌūꞌū	1
pāꞌīꞌia	1
pāꞌīꞌanga	1
pāꞌenua	1
pātūꞌia	1
pātiuteꞌoro	1
pātiti	1
pātiaꞌia	1
pātiatia	1
pāruruꞌia	1
pāruruꞌanga	1
pāretēniaꞌanga	1
pāraꞌiꞌanga	1
pāraꞌi	1
pārataito	1
pārae	1
pāradaꞌiso	1
pāpāꞌangaꞌia	1
pāpānu	1
pāpua	1
pāpu	1
pāpaka	1
pāniora	1
pāmū	1
pākotiꞌia	1
pākoti	1
pākoko	1
pākiakia	1
pākia	1
pāketaketa	1
puꞌia	1
puꞌeraꞌanga	1
puꞌapipga	1
puānanga	1
putotototo	1
puteoli	1
putaꞌi	1
putarau	1
putaiꞌu	1
purūmuꞌia	1
purūmu	1
pururu	1
puru	1
puroro	1
puro	1
puriꞌi	1
pupuꞌi	1
punā	1
punuā	1
punupunua	1
punupunu	1
punakau	1
pulotu	1
pulemelei	1
pukupukuꞌanga	1
pukuone	1
pukeꞌia	1
pukenga	1
pukatea	1
pukarea	1
pui	1
puatara	1
puapua	1
poꞌoꞌia	1
poꞌo	1
poꞌatu	1
pouroa	1
poupamu	1
potopotonga	1
poroporoakiꞌanga	1
porokoro	1
porokiꞌanga	1
poroki	1
poroakiꞌangaꞌia	1
poroakiꞌanga	1
poro	1
porineti	1
pori	1
popoto	1
popo	1
polynesian	1
pokio	1
pokeruaꞌia	1
poema	1
plymouth	1
plkaoꞌia	1
pitcaim	1
piriꞌia	1
piriꞌangā	1
piriꞌakita	1
pipiko	1
pingapingareka	1
pine	1
pikoꞌanga	1
pikira	1
pikikaꞌaꞌia	1
phēbē	1
phānuela	1
philōlogo	1
philemona	1
philatēri	1
phenika	1
phelegona	1
pgā	1
pgaropoipa	1
pgaropgaro	1
pgari	1
peꞌiꞌia	1
peꞌea	1
peꞌau	1
peꞌa	1
petolemai	1
peter	1
periseka	1
pereperekāvana	1
pere	1
peraꞌia	1
pepeꞌiꞌiaꞌanga	1
peninsula	1
pelega	1
peketuꞌe	1
pekenga	1
pegāno	1
peapa	1
paꞌuna	1
paꞌtrere	1
paꞌt	1
paꞌo	1
paꞌia	1
paꞌeru	1
paꞌapiꞌi	1
paꞌapaꞌaꞌanga	1
pawa	1
pau	1
patā	1
patuꞌanga	1
patoꞌitoꞌiꞌia	1
patiaꞌia	1
paterōba	1
pateka	1
pate	1
pataꞌiꞌanga	1
patara	1
patapatatue	1
pasa	1
paruruꞌanga	1
paruparuꞌia	1
paruparuꞌanga	1
paria	1
pareu	1
paretia	1
parepareꞌanga	1
paremena	1
paraꞌaraꞌa	1
parari	1
pararangi	1
paramani	1
papā	1
papuꞌanga	1
papeꞌete	1
papaꞌangaꞌia	1
papaā	1
paparua	1
papanui	1
papaku	1
papaka	1
panu	1
pani	1
pangepange	1
pangaia	1
pakotiꞌanga	1
pakoti	1
pakoko	1
pakipaki	1
paketaketa	1
pakatikati	1
paka	1
paiore	1
paetaeta	1
paero	1
pacific	1
oꞌou	1
ou	1
otira	1
otapakari	1
orooroꞌia	1
orioriꞌanga	1
oravaru	1
orakore	1
oo	1
onesimo	1
onenga	1
olūmepa	1
oliveta	1
okoiti	1
oka	1
nūti	1
nūmepa	1
nūmanga	1
nōnoꞌo	1
nīkau	1
nēri	1
nērea	1
nēnevaꞌia	1
nāꞌai	1
nāākō	1
nātana	1
nāhuma	1
nāhora	1
nāgai	1
nukuteveri	1
nukuniva	1
nua	1
noꞌotū	1
noꞌonoꞌoꞌanga	1
note	1
nonoꞌo	1
noniꞌia	1
noni	1
noinoikore	1
noaai	1
niꞌoto	1
niꞌoniꞌo	1
niuē	1
nipaꞌanga	1
niniē	1
nikolao	1
nikanora	1
nienie	1
ngō	1
ngē	1
ngāꞌakapiri	1
ngāvarivari	1
ngāteiteikore	1
ngātaꞌito	1
ngāro	1
ngāngaꞌi	1
ngāngare	1
ngutaꞌare	1
ngunungunu	1
ngoteꞌia	1
ngoteaꞌia	1
ngoru	1
ngereꞌanga	1
ngaꞌiꞌitiꞌanga	1
ngaungau	1
ngaueueꞌanga	1
ngaua	1
ngatoro	1
ngat	1
ngarongaro	1
ngarangara	1
ngakoꞌikoꞌi	1
nfgere	1
new	1
nere	1
nengo	1
neneꞌiꞌia	1
neneꞌi	1
nenevaꞌia	1
neneva	1
nekeneke	1
neapoli	1
naꞌamana	1
natauꞌia	1
nasona	1
narekiso	1
nanueꞌanga	1
nanaoꞌanga	1
nakonei	1
mūrareꞌia	1
mūmūꞌanga	1
mū	1
mōmono	1
mōmaniꞌia	1
mētūsala	1
mēnana	1
mēkārēra	1
māꞌū	1
māꞌaraꞌara	1
māuiꞌanga	1
māuiuiꞌanga	1
māuiui	1
mātoꞌatoꞌa	1
mātorutoru	1
mātoru	1
mātini	1
mātauꞌia	1
mātata	1
mātakutakuꞌanga	1
mātakutaku	1
mārukū	1
māruaꞌanga	1
māroꞌiroꞌiꞌanga	1
mārikongakore	1
mārieꞌia	1
māreꞌureꞌu	1
māramaai	1
māorōro	1
māonga	1
māohi	1
mānukanuka	1
māngoreꞌia	1
māna	1
mākore	1
mākave	1
māinaina	1
māika	1
māgadana	1
muꞌa	1
mutunga	1
mutukoreꞌanga	1
mutu	1
muringaꞌo	1
mumui	1
muatangānā	1
muaaꞌo	1
mouꞌia	1
mouꞌanga	1
moumoukore	1
moumou	1
mouei	1
motoro	1
motomota	1
moriori	1
monoꞌia	1
monitere	1
momua	1
momani	1
moloka	1
moeꞌia	1
moetuma	1
moetapapaꞌangaꞌia	1
moetapapaꞌanga	1
moeroa	1
moemoeāꞌanga	1
moeana	1
mitulene	1
mitimiti	1
miromiro	1
mirioni	1
miringaꞌo	1
miria	1
mileto	1
mfdiana	1
metaa	1
meri	1
merengo	1
melea	1
meitakiꞌanga	1
meimeitaki	1
meangitiꞌanga	1
maꞌutikore	1
maꞌoraꞌora	1
maꞌoraꞌanga	1
maꞌora	1
maꞌemo	1
maꞌaraꞌanga	1
maꞌapaꞌapa	1
maꞌamaꞌa	1
maveteꞌia	1
mauri	1
maupga	1
matutu	1
matorutoru	1
matohourua	1
matike	1
mati	1
matetata	1
mataꞌipo	1
matatioꞌanga	1
matata	1
matarua	1
mataro	1
mataraꞌanga	1
matapōiri	1
matapoꞌia	1
matapoꞌanga	1
matakukoreꞌanga	1
matakarokaro	1
mataiti	1
mataio	1
mataatua	1
marēria	1
marua	1
maroꞌia	1
maroro	1
mareꞌureꞌu	1
marekakoreꞌia	1
marekaai	1
maraꞌia	1
maranātā	1
marangakore	1
maramarama	1
mara	1
mapako	1
maonga	1
maoa	1
mao	1
manō	1
manurere	1
manuka	1
manono	1
maniva	1
mania	1
mangō	1
mangareva	1
mangamanga	1
manaꞌiki	1
manaꞌena	1
manatuꞌanga	1
manata	1
manamanatākore	1
manakokore	1
manaai	1
mamaꞌatatei	1
mamaoꞌia	1
mamanu	1
mamaiata	1
malu	1
maleleꞌela	1
makirikiri	1
makiri	1
makesaaꞌavaiki	1
makesa	1
makariri	1
maiō	1
maituꞌia	1
maituꞌanga	1
maitaꞌi	1
mainaina	1
maiau	1
maeꞌanga	1
madai	1
maata	1
m	1
līsānia	1
lāmeka	1
lāma	1
lukia	1
liona	1
line	1
liisetera	1
libia	1
libetino	1
lasea	1
lamepa	1
kūmino	1
kūmara	1
kōꞌumuꞌumuꞌia	1
kōꞌui	1
kōꞌao	1
kōꞌae	1
kōura	1
kōtuku	1
kōtoꞌe	1
kōsama	1
kōreroā	1
kōreirei	1
kōraparapa	1
kōpūpōreꞌo	1
kōpā	1
kōputa	1
kōpuri	1
kōpekapeka	1
kōpapā	1
kōpapaꞌia	1
kōnoninoniꞌia	1
kōna	1
kōkō	1
kōkota	1
kōkinaꞌanga	1
kōia	1
kītara	1
kīritiriti	1
kīkīꞌia	1
kēꞌangā	1
kērupi	1
kēreroꞌanga	1
kērero	1
kāꞌiroꞌia	1
kāuraꞌia	1
kātou	1
kātoatoaꞌia	1
kātoatoaꞌanga	1
kātoa	1
kātiri	1
kārēra	1
kāreꞌia	1
kārarāina	1
kārangaranga	1
kāpuaꞌia	1
kāpitiꞌiaꞌanga	1
kāpipitiꞌia	1
kāpipitiꞌanga	1
kāpikiꞌiaai	1
kāore	1
kāoa	1
kākea	1
kākave	1
kākake	1
kāiki	1
kuāreto	1
kuza	1
kurenio	1
kurai	1
kurahaupō	1
kunei	1
kumukumu	1
kumikumi	1
kumara	1
kuea	1
kuaꞌaere	1
kuataꞌuumu	1
kt	1
koꞌuꞌia	1
koꞌoneꞌi	1
koꞌikoꞌi	1
kou	1
kotoroate	1
kotikotiꞌanga	1
kotia	1
kotepapakiꞌavaiki	1
kotaꞌi	1
koso	1
korotutu	1
koropiniꞌia	1
koropiniꞌangaꞌia	1
korokoromingo	1
koringa	1
kori	1
koreꞌanga	1
koreromotuꞌia	1
kora	1
kopaeꞌanga	1
kopa	1
kononinoniꞌanga	1
konakona	1
koma	1
kolone	1
kokā	1
kokotiꞌangā	1
kokakokaꞌanga	1
kiꞌi	1
kitu	1
kiteꞌia	1
kiteaꞌangaꞌia	1
kiteaꞌanga	1
kisa	1
kirī	1
kirikiri	1
kiribati	1
kipg	1
kiopa	1
kiona	1
kio	1
kinokinoꞌanga	1
kinakina	1
kimī	1
kimiꞌia	1
kikini	1
kikaꞌanga	1
kikau	1
kikapara	1
kiipero	1
kiato	1
keukeuꞌanga	1
ketua	1
kete	1
kenido	1
kenekērea	1
kenekerea	1
keloe	1
keleopa	1
kekeꞌia	1
keinga	1
keia	1
kea	1
kaꞌui	1
kaꞌaꞌangi	1
kavikavi	1
kaveꞌanga	1
kavea	1
kavangū	1
kavana	1
kavakavaai	1
kauꞌanga	1
kauī	1
kauvaeꞌia	1
kauraroꞌia	1
kauranga	1
kauono	1
kaumāꞌia	1
kaumaitiꞌanga	1
kauda	1
kauariki	1
kauaka	1
katuraki	1
katoaai	1
katiri	1
katea	1
karu	1
karoꞌanga	1
karokaro	1
kariꞌoi	1
karemoana	1
karavarava	1
karau	1
karaponga	1
karapiꞌi	1
karakaraea	1
karaka	1
kapuaꞌia	1
kapitipitiꞌia	1
kapionga	1
kapikinui	1
kapakipaki	1
kapakapa	1
kapadokia	1
kaoꞌanga	1
kaoa	1
kangaꞌia	1
kangakanga	1
kanaꞌia	1
kananaio	1
kanadake	1
kaledea	1
kalaniopuꞌu	1
kakākore	1
kakuꞌanga	1
kakeꞌanga	1
kakekake	1
kakea	1
kakaꞌuꞌanga	1
kakaꞌanga	1
kakaurangi	1
kakauore	1
kakau	1
kaiꞌoi	1
kaiū	1
kaitūꞌauꞌau	1
kaioꞌuꞌia	1
kaina	1
kaimoumouꞌiaai	1
kaikava	1
kaikaikore	1
kaiapha	1
iūseto	1
iūnia	1
iūlia	1
iōsēka	1
iōrima	1
iōnama	1
iōda	1
iēpheta	1
iē	1
iāsona	1
iāreda	1
iānai	1
ivangaꞌuru	1
iturea	1
itikitiki	1
iteꞌakatano	1
ite	1
island	1
irī	1
iro	1
irinakiꞌia	1
irinaki	1
ireland	1
ira	1
iosua	1
ioela	1
io	1
inumia	1
inapō	1
inapo	1
inakiꞌanga	1
iliriko	1
ikitia	1
iimeremere	1
iii	1
ii	1
iesii	1
iese	1
ierapoli	1
ie	1
hērōdiōna	1
hērōdiāni	1
hēreme	1
hērema	1
huahine	1
hoturoa	1
hosea	1
horoutea	1
horatio	1
hongi	1
hiro	1
hika	1
hereme	1
hamora	1
ha	1
h	1
gālātia	1
golagota	1
gideona	1
george	1
genesarēta	1
gaza	1
ga	1
futupa	1
futuna	1
fumeaux	1
foratunāto	1
fora	1
eāu	1
evangelia	1
eutiko	1
ete	1
etaeta	1
eseli	1
ere	1
eraseto	1
era	1
epikuro	1
epetoma	1
epaꞌia	1
epaepa	1
enosa	1
eliēzera	1
elisaia	1
elemādama	1
elama	1
eau	1
eaea	1
dēkāpoli	1
dāniela	1
dna	1
diāna	1
dionusio	1
dema	1
danger	1
damari	1
cowan	1
chatham	1
chariie	1
captain	1
california	1
bēniāmina	1
bāraka	1
buck	1
bftunia	1
beniamina	1
belaseto	1
barakia	1
bapetftoꞌangaꞌia	1
banks	1
babulonia	1
baala	1
aꞌu	1
aꞌepetoma	1
aꞌau	1
aꞌakoe	1
azoto	1
aveꞌanga	1
aveinga	1
avarua	1
avanā	1
avaiꞌo	1
avaava	1
auꞌitiꞌanga	1
auꞌanga	1
auvaka	1
austral	1
auroa	1
aueuē	1
auaro	1
atūra	1
atāta	1
atuꞌia	1
aturaꞌia	1
atuki	1
atuaꞌanga	1
atoru	1
ato	1
atinirau	1
atiaumu	1
atama	1
atalia	1
at	1
asūnekirito	1
aruꞌia	1
arumakina	1
aroꞌaꞌua	1
arongakimi	1
arikiꞌanga	1
arikipui	1
arikikā	1
arekipo	1
araꞌanga	1
aratakiꞌangaꞌia	1
araroa	1
arariri	1
arapaiꞌia	1
arakāoa	1
araki	1
arabia	1
apua	1
apolonia	1
apio	1
apinga	1
apiapikore	1
apere	1
apai	1
aotea	1
aoaoaꞌanga	1
aoaoa	1
anuanu	1
anoanoꞌanga	1
anoa	1
aniꞌani	1
animara	1
ani	1
angāngaꞌia	1
angā	1
angiꞌia	1
angi	1
angamea	1
anetipateri	1
anederea	1
amoamo	1
amephfpoli	1
alephaia	1
akā	1
akono	1
akeledama	1
akeakeꞌanga	1
akaꞌu	1
akaꞌavai	1
akavai	1
akaue	1
akatūkati	1
akapapaꞌanga	1
akanui	1
akakātoatoaꞌia	1
aereꞌanga	1
adi	1
aderia	1
aderamitio	1
aba	1
aarona	1
