sènꞌòy	2620
èn	1895
Yèsus	1656
umnak	1307
yèk	1252
nòm	1210
nyob	1114
Allah	917
hòj	888
tapik	716
kenèmbek	610
nachal	596
untok	555
sebab	552
gerèk	540
hãk	534
wèl	496
Tuhan	485
néy	441
nanak	366
dékh	357
mèn	346
keꞌjèk	338
kote	327
anak	326
jajéh	312
jadik	308
kandék	290
ilok	290
supaye	287
kelòj	287
tentang	268
samak	262
kuwot	258
rajak	243
méj	239
mòy	229
kalow	218
hèhoh	218
kerek	203
rayak	196
èk	192
tempad	186
sampéy	178
agok	172
arik	168
yohanès	163
tèk	155
jèdhad	152
boléh	149
kuwase	145
agama	144
yèrusalèm	141
wènar	141
hãh	132
naꞌog	130
nawèk	129
ketuwe	129
nalãj	128
umchal	123
guruk	121
nasaꞌod	120
naꞌor	118
nanéh	116
ibuk	116
mase	114
kerajaꞌan	114
chok	114
ruway	113
kaum	112
umpechaye	111
nateꞌèl	111
sorga	110
kedak	109
puꞌdoh	108
hék	106
duid	106
lebéh	105
pastik	104
babok	104
lok	103
dapad	103
nabi	101
apak	101
imam	99
maròp-maròp	98
askah	98
òng	97
tòp	93
mèk-mok	90
kudus	90
kitab	90
pemimpin	89
israꞌèl	89
umlãj	87
atow	87
umnéh	86
naꞌtèk	86
nabelakuk	86
naꞌoglèkh	83
hèhoh-hèhoh	83
tikh	82
nèlchal	82
nèng-nèng	81
melaykat	81
kemën	81
dose	80
umkeyòkh	79
gèhnih	79
néh	78
kenëh	78
tèks	77
negerik	77
kuy	77
kapal	77
hukom	77
Mèsias	76
kènbes	76
pechaye	75
sòy	73
rèk	73
ilok-ilok	73
rasul	72
najadik	71
bekenëh	71
tenènglèkh	70
manah	69
asli	68
sejèkh	67
anuh	67
umwèk	66
nòng	66
haros	66
chare	66
palèng	65
tènꞌèl	64
tèk-tik	64
umhoh	63
tigak	63
nèsgos	63
kèrjak	63
ichal	63
belah	63
wèk	61
umteꞌèl	61
senindol	61
natanyak	61
nabetènglèkh	61
jél	61
amèk	61
natèrhakh	60
maksod	60
bèng	60
babeh	60
tèꞌlalah	59
jakal	59
batuk	59
ruti	58
keyòkh	58
chòntoh	58
selay	57
kuli	57
nèygéy	56
natulis	56
nahey	56
bèꞌbok	56
lamad	55
dòt	55
tilok	54
napèrnéh	54
tande	53
naperak	53
nakeyòkh	53
yãng	52
kaꞌan	52
jehuk	52
méj-méj	51
mulak	51
hatòp	51
teꞌèl	50
tenarak	50
sakéy	50
nènchèn	50
balikh	50
sèj-sòj	49
selaluk	49
nakebes	49
kampong	49
jukh	49
chenal	49
bèhbeh	49
nagel	48
belas	48
nèbchib	47
nachèn	47
nachèl-chal	47
mestik	47
umchèn	46
nèglòg	45
naꞌéd	45
majlis	45
bumi	45
tuwan	44
napèrhod	44
nalos	44
kebek	44
hòy	44
waris	43
tiyab-tiyab	43
namòj	43
kaban	43
gagid	43
wèh	42
umjèk	42
rèngkak	42
puloh	42
perahuk	42
palok	42
nalòy	42
menéh	42
kènmën	42
duniak	42
bekuwase	42
tawon	41
penting	41
naꞌèg-oglèkh	41
napili	41
nakòw	41
umꞌéd	40
tentere	40
sòj	40
nalèkh	40
milik	40
lok-lok	40
abraham	40
nawòg	39
nated	39
harte	39
bedose	39
umbèlꞌih	38
natèrꞌèn	38
mayad	38
kéy-kéy	38
kemën-kemën	38
iblis	38
anggor	38
yèh	37
nachèb-chib	37
mesir	37
layèg	37
kèsbes	37
jamuwan	37
bukuk	37
umròt	36
tok-tok	36
sayẽd	36
perak	36
lèkh	36
langid	36
kubor	36
empad	36
ènsekh	35
umꞌog	35
salib	35
nakod	35
kupang	35
jerok	35
esik	35
chal	35
bekantem	35
adad	35
umtukh	34
umperak	34
pernah	34
menterik	34
limak	34
terok	33
pembaptis	33
nambelakuk	33
nahuwol	33
nahoh	33
léh	33
irik	33
bepechaye	33
alëj	33
umtanas	32
umkòw	32
tujoh	32
terime	32
naꞌòj	32
namjadik	32
lawok	32
laud	32
kambikh	32
benèdlod	32
ajok	32
umlèkh	31
pulòw	31
namwèk	31
jalꞌèng	31
chok-chok	31
balakh	31
yunani	30
yudéya	30
umtanyak	30
umgèl-gel	30
natekèd	30
namak	30
mèsmus	30
kewarge	30
hukoman	30
umgel	29
umbekumpol	29
natèrgos	29
namteꞌèl	29
nahukom	29
nabecharak	29
muròt	29
kaye	29
kalik	29
ilãj	29
hèh-hoh	29
beꞌadés	29
abat	29
umhèh-hoh	28
patod	28
natèrwòg	28
natèrbuk	28
natulong	28
mèrpek	28
kuwad	28
jènman	28
bajuk	28
umꞌèn	27
umꞌor	27
umterime	27
mukèrbes	27
lèng	27
kuda	27
yéhyah	26
oglèkh	26
nasemany	26
muhoh	26
kènwad	26
jèk-jik	26
chukay	26
bèdlod	26
biri	26
umꞌèh-éh	25
umꞌoglèkh	25
salah	25
pantil	25
napèꞌtak	25
nagèl-gel	25
muwèk	25
laꞌes	25
imchal	25
golongan	25
bebèybëy	25
atèk	25
wèwèk	24
umsemany	24
tulong	24
sèmpok	24
naꞌampon	24
lènbéh	24
kaséh	24
hèl-hal	24
chènlakh	24
yel-yel	23
umlos	23
umkèrbes	23
umkèngyòkh	23
umgéy	23
umcha-chal	23
naterime	23
nabaptis	23
kelday	23
umhuwol	22
susah	22
raye	22
paskah	22
namulak	22
namtèrgos	22
nahakh	22
kéy	22
kirak-kirak	22
inéh	22
cherite	22
èg-og	21
umdéh	21
tèꞌlok	21
surad	21
pegaway	21
nènglèkh	21
naꞌèh-éh	21
nakuwase	21
kiwèk	21
ichèn	21
gurun	21
binyak	21
wòg	20
umꞌadés	20
umtekèd	20
umsaꞌod	20
umlèng-lèkh	20
umhormad	20
umbèdlod	20
tukh	20
sepuloh	20
pang	20
nèrꞌor	20
musim	20
lèng-lèkh	20
hachal	20
dèꞌrik	20
umꞌèhmah	19
umtèrbuk	19
sèdyẽd	19
sengẽk	19
ribuk	19
pèrak	19
pèntak	19
nawãr	19
natud	19
namtulong	19
nakelek	19
mumòj	19
lenitòw	19
Kristus	19
hormad	19
hasil	19
chèp	19
biyase	19
berasok	19
bechatuk	19
umcheleg	18
tèrhòr	18
perènhod	18
natèrlòy	18
namꞌog	18
nammòj	18
lantiw	18
ilèkh	18
hakim	18
géy	18
guwok	18
ummak	17
umlòy	17
umjadik	17
umchèb-chib	17
suchi	17
senusah	17
selamak	17
selamad	17
naꞌuy	17
namlãj	17
nakiron	17
nabetabeh	17
keliling	17
iteꞌèl	17
imteꞌèl	17
hachèn	17
gandum	17
derite	17
chèn	17
chenèk	17
bèj-bòj	17
bepenting	17
belakuk	17
bejagak	17
bahawe	17
unak	16
umtèrꞌèn	16
umteboh	16
umherimung	16
umdadok	16
umbeg	16
umbecharak	16
tenanas	16
talik	16
penili	16
peliteh	16
nategor	16
napechaye	16
nagos	16
nagahmak	16
nadol	16
mémang	16
mungkin	16
mulèkh	16
mulos	16
mukeyòkh	16
lembu	16
kiasan	16
kerèꞌjak	16
jaman	16
ikor	16
chening	16
che	16
chachod	16
asia	16
agat	16
umsindol	15
umgos	15
sayèkh	15
natènglèkh	15
nataw	15
nasèglòg	15
munéh	15
jèꞌrok	15
juwòj	15
jehad	15
iꞌor	15
iꞌog	15
géj	15
gèl-gel	15
behakak	15
bangunan	15
ayad	15
anin	15
amès	15
umꞌõl	14
ummòj	14
umkebes	14
umbejagak	14
taꞌòng	14
ruwang	14
perènnéh	14
natehòr	14
natayod	14
namjagak	14
naderite	14
nachelakh	14
muteꞌèl	14
masarakat	14
maròp	14
lèjgéj	14
lapan	14
kèrbes	14
kèngyòkh	14
kumpolan	14
kuléh	14
ilos	14
hapechaye	14
gèk	14
garam	14
gajik	14
besalah	14
bemaksod	14
bejagak-jagak	14
ènjoh	13
umtèlꞌèl	13
umtulis	13
umted	13
umpèꞌtak	13
umnèh-néh	13
umdol	13
umchèl-chal	13
tangkòl	13
sagub	13
naꞌèn	13
naselòg	13
napèk-pek	13
namhoh	13
namgel	13
mutèrbuk	13
mucheleg	13
lènlut	13
kenaye	13
kelok	13
ikeyòkh	13
chèsngẽs	13
chèl-chal	13
apil	13
umꞌampèk	12
umkep	12
umbetènglèkh	12
tuy	12
tow	12
rèꞌyak	12
pèrnéh	12
polis	12
panggel	12
nèsyos	12
naꞌnéy	12
nasetujuk	12
narasok	12
napèrhéj	12
napa-pog	12
namtèrhakh	12
namnéh	12
nambébas	12
nakalony	12
nagèy-géy	12
nabebèdlod	12
mugel	12
lãj	12
kalony	12
jènhad	12
jèk	12
iderite	12
halaman	12
gechèk	12
bèrher	12
bedeyãr	12
baptis	12
éj	11
wèchal	11
umwòg	11
umtabeh	11
umpili	11
umkèk	11
umkod	11
umkanar	11
umgèy-géy	11
umgeleh	11
umga-géy	11
umbes	11
umbeleh	11
udoh	11
tèd-ted	11
tehad	11
sèꞌngẽk	11
sèjyèj	11
semany	11
rantéy	11
patong	11
nèjlãj	11
nyag	11
natèrwol	11
natèd-ted	11
natukh	11
nasayèkh	11
narèy-ruy	11
namtèrbuk	11
nadapad	11
muꞌéd	11
muꞌog	11
mugéy	11
lènlòt	11
lèdbëd	11
kèꞌlek	11
kèd	11
kigel	11
kemoh	11
jehòl	11
iwèk	11
isemany	11
imꞌog	11
ihoh	11
hateꞌèl	11
hanéh	11
chèrdìk	11
beꞌuros	11
begunak	11
bechenèk	11
ayam	11
ès-is	10
èh	10
wèlos	10
wègel	10
wargenegara	10
utang	10
umꞌèg-oglèkh	10
umꞌanggap	10
umtèrjekh	10
umtèd-ted	10
umpègyog	10
umor	10
umkèdjed	10
umjamuk	10
umgunak	10
umgahmak	10
umdèh-deh	10
umdapad	10
umbelawan	10
umbak	10
tèlꞌèl	10
tugas	10
tibok	10
tenanyak	10
tabéh	10
sèk	10
span	10
sog	10
seratos	10
perlu	10
pasah	10
nègtòg	10
naꞌèr-or	10
naꞌèhmah	10
nayos	10
natèrsèk	10
natèlꞌèl	10
natarèk	10
naperlu	10
nampèꞌtak	10
nambetènglèkh	10
nakuwop	10
najèk	10
nahèh-hoh	10
nahuwok	10
nageyèg	10
nachib	10
nabèlꞌih	10
naberèngleng	10
naberayak	10
nabeperintah	10
mulawan	10
mujadik	10
makamah	10
kémah	10
kilòy	10
kikeyòkh	10
kenak	10
kelibuy	10
kebes	10
kawasan	10
kasod	10
jalok	10
itèrꞌèn	10
ikebes	10
ibetènglèkh	10
hès	10
hamteꞌèl	10
halèkh	10
gèntòkh	10
gunak	10
enadés	10
dukteh	10
bepèꞌtak	10
beperintah	10
belekh	10
bekuwot	10
becharak	10
bebèdlod	10
bahagian	10
èwèk	9
ènlèng	9
èmteꞌèl	9
èd-id	9
yam	9
wèꞌèg-oglèkh	9
umtèrlòy	9
umteréy	9
umtabéh	9
umsak	9
umjèk-jik	9
terèsgos	9
tenigak	9
tamu	9
suku	9
sembilan	9
rengah	9
pèꞌrak	9
peninjam	9
nyomjadik	9
naꞌadés	9
natabéh	9
natabeh	9
naruj	9
nar-nar	9
napog	9
namꞌèn	9
namꞌoglèkh	9
namlèkh	9
namhakim	9
nalèng-lèkh	9
nakèrdakh	9
nahin	9
nagéy	9
nagunak	9
nadabal	9
nacha-chèg	9
nabekèꞌbek	9
mòj	9
mènhik	9
muperak	9
mulãj	9
mukèk	9
mayek-mayek	9
lèngꞌakh	9
kèdwad	9
kiꞌòj	9
kinéh	9
keputusan	9
kedua	9
ipili	9
hadapad	9
gès-gos	9
geréje	9
enam	9
chèwkalãw	9
chib	9
chenarak	9
cheleg	9
bilok-bilok	9
beyug	9
betabéh	9
beselay	9
bema-méj	9
bekèrjak	9
bejalak	9
barang	9
bandar	9
bahaye	9
èhoh	8
yèl	8
wètèrbuk	8
wèsaꞌod	8
wèlãj	8
umꞌòj	8
umꞌod	8
umꞌas	8
umterèꞌbuk	8
umterèylòy	8
umseꞌëd	8
umsetujuk	8
umsambud	8
umkèrdakh	8
umdabal	8
umbébas	8
umbèrtaw	8
umbèk-buk	8
umbeꞌèh-éh	8
umbepechaye	8
tèrbuk	8
tiyab	8
tingkad	8
the	8
tenarèk	8
tebikh	8
tajuk	8
senikse	8
sebelas	8
rèhngah	8
renipod	8
renabong	8
ragok	8
pukol	8
padat	8
nèjméj	8
nyomteꞌèl	8
nyomlèkh	8
nyomchal	8
nilay	8
naꞌõl	8
natèrmòj	8
natèrjal	8
natèrhòy	8
natèdꞌéd	8
natèdchod	8
nasambong	8
naramal	8
napimpin	8
namtabéh	8
nammak	8
namhukom	8
namgéy	8
najagak	8
nabi-nabi	8
nabeꞌèh-éh	8
nabeꞌasal	8
nabeterime	8
nabes	8
nabache	8
muꞌèn	8
mupechaye	8
lenamid	8
korban	8
kitèrbuk	8
kiperak	8
kichèn	8
kaum-kaum	8
jèꞌjok	8
iꞌèg-oglèkh	8
iꞌoglèkh	8
iꞌampon	8
iwòg	8
ipèrnéh	8
ipechaye	8
inyob	8
imtèrꞌèn	8
imkebes	8
ilèng-lèkh	8
huwol	8
haꞌoglèkh	8
hamòj	8
habog	8
dadak	8
chègnèg	8
chup	8
chenèhruh	8
beꞌawak	8
bepèk-pek	8
belawan	8
bebènjhéj	8
ampon	8
éd	7
wèꞌéd	7
wèꞌoglèkh	7
wèmteꞌèl	7
wèlòy	7
wèbetènglèkh	7
umtèrmòj	7
umtulong	7
umtemèl	7
umtaw	7
umripod	7
umpakse	7
umkenal	7
umjèng	7
umhuwok	7
umbetanas	7
umberarok	7
umbepèꞌtak	7
umbelakuk	7
umbegèw-gòw	7
umbebèdlod	7
umbaptis	7
tanas	7
sèꞌjuk	7
sènlòg	7
sanggob	7
rèj-ruj	7
ratos	7
rasul-rasul	7
pinéy-pinéy	7
pimòy-pimòy	7
pelènhat	7
pakuk	7
nèmtap	7
nèjsòj	7
nèh-néh	7
nègꞌog	7
nerake	7
naꞌèg-og	7
naꞌayad	7
nayèh-yoh	7
natèrlos	7
naterèylòy	7
naripod	7
namsaꞌod	7
nampèrnéh	7
namkèrjak	7
namkiron	7
namdapad	7
nambelayèg	7
nambaptis	7
nalut	7
nalawan	7
nakèsbes	7
najik	7
nacherok	7
nacheleg	7
nacharak	7
nabekukok	7
mutanas	7
musindol	7
mulèy-lòy	7
mukumpol	7
mukiron	7
minggu	7
lulow	7
kèk	7
kèbꞌub	7
kimteꞌèl	7
jòkh	7
jènrok	7
jagak	7
istane	7
imwèk	7
idol	7
ibaptis	7
hakeseh	7
gerbang	7
chènrok	7
chuwok	7
chegod	7
bëd	7
bulan	7
beséwe	7
besik	7
bepèng-pukh	7
bende	7
benaptis	7
belok	7
bekèꞌbek	7
behormad	7
ayad-ayad	7
apèt	7
adil	7
éh	6
èn-èn	6
èmchal	6
Yordan	6
wèmòj	6
wèmwèk	6
wèkeyòkh	6
wakh	6
undi	6
umya-yam	6
umtehak	6
umsèrlòg	6
umsèglòg	6
umsuwèd	6
umsikse	6
umsa-sèr	6
umpèrnéh	6
umpehad	6
umkèlnal	6
umkuwop	6
umkiron	6
umkerèꞌjak	6
umjél	6
umjèlwal	6
umjuwal	6
umjagak	6
umhõg	6
umgèw-gòw	6
umgès-gos	6
umderite	6
umchòkh	6
umcheꞌẽs	6
umbeꞌadés	6
umbelangnyõk	6
umbedose	6
tènglèkh	6
tèm-tap	6
tèhteh	6
tujuwan	6
tetab	6
terèngos	6
terjemahan	6
tepong	6
taw	6
tande-tande	6
tabeh	6
seteréd	6
senuꞌal	6
sejèkh-serajèkh	6
pok-pok	6
perintah	6
penol	6
nyomnéh	6
nyomhoh	6
nayam	6
nawid	6
natèrgëb	6
natemèl	6
nateboh	6
nasèryéh	6
nasèd	6
nasok	6
nasisal	6
nasanglik	6
naperintah	6
namꞌéd	6
namòg	6
namtèrhòy	6
nampèk-pek	6
namkebes	6
namgos	6
namdol	6
namchal	6
nakeròkh	6
nakel	6
naka-koh	6
nachòkh	6
nachak	6
nabébas	6
nabèrtaw	6
nabelay	6
nabegorgèr	6
nabeg	6
nabayar	6
nababéy	6
muterime	6
mutanyak	6
musengẽk	6
mukòw	6
mukod	6
mujamuk	6
muhuwol	6
muhukom	6
muhemẽd	6
mugos	6
muchal	6
maꞌap	6
malok	6
lòg	6
lèrhir	6
lepas	6
kèlpong	6
kukor	6
kimwèk	6
ketigak	6
kerèꞌhik	6
kelit	6
keheb	6
jèti	6
juwal	6
jenis	6
jam	6
iꞌès-as	6
iꞌèng-òng	6
itèrbuk	6
imꞌoglèkh	6
imtèrgos	6
imtanyak	6
impèrnéh	6
imjadik	6
imhoh	6
ikèlnal	6
igel	6
hèrgak	6
hèldey	6
haꞌog	6
hatulong	6
halak	6
hakeyòkh	6
hahakh	6
geloh	6
chëh	6
chéy-baruy	6
chènleg	6
cherèndìk	6
cheratud	6
bèldi	6
bèd-bëd	6
betunggol	6
berachuy	6
bepihak	6
benèglòg	6
belaꞌes	6
bekuy	6
bekaye	6
begèntòkh	6
bebèh-béh	6
bakad	6
adik	6
ènéh	5
èhmah	5
èg-oglèkh	5
èbeꞌadés	5
wèꞌayad	5
wèterèylòy	5
wèted	5
wèperak	5
wèhoh	5
wèchib	5
upah	5
undang-undang	5
umꞌèd-od	5
umꞌid	5
umꞌabad	5
umtèrsòj	5
umtèrmak	5
umtèrchus	5
umtuy	5
umtud	5
umtaꞌad	5
umséwe	5
umsèbyab	5
umsered	5
umselòg	5
umsabok	5
umramal	5
umpèrhod	5
umpog	5
umlòg	5
umkèsbes	5
umkèrlek	5
umkumpol	5
umkirak	5
umka-kèk	5
umhakh	5
umgetòh	5
umchib	5
umcha-chib	5
umbetanyak	5
umbesindol	5
umbesaꞌod	5
umbera-rok	5
umbehik	5
umbedal	5
tèrhakh	5
tènlak	5
tèngnang	5
tãnggõh	5
terènbuk	5
tayod	5
tawãg	5
taching	5
sènyèj	5
sikse	5
sepèh	5
senèꞌlok	5
senèbyab	5
senang	5
selatan	5
réh	5
renamal	5
pèrlòy	5
pèntakòsta	5
puwalam	5
perèjhéj	5
peluwang	5
papan	5
pantay	5
nèschos	5
nèldol	5
ngam	5
natèrꞌòj	5
natèrsòj	5
nasèꞌlok	5
nasèrnang	5
naseꞌëd	5
nasanggob	5
narèntuk	5
narongẽk	5
napèꞌrak	5
napelad	5
napantakh	5
napakad	5
nangòm	5
namꞌampon	5
namtèrlos	5
namperak	5
namkòw	5
namkèsbes	5
namkèrlah	5
namkèrbes	5
namkèk	5
namkod	5
namhuwok	5
namgantik	5
namcheleg	5
nakèrwad	5
nakèrdëk	5
nakèlnal	5
nakèk	5
nakumpol	5
nakerèꞌjak	5
nagagoh	5
nachëy	5
nachab	5
nabèrted	5
nabèdlod	5
nabeꞌèhmah	5
nabeꞌadés	5
nabesaꞌod	5
nabepèꞌtak	5
nabemèhnah	5
nabemulak	5
nabelekh	5
nabeleh	5
nabebènjhéj	5
mèlhal	5
muꞌèg-oglèkh	5
muꞌoglèkh	5
muwòg	5
mutulong	5
musak	5
mumak	5
mukep	5
muhormad	5
mudadok	5
lèsꞌos	5
langséh	5
kèrdakh	5
kuy-kuy	5
kote-kote	5
kimꞌòj	5
kilèkh	5
kilometer	5
kihawul	5
kigéy	5
kibeleh	5
kesalahan	5
kerusi	5
kerite	5
kenurik	5
kata	5
jèngling	5
julak-julak	5
jenadik	5
itèrgos	5
itèlꞌèl	5
iterèꞌbuk	5
iterime	5
isaꞌod	5
isayèkh	5
iperak	5
imtèrsòj	5
imtèrlòy	5
imtulong	5
imlèkh	5
imkèrlek	5
imkèk	5
imgos	5
imak	5
ikod	5
igèy-géy	5
ibèdlod	5
huwok	5
henèmhum	5
hatènglèkh	5
haperèdjèd	5
hamhey	5
halãj	5
hakèlnal	5
hajadik	5
habèdlod	5
habebèdlod	5
gèy-géy	5
gemèrlãb	5
ged	5
gawõs	5
enampèk	5
chènglèkh	5
chukob	5
chubak	5
chelèkh	5
bòs	5
bébas	5
bèlsebul	5
bungak	5
bilik	5
beyayéw	5
betulong	5
beterime	5
betenajòl	5
besèꞌlok	5
besetiye	5
benèygéy	5
benabéy	5
behèrgak	5
behak	5
begèw-gòw	5
bebatuk	5
bebakad	5
bayar	5
batuk-batuk	5
bache	5
asal	5
arah	5
apek	5
ès-as	4
èryès	4
èr-or	4
èperlu	4
èmkèrbes	4
èmkèk	4
èkeyòkh	4
wèꞌòj	4
wèwad	4
wèteꞌèl	4
wènéh	4
wèmlos	4
wèkenal	4
wèhuwol	4
wèchèb-chib	4
wècha-chal	4
wèbeleh	4
wèbecharak	4
unta	4
ungu	4
umꞌuros	4
umꞌasot	4
umꞌa-òng	4
umtèrwol	4
umtèrsèk	4
umtèrlòg	4
umtèrhin	4
umtèrhan	4
umtèrhakh	4
umtènglèkh	4
umtayod	4
umsèꞌlok	4
umsèj-suj	4
umsèd	4
umsisal	4
umserang	4
umselod	4
umpòj	4
umpèrhir	4
umpèk-pek	4
ummès-mus	4
umlèj-lãj	4
umlèg-lug	4
umlawan	4
umkèrjak	4
umkenak	4
umhér	4
umhawul	4
umgèrsëj	4
umged	4
umga-gel	4
umdèꞌdok	4
umda-deh	4
umchèr-chor	4
umchur	4
umcherèk	4
umchegég	4
umchatuk	4
umberasok	4
umbelaꞌih	4
umbelagok	4
umbegorgèr	4
umbeba-bes	4
umbayar	4
tèrwol	4
tèrlòy	4
tèrgos	4
tèdꞌad	4
tèb-tãb	4
tungal	4
tukar	4
terèmèm	4
terkenal	4
terab	4
tenujuh	4
Temiar	4
telèh	4
tabol	4
sòm	4
séj	4
sèngkok	4
sèglòg	4
sibok	4
setiye	4
selak	4
saꞌod	4
sawik	4
sambil	4
riyap	4
rambang	4
rajak-rajak	4
pòg	4
pèꞌtak	4
puchòs	4
pili	4
petik	4
perang	4
penègyog	4
pengaroh	4
payah	4
palong	4
nèꞌjek	4
nèngꞌòng	4
nèmdep	4
nègwòg	4
nyomsindol	4
nyomgos	4
naꞌòng	4
naꞌèng-òng	4
naꞌèn-èn	4
naꞌèd-id	4
naꞌangkìd	4
naꞌampèk	4
nayad	4
naterèꞌbuk	4
nateh	4
nataꞌad	4
natadok	4
nasèrmuk	4
nasèr	4
nasuwéh	4
nasunat	4
nasindol	4
naseyèj	4
nasered	4
nasemãny	4
naselah	4
nasedah	4
nasambud	4
naròj	4
napègyog	4
napèd-ped	4
napakéy	4
nanèh-néh	4
namtèrwol	4
namtèrméj	4
namtèrlòy	4
namtèrhan	4
namròt	4
namlèy-lòy	4
namlos	4
namkeyòkh	4
namhòy	4
namhormad	4
namhakh	4
namchèrgod	4
namcharak	4
nambukti	4
nalòg	4
nakèrléh	4
nakèrlah	4
nakèrjak	4
nakukok	4
nakayod	4
najuwal	4
najekh	4
nahor	4
nagëb	4
nadèh-deh	4
nadeluk	4
nadekh	4
nachèn-chèn	4
nachur	4
nachubak	4
nachub	4
nachor	4
nacheꞌẽs	4
nacheroh	4
nabèd-bëd	4
nabeꞌuros	4
nabeꞌidéh	4
nabetanyak	4
nabetadok	4
nabesaléy	4
nabelik	4
nabelawan	4
nabekaraw	4
nabekabed	4
nabejamuk	4
nabebaptis	4
nabebache	4
nabay	4
mèy-mòy	4
mèj-mòj	4
mutuy	4
mutarèk	4
mutabék	4
mutabéh	4
musèr	4
musunat	4
musambud	4
mupèꞌtak	4
mupimpin	4
mulak-mulak	4
mukèrlek	4
mukèrjak	4
mukèrdëk	4
mukenal	4
mujél	4
mujagak	4
muged	4
mudol	4
mudah	4
muchèl-chal	4
mubetanyak	4
mubelik	4
mubayar	4
malok-malok	4
lòy	4
lèwtòw	4
lès-los	4
lèntag	4
lènmad	4
lèk-lok	4
lèb-lab	4
lubang	4
lawan	4
laguk	4
kòw	4
kénan	4
kèw-kòw	4
kèlnal	4
kèlkeꞌul	4
kuli-kuli	4
kiꞌèg-oglèkh	4
kiꞌas	4
kiperlu	4
kimꞌèg-oglèkh	4
kimlèkh	4
kimkeyòkh	4
kimhoh	4
kimga-géy	4
kimbelik	4
kilèng-lèkh	4
kihuwok	4
kihoh	4
khas	4
keras	4
kenèngrang	4
karéh	4
kandéh	4
jumaꞌat	4
jajak	4
iꞌéd	4
iꞌèg-og	4
iꞌakuk	4
iꞌadés	4
itòp	4
itèd-ted	4
ited	4
itanyak	4
imòj	4
imtèrwol	4
imtèrbuk	4
imtèg-teg	4
imtulis	4
imsèrngẽny	4
imnéh	4
imlãj	4
imkèrlah	4
imgéy	4
ikerèꞌjak	4
ijèk	4
igéy	4
igos	4
idapad	4
ibrani	4
ibesabah	4
ibepèꞌtak	4
ibekuwase	4
hiréng	4
haꞌèg-oglèkh	4
haꞌahyèny	4
hawèk	4
hatèng-tukh	4
hapèꞌrak	4
hamꞌog	4
hamlèkh	4
hamkeyòkh	4
hamchal	4
halos	4
hahoh	4
gëb	4
guruk-guruk	4
gempah	4
enèhmah	4
dinar	4
chènhõg	4
chèmrèm	4
chègchog	4
ches	4
chatuk	4
bòtol	4
bèngbokh	4
bèjruj	4
bukti	4
bilok	4
beꞌos	4
beꞌampon	4
beꞌadil	4
betawon-tawon	4
betanas	4
besindol	4
besayèkh	4
berènleng	4
benéy	4
bemilik	4
belènlòt	4
bekerèngdakh	4
behalak	4
bechubak	4
banar	4
asing	4
arik-arik	4
ahad	4
abéy	4
èꞌjok	3
èsayèkh	3
èr	3
èpili	3
èpechaye	3
èmꞌog	3
èmtèrgos	3
èmsindol	3
èmpĩd	3
èmlèd-lũd	3
èmhoh	3
èmcheleg	3
èmbanding	3
èlèkh	3
èjèk	3
èdapad	3
yëb	3
yèw-yèw	3
yimchal	3
yamꞌoglèkh	3
yamwèk	3
yamhoh	3
wèꞌèn	3
wètèrsòj	3
wètèrlòy	3
wètèrjal	3
wètulong	3
wètaw	3
wètanyak	3
wètabéh	3
wèta-teg	3
wèsetujuk	3
wèsemany	3
wèsambong	3
wèmꞌèn	3
wèmꞌoglèkh	3
wèmperak	3
wèmhuwol	3
wèmhoh	3
wèmchal	3
wèmak	3
wèma-mak	3
wèlamid	3
wèkèrwad	3
wèdol	3
wèdab	3
wècharak	3
wècha-chib	3
wèbèlꞌih	3
wèbeparak	3
versi	3
umꞌòng	3
umꞌès-as	3
umꞌèng-òng	3
umꞌèn-èn	3
umꞌakuk	3
umꞌachag	3
umwel	3
umwad	3
umtìd	3
umtèrꞌih	3
umtèrseg	3
umtèrjal	3
umtukar	3
umterikh	3
umtekon	3
umteg	3
umtasik	3
umsuwar	3
umserèny-ngẽny	3
umseped	3
umsengẽny	3
umsengẽk	3
umsayèkh	3
umsalib	3
umrok	3
umpèrmòy	3
umperintah	3
umpantakh	3
umngòm	3
umna-néh	3
umlũd	3
umluwẽny	3
umkuwase	3
umkepong	3
umkelek	3
umkedëk	3
umkabed	3
umjog	3
umjelog	3
umhukom	3
umhey	3
umhawew	3
umgèhnih	3
umdab	3
umchòh	3
umchèrtekh	3
umchèhruh	3
umchetèk	3
umcherok	3
umchawéy	3
umcharak	3
umbèd-bod	3
umbeꞌèhmah	3
umbeꞌundi	3
umbeꞌampèk	3
umbeꞌa-od	3
umbetulong	3
umbetugas	3
umbeterime	3
umbeterabuk	3
umbetarak	3
umbetanyak-tanyak	3
umbeséwe	3
umbesèꞌlok	3
umberèhleh	3
umberagik-ragik	3
umberachuy	3
umberabod	3
umbeperang	3
umbemamus	3
umbema-mus	3
umbekayod	3
umbekabed	3
umbehormad	3
umbebabéy	3
ulow	3
uchang	3
ubad	3
tòng	3
téh	3
tèꞌtak	3
tèrlòg	3
tèrgëb	3
tèmpok	3
tèhboh	3
tèdhad	3
tunggol	3
tingkap	3
terꞌèn-èn	3
terèꞌsèk	3
terèylòy	3
terènghakh	3
tenulong	3
tanyak	3
tangge	3
talang	3
tadok	3
tabak-tabak	3
tabah	3
sèryéh	3
sèrjèkh	3
sènmany	3
sèngẽny	3
sèngyõng	3
sèngring	3
sèndéh	3
sèhdéh	3
sèd	3
suwéh	3
suwarad	3
sunggoh-sunggoh	3
sunat	3
sindol	3
silab	3
setengah	3
setakat	3
senjate	3
senayèkh	3
senarey	3
senalam	3
sempadan	3
sasòk	3
sarad	3
sangad	3
sabok	3
rèn-ròt	3
ruwakh	3
ratòh	3
ragik-ragik	3
rabong	3
pèy-pay	3
pènyhèny	3
pènrak	3
pog	3
perènꞌnim	3
perènlak	3
perènhéj	3
pertame	3
perangéy	3
pemilik	3
pedës	3
papéh	3
pakse	3
nèytuy	3
nèwkòw	3
nèwgòw	3
nèsꞌas	3
nènchòt	3
nèjsuj	3
nèdꞌod	3
nyomꞌog	3
nyomtulong	3
nyomtukh	3
nyomsaꞌod	3
nyomròt	3
nyompechaye	3
nyommòj	3
niniwéh	3
naꞌès-as	3
naꞌèj-òj	3
naꞌuros	3
naꞌdoh	3
naꞌas	3
naꞌakuk	3
nayoh	3
nayeb	3
nawèl-wel	3
nawel	3
natèrdug	3
natèl-tol	3
natãnggõh	3
natulag	3
natet	3
nateréy	3
naterèsgos	3
natelèr	3
natelen	3
natekoh	3
natap	3
natanas	3
nasèꞌbok	3
nasèrlòg	3
nasuwèd	3
nasumpah	3
nasuj	3
nasikse	3
naserang	3
naròt	3
naratòh	3
napèrmòy	3
napènj-pòj	3
naperèdjèd	3
napeleng	3
napegakh	3
napakse	3
namꞌòj	3
namꞌèg-oglèkh	3
namꞌuros	3
namꞌadés	3
namèj-mòj	3
namyès-yos	3
namwid	3
namtèrwid	3
namtèrsòj	3
namtehan	3
namtarèk	3
namtanyak	3
namsèrnang	3
namsèd	3
namsengẽk	3
namsemany	3
namsasòk	3
nampìd	3
nampog	3
nampili	3
namperèdjèd	3
namméj	3
namlòy	3
namlèrꞌes	3
namlayèg	3
namlamid	3
namkemakh	3
namkalony	3
namjèdlũd	3
namjuwal	3
namhin	3
namhey	3
namhawul	3
namgulap	3
namgagoh	3
namderite	3
namchelakh	3
namchakat	3
nambetabeh	3
nambelik	3
nambehèd	3
nambabéy	3
nalèy-lòy	3
nalèj-lãj	3
nalat	3
nalakòk	3
nakèrlek	3
nakèrbes	3
nakèngyòkh	3
nakèk-kèk	3
nakèdjed	3
nakep	3
nakenal	3
nakedëk	3
nakaréh	3
nakaraw	3
nakal	3
nakachéd	3
najèng	3
najèk-jik	3
najuray	3
najelũd	3
najamuk	3
nahòy	3
nahèr-hãj	3
nahub	3
nahawul	3
nahas	3
nahal	3
nagèryèg-gèryèg	3
nagèrtòj	3
nagulap	3
nagetòh	3
nadadok	3
nachõk	3
nachèhruh	3
nachuwoh	3
nachiwar	3
nabèrleng	3
nabeꞌag	3
nabetulong	3
nabetugas	3
nabetanas	3
nabesindol	3
nabesasòk	3
naberèngtokh	3
naberosak	3
nabepabah	3
nabemès-mus	3
nabeleng	3
nabelap	3
nabekiron	3
nabehormad	3
mènsaw	3
mènghòng	3
muꞌès-as	3
mutèrsòj	3
mutèrmak	3
mutèrlòy	3
mutèrlos	3
mutèrhan	3
mutèrhakh	3
musèꞌlok	3
musemany	3
musaꞌod	3
mupèrnéh	3
mupèrlay	3
mupèk-pek	3
mupili	3
mumès-mus	3
mulãm	3
mulamid	3
mukèrnak	3
mukebes	3
mukayoh	3
muga-géy	3
mudaptar	3
mubèh-béh	3
mubesunat	3
mubema-méj	3
mubelangnyõk	3
mubekumpol	3
mubeg	3
mubecharak	3
miter	3
meniyah	3
maꞌyah	3
masalah	3
mangay	3
manang	3
mahal	3
lèꞌjãk	3
lèj-lãj	3
lèg-lòg	3
luwag	3
long	3
langnyõk	3
lamid	3
kèskelus	3
kèdjed	3
kunchi	3
kristiyen	3
kolam	3
kiꞌòng	3
kiꞌog	3
kiꞌilak	3
kitulis	3
kitekoh	3
kisèr-sèr	3
kisetujuk	3
kisemany	3
kiron	3
kipèꞌtak	3
kimtèrbuk	3
kimpòj	3
kimpèꞌtak	3
kimlãj	3
kijèhwah	3
kihuwol	3
kicheb	3
kichal	3
kibèk-buk	3
kibeterime	3
kibekumpol	3
kibaptis	3
kerèngdakh	3
kerèndëk	3
kenal	3
katil	3
kapõk	3
kantem	3
kanaꞌan	3
kan	3
kampong-kampong	3
jèꞌjak	3
jèk-jèk	3
julak	3
juhngõd	3
jerok-jerok	3
jenamuk	3
jarup	3
jangkar	3
jamuk	3
iꞌèn	3
iꞌèd-id	3
itèrwol	3
itèrmòj	3
itukh	3
iterènghakh	3
itaꞌad	3
itabéh	3
isindol	3
isetujuk	3
isengẽny	3
isebab	3
isay	3
iròt	3
ipanychokh	3
imꞌuy	3
imꞌor	3
imòg	3
imterime	3
imròt	3
immak	3
imkòw	3
imkèw-kòw	3
imjamuk	3
imhukom	3
imhakim	3
imdol	3
imbébas	3
imbetarak	3
imbecharak	3
ikèrjak	3
ikèrdëk	3
ikèrdakh	3
ikiron	3
ikeseh	3
ikenal	3
ijèk-jèk	3
ijadik	3
igèl-gel	3
igeyèg	3
igahmak	3
ichèb-chib	3
ibod	3
ibeꞌadés	3
ibeterime	3
ibesalah	3
ibelik	3
ibelekh	3
ibekiron	3
ibegorgèr	3
ibedose	3
ibayar	3
hèng-hèng	3
hosana	3
herènwol	3
heléy	3
haꞌuros	3
haꞌor	3
hayos	3
hatèrbuk	3
hatabéh	3
hasèryéh	3
hasèrnang	3
hasemany	3
hasayèkh	3
hapèrnéh	3
hapili	3
haperintah	3
haperak	3
hamꞌèn	3
hamꞌoglèkh	3
hamwèk	3
hamtèrhakh	3
hamterèyhòy	3
hamnéh	3
hamlãj	3
hamjadik	3
hamdéh	3
hambesabah	3
hakòw	3
hakh	3
hagéy	3
hagunak	3
hagel	3
hagahmak	3
hadol	3
hachatuk	3
habetènglèkh	3
habesèꞌlok	3
habesaꞌod	3
haberèngtokh	3
habegorgèr	3
habache	3
gètsèmani	3
guk	3
giliran	3
getòj	3
gerènsëj	3
gerèhnëh	3
gelènyꞌich	3
gambah	3
gadang	3
enibuk	3
eméus	3
dékh-dékh	3
déh	3
dèngwòng	3
dèl-del	3
dinding	3
dahëg	3
dadok	3
chòkh	3
chèꞌrok	3
chènwoh	3
chènglekh	3
chèb-chib	3
cherèꞌdìk	3
cherèntekh	3
cherèlkol	3
cherok	3
cheng	3
chenatuk	3
chawòng	3
chas	3
chachad	3
bètlehèm	3
bènchuny	3
bègꞌag	3
bègyug	3
bujòg	3
bot	3
beꞌèryès	3
beꞌèh-éh	3
beꞌutang	3
beꞌisik	3
beꞌilok-ilok	3
beꞌidéh	3
beꞌasal	3
beꞌakuk	3
betèb-tãb	3
betugas	3
betadok	3
besèjyèj	3
berꞌòng	3
berniké	3
beribuk-ribuk	3
bera-rok	3
bepègyog	3
bepenol-penol	3
bepantéy	3
benaléh	3
benalet	3
bemèhnah	3
belamid	3
belalay	3
belajar	3
bekumpol	3
bekuda	3
bejukh	3
behentik	3
behasil	3
beh	3
begorgèr	3
begelongꞌãng	3
beduyon	3
bechèg-bèg	3
bebèj-bòj	3
bebenaptis	3
bebache	3
barat	3
bahan	3
ayah	3
awèn	3
asoh	3
aléh	3
alat	3
alasan	3
agah	3
òj	2
èꞌèhmah	2
èꞌor	2
èꞌog	2
èutikus	2
ètèrbuk	2
ètèng-tukh	2
ètulis	2
èteꞌèl	2
ètehan	2
ètanyak	2
èsèrjèkh	2
èròt	2
èrugik	2
ènmòy-ènmòy	2
èmꞌoglèkh	2
èmòj	2
èmyad	2
èmtèrmòj	2
èmtèrhakh	2
èmtulong	2
èmteros	2
èmterime	2
èmtarak	2
èmsaꞌod	2
èmpili	2
èmkèrjak	2
èmkod	2
èmgéy	2
èmbèdlod	2
èmbes	2
èmbelekh	2
èmbaptis	2
èmak	2
èlòy	2
èkèlnal	2
èjuwal	2
èjadik	2
èj-oj	2
èhuwok	2
èh-éh	2
ègꞌag	2
ègéy	2
ègos	2
ègel	2
èg-òg	2
èdéh	2
èdol	2
èdngẽd	2
èderite	2
èdeh	2
èchèb-chib	2
èchal	2
ècha-chib	2
èbébas	2
èbèhleh	2
èberèngtokh	2
èbema-méj	2
èbelangnyõk	2
èbekumpol	2
èbegahmak	2
èbayar	2
èbahaye	2
èbache	2
yès-yos	2
yèm-yam	2
yiꞌòng	2
yiꞌog	2
yimtèrꞌèn	2
yaꞌuy	2
yaꞌoglèkh	2
yaꞌas	2
yay	2
yawèk	2
yatèrhakh	2
yatulong	2
yateꞌèl	2
yasuwéh	2
yasanggob	2
yaratòh	2
yaperak	2
yapechaye	2
yanéh	2
yamꞌèg-oglèkh	2
yamteꞌèl	2
yamtanyak	2
yamtabéh	2
yamperintah	2
yamkèꞌdëk	2
yamgel	2
yalãj	2
yakèk	2
yakeyòkh	2
yajèk	2
yahoh	2
yad	2
yachèn	2
yabekuwase	2
wèꞌor	2
wèꞌog	2
wèꞌachag	2
wètèlꞌèl	2
wèterèꞌbuk	2
wèterabëd	2
wèsèjyèj	2
wèsèglòg	2
wèsered	2
wèsanggob	2
wèsabok	2
wèripod	2
wèratòh	2
wèpòj	2
wèpèꞌtak	2
wèpègyog	2
wèpili	2
wèmꞌog	2
wèmulak	2
wèmtènglèkh	2
wèmtanyak	2
wèmsambud	2
wèmpèꞌtak	2
wèmmòj	2
wèmmaꞌap	2
wèmlãj	2
wèmkèrjak	2
wèmkèk	2
wèmjadik	2
wèmhuwok	2
wèmgel	2
wèmgagoh	2
wèmdol	2
wèmbema-méj	2
wèmbayar	2
wèkòw	2
wèkèrjak	2
wèkèrdëk	2
wèkèk	2
wèkèdjed	2
wèkelek	2
wèkebes	2
wèk-wèk	2
wèjèk	2
wèjuwal	2
wèjagak	2
wèjadik	2
wèhawul	2
wègagoh	2
wèdadok	2
wèdabal	2
wèchèn	2
wèchèg	2
wèbèk-buk	2
wèbeꞌèhmah	2
wèbeꞌèh-éh	2
wèbeꞌutang	2
wèbeꞌiroh	2
wèbesekolah	2
wèbesayab	2
wèbera-rok	2
wèbepèꞌtak	2
wèbepègyog	2
wèbema-mus	2
wèbelawan	2
wèbelaguk	2
wèbekachòw	2
wèbejalok	2
wèbegerasëj	2
wèbedose	2
wèbechagèg	2
wèbaptis	2
wèbanar	2
uy	2
uros	2
upòh	2
umꞌèg-og	2
umꞌukor	2
umꞌoj	2
umꞌidéh	2
umꞌayad	2
umꞌarok	2
umꞌa-éd	2
umꞌa-od	2
umyẽh-yõh	2
umyèm-yam	2
umyos	2
umyam	2
umya-yèw	2
umwèk-wèk	2
umwid	2
umwar	2
umtòs	2
umtèrmuh	2
umtèrlos	2
umtèrgëb	2
umtèrbikh	2
umtèng-tukh	2
umtèm-tap	2
umtèhboh	2
umtèdꞌad	2
umtèdchod	2
umtetab	2
umterèngjekh	2
umterabuk	2
umtelòb	2
umtelèh	2
umtelen	2
umtehan	2
umtapòk	2
umtapìd	2
umtagèd	2
umta-ted	2
umsèꞌbok	2
umsèryéh	2
umsèrngẽny	2
umsèrmuk	2
umsèrjèkh	2
umsèr-sèr	2
umsèr	2
umsèngnang	2
umsèngmòng	2
umsèmbaꞌyang	2
umsèltuh	2
umsèljok	2
umsèk-sak	2
umsuꞌal	2
umsuwéh	2
umsunat	2
umsok	2
umseyèj	2
umserèngnang	2
umsenak	2
umsedéh	2
umsedah	2
umsar	2
umsapod	2
umsalòg	2
umrèn-ròt	2
umruy	2
umrebad	2
umpèꞌnyõk	2
umpèdjèd	2
umpimpin	2
umpeyéng	2
umperèdjèd	2
umperlu	2
umpechik	2
umpasing	2
umpakad	2
umnyõh	2
umnyanyak	2
umngẽl-ngẽl	2
ummòg	2
ummulak	2
ummenang	2
umlèrꞌes	2
umlègyòg	2
umlepag	2
umlebëd	2
umlaj	2
umlaguk	2
umkèꞌdëk	2
umkèw-kòw	2
umkèrléh	2
umkèrlakh	2
umkèrlah	2
umkèrdëk	2
umkèmwòp	2
umkèm-kep	2
umkèkh	2
umkunah	2
umkub	2
umketem	2
umkeròkh	2
umkerèsbes	2
umkerèngdakh	2
umkelit	2
umkaraw	2
umkaji	2
umkachòw	2
umkachéd	2
umka-kèkh	2
umjèk-jèk	2
umjèhwah	2
umjek	2
umhék	2
umhèꞌwok	2
umhèldey	2
umhèl-hal	2
umhemẽd	2
umhangkal	2
umgèd-ged	2
umgarih	2
umgajwij	2
umgahèl	2
umgagoh	2
umga-goh	2
umdèl-del	2
umdelũk	2
umchëy	2
umchèꞌrok	2
umchèsꞌẽs	2
umchèrwèl	2
umchèrngang	2
umchèrmun	2
umchèrber	2
umchèg	2
umchuwẽr	2
umchubak	2
umchub	2
umcheroh	2
umchengang	2
umchelokh	2
umchad	2
umchab	2
umcha-chòkh	2
umbèꞌlik	2
umbèldal	2
umbèhluh	2
umbeꞌutang	2
umbeꞌidéh	2
umbeꞌempad	2
umbeꞌasal	2
umbetèmsòm	2
umbeterabëd	2
umbetentang	2
umbetabéh	2
umbetabeh	2
umbesusah	2
umbesikse	2
umbesetujuk	2
umbesamak	2
umbesabok	2
umberèngtokh	2
umberimpon	2
umbepili	2
umbeperintah	2
umbeparak	2
umbepantakh	2
umbepakad	2
umbengang	2
umbemès-mus	2
umbemèhnah	2
umbemampu	2
umbema-méj	2
umbelèg	2
umbelik	2
umbeleng	2
umbelekh	2
umbelalay	2
umbelajar	2
umbekuwase	2
umbekiron	2
umbekirak	2
umbekawéy	2
umbehawul	2
umbeha-héy	2
umbedapad	2
umbechadang	2
umbebènjhéj	2
umbebanchik	2
umbaléj	2
umbache	2
ukor	2
tèrꞌèn-èn	2
tèrsèk	2
tèrmòj	2
tèrjal	2
tèrah	2
tènghòng	2
tèng-tukh	2
tèn-tet	2
tèmtejèp	2
tèlyèl	2
tèlbakèl	2
tèdꞌéd	2
tèdchod	2
tukang	2
tudi	2
titik	2
tinag	2
timur	2
timon	2
terènhin	2
terènglòng	2
terènbòt	2
terègwòg	2
terator	2
tepeh	2
tenukar	2
tenatëk	2
tenandak	2
tekèd	2
tehan	2
teboh	2
tebal	2
tatak	2
tarèk	2
tapag	2
tang	2
tabòh	2
tabék	2
séywey	2
sèꞌbok	2
sèrgalir	2
sèrbër	2
sènymany	2
sènlok	2
sèn	2
sèm	2
sèglèg	2
sèbyab	2
suwar	2
sumpah	2
suj	2
sudut	2
skéwa	2
siding	2
seꞌẽg	2
seꞌëd	2
seꞌèd	2
seyèj	2
sey	2
sewey	2
setujuk	2
setiyab	2
seròkh	2
serèꞌngẽk	2
serègyog	2
serèbteb	2
serug	2
seribuk	2
sered	2
sepatod	2
sepanjang	2
senèg	2
sengẽny	2
sengõd	2
semãny	2
sembah	2
sekelip	2
sejuk	2
sedéh	2
saròk	2
sambong	2
samak-samak	2
saksi	2
sakak	2
sabéd	2
sabat	2
ròt	2
ròj	2
rèjdòj	2
ruway-ruway	2
ripod	2
rebah	2
rakyad	2
rachun	2
pèrmòy	2
pèrlòy-pèrlòy	2
pènsat	2
pènjèd	2
pèlèg	2
pègyog	2
pèd-ped	2
pinjam	2
pimòy	2
petak	2
pesũy	2
perkataꞌan	2
peratos	2
penakad	2
pek-pek	2
pejèd	2
pehèny	2
pegoh	2
pantong	2
pantar	2
pangkìn	2
panar-panar	2
pakar	2
pagar	2
oya	2
oj	2
oh	2
nòng-nòng	2
néysòy	2
néychëy	2
nèꞌwèk	2
nèꞌrok	2
nèꞌpòk	2
nèꞌjik	2
nèꞌguk	2
nèrchor	2
nèngdakh	2
nèlꞌõl	2
nyomꞌor	2
nyomyam	2
nyomtèrlòy	2
nyomtèrbuk	2
nyomterime	2
nyomtenang	2
nyomtehan	2
nyomtanyak	2
nyomtanas	2
nyomsèrjèkh	2
nyomsak	2
nyomrugik	2
nyomperlu	2
nyomperak	2
nyompedug	2
nyomnèh-néh	2
nyomlos	2
nyomkèrnak	2
nyomkèngyòkh	2
nyomkèk	2
nyomkuwop	2
nyomkiron	2
nyomjagak	2
nyomhèh-hoh	2
nyomhemẽd	2
nyomgéy	2
nyomgès-gos	2
nyomdapad	2
nyombelik	2
nyanyak	2
ngèm-ngòm	2
ngèm-ngam	2
negara	2
naꞌèd-od	2
naꞌutang	2
naꞌumbak	2
naꞌukor	2
naꞌuji	2
naꞌod	2
naꞌlok	2
naꞌidéh	2
naꞌet	2
naꞌasot	2
naꞌanggap	2
naꞌahyèny	2
naꞌachag	2
naꞌabad	2
nawad	2
natëh	2
natès-dos	2
natèrꞌih	2
natèrsòg	2
natèrsuj	2
natèrméj	2
natèrmak	2
natèrlut	2
natèrjekh	2
natèrhòr	2
natèrhok	2
natèrhin	2
natèrchèg	2
natèj-ruj	2
natèhkoh	2
natèhboh	2
natèh-teh	2
natèdkèd	2
natèb	2
natukar	2
natuhak	2
naterèꞌchak	2
naterèjsòj	2
naterèjméj	2
naterbuk	2
natapòk	2
natan	2
natampal	2
natagoh	2
natabag	2
naséwe	2
nasèrmak	2
nasèrjèkh	2
nasènymany	2
nasèj-suj	2
nasèg-sòg	2
nasèdred	2
nasèbyab	2
nasuꞌal	2
nasetiye	2
naserob	2
nasengẽny	2
nasasòk	2
nasar	2
nasapod	2
nasagakh	2
nasabok	2
nasa-sèk	2
narus	2
narok	2
napòj	2
napèrjèd	2
napèrhir	2
napèdyad	2
napukh	2
napetak	2
napeleg	2
napelaw	2
napek	2
napejèd	2
naped	2
napanychokh	2
nangõb	2
namꞌòng	2
namꞌor	2
namꞌangkìd	2
namꞌakuk	2
namꞌadil	2
namèk-mak	2
namèhnah	2
namyah	2
namwòg	2
namwèk-wèk	2
namwad	2
namtèrꞌèn	2
namtèrwòg	2
namtèrsèk	2
namtèrjal	2
namtèrgëb	2
namtèngbikh	2
namtèh-teh	2
namtuy	2
namtulis	2
namtukar	2
namtingꞌũs	2
namterèjsòj	2
namterime	2
namtelen	2
namtekèd	2
namtehad	2
namted	2
namteboh	2
namtebikh	2
namtayod	2
namtaw	2
namtap	2
namtanas	2
namsòg	2
namsèr	2
namsèbyab	2
namsindol	2
namseyèj	2
namserang	2
namsekul	2
namseg	2
namsambong	2
namsak	2
namrèhngah	2
namrus	2
nampèrmòy	2
nampimpin	2
nampejèd	2
nampechaye	2
namlèj-lãj	2
namlepag	2
namlawan	2
namlagok	2
namkèrwad	2
namkèrteg	2
namkèrnak	2
namkèrléh	2
namkèrlek	2
namkèrlakh	2
namkèrdëk	2
namkèk-kèk	2
namkuwase	2
namkelek	2
namkeheb	2
namjèk	2
namjog	2
namjerok	2
namjekh	2
namjamuk	2
namhanyõk	2
namgèk	2
namgunak	2
namdor	2
namdeluk	2
namdaptar	2
namchòng	2
namchëy	2
namchèl-chal	2
namchèg	2
namchèb-chib	2
namchur	2
namchib	2
namchetud	2
namcheròy	2
namchelok	2
nambèꞌleh	2
nambèryug	2
nambèrtaw	2
nambèrleng	2
nambèdlod	2
nambetanyak	2
nambesindol	2
namberongẽk	2
nambeperang	2
nambeleh	2
nambelay	2
nambelawan	2
nambekèꞌbek	2
nambeg	2
nambache	2
nalès-los	2
nalèrꞌes	2
nalèg-lòg	2
nalãm	2
naluwẽny	2
nalok	2
nalig	2
nalamid	2
nalagok	2
nalad	2
nakèrlakh	2
nakuwãny	2
nakub	2
nakilad	2
naketem	2
naketeg	2
nakerèsbes	2
nakerag	2
nakenak	2
nakehòs	2
nakapìj	2
nakantem	2
najõd	2
najél	2
najèlwal	2
najèg-jog	2
najèdlũd	2
najungèk	2
najulok	2
najogèd	2
najog	2
nahìs	2
nahèlwol	2
nahum	2
nahormad	2
nahod	2
nahiyas	2
nahapid	2
nagèw-gow	2
nagèryèg	2
nagèm-gop	2
naguk	2
naguj	2
nagantik	2
nagagek	2
nadèg	2
naduwìl	2
nador	2
nachòr	2
nachòng	2
nachòh	2
nachèrtekh	2
nachèr-chur	2
nachènglakh	2
nachèh-chuh	2
nachèg	2
nachèb-chab	2
nachirìd	2
nacheròg	2
nachep	2
nachengang	2
nachelok	2
nachekòl	2
nachedup	2
nacheb	2
nachatuk	2
nachaked	2
nachakat	2
nabëd	2
nabèrkah	2
nabèrhik	2
nabèk-buk	2
nabukti	2
nabingkõs	2
nabeꞌèg-oglèkh	2
nabeꞌinchéh	2
nabetãnggõh	2
nabeterènghakh	2
nabetanyak-tanyak	2
nabetangkéy	2
nabetagéy	2
nabetabéh	2
nabesèꞌlok	2
nabesèꞌlak	2
nabesèꞌbok	2
nabesèbyab	2
nabesikse	2
nabesalah	2
naberasok	2
naberanchang	2
nabepègyog	2
nabema-méj	2
nabelèrhir	2
nabelamid	2
nabelajar	2
nabelabòkh	2
nabekuwase	2
nabekirak	2
nabekayod	2
nabekantem	2
nabekalony	2
nabejuray	2
nabejagak	2
nabejadik	2
nabehunjol	2
nabehukom	2
nabehentik	2
nabehakak	2
nabegahmak	2
nabedal	2
nabechatuk	2
nabebabéy	2
nabanding	2
nabambem	2
nabalud	2
nabalet	2
nabajak	2
mòny	2
mòg	2
méwah	2
muꞌòj	2
muꞌèn-èn	2
muꞌuros	2
muꞌukor	2
muꞌor	2
muꞌod	2
muyak	2
mutèrwol	2
mutèrmòj	2
mutèrméj	2
mutèrjal	2
mutèrhòy	2
mutèrgos	2
mutèjruj	2
mutulag	2
mutegor	2
muteboh	2
mutaw	2
musèrjèkh	2
musikse	2
musetiye	2
muselòg	2
murimpon	2
mupinglék	2
muperintah	2
mupeleng	2
mupek	2
mupehad	2
mupasing	2
munychong	2
muma-méj	2
mulũd	2
mulòy	2
mulèj-lãj	2
mulagok	2
mukèrlah	2
mukèngyòkh	2
mukanar	2
mujèk	2
mujog	2
muhiyas	2
mugèy-géy	2
mugarih	2
mugagoh	2
muderite	2
mudapad	2
muchèb-chib	2
mucheroh	2
mucha-chèg	2
mubébas	2
mubèrtaw	2
mubukti	2
mubetugas	2
mubetarak	2
mubes	2
muberachuy	2
mubepinglék	2
mubemèhnah	2
mubelekh	2
mubelakuk	2
mubelagok	2
mubedal	2
mubanchik	2
menang	2
mehal	2
mantal	2
manason	2
man	2
mampu	2
madu	2
lẽnybãny	2
léy	2
lèswas	2
lènywèny	2
lègbòg	2
lèg-lug	2
lèdlèd	2
lèd-lũd	2
lompad	2
lenangnyõk	2
leked	2
langòy	2
lang	2
kël	2
kèrwad	2
kèrtas	2
kèrlok	2
kèrlakh	2
kèrlah	2
kèrdëk	2
kènyèng	2
kèlkèl	2
kèk-kèk	2
kèjlaj	2
kuwop	2
kuwase-kuwase	2
kurungan	2
kuman	2
kukoh	2
kuda-kuda	2
kub	2
kosong	2
kiꞌèr-or	2
kiꞌor	2
kiꞌidéh	2
kiꞌampon	2
kiyos	2
kitèrꞌèn	2
kiteꞌèl	2
kiterèylòy	2
kiterègseg	2
kiterabuk	2
kitayod	2
kitaw	2
kitanas	2
kitabéh	2
kisèrjèkh	2
kisèbyab	2
kiròt	2
kipèrhod	2
kipègdug	2
kipog	2
kipintas	2
kipili	2
kipechaye	2
kinak	2
kimꞌès-as	2
kimꞌuros	2
kimꞌor	2
kimꞌoglèkh	2
kimòj	2
kimtèrꞌèn	2
kimtèrlòy	2
kimtèng-tukh	2
kimtabéh	2
kimsèrjèkh	2
kimserang	2
kimselòg	2
kimsak	2
kimperak	2
kimpabah	2
kimnéh	2
kimmòj	2
kimlos	2
kimlawan	2
kimhuwol	2
kimhukom	2
kimgunak	2
kimgos	2
kimgel	2
kimged	2
kimgagoh	2
kimdep	2
kimcheroh	2
kimcheleg	2
kimchal	2
kimbeꞌiroh	2
kimbeterime	2
kilat	2
kikèrjak	2
kikèngyòkh	2
kikiron	2
kikelek	2
kijèk	2
kigèy-géy	2
kigagoh	2
kiga-géy	2
kichib	2
kicherènmun	2
kicheleg	2
kibèlꞌih	2
kibiyase	2
kibeꞌadés	2
kibesèbyab	2
kibesalòg	2
kibepantakh	2
kibema-méj	2
kibelagok	2
kibehik	2
kibegagoh	2
kibecharak	2
kibebèdlod	2
keꞌej	2
kewéy	2
kerèsbes	2
kerènjak	2
kerènbes	2
kerèmlam	2
kertas	2
kerab	2
kenèjrej	2
kenurong	2
kenunah	2
kenawal	2
kenalony	2
kelongꞌõh	2
kelompok	2
kelek	2
keleb	2
kelape	2
kedéy	2
kaꞌamtarèk	2
kaꞌampechaye	2
kaꞌamjalok	2
kaꞌambechagèg	2
kayod	2
kawanan	2
katakh	2
kapok	2
kandang	2
kanar	2
kalëb	2
kalangan	2
kah	2
jènlok	2
jènlog	2
jènis	2
jèlwal	2
jèlmòl	2
jus	2
jeꞌẽng	2
jenògéd	2
jelog	2
jarang	2
jalak	2
jail	2
iꞌòng	2
iꞌèhmah	2
iꞌèh-éh	2
iꞌod	2
iꞌas	2
iyam	2
itèrwòg	2
itèrsòj	2
itèrméj	2
itèrhakh	2
itènglèkh	2
itèm-tap	2
itèj-ruj	2
ituy	2
itulong	2
itulis	2
iterèylòy	2
iteboh	2
itaw	2
isènꞌòy	2
isèngẽny	2
isèglòg	2
isuꞌal	2
isikse	2
iseꞌëd	2
isered	2
isenang	2
isedéh	2
isapod	2
isanggob	2
isabok	2
ipèꞌtak	2
ipèꞌrak	2
ipèrhod	2
ipèmham	2
ipèk-pek	2
ipetak	2
ipakse	2
inèh-néh	2
inyanyak	2
ingòm	2
imꞌéd	2
imꞌèn	2
imꞌèg-oglèkh	2
imꞌuros	2
imꞌanggap	2
imwòg	2
imulak	2
imtènglèkh	2
imtèdꞌéd	2
imtuy	2
imterèylòy	2
imtanas	2
imtamèr	2
imtabeh	2
imsèr	2
imsemany	2
imselòg	2
imsaꞌod	2
imsayèkh	2
imsambud	2
imsambong	2
imrèk-rok	2
impòj	2
impèꞌtak	2
impinjam	2
impili	2
imperintah	2
impechaye	2
impakse	2
imngèb-ngõb	2
immòj	2
imlòy	2
imlèj-lãj	2
imlos	2
imlagok	2
imkèrdakh	2
imkiron	2
imkeyòkh	2
imkeseh	2
imkep	2
imjagak	2
imhuwok	2
imgel	2
imdapad	2
imchèb-chab	2
imchubak	2
imcharak	2
imbèy-bay	2
imbèhleh	2
imbeꞌidéh	2
imbetadok	2
imbesèylay	2
imbelagok	2
imbejamuwan	2
imbayar	2
imbanding	2
imanang	2
ilamid	2
ikòw	2
ikèꞌdëk	2
ikèsbes	2
ikèrbes	2
ikerèngdakh	2
ikenak	2
ikelek	2
ikalony	2
ikaldèb	2
ikaji	2
ijél	2
ijuwal	2
ijalok	2
ijagak	2
ihèm-hep	2
ihèh-hoh	2
ihãk	2
ihukom	2
idèk-dok	2
ichòkh	2
ichëy	2
ichèrgòd	2
ichèn-chèn	2
ichèl-chal	2
ichengang	2
ichatuk	2
ibëd	2
ibébas	2
ibeꞌèh-éh	2
ibeꞌasot	2
ibeꞌasal	2
ibeꞌahyèny	2
ibetagéy	2
ibetabéh	2
ibesèꞌlok	2
ibesindol	2
iberèngleng	2
ibeperintah	2
ibeleh	2
ibelajar	2
ibehormad	2
ibegahmak	2
ibecharak	2
ibebèdlod	2
ibay	2
ibabéy	2
iba-buk	2
hẽj	2
hõg	2
hòk	2
hébat	2
hèy-hòy	2
hèng	2
hèn-hin	2
hèmheb	2
hèlwol	2
huntèk-huntèk	2
hok	2
heribëg	2
herayaw	2
hedeb	2
haꞌòng	2
haꞌèj-oj	2
haꞌèg-og	2
haꞌampèk	2
haꞌampon	2
haꞌadés	2
hayèw	2
hayèh-yoh	2
hayèd-yad	2
hayad	2
hawëj	2
hawèd	2
hatèrwẽng	2
hatèrjal	2
hatèm-tap	2
hatud	2
hatehak	2
hated	2
hatanyak	2
hasèꞌlok	2
hasèngnang	2
hasèglòg	2
hasèd-sèd	2
hasuꞌal	2
hasuwéh	2
hasindol	2
hasaꞌod	2
haripod	2
hapèrhod	2
hapègyog	2
hapog	2
haperlu	2
hapantakh	2
hanèh-néh	2
hanyõk	2
hamꞌuros	2
hamtèrwol	2
hamtèrlòy	2
hamtèrlos	2
hamtèrbuk	2
hamtèdꞌéd	2
hamtuy	2
hamtulong	2
hamtabéh	2
hamsetujuk	2
hampir	2
hamkèrlek	2
hamkèrjak	2
hamkerèꞌjak	2
hamkebes	2
hamhakim	2
hamchëy	2
hamcheleg	2
hambehormad	2
hamampu	2
hakèꞌdëk	2
hakèrjak	2
hakèrdëk	2
hakod	2
hakerèngyòkh	2
hakebes	2
hakayod	2
hajèlwal	2
hajuwal	2
hajalok	2
hahèh-hoh	2
hahakim	2
hagos	2
haged	2
hadeh	2
hadap	2
had-terènhad	2
hachòkh	2
hachor	2
hacheroh	2
hacheleg	2
hacharak	2
habébas	2
habèl	2
habeꞌasal	2
habesambud	2
habepili	2
habeperintah	2
habemès-mus	2
habelik	2
habelawan	2
habegèw-gòw	2
habecharak	2
habayar	2
hababéy	2
gèw-gòw	2
guwãny	2
gulap	2
geréje-geréje	2
genahmak	2
gelabah	2
gayèg	2
gayus	2
garis	2
garih	2
gande	2
gagek	2
ga-géy	2
frase	2
et	2
esaꞌdéh	2
enèh-éh	2
enukor	2
engẽd	2
enak	2
enadil	2
déwan	2
dèh-deh	2
dua	2
chèꞌlok	2
chèsꞌẽs	2
chèr-chor	2
chènglakh	2
chèngkèh	2
chèn-chèn	2
chèk-chak	2
chèhwoh	2
chègleg	2
chèghog	2
chèbkob	2
chuwòk	2
chirèk	2
chinchèd	2
cherog	2
chelèk	2
chelekh	2
chehor	2
charak	2
chantèng	2
cha-chèg	2
cha-chal	2
bèꞌlik	2
bèꞌhik	2
bètfajé	2
bèrlekh	2
bèmlap	2
bèlꞌih	2
bèltol	2
bèlhèg	2
bèlaꞌih	2
bèk-buk	2
bèhléh	2
bèdkèd	2
bèd-bod	2
bukan	2
budaye	2
botol	2
bod	2
bil-bil	2
beꞌèn-èn	2
beꞌumor	2
beꞌilok	2
beꞌayad	2
beꞌawéh	2
beꞌapek	2
beyog	2
betènꞌèl	2
betènhak	2
betènglèkh	2
betèk	2
betèj-ruj	2
betèg-tòg	2
betulis	2
betolong	2
betilèk	2
betenulis	2
betenarèk	2
betarak	2
betande	2
besènꞌòy	2
besunat	2
besilab	2
besibok	2
beseteréd	2
besenèbyab	2
besaꞌod	2
besabok	2
besabah	2
beròngẽk	2
berèngtukh	2
berèngtokh	2
bernòng	2
bernyaw	2
berayak	2
berawong	2
berarok	2
beralòg	2
beralang	2
bepuchòs	2
beperèdjèd	2
bepatong	2
bepanton	2
benèjsuj	2
bende-bende	2
bemèrhir	2
bemusim	2
bemanãng	2
belènywèny	2
belènybony	2
belèny-lany	2
belèl	2
belèhꞌih	2
belèg-lug	2
belubang	2
beloyẽj	2
beleng	2
belaꞌer	2
belanje	2
belamad	2
bekènwãny	2
bekenunchik	2
bekembar	2
bekayoh	2
bekas	2
bekalony	2
bekachòw	2
bejèny-jony	2
bejuwòj	2
bejuray	2
bejogèt	2
bejamuk	2
bejalok	2
behèng-hakh	2
behèm-heb	2
behunjol	2
behik	2
behawul	2
behati-hati	2
begèm-gop	2
begenarih	2
begenalag	2
beg	2
bedékh	2
beduyon-duyon	2
bedal	2
bechëh	2
bechènlòkh	2
bechègleg	2
becherèntekh	2
bechachad	2
bechabol	2
bebèngbokh	2
bebulus	2
bebesik	2
bayakh	2
batal	2
baryog	2
barkéy	2
barkuy	2
bardékh	2
bank	2
banchik	2
baléy	2
balet	2
bakoh	2
bahasa	2
awèk	2
awal	2
ateꞌèl	2
asòh	2
anok	2
angéh	2
amterime	2
amos	2
amok	2
amnéh	2
amlos	2
amgagoh	2
aloy	2
akuk	2
agahmak	2
achag	2
abad	2
èꞌas	1
èꞌadés	1
èngẽd	1
èmkèsbes	1
èmkèrdëk	1
èmbesalòg	1
èmbejagak-jagak	1
èmbehati-hati	1
èmbayar	1
èhꞌéh	1
ègunak	1
ègahmak	1
yãng-yãng	1
yayéw	1
yamòj	1
yamnéh	1
yamhuwol	1
wèꞌèhꞌéh	1
wètèrjekh	1
wèmtèrbuk	1
wèmsengẽk	1
wèmhin	1
wèhꞌèh-éh	1
wèbesalòg	1
umꞌèhꞌmah	1
umꞌègꞌog	1
umꞌwel	1
umˈayèny	1
umyèm-yap	1
umyap	1
umya-yap	1
umtèb	1
umtap	1
umsèjyèj	1
umsusah	1
umsey	1
umsembah	1
umrasok	1
umranjchang	1
umpèꞌrak	1
umpègyug	1
umpeyèng	1
umlènglèkh	1
umlakuk	1
umkeseh	1
umjèglog	1
umjèdhad	1
umguk	1
umchor	1
umchetak	1
umchelok	1
umbèrted	1
umbelayan	1
umbekaji	1
umbechatuk	1
umbebèybëy	1
umbebabes	1
umbay	1
tèrwòg	1
tèrhor	1
tèmpoh	1
tèmbok	1
tèk-tèk	1
tulisan	1
terèꞌbuk	1
terènlos	1
terèjsòj	1
terlaluk	1
terhadap	1
tenolong	1
tebẽng	1
tawrat	1
tanpe	1
tanggungjawab	1
taboh	1
tabak	1
sèrlab	1
sènmãny	1
sènjmany	1
sèbab	1
susah-susah	1
sunggoh	1
sukur	1
sokongan	1
siyab	1
sikad	1
seꞌngèk	1
sesat	1
senaray	1
semua	1
semakan	1
seluroh	1
sekiling	1
sejarah	1
sebagéy	1
sayãd	1
sawi	1
sakéy-sakéy	1
sabakhtani	1
rupe	1
rosak	1
rok	1
pòk	1
pènghèng	1
pusad	1
pujik	1
projèk	1
prinsip-prinsip	1
peratus	1
pantéy	1
od	1
néyruy	1
nèꞌpok	1
nèsmus	1
nèshos	1
nèmyam	1
nyomtukar	1
nyomtehak	1
nyomsayèkh	1
nyommaꞌap	1
nyomgahmak	1
nyomchèn	1
nenchèn	1
naꞌèy-uy	1
naꞌuchap	1
naꞌcheꞌẽs	1
nawar	1
natèrsey	1
natèlyèl	1
natãb	1
natub	1
natilèk	1
naterjadik	1
nasèrlap	1
narayak	1
napeyéng	1
nangèm-ngòm	1
namꞌènjoh	1
namꞌuy	1
namterèy-lòy	1
namtelèh	1
namtabeh	1
namsambud	1
namrèy-ruy	1
namnéy	1
namlèd-lũd	1
namhuwol	1
namhub	1
namhos	1
namguk	1
namgahmak	1
namchegod	1
nambetanas	1
namberèngleng	1
nambedeyãr	1
nambayar	1
nambatal	1
naman	1
nalòs	1
nakèl-kel	1
nakeyokh	1
nakarèh	1
nakalah	1
nahèhoh	1
nagès-gos	1
nachelèkh	1
nachelokh	1
nabeꞌampon	1
nabetarak	1
naberèk-rok	1
nabehèrhir	1
mèstik	1
muꞌèhmah	1
musìkh	1
mupèrnèh	1
mulèng-lèkh	1
muchatuk	1
mubelawan	1
moyang	1
melaykat-melaykat	1
maséng-maséng	1
mapok	1
malaysia	1
lukisan	1
lemah	1
layan	1
last	1
lama	1
kèjlãj	1
kumpol	1
kotak	1
kiꞌoglèkh	1
kiꞌa-od	1
kisah	1
kimsembah	1
kimròt	1
kimnèh	1
kimkèrjak	1
kimdapad	1
kilãj	1
kep	1
kenirak	1
kapak	1
kamus	1
kami	1
kaji	1
kadok	1
jemaˈat	1
jaya	1
iꞌuy	1
iꞌanggap	1
iwèg-wòg	1
isèꞌlok	1
ipek	1
imtèrꞌih	1
imtèrhakh	1
imsèglòg	1
imsembah	1
imsabar	1
impèrnèh	1
imchib	1
imbatal	1
imanuèl	1
iman	1
imam-imam	1
ilèj-lãj	1
igunak	1
idoh	1
ichehor	1
ibèlꞌih	1
ibebatal	1
hurob	1
huntèk	1
haꞌèd-od	1
haꞌèd-id	1
hawul	1
hatèꞌèl	1
hatukh	1
hatap	1
hatanas	1
hatabeh	1
hanèh	1
hanggoj	1
hampèꞌpek	1
hamkod	1
hamgos	1
hambeperintah	1
hambayar	1
hakiron	1
hakim-hakim	1
hakadok	1
hadiah	1
habèꞌbuk	1
habaptis	1
gangguh	1
gahèl	1
gahmak	1
enachag	1
edisi	1
chèrtekh	1
chèntag	1
chur	1
chub	1
chetak	1
chenubak	1
carrying	1
bèꞌbuk	1
bèdbëd	1
burying	1
bisu	1
biru	1
bilìk	1
beꞌèg-oglèkh	1
beꞌibuk	1
beꞌa-od	1
betol	1
betanggõh	1
besambod	1
besamak	1
beragik-ragik	1
beragik	1
bepalang	1
benènglèkh	1
bemaꞌap	1
bema-mus	1
belap	1
bekebun	1
bejadik	1
behèd	1
bechèl-chal	1
bechèg-bég	1
bebentuk	1
bebayar	1
bebaptis	1
bangse	1
balakh-balakh	1
aꞌèg-oglèkh	1
arab	1
amin	1
alad	1
akèldama	1
aid	1
agustus	1
adés	1
a-òng	1
