ߟߊ߫	3147
ߞߏ߫	2667
ߊ߬	2234
ߞߵߊ߬	2120
ߘߌ߫	2055
ߘߐ߫	2000
ߡߊ߬	1872
ߏ߬	1784
ߞߋߟߊ	1663
ߣߌ߫	1636
ߞߊ߬	1622
ߟߎ߬	1252
ߡߍ߲	1223
ߟߋ߬	1185
ߒ	1173
ߦߋ߫	1162
ߞߵߏ߬	1107
ߞߍ߫	1061
ߓߍ߯	992
ߝߐ߫	894
ߟߎ߫	800
ߠߊ߫	752
ߞߊ߲߫	655
ߓߊ߯	646
ߢߍ߫	632
ߘߊ߫	618
ߞߣ	603
ߊߟߊ߫	602
ߘߏ߫	593
ߦߌ߬ߘߊ߬	592
ߕߍ߫	557
ߊߘ	524
ߠߎ߬	483
ߌ	466
ߝߏ߫	456
ߕߘߍ߬	445
ߘߏ߲߬	443
ߟߊߛߋ߫	423
ߛߊߟߌ	409
ߊ߲	394
ߊߟߎ߫	384
ߒߠߋ	376
ߣߴߊ߬	365
ߡߌ߬ߘߊ߬	363
ߟߋ	355
ߘߊߎߘߊ߫	352
ߠߋ߬	342
ߕߏ߫	341
ߊ߬ߓߎ߬	328
ߘߴߊ߬	325
ߟߐ߬	324
ߣߌ߲߬	301
ߞߊ߲߬	299
ߟߊߞߊ߬ߟߌ߬	298
ߕߙߌ߬ߡߖߌ	281
ߡߐ߰	274
ߏ	271
ߡߊ߫	266
ߞߋߟߋ߲߫	266
ߛߊߟߌ߫	266
ߓߐ߫	264
ߦߴߊ߬	257
ߊ߬ߟߎ߬	233
ߝߍ߬	230
ߝߣߊ߫	228
ߡߐ߱	223
ߞߏ	223
ߖߐ߲߬ߓߊ	219
ߓߘߊ߫	219
ߣߊ߬	218
ߞߊ߲	217
ߞߐ߫	216
ߝߌ߬ߟߊ	208
ߠߎ߫	204
ߞߎ߬ߙߊ߬ߣߊ	200
ߛߙߊ߬ߣߎ߲	200
ߞߣߐ߫	198
ߟߋ߫	196
ߟߏ߲	195
ߜߘߍ߫	193
ߊߤ	192
ߢߊ	188
ߛߌ߫	186
ߓߊ߲߫	182
ߛߎ߲	177
ߡߎ߬ߛߟߌ߬ߡߎ߲	176
ߕߊ	176
ߓߣߎ߬	176
ߓߎ߬ߞߊ߬ߙߌ	174
ߡߌ߬ߘߊ߫	171
ߓߊ߬ߙߌ߬	168
ߟߴߊ߬	166
ߛߋ߫	160
ߓߊ	156
ߓߊߏ߬	153
ߦߋ߲߬	145
ߟߏ߯ߟߎ	145
ߞߋߟߋ߲	143
ߓߟߏ߫	142
ߊߌ߬ߛߕߊ߫	141
ߢߌ߲߬	137
ߥߟߊ߫	134
ߞߊ߬ߣߌ߲߫	133
ߞߴߊ߬	132
ߕߊ߫	131
ߒ߬ߓߊ߬	131
ߟߐ߲߫	130
ߕߊ߯	130
ߘߋ߬	129
ߖߍ߬ߘߍ	129
ߥߊ߫	127
ߡߊ߰ߙߌ	125
ߊ߬ߟߎ߫	124
ߞߍ	123
ߝߌ߬ߟߊ߬	123
ߕߎ߲߬	120
ߒ߬	117
ߣߛߊ߬ߌ	116
ߞߊ߬ߙߊ߲߬	116
ߘߌ߯ߣߊ	113
ߗߍ߭	113
ߢߊ߫	112
ߛߌ߬ߟߊ߬ߡߊ	112
ߖߞߊ	112
ߦߌߟߊ	109
ߤߖߌ	108
ߝߋߎ߫	108
ߛߎ	106
ߕߎ߲߯	106
ߓߍ߲߬	106
ߛߓߍ߫	104
ߊ߰	104
ߧߋ߫	102
ߝߟߍ߫	102
ߝߟߐ	101
ߡߌ߬ߛߙߌ	100
ߞߊ߫	97
ߘߴߏ߬	95
ߛߊ߫	94
ߌߊ	94
ߡߍ߲߫	93
ߕߟߋ߬	93
ߦߏ߫	92
ߡߏ߬ߛߏ	92
ߛߐ߬ߘߐ߲߬	92
ߛߌ߰	92
ߟߴߏ߬	90
ߕߊ߬	90
ߣߴߊ߬ߓߎ߬	85
ߞߴߏ߬	85
ߞߊߣߊ߬	85
ߝߋ߲߫	84
ߌߎ	84
ߞߵߊ߬ߟߎ߬	82
ߞߎߡߊ	82
ߓߌ߬ߟߊ߬	82
ߊ߬ߓߎ߫	82
ߞߘߐ	81
ߢߐ߲߮	80
ߛߎ߲߫	80
ߡߊ߬ߡߊߘߌ߫	78
ߔ	78
ߖߊ߲߬ߕߏ߬ߒߘߐ	77
ߕߋ߲߬	77
ߕߋ߬ߟߋ	76
ߢߐ߲߰	75
ߛߓߊ߬	75
ߛߐ߲߬	75
ߕߴߊ߬	75
ߓߞߊߙߌ߫	75
ߕߊ߬ߡߌ߲߬	74
ߞߎߡߊ߫	73
ߘߊ	72
ߖߊ߬ߡߊ	72
ߞߊ߬ߙߊ߲	71
ߎߡߊߙߎ߫	71
ߢߌ߬ߣߌ߲߬ߞߊ߬	70
ߖߊ߯ߓߙߌ߫	69
ߕߌ߲ߓߌߘߌ߲	69
ߝߐ	68
ߝߋ߲	68
ߒߞߏ߫	68
ߌߓߣߎ߬	68
ߊߣߛߊ߫	68
ߛߎ߭	67
ߞߵߏ	66
ߛߎ߮	66
ߌߟߋ	65
ߞߘߐ߫	64
ߛߎ߲ߞߊߙߏ	64
ߕߴߏ߬	64
ߡߞߊ߫	63
ߛߌ߬ߟߡߊ߬ߦߊ	63
ߕߐ߭	63
ߓߊ߬	62
ߞߏ߬ߣߌ߲߬	61
ߕߎ߬ߡߊ	61
ߡߌ߬ߘߴߊ߬	60
ߝߌߟߊߣߊ߲	59
ߘߎ߱	59
ߖߐ߲߭	59
ߛߙߊ߬ߣߎ߲߬	58
ߛߌߟߊ	58
ߘߐߙߐ߲߫	58
ߓߙߊ߬ߖߌ	58
ߓߟߏ	57
ߛߊ߲߬	56
ߓߏ߲	56
ߡߊ߲߬ߕߏ߲	55
ߦߴߏ߬	54
ߛߌ߰ߘߊ	54
ߖߘߍ߬	54
ߣߴߌ	53
ߟߐ߲ߠߌ߲	53
ߝߎߊߎ߫	53
ߝߌ߬ߟߊ߫	53
ߖߌ	53
ߓߐ	53
ߟߍߙߊ	52
ߝߊ߲߭	52
ߛߘߌߞߌ߫	52
ߡߎߣߎ߲߬	51
ߟ	51
ߞߴߌ	51
ߘߴߏ	51
ߓߊ߯ߙߊ	51
ߓߊ߫	51
ߊ	51
ߦߴߌ	50
ߥߊ߯ߕߌ	50
ߣߊ߲߬ߝߟߏ	50
ߡߎ߬ߕߎ߲߬	50
ߗߍ߬	50
ߡߴߊ߬	49
ߞߊߙߏ	49
ߝߙߍߕߍ	49
ߛߐ߫	49
ߛߌߦߊߡߊ߲߫	49
ߘߋ߲	49
ߕߌߢߍ߫	49
ߢߌߣߌ߲߫	48
ߥߴߊ߬	47
ߣߊ߯ߣߌ߲߫	47
ߢߌߡߊ	47
ߠߋ߫	47
ߟߐ߬ߓߊ	47
ߞߵߊ߲	47
ߞߟߌ߫	47
ߞߘߊߎ߫	47
ߞߏ߬	47
ߞߍ߬ߣߍ߲	47
ߛߊ߰ߓߊ	47
ߞߕߐ߫	46
ߝߟߐ߫	46
ߝߙߍߕߍ߫	46
ߝߊ߬	46
ߘߝߊ߫	46
ߣߵߊ߬	45
ߢߣߊ߫	45
ߛߌߛߍ߲߬	45
ߛߊ߬ߓߊ	45
ߘߏ߲	45
ߌ߬ߡߊߡߎ߲	45
ߞߊߓߙߎ	44
ߛߘߊߞߊ	44
ߛߊ߬	44
ߓߘߊ	44
ߓߊߘߊ߬ߙߊ	44
ߡߟߍ߬ߞߊ	43
ߕߊ߲߬	43
ߣߴߊߟߎ߫	42
ߞߵߊ߬ߟߎ߫	42
ߞߎ߲߬	42
ߛߐ߰	42
ߘߎߢߊ߫	42
ߓߊߖߎ߫	42
ߢߊ߬	41
ߡߐ߮	41
ߡߊ߰ߙߌ߬	41
ߡߊ߲߫	41
ߟߊߓߊ߲	41
ߞߎ߲߭	41
ߤߖߌ߫	40
ߟߊߥߟߌ߬	40
ߛߓߊߣߊ߲	40
ߛߊ߬ߌ߯ߘߌ߫	40
ߘߌߦߊ߫	40
ߖߞߊ߫	40
ߖߎ߮	40
ߖߋ߬ߓߌ߬	40
ߕߐ߬	40
ߦߊ߲߬	39
ߥߟߴߊ߬	39
ߣߌ	39
ߘߎ߬ߥߊ߬ߎ	39
ߖߟߎ߬ߡߎ߲	39
ߊ߬ߟߋ	39
ߡߖߊ	38
ߟߝߊߙߌ߫	38
ߞߎߘߊ	38
ߛߊ߲	38
ߖߎߡߊ߫	38
ߕߙߊ߫	38
ߊߙߊߓߎ߫	38
ߡߊ߬ߘߌ߬ߣߊ߫	37
ߛߎ߬	37
ߛ	37
ߒ߬ߞߊ߬	37
ߞߵߌ	36
ߞߴߊߟߎ߫	36
ߞߐߡߊߓߌߘߌ߲	36
ߞߍ߬	36
ߞߊ߬ߙߊ߲߬ߡߐ߰ߓߊ߫	36
ߞߊߙߏ߫	36
ߝߊ߬ߘߌ	36
ߖߌ߰	36
ߥߟߌ߬	35
ߣߴߏ߬	35
ߛߙߊ߬	35
ߘߊߡߌ߬ߣߊ߬	35
ߕߐ߮	35
ߕߎߡߊ	35
ߕߌ߱	35
ߔߋ߫	35
ߣߴߊߤߊ߬ߡߊߘߎ߫	34
ߡߛߊߟߌ߫	34
ߠߴߊ߬	34
ߟߝߊߙߌ	34
ߟߊ	34
ߞߍߢߊ	34
ߝߐߘߊ	34
ߖߎߡߊ	34
ߣߊ߯ߣߌ߲	33
ߣߊ߫	33
ߣߊߡߎ߲ߘߐߦߊ	33
ߟߐ߲ߠߌ߲ߠߊ	33
ߟߏ߲߫	33
ߞߐߘߍ߫	33
ߞߐ	33
ߞߏߛߐ߲߬	33
ߝߘߊ߫	33
ߝߏߦߌ߬	33
ߘߏ߲߬ߞߏ	33
ߖߊ߬ߤߣߊߡߊ߫	33
ߕߐ߯	33
ߕߊ߯ߡߊ	33
ߘߋ߲߫	32
ߋ	32
ߤߖߌߦߊ	31
ߢߌ߬ߡߊ	31
ߢߌߡߊ߫	31
ߟߎ	31
ߝߎ߬ߙߋ	31
ߛߌߟߊ߲߫	31
ߘߌߦߊߘߌߦߊ߫	31
ߕߴߛߋ߫	31
ߌߡ	31
ߣߴߊ߲	30
ߣߴߊߟߊ߫	30
ߣߍߡߊ	30
ߢߌߣߌ߲	30
ߝߐߟߌ	30
ߛߴߊ߬	30
ߛߌ߬ߟߡߊ߬	30
ߕߊ߲߫	30
ߓߌ߬	30
ߡߎ߰ߡߍ	29
ߟߊ߬	29
ߟߊߘߍ߬	29
ߜߍ	29
ߛߋ	29
ߘߴߌ	29
ߘߌߡߊ߲߫	29
ߖߍߣߍ߲	29
ߖߌ߫	29
ߒߞߏ	29
ߍ	29
ߊ߳ߎߡߎߙߊ	29
ߤߊߞߌߡߎ߲	28
ߡߛߏ߬	28
ߡߎߛߊ߫	28
ߞߌߣߌ߲	28
ߝߊ߲߬ߓߊ	28
ߝߊߕߌߤߊ߫	28
ߛߘߊߞߊ߫	28
ߛߎ߫	28
ߘߊ߬ߡߊ߲߬ߛߊ߫	28
ߕߍ߯	28
ߕߌ߮	28
ߓߟߏߞߊ߬	28
ߓߊ߬ߕߏ	28
ߒ߬ߠߎ߬	28
ߣߐ߬	27
ߡߍ߲ߞߍ߫	27
ߟߐ߭	27
ߟߏ߯ߟߎ߫	27
ߛߋ߲߬ߧߊ߫	27
ߖߊ߰ߟߋ	27
ߓߘߴߊ߬	27
ߓߏ߲߬ߓߊ	27
ߎ	27
ߝߐߟߌ߫	26
ߝߏ߬ߟߌ߬	26
ߛߌߦߊߡߊ߲	26
ߘߍ߲߬ߞߣߍ߬ߦߊ	26
ߘߌ߬	26
ߓߌߟߊ	26
ߎߡߎ߬	26
ߦߴߊ߬ߟߎ߬	25
ߡߌ߬ߛߙߌ߬	25
ߟߊߟߐ߬	25
ߞߣߊ߬	25
ߝߊߕߊ߲ߕߌ߫	25
ߜߍߟߍ߲	25
ߛߍߣߍ߲߬	25
ߛߋ߲ߛߋߘߋ߲	25
ߛߊߟߖߌ	25
ߘߐ߰ߕߐ	25
ߘߋ߲ߞߍ߫	25
ߘߊߥߎ߲߫	25
ߖߐ߫	25
ߖߌ߬ߓߙߌߟߎ߫	25
ߓߊ߲ߣߍ߲	25
ߦߙߐ	24
ߢߐ߲߯	24
ߢߐ߯ߡߍ	24
ߟߴߊ߬ߟߎ߬	24
ߟߊߘߏ߲߬	24
ߞߏ߬ߣߵߊ߬	24
ߝߊ߰	24
ߛߊߣߌ߲	24
ߗߡߍ߬	24
ߖߟߎ߬ߡߎ߲߬	24
ߓߏ߲߫	24
ߊߞߌߓߊߙߎ߫	24
ߦߝߊ߬	23
ߥߊ߯	23
ߣߴߊ߬ߟߎ߬	23
ߡߎ߲߬	23
ߡߋ߬ߘߋ	23
ߡߊ߯ߟߞߌ߫	23
ߡߊߘߊ߲߫	23
ߞߓߊ߫	23
ߞߏߢߊ	23
ߞߊ߲ߡߊ߬	23
ߞߊߙߊ߲	23
ߝߛߊߦߌ߫	23
ߝߊ߰ߣߌ߲	23
ߛߐ߬ߛߐ߬ߟߌ	23
ߛߌ߬	23
ߛߊ߬ߦߊ	23
ߛߊ߬ߙߌ	23
ߘߎߓߊ߫	23
ߘߌ߬ߢߍ߬	23
ߘߌߣߊ߬	23
ߕߍ߬ߘߍ߫	23
ߕߋ߬ߟߋ߫	23
ߓߊ߲߬	23
ߊ߬ߙߌ߬ߖߣߍ߬	23
ߊߟߴߊߟߎ߫	23
ߊߊ	23
ߥߊ߬	22
ߤߊߟߌ߬	22
ߤߊߞߍ	22
ߣߊ߬ߓߌ߬ߢߌߡߊ	22
ߟߊߘߍ߬ߣߍ߲	22
ߟߊߓߋ߬	22
ߘߴߊ߲	22
ߘߴߊ߬ߟߎ߫	22
ߘߋ߲ߓߦߊ	22
ߓߍ߫	22
ߓߊ߬ߦߌ߬ߤߊ߬ߞߌ	22
ߊ߬ߟߋ߬	22
ߧߴߏ߬	21
ߦߴߊߟߎ߫	21
ߦߟߍ߬	21
ߦߊ߬ߤߎ߯ߘߎ	21
ߥߊ߯ߕߌ߫	21
ߥߊ߬ߙߊ߲߬ߘߌ	21
ߣߐ߭	21
ߣߊ߲߬ߝߟߏ߬	21
ߣߊߝߌߟߊ߫	21
ߢߊߝߐ߫	21
ߡߌߛߍ߲	21
ߟߴߊߟߊ߫	21
ߟߍߙߊ߫	21
ߟߌ߬ߤߟߊ	21
ߞߵߊߟߎ߫	21
ߞߋߟߋ߲ߘߌ߫	21
ߝߊ߰ߣߌ߲߬	21
ߛߝߊ	21
ߛߏ	21
ߛߊ߬ߓߊ߫	21
ߘߴߊ߬ߟߎ߬	21
ߘߙߊ߬ߞߕߎ߬ߣߌ	21
ߘߋ߲ߡߛߏ߫	21
ߖߐ߲߫	21
ߖߏߣߊ߫	21
ߖߊ߲߰ߞߕߊ	21
ߖߊ߰	21
ߖߊ߬ߡߊߙߌ	21
ߕߊ߯ߡߊ߫	21
ߊߤߊ߬ߡߊߘߎ߫	21
ߦߙߌߞߊ	20
ߡߙߌߦߊ	20
ߡߖߊ߫	20
ߡߎߘߋ	20
ߟߊ߲߬ߛߙߊ	20
ߟߊߞߌߙߊ߫	20
ߟߊߓߐ߫	20
ߞߴߊ߬ߟߎ߬	20
ߞߣߊ߫	20
ߞߎߘߊ߫	20
ߞߍߣߍ߲߫	20
ߝߎ߲ߘߌ	20
ߝߌ߲	20
ߝߌ߬ߛߊ߬	20
ߛߣߐ߬ߡߍ	20
ߛߙߋߕߋߕߋߦߊ߫	20
ߛߎ߯ߙߊ	20
ߛߎ߬ߣߐ߰	20
ߛߎߣߊ	20
ߛߎߓߊ߮	20
ߛߌߟߊ߫	20
ߛߋ߲߬ߢߊ߫	20
ߛߊߟߖߌߕߊ߬	20
ߛߊߟߌߝߊ߬ߣߊ	20
ߘߊ߲߬	20
ߘߊ߲߫	20
ߖߎ߯ߡߊ߲	20
ߕߎ߲߰	20
ߓߊ߯ߙߊ߫	20
ߓߊߘߍ	20
ߒ߬ߠߎ߫	20
ߊߟߊ߯ߤߎ߫	20
ߥߙߊ߬	19
ߥߎߦߊ߫	19
ߣߎߡߊ߲	19
ߣߊߝߌߟߊ	19
ߟߐ߬ߣߍ߲	19
ߞߏߛߓߍ߫	19
ߞߍߕߐ߫	19
ߞߊ߬ߕߎ߲߯	19
ߞߊߣߵߊ߬	19
ߝߌ߬ߕߙߌ	19
ߛߓߍ	19
ߛߎ߬ߣߐ߮	19
ߛߌ߰ߣߍ߲	19
ߛߌߘߐ߫	19
ߛߋ߲߭	19
ߛߋ߬ߕߣߊ߬	19
ߖߎ߯	19
ߕߍ߰	19
ߕߍ	19
ߓߘߍ	19
ߓߋ߬	19
ߊ߬ߙߌ߬ߖߣߍ߫	19
ߧߴߌ	18
ߦߙߐ߫	18
ߦߌߟߊ߫	18
ߤߍ߲߬	18
ߤߌߣߊ	18
ߣߴߊ߬ߟߎ߫	18
ߣߊ߬ߓߌ	18
ߡߴߏ߬	18
ߡߊߝߟߍ߫	18
ߞߟߍ߬	18
ߞߏߝߐ߫	18
ߞߎ߲߬ߝߟߐ	18
ߞߍ߬ߟߍ	18
ߝߏ߬	18
ߝߏߦߌ߫	18
ߝߊ߲߬ߞߊ	18
ߛߟߊ	18
ߛߎ߬ߡߊ߲	18
ߛߋ߲߬	18
ߛߊߣߌ߲ߧߊ߫	18
ߘߊߝߍ߬	18
ߖߡߊ߬	18
ߕߍߕߊ߯ߡߊ	18
ߕߊ߬ߡߌ߲߬ߣߍ߲	18
ߓߌ߬ߟߴߊ߬	18
ߏ߱	18
ߧߴߊ߬	17
ߤߌߣߊ߫	17
ߢߌ߬ߣߊ߬	17
ߢߊߞߘߐ߫	17
ߟߴߊߟߎ߫	17
ߟߊߡߌߣߌ߲	17
ߞߵߊߟߊ߫	17
ߞߣߵߊ߬	17
ߞߐߟߕߊ	17
ߞߐߟߊ߫	17
ߝߴߏ߬	17
ߝߐߣߍ߲߫	17
ߜߍ߫	17
ߛߙߊߕߌ	17
ߛߏ߫	17
ߛߊ߲߭	17
ߘߌߦߊߜߏߦߊ߫	17
ߖߍߡߎߙߍ߲	17
ߕߡߊߙߏ߫	17
ߕߙߊߟߌ	17
ߕߊ߮	17
ߓߊ߲	17
ߓߊߘߋ߲	17
ߏ߰	17
ߍ߲߬ߍ߲ߍ߲߬	17
ߊߟߴߏ߬	17
ߦߙߋߞߋ߫	16
ߥߊߘߌ	16
ߥߊߕߐ߫	16
ߥߊߕߐ	16
ߤߟߴߊ߬	16
ߤߊ߬ߙߌ߬ߖߍ߰	16
ߤߊߡߊ߲ߕߍ߫	16
ߤߊߟߌ߫	16
ߢߣߊߡߊ	16
ߢߌ߬ߣߌ߲߬ߞߊ߬ߟߌ	16
ߡߊߛߎ߲ߓߎ߫	16
ߟߛߊߟߌ߫	16
ߟߊ߯ߤߌ߫	16
ߟߊߘߛߍ߫	16
ߟߊߕߐ߲߫	16
ߞߴߏ	16
ߞߕߎ߬ߓߊ	16
ߞߐߛߊ߬ߦߌ߲߬	16
ߞߐߘߐ߲	16
ߞߍߕߐ	16
ߞߊߓߙߎ߫	16
ߝߋ߲ߋߝߋ߲߫	16
ߝߊ߲߬	16
ߛߎߓߊ߯	16
ߛߍ߲	16
ߛߌ߭	16
ߛߌߦߊߦߊ߫	16
ߛߋ߲߬ߢߊ߬	16
ߛߊߣߌ߲ߧߊ	16
ߛߊߝߏ	16
ߘߝߊߣߍ߲	16
ߘߍ߲߬ߞߣߍ߬ߦߊ߬ߓߊ߮	16
ߘߌߦߊߘߌߦߊ	16
ߖߡߊ߬ߣߊ	16
ߕߍߟߊ	16
ߕߌ߲߬	16
ߕߊ߲	16
ߓߙߊ߬ߖߌ߬	16
ߓߍߣߊ߬	16
ߐ	16
ߊ߬ߓߘߎ߬ߟߊ߯ߤߌ߫	16
ߊ߬ߓߎ߰	16
ߦߴߏ	15
ߦߟߍ߬ߡߊ߲߬	15
ߦߙߋߞߋ	15
ߦߊ߯ߟߊ߫	15
ߥߘߎ߬ߓߊ	15
ߥߊ߬ߙߊ߲߬ߘߌ߬	15
ߤߊߞߍ߫	15
ߣߐߣߐ	15
ߣߊߟߌ߬ߡߎ߲߫	15
ߢߌ߬ߡߊ߬	15
ߟߴߌ	15
ߟߴߊ߬ߟߎ߫	15
ߟߊߡߌ߬ߘߊ߬	15
ߞߣߍ	15
ߞߢߊߡߊ߲߫	15
ߞߏߕߊ߲߫	15
ߞߎ߲	15
ߞߎ߬ߙߣߊ߬	15
ߞߊ߲ߠߊ߫	15
ߞߊ߬ߣߌ߲߬	15
ߞߊ߬ߕߊ߯ߘߊ߫	15
ߝߊߟߊ߲	15
ߜߊ߲߬ߛߊ߲	15
ߛߎߡߊ	15
ߛߋ߲߬ߧߊ߬	15
ߛߊ߲ߖߌ߫	15
ߘߤߊ߬ߣߍ߲߫	15
ߘߤߊ߬	15
ߘߊ߯ߡߊߞߍ	15
ߘߊߎߘߊ	15
ߖߘߌ߫	15
ߖߐ߲	15
ߕߎ߬ߢߊ߬	15
ߕߍߣߊ߬	15
ߓߏ߲߬	15
ߓߌߦߊ߲	15
ߌߞߘߐ߫	15
ߊ߲ߠߎ߬	15
ߊߙߊߓߎ	15
ߥߊ߬ߙߊ߲߬ߘߌ߬ߟߊ	14
ߤߊ߯ߟߌ߫	14
ߤߊߞߍߕߏ߫	14
ߣߵߏ߬	14
ߣߊ߬ߣߍ߲	14
ߢߐ߯ߡߍ߫	14
ߢߌ߬ߡߊ߲߫	14
ߡߊ߬ߞߏ	14
ߡߊߛߏ߬ߛߊ߬	14
ߟߛߊ߬ߟߌ߬ߟߌ	14
ߟߐ߲ߠߌ߲ߠߊ߫	14
ߟߊߞߊ߬	14
ߟߊߛߌ߰	14
ߟߊߘߊ߲߫	14
ߞߛߌ߫	14
ߞߘߐ߬ߞߍ߫	14
ߞߐ߲ߘߐ߲	14
ߞߏߖߎ߯ߦߊ߫	14
ߞߎ߬ߙߊߦߌ߬ߛߌ	14
ߞߍ߲ߘߍ	14
ߞߋ߬ߟߋ߲߬ߞߋ߬ߟߋ߲߬ߣߊ	14
ߞߋߟߦߊ	14
ߞߊ߬ߛߌ߬	14
ߝߟߐߡߊ	14
ߛߘߍߡߊ߲߫	14
ߛߐ߱ߡߊ߬	14
ߛߎ߬ߡߊ߲߬	14
ߛߎߡߊ߫	14
ߛߌ߱	14
ߛߊ߮	14
ߛߊ߬ߙߌ߬ߦߊ	14
ߘߏߦߌ߲߫	14
ߗߋߥߊߟߌ	14
ߖߐ߲߬	14
ߖߎ߯ߡߊ߲߫	14
ߖߍ߬ߘߍ߫	14
ߖߊ߲߬ߕߏ߬ߒ߬ߘߐ߬	14
ߕߴߊ߬ߟߎ߬	14
ߕߍߡߊ߫	14
ߕߊ߯ߡߟߊ	14
ߕߊ߲߬ߘߏ	14
ߓߐߣߍ߲߫	14
ߓߋߟߋ߲ߠߊ	14
ߐ߲߬ߤߐ߲߫	14
ߊ߲ߠߎ߫	14
ߊߡߙߎߥߌ߫	14
ߊߟߎ߬	14
ߦߴߊߟߊ߫	13
ߣߍ߲ߞߍ߫	13
ߣߌ߬	13
ߡߛߏ	13
ߡߍ߲ߞߍ߭	13
ߡߌ߲߬	13
ߡߊߞߎ߲߬	13
ߠߊ	13
ߟߐ߮	13
ߟߏ߲ߏߟߏ߲߫	13
ߟߊߕߊ߯	13
ߟߊߒߞߣߍߡߊ߫	13
ߞߟߍ	13
ߞߟߋ߫	13
ߞߛߌ	13
ߞߙߎ߬ߛߌ	13
ߞߐ߬ߟߐ߲	13
ߞߐߡߐ߮	13
ߞߍߣߍ߲	13
ߞߊ߲ߘߊ߫	13
ߞߊ߬ߙߊ߲߫	13
ߝߘߎ߫	13
ߝߏ߬ߟߌ	13
ߝߌ߬ߟߊ߬ߣߍ߲	13
ߝߊ߬ߘߊ߲߬ߞߊ	13
ߛߎ߲ߕߐ	13
ߛߌ߮	13
ߛߋߚߋ߫	13
ߛߊ߰	13
ߛߊ߬ߙߊ	13
ߛߊ߲߫	13
ߘߴߊߟߎ߫	13
ߘߐ߲߬ߞߌ߲	13
ߘߐ	13
ߘߌ߯ߣߊ߫	13
ߖߡߊ	13
ߖߎ߬ߕߍ߰	13
ߖߊ߲߬	13
ߕߌ߲ߘߌ	13
ߕߌ߲ߓߌߘߌ߲߫	13
ߓߣߎ߬ߟ	13
ߐ߲߬ߐ߲߬ߐ߲߫	13
ߌߡߎ߬ߙߊ߯ߣߊ߫	13
ߊߟߎ	13
ߊߘߡߊ߫	13
ߦߡߊߣߌ߫	12
ߦߟߌ߫	12
ߦߟߌߛߌߕߐ	12
ߥߛߊ߬	12
ߤߙߊ	12
ߤߓߊߛߌ߫	12
ߤߎ߬ߛߊߦߣߌ߫	12
ߣߐ	12
ߢߌ߬ߣߌ߲߬ߞߊ߬ߣߍ߲	12
ߡߞߊߞߊ	12
ߡߐ߬ߟߐ߲	12
ߡߌ߲߬ߠߌ߲߬	12
ߡߊ߬ߘߌ߬ߣߊ߬	12
ߟߊߕߍ߰	12
ߞߴߌߟߋ	12
ߞߐߛߊߦߌ߲	12
ߞߏ߬ߟߌ	12
ߞߎߘߍ߫	12
ߞߊߓߙߎߟߏ	12
ߝߊ߲ߘߊ	12
ߜߘߍ	12
ߛߝߊ߬ߌ	12
ߛߌ߬ߣߌ߲߬ߟߏ߲	12
ߛߊ߲ߖߌ	12
ߛߊߟߌߡߊ߫	12
ߛߊߟߌߞߘߐߕߊ	12
ߘߝߊ	12
ߘߙߌ߬ߞߌ	12
ߘߊ߬ߓߌ߬ߦߏ߲߬	12
ߘߊߥߎ߲ߠߌ߲	12
ߖߊ߰ߣߍ߬	12
ߕߟߏ	12
ߕߟߊ߫	12
ߕߟߊ	12
ߕߙߊ	12
ߕߘߋ߫	12
ߕߎ߬ߢߊ	12
ߕߍ߮	12
ߕߍߡߊ߬	12
ߕߌ߲ߞߌ	12
ߕߊ߲߬ߞߊ߬	12
ߓߟߏߞߏߟߏ߲	12
ߓߍߣߐ߯	12
ߓߌߦߊ߲߫	12
ߓߊ߲߬ߓߊ߮	12
ߓߊߘߋ߲߫	12
ߋ߫	12
ߦߴߊ߬ߟߎ߫	11
ߥߎ߬ߟߎ	11
ߣߵߌ	11
ߣߛߌ߬	11
ߣߐ߰ߦߊ߬	11
ߣߊ߬ߕߐ	11
ߣߊߟߌ߬ߡߎ߲߬	11
ߢߍ	11
ߢߌ߬ߡߊ߬ߦߊ	11
ߢߊߝߍ߬	11
ߡߵߊ߬	11
ߡߎߘߋ߫	11
ߠߴߏ߬	11
ߠߊߦߟߍ߬	11
ߟߴߊ߲	11
ߟߞߊߟߌߦߊ߫	11
ߟߝߊ߫	11
ߟߊߓߊ߲߫	11
ߞߕߌ	11
ߞߐߞߘߐ߫	11
ߞߐߘߏ߲߬	11
ߞߏ߬ߣߌ߲	11
ߞߎ߲߬ߠߊ߫	11
ߞߎߣߎ߲߫	11
ߞߋߟߓߊ	11
ߞߊ߲ߕߍ߫	11
ߞߊ߬ߣߌ߲	11
ߞߊ߬ߡߊ߲߬ߞߎ߲	11
ߞߊ߬ߙߌ߬ߝߊ	11
ߞߊߣߵߊߟߎ߫	11
ߞߊߓߙߎߘߊ	11
ߝߟߌ߬	11
ߝߎ߲ߘߌ߫	11
ߝߌ߬ߛߴߊ߬	11
ߝߊ߰ߡߎ߲߬	11
ߝߊ߬ߘߌ߬	11
ߜߍ߲߫	11
ߛߝߊ߫	11
ߛߙߊ߬ߣߎ߲߫	11
ߛߘߌ߬	11
ߛߓߍ߬	11
ߛߐ߬ߛߐ߬ߟߌ߬	11
ߛߏ߭	11
ߛߎ߲ߓߊ߮	11
ߛߎ߯ߣߊ	11
ߛߎ߯ߎߛߎ߯	11
ߛߎ߯	11
ߛߊ߰ߓߊ߬	11
ߛߊߟߖߌߕߊ	11
ߘߐ߰ߡߊ߲߬ߣߍ߲	11
ߘߐ߬	11
ߘߎ߰ߙߋ߲	11
ߘߎߓߊ	11
ߘߍ߬ߢߐ߲߮	11
ߘߌߦߊߜߏߦߊ	11
ߘߌߡߊ߲	11
ߘߊ߲ߞߊ߫	11
ߘߊߥߎ߲	11
ߘߊߡߌߣߊ	11
ߖߡߊ߬ߙߌ߬	11
ߖߞߊߘߐ	11
ߖߎ߬ߟߎ	11
ߖߋ߬ߟߌ	11
ߖߊ߲	11
ߕߙߐ߫	11
ߕߌ߲	11
ߕߊ߬ߓߙߊ߬ߣߌ	11
ߔߌߦߐߔߌߦߐ	11
ߓߍ߲߬ߣߍ߲߫	11
ߓߌߘߌ߲߫	11
ߓߊ߬ߘߏ	11
ߓߊ߬ߕߏ߬	11
ߎ߬ߓߊߦߌ߫	11
ߌߛߊ߫	11
ߋ߯	11
ߊ߬ߓߊ߯ߛߌ߬	11
ߊ߬ߓߊ߯ߛߌ߫	11
ߥߎߦߊ	10
ߤߊ߬ߘߌ߯ߛߌ	10
ߣߐ߲߬ߞߐ߲	10
ߣߎ߲	10
ߣߊ߬ߣߍ߲߬	10
ߢߍߕߊ	10
ߢߊߛߌ߲߫	10
ߡߟߍ߬ߞߊ߬	10
ߡߎ߬ߤߡߊߘߎ߫	10
ߡߊ߰	10
ߡߊߓߌ߬ߟߊ߬	10
ߟߴߏ	10
ߟߊ߲߬ߛߙߊ߬	10
ߟߊ߬ߕߍ߮	10
ߟߊߦߟߍ߬	10
ߟߊߝߟߌ߬	10
ߟߊߛߐ߬ߘߐ߲߬	10
ߟߊߛߌߦߊߦߊ߫	10
ߟߊߕߋߟߋ߲߫	10
ߟߊߓߊ߯ߙߊ߫	10
ߞߟߏ߫	10
ߞߘߐߕߊ߬	10
ߞߓߊ	10
ߞߎ߲߬ߘߐ߫	10
ߞߎ߲߬ߕߊ߮	10
ߞߎ߬ߡߊ߲߬ߘߌ߬	10
ߞߋ߬ߟߋ߲߬ߞߋ߬ߟߋ߲߬ߓߐ	10
ߞߊ߲߬ߟߊ	10
ߞߊߛߊ߲ߞߋ߫	10
ߝߘߎ	10
ߝߎ߬ߙߋ߬	10
ߝߌ߬ߟߌ	10
ߝߌ߬ߛߊ߫	10
ߝߊ߲߬ߞߊ߬	10
ߜߟߍ߬ߦߊ߬	10
ߜߎ߲߬ߘߎ߬	10
ߜߊ߬ߛߌ߬	10
ߛߓߍߟߌ	10
ߛߐ߬ߛߐ߬	10
ߛߎ߯ߙߊ߫	10
ߛߋ߲	10
ߛߋ߬ߕߣߊ߫	10
ߛߊ߯ߘߎ߫	10
ߛߊߟߌߟߊ	10
ߘߴߊߟߊ߫	10
ߘߤߊ߬ߣߍ߲߬	10
ߘߛߍ߫	10
ߘߏ߲߭	10
ߘߌߦߊ	10
ߘߊ߰ߡߎ߲߬ߦߊ߬ߟߌ	10
ߘߊ߬ߟߎ	10
ߖߣߊ߬ߓߊ߬	10
ߖߊ߯ߕߋ	10
ߓߴߏ߬	10
ߓߴߌ	10
ߓߴߊ߬	10
ߓߐ߲ߛߐ߲	10
ߓߐߒߖߘߍߘߐ߫	10
ߓߏ߲߬ߘߊ	10
ߓߏ߬	10
ߓߌ߬ߟߊ߫	10
ߓ	10
ߎ߬ߡߊ߯ߡߊ߫	10
ߊ߬ߛߌ߬ߡߊ߯ߎ߫	10
ߊ߫	10
ߊߞߌߓߊߙߎ	10
ߦߴߊ߲	9
ߦߴߊ߬ߓߎ߬	9
ߦߊ߬ߝߊ߫	9
ߦߊ߬ߝߊ	9
ߦߊߛߙߌߓߊ߫	9
ߥߐ߯ߙߐ߫	9
ߥߎ߬ߙߊ	9
ߥߊ߬ߣߌ߲߬ߞߋ	9
ߥߊߘߌ߫	9
ߤߖߌߦߊ߫	9
ߤߊߞߌߡߎ߲߫	9
ߣߍ߲߬	9
ߢߌ߬ߣߌ߲߬ߞߊ߫	9
ߢߊߞߍ߫	9
ߢߊߝߐ	9
ߡߴߊ߲	9
ߡߎߛߌ߬ߣߊߘߎ	9
ߡߎߊ߬ߕߊ	9
ߡߌ߯ߣߊ߫	9
ߡߌ߲߬ߞߊߙߏ	9
ߡߊ߬ߞߏ߬	9
ߡߊ߬ߝߊ	9
ߡߊ߬ߛߊߟߌ	9
ߡߊ߬ߙߊ߲	9
ߡߊߟߐ߬	9
ߡߊߓߐ߫	9
ߟߊ߬ߓߊߦߌߞߊ߬	9
ߟߊߓߍ߲߬	9
ߞߘߐ߬ߡߊ߲߬	9
ߞߘߐ߬	9
ߞߘߐߦߌߘߟߊ	9
ߞߏߢߊ߬	9
ߞߎ߲߬ߠߊ߬	9
ߞߎ߲߬ߝߍ߬	9
ߞߊ߯ߙߌ	9
ߞߊ߬ߙߊ߲߬ߡߐ߰	9
ߝߐߣߍ߲	9
ߝߌߛߙߌ	9
ߝߋ߬ߙߋ	9
ߝߊ߯ߛߌ߫	9
ߝߊ߬ߙߌ߬ߟߊ߬	9
ߝߊߕߏ߫	9
ߛߟߏ߬ߣߊ߬ߟߌ	9
ߛߙߊ	9
ߛߐ߲߬ߞߐ	9
ߛߎ߲ߞߊߙߏߡߊߞߐߣߐ߲	9
ߛߎ߲ߕߍ߮	9
ߛߎ߬ߓߏ߲߬ߘߊ	9
ߛߍߥߊ߫	9
ߛߌ߬ߟߊ߬ߡߊ߫	9
ߛߌ	9
ߛߋ߲߬ߡߊ߬ߘߏ߲	9
ߛߋߣߍ߲	9
ߛߊ߯ߓߕߌ߫	9
ߛߊߟߌߝߎߥߊ	9
ߘߐߜߍ߫	9
ߘߍ߬ߡߍ߲߬	9
ߘߍ߬	9
ߘߌ߲߬ߞߌߙߊ	9
ߘߌ߲߫	9
ߘߊ߬ߡߊ	9
ߖߣߊ߬ߓߊ߬ߕߐ	9
ߖߟߎ߬	9
ߖߟߎ	9
ߖߊ߰ߣߌ߲߬	9
ߖߊ߬ߤߣߊ߬ߡߊ߬	9
ߖߊ߬ߣߍ߲߬	9
ߖߊߦߘߌ߫	9
ߖߊߙߊ߲	9
ߕߴߏ	9
ߕߴߌ	9
ߕߴߊ߬ߟߎ߫	9
ߕߎ߲߯ߣߌ߲߫	9
ߕߎ߬ߡߊ߬	9
ߕߋߟߋ߲ߣߍ߲	9
ߕߊ߰ߝߋ	9
ߕߊ߬ߤߌߦߊ	9
ߕߊߝߟߊ	9
ߓߟߏߞߏ߬ߋ߬ߣߍ߲	9
ߓߟߋߓߟߋ	9
ߓߘߍߞߍ߭	9
ߓߕߌߙߊ߲	9
ߓߌ߬ߛߌߡߌ߬ߟߊ߯ߤߌ߫	9
ߓߊ߬ߓߊ߫	9
ߓߊߦߟߍߡߊ߲	9
ߒߞߊ߬	9
ߎߞߌ߬ߓߊ߫	9
ߌߓߎ߬ߙߊ߬ߤߌߡߊ߫	9
ߊߙߝߊ߫	9
ߦߟߌߛߌ	8
ߥߐ߯ߙߐ	8
ߤߐ߲߬ߞߍ߬	8
ߤߌߣߟߊ	8
ߤߊ߯ߞߌߡߎ߲	8
ߣߌߡߊ	8
ߢߍߛߓߍ	8
ߢߌ߬ߡߊ߲߬	8
ߢߊ߬ߡߐ߰ߦߊ	8
ߡߏߦߌߓߊ߮	8
ߡߏߙߌ߫	8
ߡߌ߬ߙߌ߲߬ߘߌ	8
ߡߊߞߊ߬ߝߏ߬	8
ߡߊߜߍ߲߫	8
ߡߊߘߌߦߊ߫	8
ߡߊߕߌ߮	8
ߡߊ	8
ߠߊ߬	8
ߟߵߌ	8
ߟߓߊߦߌߞߊ߫	8
ߟߐ߲ߠߌ߲߫	8
ߟߌ߬ߤߙߐ߬ߡߊ߬	8
ߟߌ	8
ߟߊ߬ߓߊߦߌߞߊ	8
ߟߊ߲߫	8
ߟߊߥߌ߬ߟߌ	8
ߟߊߛߙߋߦߊ߫	8
ߟߊߛߊ߬ߦߌ߬	8
ߞߣߎ߬ߕߎ	8
ߞߛߐ	8
ߞߕߎ߬ߓߊ߬	8
ߞߐ߬ߟߐ	8
ߞߐ߲߫	8
ߞߐߞߊ߲ߠߊ	8
ߞߐߝߍߣߍ߲߫	8
ߞߏ߬ߣߵߊ߬ߟߎ߬	8
ߞߏ߬ߖߎ߮	8
ߞߏߟߋ߲	8
ߞߏߟߊ߫	8
ߞߋߟߊ߫	8
ߞߊ߬ߦߌ߯	8
ߞߊ߬ߟߊߡߊ߬	8
ߞߊ߬ߘߌ߬ߛߊ߬	8
ߞߊߝߙߌ߫	8
ߝߴߏ	8
ߝߴߊ߬	8
ߝߘߏ߬	8
ߝߘߎߡߊ	8
ߝߏߘߋ߫	8
ߝߎߦߋ߲	8
ߝߌ߬ߟߊ߲߬ߞߊߝߏ߫	8
ߝߊ߲	8
ߝߊ߬ߙߊ߲߬ߛߌ	8
ߝ	8
ߜ߭ߎߡߊ	8
ߜߎ	8
ߜߊ߬ߟߏ	8
ߛߟߐߡߌ߲	8
ߛߓߍߣߍ߲	8
ߛߓߊߙߌ	8
ߛߐ߬ߘߐ߲߫	8
ߛߏߡߊ	8
ߛߎ߲ߠߞߊߘߌ	8
ߛߎ߲ߞߊߙߏ߫	8
ߛߎ߲ߘߏ߲	8
ߛߎ߬ߙߊ߬ߞߕߊ߫	8
ߛߎߣߊ߫	8
ߛߌߣߌ߲߫	8
ߛߌߟߊ߲	8
ߛߌߛߌ	8
ߛߋ߲ߛߋߘߋ߲߫	8
ߛߊ߬ߦߌ߬	8
ߛߊ߬ߙߌ߬ߦߊ߬	8
ߘߐ߲߫	8
ߘߐߓߍ߲߬	8
ߘߏ߲߰ߘߌ߬	8
ߘߏ߲߰	8
ߘߎ߰ߞߟߏ	8
ߘߍ߲߬ߞߣߍ߬ߦߊ߬	8
ߘߌ߬ߢߍ߫	8
ߘߌ߬ߢߍ	8
ߘߊ߬ߓߌ߬ߦߏ߲	8
ߘߊߡߌߣߊߟߊ߲	8
ߗߍ߬ߣߌ߬ߡߛߏ߬ߦߊ	8
ߖߡߊ߬ߙߌ߬ߟߌ	8
ߖߓߊߟߌ߫	8
ߖߐ	8
ߖߏ߲߫	8
ߖߍ߬ߘߍߖߍ߬ߘߍ	8
ߖߌ߬ߓߙߌ߬ߟߎ߬	8
ߖߊ߲߬ߓߘߍ	8
ߕߴߊ߲	8
ߕߣߊ߬	8
ߕߟߏߡߊߟߐ߬	8
ߕߟߋ߫	8
ߕߟߊߒߕߍ	8
ߕߐ߬ߡߐ߲߬	8
ߕߏ߬	8
ߕߏߕߐ߫	8
ߕߋ߬	8
ߕߊ߭	8
ߓߘߴߊߟߎ߫	8
ߓߐߕߊ	8
ߓߏ߲߬ߓߊ߫	8
ߓߍ߬ߙߍ	8
ߓߌ߲߬ߓߊ߬ߏ߬	8
ߓߋ߲ߓߊ߫	8
ߓߋߟߋ߲ߞߓߊ	8
ߓߊ߬ߣߊ	8
ߓߊߟߏ߫	8
ߎ߬ߓߊ߯ߘߊ߫	8
ߎߛߎ߬ߡߊ߯ߣߊ߫	8
ߌ߬ߦߏ߯	8
ߌߟߋ߬	8
ߊ߳ߊߟߊ߯	8
ߊ߯ߡߌߙߎ߫	8
ߊ߬ߟߎ	8
ߊ߬ߟߌ߬ߞߊ߯ߓߊ߫	8
ߦߟߍ	7
ߦߟߌߓߌ߬ߟߊ߬	7
ߦߊ߯	7
ߦߊ߬ߤߎ߰ߘߎ߬	7
ߥߟߴߊ߬ߟߎ߬	7
ߥߘߎ߬ߓߊ߬	7
ߥߎߟߊ߫	7
ߥߋ߯ߟߋ߫	7
ߥߊ߬ߣߌ߲߬ߞߋ߬	7
ߥߊ߬ߟߎ߬ߤߊ	7
ߤߙߊ߬ߡߎ߲	7
ߤߙߊ߫	7
ߤߎ߬ߙߊߌߙߊ߫	7
ߤߊ߲ߞߟߌ	7
ߤߊ߬ߙߌ߬ߖߍ߮	7
ߤߊߟߵߌ	7
ߣߐ߰ߦߊ߫	7
ߣߎߡߊ߲߫	7
ߣߍ߲߭	7
ߣߍߦߊ	7
ߣߊ߲ߝߟߏ	7
ߣߊ߰ߟߊ߫	7
ߣߊߥߎ߲	7
ߢߊ߯	7
ߡߝߊ߫	7
ߡߛߏ߬ߡߊ߲	7
ߡߐ߰ߐߡߐ߰	7
ߡߎ߬ߊߥߌ߬ߦߊ߫	7
ߡߌ߬ߛߙߌ߬ߓߊ	7
ߡߌ߬ߘߊ߬ߣߍ߲߬	7
ߡߋ߰ߙߎ߬ߟߌ	7
ߡߊ߲߬	7
ߡߊ߬ߓߊߕߏ	7
ߡߊߢߌ߬ߣߌ߲߬ߞߊ߬	7
ߡߊߟߞߌ߫	7
ߡߊߞߏ߬	7
ߡߊߘߏ߲߬	7
ߡߊߖߌ߰	7
ߠߛߊߟߌ߫	7
ߟߊ߬ߤߘߌ	7
ߟߊߣߐ߬	7
ߟߊߡߍ߲߫	7
ߟߊߡߌ߲߬	7
ߟߊߞߵߊ߬	7
ߟߊߞߢߊ߫	7
ߟߊߞߎߣߎ߲߫	7
ߟߊߛߋ	7
ߟߊߛߊ߬	7
ߟߊߘߤߊ߬	7
ߟߊߕߏߣߍ߲	7
ߟߊߓߌ߫	7
ߞߴߊ߲	7
ߞߣߐߟߊ	7
ߞߢߊߡߊ	7
ߞߛߐ߫	7
ߞߙߊ߬ߖߊߥߏ	7
ߞߘߐ߬ߡߊ߲	7
ߞߘߐߟߊ	7
ߞߕߌ߫	7
ߞߐ߰ߖߌ	7
ߞߐ߯ߟߐ	7
ߞߏ߲ߞߏ߫	7
ߞߏ߲ߓߏ	7
ߞߏ߬ߢߌߡߊ	7
ߞߏ߬ߟߌ߬	7
ߞߎ߲߬ߞߊ	7
ߞߎߘߎ߲߫	7
ߞߍߢߊ߫	7
ߞߍߓߊ߮	7
ߞߍߓߊߟߌ	7
ߞߋߟߓߊ߫	7
ߞߊ߯ߙߌ߫	7
ߞߊ߬ߙߊ߲߬ߡߐ߯	7
ߞߊ߬ߙߊ߲߬ߠߊ	7
ߞߊ߬ߙߊ߲߬ߘߋ߲	7
ߞߊ߬ߙߊ߲߬ߓߊ߮	7
ߞߊߟߌߡߊ߲߫	7
ߝߙߋ߬	7
ߝߘߊ	7
ߝߎ߲ߘߌߓߊ߮	7
ߝߎ߯	7
ߝߍ߫	7
ߝߍ	7
ߝߊ߲ߘߊ߫	7
ߝߊ߬ߟߌ߬ߓߊ	7
ߝߊ߬ߙߌ߬ߟߊ	7
ߝߊߘߌߦߊߓߐ	7
ߝߊߕߊ߲ߕߌ	7
ߜߛߍ߫	7
ߜߐߞߎ߫	7
ߜߍ߬ߙߍ߲߬ߘߍ߬	7
ߜߊ߲ߛߊ߲	7
ߛߴߌ	7
ߛߙߋߦߊ߫	7
ߛߐ߬ߛߐ߫	7
ߛߐ߬ߕߐ	7
ߛߎ߯ߦߊ	7
ߛߎ߬ߞߏ	7
ߛߎߥߊ߲ߘߌ߫	7
ߛߎߋ߯	7
ߛߍߣߍ߲߬ߛߊ߫	7
ߛߌߦߊ߫	7
ߛߊ߲߬ߞߊ߬ߟߊ߲߬ߧߊ	7
ߛߊ߲߬ߘߊ	7
ߛߊ߬ߦߌ߲߬	7
ߛߊ߬ߣߍ߲	7
ߛߊ߬ߣߍ߲߫	7
ߛߊ߬ߟߌ߬	7
ߛߊߣߌ߲ߡߊ߲	7
ߛߊߣߌ߲߫	7
ߛߊߡߎ߬ߙߊ߫	7
ߛߊߟߖߌߕߊ߫	7
ߘߟߊ߬	7
ߘߝߊߣߍ߲߫	7
ߘߙߐߡߍ߫	7
ߘߐ߬ߞߣߍ߬ߦߊ߬ߟߊ	7
ߘߐ߬ߛߊߙߌ	7
ߘߐߖߊ߬	7
ߘߐߕߋ߬ߣߍ߲	7
ߘߎ߬ߛߊ	7
ߘߌߡߴߊ߬	7
ߘߌߕߐ߫	7
ߘߊ߲ߝߋ߲	7
ߘߊ߲ߘߐ	7
ߘߊ߲߭	7
ߘߊ߬ߤߊ߫	7
ߘߊ߬ߟߎ߬	7
ߘߊߡߌ߬ߣߊ	7
ߘߊߓߊ߲߫	7
ߗߍ߬ߡߍ	7
ߖߤߊ߬ߘߌ߬	7
ߖߡߊߣߊ	7
ߖߙߌ߫	7
ߖߘߍ߬ߟߊ߬ߛߊߦߌ	7
ߖߐ߰ߣߍ߲	7
ߖߌ߱	7
ߖߌߘߊ߲	7
ߖߌߘߊ߲߫	7
ߖߋ߬ߟߌ߬	7
ߖߊ߲ߓߋ	7
ߖߊ߰ߣߍ߫	7
ߖߊ߲߬ߞߊߙߏ	7
ߖߊ߬ߤߊߘߌ	7
ߕߴߊߟߎ߫	7
ߕߣߐ߬ߣߌ	7
ߕߟߋ߬ߓߐ	7
ߕߟߋ߬ߓߋ	7
ߕߐ߯ߟߊ߫	7
ߕߏ	7
ߕߎ߲ߞߎ߲	7
ߕߍ߬ߣߍ߲	7
ߕߊ߯ߡߊߢߐ߲߮	7
ߕߊ߲߬ߞߊ߫	7
ߓߟߋߓߟߋ߫	7
ߓߛߌ߬ߞߌ߬	7
ߓߙߊ߬ߖߌ߫	7
ߓߕߐ	7
ߓߏߟߏ߲߫	7
ߓߎߘߎ߲ߛߊ߫	7
ߓߌߟߏ߯ߟߎ߫	7
ߓߌߘߌ߲ߞߊ߲	7
ߓߋ߭	7
ߓߊߘߍ߫	7
ߌߟߊ߬ߟߊ߯ߤߎ߫	7
ߊ߬ߦߎ߯ߓߊ߫	7
ߊ߬ߓߘߎ߬	7
ߊߡ	7
ߊߟߴߊ߬	7
ߊߟߡߊ߫	7
ߦߋ߲	6
ߦߋ	6
ߦߊߛߙߌ߬ߓߊ߫	6
ߥߍ߫	6
ߥߊߣߍ߲	6
ߥߊߟߌߢߌ߲ߡߊ	6
ߤߌߣߟߊ߫	6
ߤߊߡߘߎ߫	6
ߣߴߏ	6
ߣߐߣߐ߫	6
ߣߊ߬ߣߍ߲߫	6
ߣߊ߬ߢߐ߮	6
ߣߊ߬ߕߐ߫	6
ߣߊߣߌ߲ߣߊ߲	6
ߣߊߡߎ߲ߘߐߦߟߊ	6
ߢߍߓߊ߮	6
ߢߌ߬ߣߌ߲߬ߞߊ	6
ߢߌ߬ߣߌ߲߬	6
ߢߌ߬ߣߊߡߊ߬	6
ߢߋߙߌ߲	6
ߢߊߡߌߟߏ߫	6
ߢߊߓߐ߫	6
ߢߊߊߢߊ߫	6
ߡߴߏ	6
ߡߞߊߘߊ߲	6
ߡߛߌ߬ߡߛߌ	6
ߡߙߌ	6
ߡߐ߯	6
ߡߐߣߍ	6
ߡߏߦߌ	6
ߡߎ߰ߡߍ߫	6
ߡߎ߬ߢߎ߲߬	6
ߡߎߣߎ߲ߣߍ߲߫	6
ߡߌ߬ߞߊ߯ߕߎ	6
ߡߌ߲߫	6
ߡߌߛߙߌ	6
ߡߊ߲߬ߘߋ߲߫	6
ߡߊ߲߬ߕߙߐ	6
ߡߊ߬ߤߌ߬ߣߊ߬ߟߊ߫	6
ߡߊ߬ߛߌ߬ߎ߯ߘߌ߫	6
ߡߊߟߞߌߟߞߊ	6
ߡߊߞߐ߬ߣߐ߲߬	6
ߡߊߞߊ߬ߛߌ߬	6
ߟߐ߲	6
ߟߐ߯ߓߐ߫	6
ߟߐ߬ߦߙߌ߬	6
ߟߌ߬ߤߙߐߡߊ	6
ߟߌ߬ߟߊ߯ߤߌ߫	6
ߟߌߟߊ߯ߤߌ߫	6
ߟߌߟߊ߯ߤߌ	6
ߟߊ߬ߓߊ߲	6
ߟߊߥߟߌ߬ߣߍ߲߫	6
ߟߊߣߍ߲	6
ߟߊߞߏ߬	6
ߟߊߝߋ߲	6
ߟߊߖߌ߰	6
ߟߊߕߊ߬ߡߌ߲߬	6
ߟߊߕߊ߬	6
ߟߊߓߊ߬ߕߏ߬ߓߊ߮	6
ߟߊߓߊ߬ߕߏ߬	6
ߞߣߐ߬	6
ߞߡߊ	6
ߞߟߊߡߊ߲	6
ߞߝߊ߬	6
ߞߘߐ߬ߡߊ߲߫	6
ߞߐ߬ߢߐ	6
ߞߐ߬	6
ߞߐߡߊߕߊ߮	6
ߞߏ߲߬ߓߏ߬	6
ߞߏ߲߬ߓߏ	6
ߞߎ߲ߝߊ߲ߓߐ	6
ߞߎ߲߬ߘߐߕߍ߰ߣߍ߲	6
ߞߎ߲߬ߕߌ߮	6
ߞߎ߬ߡߊ߲߬ߘߌ߫	6
ߞߎ߬ߙߎ	6
ߞߎ߬ߘߎ	6
ߞߎ߲߫	6
ߞߎߟߎ߲	6
ߞߎߟߋ߫	6
ߞߎߘߎ߲	6
ߞߍ߲ߘߍ߫	6
ߞߊ߲ߘߦߊ	6
ߞߊ߲ߘߊߣߍ߲	6
ߞߊ߲ߓߍ߲߫	6
ߞߊ߬ߥߊ߲߬ߘߌ߬	6
ߞߊ߬ߣߌ߲߬ߦߋ	6
ߞߊ߬ߟߏ߬ߕߐ	6
ߞߊ߬ߟߊ	6
ߞߊ߬ߝߊ	6
ߞߊ߬ߙߊ߲߬ߓߊߟߌ	6
ߞߊߣߵߊ߬ߟߎ߬	6
ߞߊߛ߭ߝߎߟ	6
ߞߊߛߌ	6
ߝߛߍߞߘߎ߫	6
ߝߘߏ߬ߓߊ߬	6
ߝߐ߬ߛߐ߲߬	6
ߝߐߘߊ߫	6
ߝߎ߬ߙߎ߲߬ߞߎߡߍ	6
ߝߊ߰ߡߎ߲	6
ߝߊ߯ߣߌ߲	6
ߝߊ߫	6
ߝߊߕߏ	6
ߜ߭ߙߊߡߎ߲߫	6
ߜߢߍ	6
ߜߘߋߜߘߋ߫	6
ߜߊ߲߬ߛߊ߲߫	6
ߛߴߊߟߎ߫	6
ߛߤߊߟߌ߲߫	6
ߛߟߏ߬ߡߊ߯ߣߊ߫	6
ߛߙߋ	6
ߛߓߏ߬	6
ߛߓߏ	6
ߛߓߊߙߌ߫	6
ߛߐߟߌ	6
ߛߐߙߐ߲߫	6
ߛߐ	6
ߛߏ߬ߙߌ߬	6
ߛߎ߰ߟߌ߬	6
ߛߎߡߊ߲	6
ߛߎߘߊ߲	6
ߛߍ߰	6
ߛߍ߲߬ߓߍ߬ߟߊ߲	6
ߛߍߥߊ	6
ߛߌ߬ߓߏ߬	6
ߛߌߢߊ߲߫	6
ߛߋ߰ߘߎ߬ߝߙߋ	6
ߛߊ߯ߡߕߌ߫	6
ߛߊ߲߬ߡߘߊ	6
ߛߊ߬ߙߊ߫	6
ߘߐߣߐ߯ߦߊ߫	6
ߘߏ߬ߣߌ߲	6
ߘߎߟߋ߲	6
ߘߌߦߊߜߏߦߊߣߍ߲߫	6
ߘߊ߰ߡߎ߲߬	6
ߘߊߘߐߞߊ߲	6
ߘߊߓߐ߫	6
ߘߊߓߍ߲	6
ߗߍ߬ߡߍ߫	6
ߗߍ	6
ߗߋ߫	6
ߗߋߥߊߟߌ߫	6
ߗߋ	6
ߖ߭ߊߦߘߌ߫	6
ߖߟߎ߫	6
ߖߘߍ߬ߞߎ߲	6
ߖߐ߲ߖߐ߲߫	6
ߖߐ߲߰ߛߊ߫	6
ߖߏߣߊ	6
ߖߌ߬ߦߊ	6
ߖߊ߲߰ߞߕߊ߬	6
ߖߊ߯ߓߊ	6
ߖߊ߲߬ߞߊ߬ߙߏ߬ߕߐ	6
ߖߊ߬ߕߋ߬ߘߋ߲	6
ߖߊ߬	6
ߖߊߡߊ߲߫	6
ߕߐ߲	6
ߕߍ߰ߒߞߊ߲	6
ߕߌ߰	6
ߕߌ߯	6
ߕߋߟߋ߲߫	6
ߕߊ߯ߡߊߘߋ߲	6
ߕߊ߲߬ߘߏ߬	6
ߕߊ߬ߡߌ߲	6
ߕߊ߬ߡߌ߲߫	6
ߕ	6
ߔߏ߲߫	6
ߔߊߣߊ߲ߎ߲߫	6
ߓߙߊߛߊ	6
ߓߘߴߏ߬	6
ߓߘߴߌ	6
ߓߘߍߓߘߍ	6
ߓߐߕߏ߲	6
ߓߏ߲߬ߧߊ	6
ߓߍ߲߭	6
ߓߍ߲߬ߣߍ߲߬	6
ߓߌ߲߬ߓߊߏ	6
ߓߌ߬ߟߊ߬ߒ߬ߘߐ߬ߕߊ	6
ߓߌ߬ߟߊ	6
ߓߊ߬ߘߏ߬	6
ߓߊߦߟߍߡߊ߲߫	6
ߓߊߞߍ߫	6
ߓߊߘߋ߲ߧߊ	6
ߒ߬ߓߵߊߟߎ߫	6
ߊ߬ߟߌ߬ߡߊ߬ߡߌ߲߬ߦߊ	6
ߊ߬ߟߌ	6
ߊ߬ߓߌ߬	6
ߊߟߡߴߊߟߊ߫	6
ߊߓߘߎ߫	6
ߧߴߊ߲	5
ߦߟߍ߬ߡߊ߲߫	5
ߦߟߌߡߊߘߌߦߊ߫	5
ߦߝߊ߬ߣߍ߲߫	5
ߦߙߌ߫	5
ߦߙߌߥߊ߫	5
ߦߙߌ	5
ߦߌ߬ߟߊ߬	5
ߦߌ߬ߘߊ߫	5
ߦߋߟߌ	5
ߦߋߟߋ߲	5
ߦߊ߬ߖ߭ߌ߯ߘߎ߫	5
ߦߊߛߌߣ	5
ߥߴߊ߬ߟߎ߬	5
ߥߙߊߞߊߕߎ߫	5
ߥߘߏ	5
ߥߐߙߐ߲ߥߌ߬ߟߊ߬	5
ߥߊ߬ߡߊ߯	5
ߥߊ߬ߟߤߊߡߘߎ߫	5
ߥߊߟߊ߯ߤߎ߬	5
ߥߊߌߟߊ߫	5
ߥߊ	5
ߤߣߊߝߌߟߞߊ	5
ߤߛߊߣߊߕߊ߲߫	5
ߤߙߐߦߊ߫	5
ߤߌߓߊ߲	5
ߤߌߓߊ߲߫	5
ߤߋ߯	5
ߤߊ߲ߞߟߌߡߊ	5
ߣߵߏ	5
ߣߵߊ߬ߟߎ߬	5
ߣߴߌߓߣߎ߬	5
ߣߥߊ߬ߥߌ	5
ߣߝߊ߬ߖߌ߬ߞߊ	5
ߣߝߊ߫	5
ߣߖߊ߬ߛߌ	5
ߣߐ߰ߦߊ	5
ߣߐ߯ߙߐ	5
ߣߍ߰	5
ߣߍߡߊ߫	5
ߣߌ߭	5
ߣߊ߭	5
ߣߊ߲߬ߛߊ߯ߙߊ	5
ߣߊ߬ߣߴߊ߬	5
ߣߊ߬ߛߊ߯ߙߊ	5
ߣߊ߬ߓߢߌ߬ߡߊ߬	5
ߣߊ߬ߓߌߟߌ߬	5
ߢߍߛߐ߲	5
ߢߌ߬ߡߊ߫	5
ߢߊߝߐߣߍ߲߫	5
ߢߊߘߐߟߊ	5
ߢߊߖߌ	5
ߡߴߌ	5
ߡߴߊ߬ߟߎ߬	5
ߡߟߍ߬ߞߊ߫	5
ߡߛߊ߬ߟߌ߬ߟߌ	5
ߡߙߌ߫	5
ߡߙߌߦߊ߫	5
ߡߐߣߍ߫	5
ߡߏߦߌ߫	5
ߡߎ߰ߡߍ߬	5
ߡߎ߬ߥߊ߲߬	5
ߡߎ߬ߤߡߊߘߌ߲	5
ߡߎ߬ߙߊ߲	5
ߡߎ߬ߊ߯ߖߎ߫	5
ߡߎ߬ߊߥߌ߬ߦߊ߬	5
ߡߌ߬ߛߊ߬ߟߌ	5
ߡߌ߬ߘߊ߬ߣߍ߲߫	5
ߡߌ߬ߘߊ߬ߕߐ߫	5
ߡߌߛߌ߬ߙߊ߲߬	5
ߡߊ߰ߖߎ߬	5
ߡߊ߰ߖߎ߫	5
ߡߊ߲߬ߞߊ߲	5
ߡߊ߲߬ߛߊ	5
ߡߊ߬ߞߕߌ߬ߟߌ	5
ߡߊ߬ߘߌ߯ߣߊ߫	5
ߡߊߟߐ߲ߣߍ߲	5
ߡߊߞߟߌ߫	5
ߡߊߞߐ߲ߞߐ߲߫	5
ߡߊߞߍ߫	5
ߡߊߛߐ߬ߘߐ߲߬	5
ߠߵߊ߬	5
ߠߴߊߟߊ߫	5
ߠߊߖߌ߰	5
ߠߊߓߊ߲	5
ߟߴߌߟߋ	5
ߟߐ߲ߞߏ	5
ߟߐ߬ߟߌ	5
ߟߏ߲ߟߊ߲	5
ߟߏ߲ߏߟߏ߲߬	5
ߟߍߙߘߊ	5
ߟߊ߯	5
ߟߊ߲߬ߘߊ	5
ߟߊ߬ߝߐ߬ߓߊ߮	5
ߟߊߥߌ߬ߟߌ߫	5
ߟߊߤߖߌ߫	5
ߟߊߣߐ߰ߦߊ	5
ߟߊߢߐ߲߯ߦߊ߫	5
ߟߊߡߍ߲߬ߛߍ߲߬ߧߊ߬	5
ߟߊߞߊ߬ߟߌ	5
ߟߊߛߌߦߊߦߊ	5
ߟߊߛߊ߬ߦߌ߲߬	5
ߟߊߘߛߍ	5
ߟߊߘߍ߲߰	5
ߟߊߘߌ߫	5
ߟߊߖߐߟߐ߲߫	5
ߟߊߖߊ߲߰ߧߊ߬	5
ߟߊߒߡߊ	5
ߞߵߊ߬ߟߋ߬	5
ߞߵߊߟߊ߯ߤߎ߫	5
ߞߴߊ߬ߟߋ	5
ߞߣߐ߬ߜߍ߲߬	5
ߞߣߐ	5
ߞߣߍ߫	5
ߞߢߊ߬	5
ߞߟߏ	5
ߞߝߊ	5
ߞߛߊߞߊ	5
ߞߙߎߝߊߟߌ	5
ߞߙߊ	5
ߞߘߐ߬ߞߍ߬	5
ߞߘߐߕߊ	5
ߞߓߊߞߏߦߊ߫	5
ߞߐ߲߬ߜߍ߲	5
ߞߐߛߊߦߌ	5
ߞߐߓߊ߮	5
ߞߏ߲ߞߏ	5
ߞߏ߭	5
ߞߏߢߌߡߊߟߐ߲	5
ߞߏߞߎߘߊ߫	5
ߞߎ߲ߓߋߙߋ߲	5
ߞߎ߲߬ߡߊ߬ߞߊ	5
ߞߎ߲߬ߞߏ	5
ߞߎ߲߬ߝߌ߲	5
ߞߎ߲߬ߘߐ߬ߖߊ߲	5
ߞߎ߲߬ߘߏ߲	5
ߞߎ߲߬ߕߌ߰ߓߊ	5
ߞߎߣߎ߲߬	5
ߞߍߕߊ	5
ߞߌߣߌ߲ߓߟߏ߫	5
ߞߌߛߍ߫	5
ߞߌߛߍ	5
ߞߋߟߦߊ߫	5
ߞߋߟߋ߲ߞߋߟߋ߲߫	5
ߞߊ߲ߤߙߐߦߊ߫	5
ߞߊ߲ߤߙߐߦߊ	5
ߞߊ߯ߙߌߣߍ߲߫	5
ߞߊ߯ߓߎ߫	5
ߞߊ߬ߣߌ߲߫ߊ	5
ߞߊ߬ߡߊ߲߬ߞߎ߲߫	5
ߞߊ߬ߟߌߝߊ	5
ߞߊ߬ߛߙߊ߬	5
ߞߊ߬ߛߌ	5
ߞߊ߬ߘߌߖߊ߫	5
ߞߊߣߵߊ߲	5
ߞߊߝߙߌ	5
ߞߊߘߌ߫	5
ߞߊߕߌ߫	5
ߝߛߊ߬ߙߌ߬ߟߌ	5
ߝߙߵߊ߬	5
ߝߙߊ߬	5
ߝߘߍ߬ߓߍ߲	5
ߝߘߊ߬ߝߌ߲	5
ߝߘߊ߬ߝߌ߲߬ߠߊ߫	5
ߝߘߊߣߍ߲߫	5
ߝߕߐ߫	5
ߝߐߓߊ߮	5
ߝߏ߬ߣߊ߲	5
ߝߏߟߏ߲	5
ߝߏߝߣߊ߫	5
ߝߌ߲߬ߡߊ߲	5
ߝߌ߬ߟߊ߲߬ߞߊߝߏ	5
ߝߌ߬ߛߡߊ߬ߒߕߋ	5
ߝߊ߰ߓߊ߮	5
ߝߊ߬ߟߌ	5
ߝߊ߬ߟߋ߲߬	5
ߝߊ߬ߛߏ	5
ߝߊ߬ߛߊߙߌ	5
ߝߊߕߎ߬ߡߕߊ߬	5
ߝߊߕߊ߲ߕߟߌ	5
ߝߊ	5
ߜߟߍ߬ߦߊ	5
ߜߟߌߦߊ߫	5
ߜߝ	5
ߜߙߊ߬ߢߐ߲߰	5
ߜߎ߲߬ߘߎ	5
ߜߍ߬ߟߍ߲߬ߡߊ߲	5
ߜߍ߬ߟߍ߲߬ߡߊ߲߬	5
ߜߍߦߊ	5
ߜߍߟߍ߲߫	5
ߜߊ߲ߒߞߎ߲ߠߊ	5
ߛߴߊ߲	5
ߛ߫ߊ߯ߟߌߤߊ߯ߕߎ	5
ߛߦߊ߬	5
ߛߥߊ߬ߓߊ	5
ߛߤߊߟߎ߲߫	5
ߛߣߍ߬	5
ߛߣߊ߬ߛߌ߫	5
ߛߟߏ߬ߣߊ߬	5
ߛߟߊ߬ߕߎ	5
ߛߙߍߘߍ	5
ߛߙߋߦߊ	5
ߛߖߌ	5
ߛߓߎߤߣߊ߫	5
ߛߓߍߦߟߊ	5
ߛߓߍߦߊߣߍ߲	5
ߛߓߍߣߍ߲߫	5
ߛߓߍߓߊߟߌ	5
ߛߓߌߕߌ	5
ߛߐ߬ߘߐ߲	5
ߛߐߣߍ߲߫	5
ߛߏ߬ߓߏ	5
ߛߎ߯ߣߊߞߍ	5
ߛߎ߬ߟߋ߬ߡߊ߰ߣߊ߬	5
ߛߎ߬ߕߙߊ߬	5
ߛߎߡߊߙߋ߫	5
ߛߎߛߋ߫	5
ߛߎߘߐߛߣߍߡߊ	5
ߛߎߓߎ߬ߤߊ߯ߣߊ߬	5
ߛߌ߬ߞߎ߲߬ߕߊ߰ߦߊ	5
ߛߌ߬ߓߏ߬ߢߐ߲߰ߦߊ	5
ߛߌߟߊ߲ߣߍ߲߫	5
ߛߌߞߊ߫	5
ߛߋ߲߬ߝߘߍ	5
ߛߊ߲ߝߍ߬	5
ߛߊ߲ߘߐ߫	5
ߛߊ߯ߘߌ߫	5
ߛߊ߯ߘߊ߫	5
ߛߊ߬ߡߘߊ߬	5
ߛߊ߬ߡߊ߲߬	5
ߛߊߦߌ	5
ߛߊߣߌߛߊߕߍ߫	5
ߛߊߡߌ߲߫	5
ߛߊߟߴߊ߲	5
ߛߊߟߌߝߎߥߊ߫	5
ߛߊߟߌߕߐ	5
ߛߊߟߌߓߎ߯ߘߌߕߊ߬	5
ߛߊߟߌߓߎ߯ߘߌߕߊ	5
ߛߊߙߏ߲߬	5
ߘߡߊ߬ߦߌߙߊ	5
ߘߙߌ߬ߞߌ߬	5
ߘߙߌߞߌ߫	5
ߘߓߌ	5
ߘߐ߱	5
ߘߐ߯ߦߊ߫	5
ߘߐ߲߬ߞߌ߲߬	5
ߘߐ߬ߜߍ߫	5
ߘߐߟߐ߬ߣߍ߲߫	5
ߘߐߞߣߍ߫	5
ߘߐߞߣߍߣߍ߲	5
ߘߐߜߟߍ߬ߦߊ߫	5
ߘߐߜߍ߬ߘߍ߲߬	5
ߘߐߛߎ߫	5
ߘߏ߬ߣߌ߲߬	5
ߘߎ߰ߟߊ߫	5
ߘߍ߯	5
ߘߍ߬ߢߐ߮	5
ߘߍ߬ߡߍ߲	5
ߘߌߦߊߣߊ߲߫	5
ߘߌߣߍ߲	5
ߘߌ	5
ߘߊ߰ߡߎ߲	5
ߘߊ߬ߙߌ߬ߘߊߌ߫	5
ߘߊ߬ߓߌ߬ߦߏ߲߫	5
ߗߍ߬ߡߊ߲	5
ߖߤߊߘߌ	5
ߖߣߊ߬ߓߊ	5
ߖߡߊ߬ߣߊ߬	5
ߖߐ߬	5
ߖߏ߯	5
ߖߎ߬ߞߘߎ߬	5
ߖߍ߲ߡߎߙߍ߲	5
ߖߊ߲߰ߧߊ	5
ߖߊ߯ߝߙߊ߫	5
ߖߊ߲߬ߞߊ߬ߙߏ߬	5
ߖߊ߲߬ߝߊ߬	5
ߖߊ߲߬ߓߌ߬ߟߊ߬	5
ߖߊ߬ߥߏ	5
ߖߊ߬ߡߊߙߌ߫	5
ߖߊ߬ߕߋ߬	5
ߕߡߐߙߐ߲	5
ߕߟߐ߬	5
ߕߙߐߦߊ߫	5
ߕߙߊߟߌ߫	5
ߕߐ߰ߡߊ߬ߛߙߋ	5
ߕߐ߲߭	5
ߕߐ߬ߣߐ	5
ߕߎ߲߰ߣߍ߲߫	5
ߕߎ߬ߓߌ	5
ߕߎߡߊ߫	5
ߕߍ߲ߘߊ߫	5
ߕߍ߰ߟߊ	5
ߕߍߡߟߊ	5
ߕߌߢߍߣߍ߲	5
ߕߋ߲	5
ߕߋ߬ߕߋ	5
ߕߊ߬ߡߌ߲߬ߕߐ	5
ߔߌߦߐߔߌߦߐ߫	5
ߔߋ	5
ߓߙߊ߬	5
ߓߐ߲߯ߕߍ߫	5
ߓߐߟߊ	5
ߓߏ߬ߛߌ߬	5
ߓߏ߬ߙߌ߬	5
ߓߏߟߏ߲	5
ߓߎ߬ߘߎ߲߬	5
ߓߍ߲߬ߣߴߊ߬	5
ߓߌ߬ߢߍ	5
ߓߌ߬ߛߌߡߌ߬ߟߊ߯ߤߌ	5
ߓߌߣߊ߯ߣߌ߲߫	5
ߓߌߛߡߌ߬ߟߊ߯ߤߌ߫	5
ߓߌߛߋߦߌ߲߫	5
ߓߊ߲ߞߌ	5
ߓߊ߲ߓߊߟߌ	5
ߓߊ߬ߞߙߐ߬ߓߊ	5
ߓߊߦߟߍ߬ߡߊ߲	5
ߓߊߞߍ߭	5
ߓߊߘߙߌ߫	5
ߓߊߘߊ߬ߙߴߊ߬ߟߌ	5
ߒ߫	5
ߒߓߊߟߌ߬	5
ߎߡߎߙߊ	5
ߎߛߎ߬ߡߊ߲߫	5
ߌ߬ߡߊߡߎ߲߬	5
ߊ߬ߟߌ߬ߓߊ߬ߙߊ߯ߎ߫	5
ߊ߬ߙߊ߬ߓߎ߬ߟߊ߫	5
ߊߟߴߊ߬ߟߎ߬	5
ߊߟߊߤߎߡߊ߫	5
ߊߟߊߤߎߡߊ	5
ߧߴߏ	4
ߧߴߊߟߊ߫	4
ߦߴߊ߬ߙߌ߬ߖߣߍ߫	4
ߦߡߊߣߌ߲߫	4
ߦߡߊߣߌߞߊ	4
ߦߟߍ߬ߡߴߊ߬	4
ߦߟߍ߫	4
ߦߟߌ	4
ߦߝߊ߬ߣߍ߲߬	4
ߦߙߐߕߐߕߐ߫	4
ߦߙߍߦߙߍ	4
ߦߙߌߞߊ߫	4
ߦߌ߬ߘߊ	4
ߦߋ߲߬ߞߊ	4
ߦߊ߰ߟߊ߫	4
ߦߊ߰ߝߊ߫	4
ߥߴߌ	4
ߥߟߎ߬	4
ߥߟߌ	4
ߥߟߊߞߌ߫	4
ߥߙߎߞߌ	4
ߥߙߎߘߎ	4
ߥߘߋ߬ߥߘߋ߬ߟߌ	4
ߥߐ߬ߞߎߟߐ	4
ߥߐߙߐ߲ߥߌ߬ߟߊ	4
ߥߎ߬ߟߋ߲ߥߎ߬ߟߋ߲	4
ߥߎߟߋ߲߫	4
ߥߊ߰ߣߍ߲	4
ߥߊ߬ߥߎߟߋ	4
ߥߊ߬ߣߌ߲߬ߞߋ߬ߣߍ߲	4
ߥߊ߬ߣߌ߲߬ߞߋ߫	4
ߥߊ߬ߣߊߙߌ	4
ߥߊ߬ߡߌߣ	4
ߥߊ߬ߟߎ߬ߤߊ߬	4
ߥߊ߬ߙߊ	4
ߥߊߣߴߊ߬	4
ߥߊߛߏ	4
ߤߣߍ߫	4
ߤߙߊ߬ߡߎ߲߬	4
ߤߌ߬ߟߊ߯ߟ	4
ߤߌߣߴߊ߬	4
ߤߌߟߍ	4
ߤߊ߲ߞߟߌߡߊ߫	4
ߤߊ߲ߓߊߟߌ߫	4
ߤߊ߲ߓߊߟߌߟߞߊ	4
ߤߊ߲߯	4
ߤߊ߬ߡߊ߯ߡߎ߲߫	4
ߤߊ߬ߛߊ߯ߣ	4
ߤߊ߬ߘߌ߰ߛߌ߬	4
ߤߊߞߟߌ	4
ߤߊߙߎߣߊ߫	4
ߤߊߖ߭ߡߌ߫	4
ߣߵߊ߲	4
ߣߵߊ߬ߟߎ߫	4
ߣߎߡߊ߲ߓߟߏ߫	4
ߣߍߣߍ	4
ߣߌ߲	4
ߣߌߡߊ߫	4
ߣߌߘߐߘߌߦߊ߫	4
ߣߊ߲ߝߟߏ߫	4
ߣߊ߯ߣߌ߲ߣߊ߲	4
ߣߊ߲߬ߝߟߏ߬ߓߊ	4
ߣߊ߬ߓߌ߬ߢߌߡߊ߫	4
ߣߊߣߌ߲߫	4
ߣߊߡߎ߲ߘߐߦߊߟߡߊ	4
ߣߊߖߘߌߞߊ	4
ߢߣߊߡߦߊ	4
ߢߣߊߓߊ߮	4
ߢߓߊ߫	4
ߢߓߊ	4
ߢߐ߲߱	4
ߢߍ߲߯ߠߊ	4
ߢߍ߲߫	4
ߢߍߡߊ߬	4
ߢߍߛߌߟߊ߲ߒߢߍ	4
ߢߍߓߊ߯	4
ߢߌ߲߬ߡߊ߬ߦߊ	4
ߢߌ߬ߣߌ߲߬ߞߊ߬ߟߌ߬	4
ߢߊ߬ߕߣߐ	4
ߢߊߦߋ߫	4
ߢߊߢߌߣߌ߲߫	4
ߢߊߞߘߐߟߊ	4
ߢߊߕߟߌߡߌ߲ߟߊ߲	4
ߢߊߕߋߟߋ߲߫	4
ߡߵߊ߲	4
ߡߟߍߞߊ	4
ߡߛߏ߬ߡߊ߲߬	4
ߡߛߏ߫	4
ߡߛߊߟߌ	4
ߡߙߎ߬	4
ߡߙߌߘߐ	4
ߡߐ߰ߣߍ߲	4
ߡߐ߰ߓߊ߬	4
ߡߏ߬ߛߏ߫	4
ߡߎ߬ߢߎ߲	4
ߡߎ߬ߕߎ߲߫	4
ߡߎߛߊ߬ߣߊߝߎ	4
ߡߍ߲ߘߌߦߊ	4
ߡߍ߲ߍߡߍ߲߫	4
ߡߌ߲߬ߠߌ߲	4
ߡߌ߬ߛߊ߬ߟߌ߬	4
ߡߌ߬ߘߊ߬ߣߍ߲	4
ߡߌ߬ߘߊ	4
ߡߌߞߊ߯ߕߌ	4
ߡߌߘߊ	4
ߡߊ߰ߓߊߘߌ߫	4
ߡߊ߯ߞߟߌ߫	4
ߡߊ߲߬ߕߏ߲߬	4
ߡߊ߬ߟߏ߬ߦߊ߬	4
ߡߊ߬ߛߓߊ߬ߙߌ߬ߟߊ	4
ߡߊ߬ߛߎߘߎ߲ߧߊ	4
ߡߊ߬ߘߌ߬ߣߊ߬ߞߊ	4
ߡߊ߬ߖߐ߯ߙߊ߲	4
ߡߊ߬ߕߏ߬ߟߏ߲߬ߠߌ߲	4
ߡߊߣߊ߬	4
ߡߊߡߊߘߎ߬	4
ߡߊߟߐ߲ߣߍ߲߫	4
ߡߊߟߌ߫	4
ߡߊߞߐ߬ߣߐ߲	4
ߡߊߜߍ߲	4
ߡߊߛߌߟߊ߲ߣߍ߲߫	4
ߡߊߙߌߥߊ߫	4
ߡߊߘߊ߲ߣߍ߲	4
ߡߊߘߊ߲ߣߍ߲߫	4
ߡߊߘߊ߲ߕߐ߫	4
ߡߊߕߎ߲߯	4
ߡߊߓߍ߲߬	4
ߠߴߌ	4
ߠߊ߬ߓߋ	4
ߠߊߥߟߌ߬	4
ߠߊߞߊ߬ߟߌ߬	4
ߠߊߛߌߦߊߦߊ߫	4
ߠߊߛߋ߫	4
ߠߊߘߊ߲	4
ߠߊߘߊ߲߫	4
ߠߊߕߊ߯	4
ߟߥߊ߫	4
ߟߣߌ߫	4
ߟߞߊ߫	4
ߟߘߐ߫	4
ߟߓߊߦߌߞߊ	4
ߟߓߊߕߏߟߊ߫	4
ߟߐ߬ߦߌߟߊ	4
ߟߐ߬ߣߍ߲߬	4
ߟߐ	4
ߟߏ߲ߓߊ	4
ߟߏ߯ߟߎߣߊ߲	4
ߟߏ߬ߟߏ	4
ߟߌ߬ߦߊ߲߬	4
ߟߌ߬ߡߊߣ	4
ߟߊ߲߰ߝߏ߬ߣߍ߲	4
ߟߊ߯ߥߊߙߎ߫	4
ߟߊ߯ߤߎ߫	4
ߟߊ߯ߌߟߊ߯ߤߊ߫	4
ߟߊ߬ߤߊߘߌ	4
ߟߊ߬ߢߌߣߌ߲	4
ߟߊߣߍ߲߫	4
ߟߊߡߍ߲߬ߛߍ߲߬ߧߊ߫	4
ߟߊߡߍ߲߬ߛߍ߲߬ߧߊ	4
ߟߊߟߐ߲ߠߌ߲߫	4
ߟߊߟߌ	4
ߟߊߞߘߎ߬	4
ߟߊߞߎߙߊ߲߫	4
ߟߊߞߊ߯ߙߌ߫	4
ߟߊߞߊ߬ߟߌ߫	4
ߟߊߝߊ߬ߛߊ	4
ߟߊߜߏߦߊߢߍ	4
ߟߊߜߍ߫	4
ߟߊߛߍߥߊ߫	4
ߟߊߛߌ߬	4
ߟߊߛߋߣߍ߲	4
ߟߊߛߊ߬ߦߌ߫	4
ߟߊߘߛߍߣߍ߲	4
ߟߊߘߍ߭	4
ߟߊߘߌߦߊߒߢߍ	4
ߟߊߘߊ߲ߣߍ߲	4
ߟߊߘߊ߬ߙߏ߬ߕߊ	4
ߟߊߗߋ߲߰ߧߊ߬	4
ߟߊߖߍ߲ߛߍ߲߫	4
ߟߊߖߊ߲߰ߧߊ߫	4
ߟߊߕߐ߲ߣߍ߲߫	4
ߟߊߕߏ߫	4
ߟߊߕߋ߬	4
ߟߊߕߊ߲߬ߞߊ߬	4
ߟߊߕߊ߬ߡߌ߲߫	4
ߟߊߓߐ߲߬	4
ߟߊߒߡߊ߫	4
ߟߊߒߞߣߍߡߊ	4
ߞߣߐ߬ߘߐ߬ߝߟߌ	4
ߞߣߐߘߐߘߌߦߊ	4
ߞߢߊ߫	4
ߞߟߏ߬ߡߊ߲	4
ߞߟߌ	4
ߞߛߊߞߊ߫	4
ߞߙߎ߬ߛߌ߬	4
ߞߘߊߡߊ߫	4
ߞߓߊߟߌ߫	4
ߞߐ߲ߞߐ߲߫	4
ߞߐ߲ߛߐ߲	4
ߞߐ߰ߖߌ߬ߘߊ	4
ߞߐ߭	4
ߞߐ߲߬ߞߐ߲	4
ߞߐ߲߬ߞߐ߲߫	4
ߞߐ߲߬ߞߍ	4
ߞߐ߬ߛߐ߲	4
ߞߐ߬ߓߊ߬ߟߏ߲	4
ߞߐߞߘߐߕߊ	4
ߞߐߛߊ߲	4
ߞߐߙߍ	4
ߞߏ߲ߣߍ߰ߣߍ߲	4
ߞߏߢߌߡߊ	4
ߞߏߟߋ߲߫	4
ߞߏߝߐ	4
ߞߎ߲ߡߋߙߋ߲߫	4
ߞߎ߲߬ߡߊ߬ߞߘߎ	4
ߞߎ߲߬ߡߊߞߘߎ߬	4
ߞߎ߲߬ߞߏ߬	4
ߞߎ߲߬ߝߌ߲߬	4
ߞߎ߲߬ߛߌ	4
ߞߎ߲߬ߘߐ߬ߓߌ߬ߟߊ߬ߟߌ	4
ߞߎ߲߬ߘߏ߲߬	4
ߞߎ߬ߙߎ߲߬ߘߎ	4
ߞߎ߬ߓߊ߫	4
ߞߎߟߋ	4
ߞߍ߲ߘߍߟߏ߲	4
ߞߍ߲߬ߞߍ߲	4
ߞߌ߬ߢߍ	4
ߞߌ߬ߛߍ	4
ߞߌߘߊ߫	4
ߞߋ߲߬ߥߟߎ߫	4
ߞߋ߬ߟߋ߲߬ߞߋ߬ߟߋ߲߬ߠߊ	4
ߞߋ߬ߟߋ߲߬	4
ߞߊ߲ߘߊ	4
ߞߊ߯ߙߌߣߍ߲	4
ߞߊ߬ߥߊ߲߬ߘߌ߬ߟߌ	4
ߞߊ߬ߥߊ߲߬ߘߌ߬ߟߊ	4
ߞߊ߬ߡߊߛߐ߬ߘߐ߲߬	4
ߞߊ߬ߛߌ߬ߟߊ	4
ߞߊ߬ߛߌ߫	4
ߞߊ߬ߙߊ߲߬ߣߍ߲	4
ߞߊ߬ߘߌ߬ߛߊ߫	4
ߞߊߣߵߏ߬	4
ߞߊߣߵߊ߬ߟߎ߫	4
ߞߊߙߌߣߎ߫	4
ߝߣߐ	4
ߝߢߐߟߊ	4
ߝߞ߫ߌߤߊ	4
ߝߛߐߞߐߙߌ	4
ߝߘߊ߬	4
ߝߐߢߐ߲߯ߞߐ߫	4
ߝߐߘߊߟ	4
ߝߐߓߊߟߌ	4
ߝߏ߭	4
ߝߏ	4
ߝߎ߲ߘߌߓߊ߯	4
ߝߎ߯ߘߌ	4
ߝߎ߬ߙߎ߲߬ߞߎ߬ߡߍ߬	4
ߝߎ߬ߘߎ	4
ߝߎ߬ߕߎ߲߬ߕߌ߬	4
ߝߎ߬ߕߎ߲߬ߕߌ	4
ߝߎߟߋ߲߫	4
ߝߍ߬ߘߍ	4
ߝߍ߬ߓߌߟߊ	4
ߝߌ߯ߡߊߣ	4
ߝߌ߬ߟߊߝߌ߬ߟߊ߬	4
ߝߌ߬ߛߊ߬ߡߊ߲ߒߕߋ	4
ߝߌ߬ߘߊ	4
ߝߌߟߊ߫	4
ߝߋ߲ߣߍ߲߫	4
ߝߊ߲߬ߞߊߘߏ߲߬	4
ߝߊ߲߬ߊߝߊ߲߬	4
ߝߊ߬ߣߴߊ߬	4
ߝߊ߬ߣߌ߫	4
ߝߊ߬ߛߏ߬	4
ߝߊߛߌߣߌ߲	4
ߝߊߙߊ߲ߝߊߛߌߓߊߟߌ	4
ߜߡߊ߫	4
ߜߟߍ߬ߦߊ߫	4
ߜߟߌߦߴߊ߬	4
ߜߘߍ߬	4
ߜߘߌ߫	4
ߜߏߦߊ߫	4
ߜߏߡߴߊ߬	4
ߜߏߡߊ߲ߓߊ	4
ߜߎ߲߬ߘߎ߬ߕߊ	4
ߜߍ߲	4
ߜߍ߬ߟߍ߲߬ߡߊ߲߫	4
ߜߍߣߍ߲߫	4
ߜߍߞߣߍ	4
ߜߌߙߌ߲ߘߌ߫	4
ߜߋ߲߫	4
ߜߊ߲ߛߊ߲߫	4
ߜߊ߲߰ߛߊ߲	4
ߜߊ߬ߙߊ	4
ߜߊߙߊ߲ߜߊߙߊ߲	4
ߛߴߊ߬ߟߎ߬	4
ߛ߫ߝߊ߫	4
ߛ߫ߊ߬ߤߌ߯ߝߊ	4
ߛ߫ߊߟߌ߫	4
ߛߣߍ߬ߝߋ߲	4
ߛߣߍߣߍ߫	4
ߛߟߊ߫	4
ߛߞߏ	4
ߛߙߎߓߊ߲	4
ߛߙߋߕߋߕߋߦߊ	4
ߛߘߌ	4
ߛߖߌ߫	4
ߛߓߏߟߏ߲	4
ߛߓߊ߬ߕߌ߫	4
ߛߓߊߢߐ߲߯	4
ߛߓߊߓߎ	4
ߛߐ߰ߐߛߐ߰	4
ߛߐߛߐ	4
ߛߐߘߐ߲	4
ߛߏ߰ߟߊ߬	4
ߛߏ߲߭	4
ߛߏ߲߬ߧߊ߬ߟߌ	4
ߛߏ߬ߙߌ߲߬	4
ߛߏߣߍ߲	4
ߛߏߘߊ߫	4
ߛߎ߲ߠߞߊߘߌ߫	4
ߛߎ߰ߟߌ	4
ߛߎ߰	4
ߛߎ߬ߣߎ߲߬	4
ߛߎ߬ߘߎ߲߬ߡߊ߲߬	4
ߛߎ߬ߕߙߊ	4
ߛߎߣߊߟߞߊ	4
ߛߎߡߊߙߋߦߊ߫	4
ߛߎߡߊߙߋ	4
ߛߎߘߊ߲߫	4
ߛߎߓߙߎ߬ߡߊ߫	4
ߛߎߓߎ߬ߤߊ߯ߣߊ߫	4
ߛߌ߲ߖߌ	4
ߛߌ߬ߘߐ߬ߞߐߣߐ߲	4
ߛߌ߲߫	4
ߛߌߦߊߦߊ	4
ߛߌߣߍߣߍ߲	4
ߛߋߟߎ	4
ߛߋߕߌ߮	4
ߛߋߓߊ߯ߦߊ	4
ߛߊ߲ߞߊߢߐ߲߯ߦߊ	4
ߛߊ߲ߝߌ߲	4
ߛߊ߯ߘߎ߬	4
ߛߊ߭	4
ߛߊ߲߬ߞߊ߬ߛߋ߲	4
ߛߊ߲߬ߞߊ	4
ߛߊ߲߬ߓߊ	4
ߛߊ߬ߦߌ߬ߕߐ߫	4
ߛߊ߬ߦߌ߲߫	4
ߛߊ߬ߥߏ߬ߣߊ߲߬	4
ߛߊ߬ߥߏ	4
ߛߊ߬ߙߌ߬ߟߏ	4
ߛߊ߬ߙߌ߬ߘߊ	4
ߛߊ߬ߓߊ߰ߕߐ	4
ߛߊߦߌ߲߫	4
ߛߊߡߌߊߟߊ߯ߤߎ߫	4
ߛߊߟߖߌ߫	4
ߛߊߟߖߌߡߌߘߊ	4
ߛߊߟߖߌߡߊߓߍ߲	4
ߛߊߟߌߣߍ߲	4
ߛߊߟߌߓߊ߫	4
ߛߊߟߊ߬ߓߊ߫	4
ߛߊߞߍ߫	4
ߛߊߝߌߎߟߞߊ	4
ߛߊߖߟߌߕߊ߬	4
ߛߊߎߙߊ	4
ߙߤߊߡߊ߯ߣ	4
ߙߌ߬ߥߊ߯ߦߊ	4
ߘߴߌߟߋ	4
ߘߴߊ߬ߟߋ߬	4
ߘߴߊ߬ߟߋ	4
ߘߴߊ߬ߙߌ߬ߖߣߍ߬	4
ߘߡߴߌ	4
ߘߟߐ߬	4
ߘߟߊߡߌߘߊ	4
ߘߝߊߢߊ߫	4
ߘߛߍߕߐ߫	4
ߘߙߎ߬ߞߕߐ	4
ߘߙߊ߬ߤߌߡߊ߫	4
ߘߙߊ߬ߡߍ߬ߢߐ	4
ߘߐ߰ߡߊ߲	4
ߘߐ߯ߦߊ	4
ߘߐ߯ߞߍ߫	4
ߘߐ߲߬ߞߟߌ߬ߟߊ	4
ߘߐ߬ߣߐ߰ߦߊ߬ߟߌ	4
ߘߐ߬ߞߣߍ	4
ߘߐ߬ߞߏߟߏ߲	4
ߘߐߦߙߏ߫	4
ߘߐߣߐ߰ߦߊ߫	4
ߘߐߞߏ߬	4
ߘߐߝߎߟߋ߲߫	4
ߘߐߜߟߍ߬ߦߊ߬	4
ߘߐߛߊ߬	4
ߘߐߕߟߊ߫	4
ߘߏ߲ߠߊ	4
ߘߏ߲ߓߏ	4
ߘߏ߲߰ߣߍ߲߫	4
ߘߏ߲߬ߣߍ߲߬	4
ߘߏ߲߬ߣߍ߲߫	4
ߘߏ߲߬ߞߏ߬	4
ߘߏ߲߬ߓߊ߮	4
ߘߎ߰ߛߊ߬ߜߍ	4
ߘߎ߰	4
ߘߎ߬ߥߊ߬ߎ߬	4
ߘߎߜ߭ߌ߬ߣߊ߬	4
ߘߍ߫	4
ߘߌߡߴߊߟߊ߫	4
ߘߌߓߊ߯	4
ߘߋ߲ߣߍ߲	4
ߘߋ߲ߡߌߛߍ߲	4
ߘߋ߲ߞߍ	4
ߘߋ߬ߙߌ߫	4
ߘߊ߲ߕߊ	4
ߘߊ߲߬ߝߘߊ߬ߓߐ	4
ߘߊ߲߬ߘߊ߲	4
ߘߊ߲߬ߕߍ߰ߓߐ	4
ߘߊ߬ߡߊ߲	4
ߘߊߥߎ߲ߠߌ߲߫	4
ߘߊߡߌ߬ߣߊ߬ߣߍ߲	4
ߘߊߡߌ߬ߣߊ߫	4
ߘߊߓߎ߲ߘߍ	4
ߗߞߐߟߌ	4
ߗߍ߬ߡߐ߰	4
ߗߍ߬ߜߊߣߊ߲	4
ߗߍ߬ߓߊ߬ߦߊ	4
ߗߊ߫	4
ߖߞߊߘߐ߫	4
ߖߘߍ߬ߞߟߏ߬ߟߊ߲	4
ߖߘߌߒߞߊ߲	4
ߖߐ߲ߖߐ߲	4
ߖߐ߲߭ߓߍ߲߬ߘߍ	4
ߖߐ߲߬ߞߍ	4
ߖߐ߲߬ߓߍ߲߬ߘߍ߬	4
ߖߐ߬ߘߐ	4
ߖߏ߲߬ߖߏ߲߬ߓߏߙߌ	4
ߖߎ߲ߘߎߓߌ߫	4
ߖߎ߯ߦߊ߫	4
ߖߎ߬ߟߊ	4
ߖߌ߲ߞߌ߲߫	4
ߖߌ߰ߖߌ߮	4
ߖߌߣߍ߫	4
ߖߌߝߊ߫	4
ߖߋ߬ߓߟߌ߬	4
ߖߋ߬ߓߌ߫	4
ߖߊ߲߰ߡߊ߲߫	4
ߖߊ߰ߟߋ߬	4
ߖߊ߰ߝߙߊ߫	4
ߖߊ߯ߡߌߎ	4
ߖߊ߯ߟߋ	4
ߖߊ߯ߕߋ߬	4
ߖߊ߲߬ߖߏ߲	4
ߖߊ߲߬ߕߏ߬ߒ߬ߘߐ	4
ߖߊ߬ߕߋ߬ߟߌ	4
ߖߊ߬ߕߋ߫	4
ߖߊ߬ߕߋ	4
ߖߊ߲߫	4
ߖߊߝߋ߫	4
ߕߡߊߙߏߝߍ	4
ߕߡߊߙߏ	4
ߕߟߋ߬ߡߊ߬	4
ߕߟߋ߬ߓߊ߮	4
ߕߙߐ߬ߝߍ߬	4
ߕߙߌ߬ߡߌ߬ߖߌ	4
ߕߐ߰ߡߊ߬ߛߙߋ߬ߟߊ߲	4
ߕߐߟߍ߫	4
ߕߏ߲߬ߘߊ	4
ߕߎ߬ߢߊ߬ߡߊ	4
ߕߎ߬ߡߴߊ߬	4
ߕߎ߬ߡߊ߬ߞߎ߲	4
ߕߎ߬ߓߌ߬	4
ߕߎ߲߫	4
ߕߎ߫	4
ߕߎߣߎ߲ߣߍ߲	4
ߕߎߣߎ߲	4
ߕߎߣߎ߲߫	4
ߕߍ߰ߣߴߌ	4
ߕߍ߰ߒ߬ߞߊ߲	4
ߕߍߟߊ߫	4
ߕߌ߲ߞߌ߫	4
ߕߌ߲ߘߌߣߍ߲	4
ߕߌߢߍߟߌ	4
ߕߌߢߍ	4
ߕߋߟߋ߲ߣߍ߲߫	4
ߕߊ߲ߖߏߣߊ	4
ߕߊ߰ߝߋ߫	4
ߕߊ߯ߟߌ	4
ߕߊ߲߬ߞߴߊ߬	4
ߕߊ߲߬ߓߊ	4
ߕߊ߬ߤߌ߬ߦߊ߬	4
ߕߊ߬ߤߌߦߊ߯ߕߎ	4
ߕߊ߬ߣߍ߲	4
ߕߊ߬ߣߊ	4
ߕߊ߬ߡߛߌ	4
ߕߊ߬ߡߊߕߎߊ߳ߎ	4
ߔߊߞߌ	4
ߔߊߕߌ߫	4
ߓߤߊ߬ߙߊߦߣߌ߫	4
ߓߡߊ߬ߞߐ߫	4
ߓߟߏߡߐ߯	4
ߓߟߏߡߐ߮	4
ߓߟߏߞߊ߭	4
ߓߟߏߕߍ߰ߓߊߟߌ	4
ߓߙߌ߬	4
ߓߙߊ߫	4
ߓߙߊߞߊ	4
ߓߘߴߊ߲	4
ߓߘߴߊ߬ߟߎ߬	4
ߓߘߌߊ߳ߊ	4
ߓߘߊߡߐ߮	4
ߓߕߐ߫	4
ߓߐ߱	4
ߓߏ߲߬ߧߊ߫	4
ߓߏ߲߬ߘߊ߬	4
ߓߏ߲߬ߓߊ߬	4
ߓߏ߬ߛߴߊ߬	4
ߓߎ߰ߓߎ߰ߣߍ߲	4
ߓߎ߬ߞߊ߬ߙߌ߬	4
ߓߎ߬ߙߊߌ߬ߘߊ߫	4
ߓߎߛߙߌ߫	4
ߓߍ߲߬ߒ߬ߛߋ߲߬ߡߊ߬	4
ߓߍ߬ߘߍ	4
ߓߌ߬ߟߴߊ߬ߟߎ߫	4
ߓߌ߬ߟߊ߯ߤߌ߫	4
ߓߌ߬ߟߊ߬ߟߌ߬	4
ߓߌ߬ߟߊߟߌ߫	4
ߓߌ߬ߙߌ	4
ߓߌߦߙߌߞߊ߫	4
ߓߌߥߐߙߐ߲ߥߌ߬ߟߊ߬	4
ߓߌߟߏ߲	4
ߓߌߘߌ߲	4
ߓߊ߲ߓߊ߲߫	4
ߓߊ߰	4
ߓߊ߬ߟߌ߬	4
ߓߊ߬ߙߌ߫	4
ߓߊ߬ߙߌߙߊ߫	4
ߓߊ߬ߖ߭ߊ߯ߙߌ߫	4
ߓߊ߬ߕߏ߫	4
ߓߊߦߕߌߟ	4
ߓߊߟߏ	4
ߓߊߟߌ߫	4
ߓߊߘߋ߲ߡߊ	4
ߓߊߘߊ߬ߙߊ߫	4
ߓߊߖߎ	4
ߓߊߕߍ߫	4
ߓߊߓߏ߲	4
ߒ߬ߓߵߊ߬	4
ߒߡߊ߬	4
ߎ߬ߛߊ߯ߡߊ߫	4
ߎߡߙߊ߫	4
ߎߛߎߡߊ߯ߣ	4
ߎߛߎߡߊߣ	4
ߎߙߎ߬ߥߊ߫	4
ߌ߬ߝߎ߬ߙߊ߯ߘߎ	4
ߌߛߌ߬ߙߊ߬ߌߟߊ߫	4
ߊ߳ߟߊ߯	4
ߊ߳ߎߡߎߙߊ߫	4
ߊ߳ߊ߯ߟߌ	4
ߊ߬ߟߡߎ߬ߜ߭ߌ߯ߙߊ߫	4
ߊ߬ߙߊ߬ߖߓߊ	4
ߊ߬ߕߌߦߊ߫	4
ߊ߬ߓߌ߬ߡߎ߬ߊߦߕߌ߫	4
ߊߟߊ߬ߤߎߡߊ߫	4
ߊߟߊߡߴߌ	4
ߊߝߙߌߞߌ߫	4
ߊߜߊ߫	4
ߊߛߕߊߜ߭ߌ߬ߝߌߙߎ߬ߟߊ߯ߤߊ߫	4
ߊߙߌ߬ߞߡߊ߫	4
ߊߙߊߓߎߟߊ߫	4
ߊߘߡߊߘߋ߲	4
ߊߓߎ߬	4
߲ߞߊߙߏ	3
ߧߴߌߟߋ	3
ߧߴߊߟߎ߫	3
ߦߴߌߘߐ߫	3
ߦߴߊ߬ߙߌ߬ߖߣߍ߬	3
ߦߟߍ߬ߣߍ߲	3
ߦߟߍ߬ߡߊ߲	3
ߦߟߍ߬ߕߐ	3
ߦߟߍ߬ߒ߬ߞߊ߲߬ߝߋ߲	3
ߦߝߊ߬ߓߊߟߌߦߊ	3
ߦߙߌߘߋ߲	3
ߦߍ߬ߟߴߊ߬	3
ߦߍ߬ߟߍ	3
ߦߋߓߊ߮	3
ߦߊ߰ߝߊ߬	3
ߦߊ߯ߛߙߌ߫	3
ߦߊ߬ߝߴߏ߬	3
ߦߊ߬ߝߴߊ߲	3
ߦߊ߬ߝߴߊ߬	3
ߥߴߊ߲	3
ߥߴߊ߬ߟߎ߫	3
ߥߴߊߟߎ߫	3
ߥߟߴߊߟߎ߫	3
ߥߟߏߛߏ߫	3
ߥߟߌ߬ߕߐ	3
ߥߟߊߞߏ߫	3
ߥߙߏ߬ߘߎ߮	3
ߥߙߍ߬ߡߍ߬	3
ߥߙߊ߫	3
ߥߙߊߞߘߊ߫	3
ߥߙߊߕߊߕߊ߫	3
ߥߘߏ߫	3
ߥߐ߯ߙߐߣߊ߲	3
ߥߐ߬ߞߎ߬ߟߐ߬	3
ߥߐߙߐ߲ߥߌߟߊߣߊ߲	3
ߥߎ߬ߟߋ߲	3
ߥߎ߬ߟߋ߲߬ߣߍ߲	3
ߥߎ߬ߛߎ߲߬ߓߊ߫	3
ߥߎ߬ߙߊ߬ߟߊ	3
ߥߎ߬ߘߎ	3
ߥߎߦߊ߲ߥߎߦߊ߲	3
ߥߎߟߎ߲ߓߊ	3
ߥߌ߬ߟߌ߫	3
ߥߌ߬ߟߌ	3
ߥߊ߲ߛߊ߲	3
ߥߊ߲߬ߥߊ߲	3
ߥߊ߬ߣߌ߲߬ߞߋ߬ߖߎ߮	3
ߥߊ߬ߡߟߌߊ߳ߊ߬ߡߊ߯	3
ߥߊ߬ߟߊ߯	3
ߥߊ߬ߛߌ	3
ߥߊ߬ߛߊߘߏ߲߬	3
ߥߊ߬ߕ߭ߊߦߌߓߊ߯ߕߎ߫	3
ߥߊߣߴߏ߬	3
ߥߊߟߌ߫	3
ߥߊߛߏ߫	3
ߤߦߊ߫	3
ߤߙߐ߫	3
ߤߖߌߦߟߊ	3
ߤߖߌߦߊߟߡߊ	3
ߤߖߌߘߋ߲	3
ߤߖߊߙߎ߫	3
ߤߎ߬ߥߊߦߙߌߛߌ߫	3
ߤߎ߬ߙߊߦߌߙߊ߫	3
ߤߎ߬ߙߊߌ߬ߙߊ߬	3
ߤߌ߱	3
ߤߊ߯ߣߌ߫	3
ߤߊ߯ߞߌߡߎ߲߫	3
ߤߊ߯ߙߛߌ߫	3
ߤߊ߬ߘߛߌ߬	3
ߤߊ߲߫	3
ߤߊߡߊ߲ߕߴߊ߬	3
ߤߊߡߊ߲߫	3
ߤߊߟߴߊ߬	3
ߤߊߞߟߌ߫	3
ߤߊߝߎ߬ߛߕߊ߫	3
ߤߊߝߎ߬ߛߊ߬	3
ߤߊߛߙߌ߫	3
ߤߊߘߌߦߊ߫	3
ߤߊߎߟߊ߬	3
ߣߵߊߟߎ߫	3
ߣߵߊߟߊ߫	3
ߣߴߊߟߊ߯ߤߎ߫	3
ߣߡߌߛߊ߫	3
ߣߡߌߛߊ	3
ߣߝߊߡߊ	3
ߣߘߐ߬ߛߌ߰	3
ߣߕߊ߬	3
ߣߐ߰ߡߊ߲߬ߓߊ߫	3
ߣߐ߲߯	3
ߣߐ߲߮	3
ߣߐ߲߬ߞߐ߲߬ߞߘߎ	3
ߣߐ߬ߞߊ߲߬ߛߌ߮	3
ߣߎ߲߫	3
ߣߍߣߍ߫	3
ߣߌ߬ߣߍ߲	3
ߣߌ߬ߟߌ	3
ߣߌ߬ߖߊ߰ߙߌ߬ߟߊ߬ߞߊ	3
ߣߋ߬ߦߌ	3
ߣߊ߰ߛߌ	3
ߣߊ߯ߙߌ߫	3
ߣߊ߲߬ߝߟߏ߬ߓߊ߫	3
ߣߊ߲߬ߝߟߏ߫	3
ߣߊ߬ߣߴߌ	3
ߣߊ߬ߣߌ߲߬	3
ߣߊ߬ߡߌ߬ߢߐ߲߮	3
ߣߊ߬ߡߊߣߊ߬	3
ߣߊ߬ߕߐ߬	3
ߣߊ߬ߕߊ	3
ߣߊ߬ߓߊ߮	3
ߣߊ	3
ߢߣߊߡߦߊ߫	3
ߢߣߊߕߍ߯	3
ߢߣߊߕߍ߮	3
ߢߣߊߕߊ߬	3
ߢߡߊߘߏ߲߰	3
ߢߟߊߞߊߟߊ߲߫	3
ߢߝߍߕߊ	3
ߢߐ߲ߢߐ߲ߠߌ߲	3
ߢߎߡߍ߫	3
ߢߍߡߐ߮	3
ߢߍߝߍ߬	3
ߢߍߛߌߟߊ߲ߢߍ	3
ߢߍߓߌߟߊ	3
ߢߌ߲߭	3
ߢߌ߬ߣߌ߲߬ߞߊ߬ߟߌ߬ߟߊ	3
ߢߌ߬ߣߊ߲߬	3
ߢߌ߬ߣߊ߬ߒ߬ߞߐ߬ߓߊ߮	3
ߢߌ߬ߣߊ	3
ߢߌߣߌ߲ߠߊ	3
ߢߋߙߌ߲߫	3
ߢߊ߯ߡߊ߫	3
ߢߊ߬ߡߐ߰ߘߋ߲	3
ߢߊߢߌߣߌ߲	3
ߢߊߟߐ߲߫	3
ߢߊߝߐߟߌ߫	3
ߢߊߜߊ߬	3
ߢߊߛߙߊ	3
ߢߊߛߐ߬ߘߐ߲߬	3
ߢߊߘߏ߲ߒߠߊ	3
ߢߊߕߟߌߡߌ߲	3
ߡߣߍߡߣߍ	3
ߡߣߌߡߌߣߌ߲߫	3
ߡߣߊ߬ߡߣߊ߬	3
ߡߟߍߞߘߍ߫	3
ߡߟߋ߬ߞߎ߬ߡߟߋߞߎ	3
ߡߞߌ߬ߘߊ߯ߘߎ߫	3
ߡߞߊ߬ߛߌ߬ߟߌ	3
ߡߝߊߣߍ߲	3
ߡߛߏ߬ߡߊ߲߫	3
ߡߛߌߞߎ	3
ߡߙߐߡߙߐ߫	3
ߡߙߊ߬	3
ߡߙߊߟߊ	3
ߡߐ߲ߕߐ߲߫	3
ߡߐ߰ߢߐ߲߰	3
ߡߐ߰ߢߐ߲߮	3
ߡߐ߬ߣߐ߰ߓߊ	3
ߡߐ߬ߟߐ߲߬ߡߊ	3
ߡߎ߬ߤߡߊߘߌ߫	3
ߡߎ߬ߤߊ߲ߡߊߘߌ߫	3
ߡߎ߬ߣߊ߲߬ߝߏߦߌ	3
ߡߎ߬ߢߎ߲߬ߓߊ߮	3
ߡߎ߬ߜ߭ߌ߯ߙߊ߫	3
ߡߎߣߊ߲ߝߊ߲߫	3
ߡߎߢߍ߫	3
ߡߎߞߘߊߛߌ߫	3
ߡߎߛ߫ߊ߬ߣߊߝߎ	3
ߡߎߛߕߊߘߌߙߊߞߎ	3
ߡߎߖ߭ߌ߬ߘߊߟߌߝߊ߫	3
ߡߍ߲߬ߛߍ߲߬ߦߊ	3
ߡߍ߲߬ߘߍ߬ߦߊ	3
ߡߍߣߍ߲	3
ߡߌ߲ߞߎߟߌ߬	3
ߡߌ߲ߞߊߙߏ	3
ߡߌ߬ߞߊ߯ߕߌ	3
ߡߌߞߊ߯ߕߎ	3
ߡߋ߰ߙߋ	3
ߡߊ߲ߞߕߎ	3
ߡߊ߲ߞߊ߲	3
ߡߊ߰ߙߌ߬ߦߊ	3
ߡߊ߯ߣߌ߬	3
ߡߊ߯ߟߞߌߟߞߊ	3
ߡߊ߯ߙߌ	3
ߡߊ߲߬ߞߕߎ߫	3
ߡߊ߲߬ߞߕߎ	3
ߡߊ߲߬ߛߊ߬ߦߊ	3
ߡߊ߲߬ߛߊ߬ߞߍ߫	3
ߡߊ߲߬ߛߊ߬ߙߋ߲߫	3
ߡߊ߲߬ߛߊ߬	3
ߡߊ߬ߦߌߘߊ	3
ߡߊ߬ߤߌ߬ߣߟߊ߬	3
ߡߊ߬ߣߊ߲߬ߞߎ	3
ߡߊ߬ߟߏ	3
ߡߊ߬ߞߎ߲	3
ߡߊ߬ߞߍ߬	3
ߡߊ߬ߞߊߘߊ߲	3
ߡߊ߬ߝߊ߲	3
ߡߊ߬ߛߎ߯ߘߌ߫	3
ߡߊ߬ߛߌ߯ߤߌ	3
ߡߊ߬ߙߌ߬	3
ߡߊ߬ߖߐ߯ߙߊ	3
ߡߊ߬ߕߌ߮	3
ߡߊߢߌ߬ߣߌ߲߬ߞߊ߫	3
ߡߊߢߌߣߌ߲߫	3
ߡߊߡߣߌߡߌߣߌ߲߫	3
ߡߊߟߐ߲߫	3
ߡߊߞߟߌ	3
ߡߊߞߏ߫	3
ߡߊߞߊ߬ߣߍ߲	3
ߡߊߞߊ߬	3
ߡߊߝߎ߲ߝߎ߲	3
ߡߊߝߊ߬ߟߋ߲߬	3
ߡߊߜߟߍ߬ߦߊ߬	3
ߡߊߜߊ߬ߛߌ߬	3
ߡߊߛߘߊߞߊ	3
ߡߊߛߓߊߙߌ߫	3
ߡߊߛߐ߬ߛߐ߫	3
ߡߊߛߏ߬ߛߊ߫	3
ߡߊߛߏ߬ߛߊ	3
ߡߊߛߎ߬ߘߎ߲߬ߧߊ߬	3
ߡߊߛߎߡߊ߫	3
ߡߊߘߊ߲	3
ߡߊߖߋ߬ߣߌ߲߬	3
ߡߊߕߐ߯	3
ߡߊߕߍ߰	3
ߡߊߕߌߢߍ߫	3
ߡߊߕߊ߲߬ߞߊ߬	3
ߡߊߕߊ߲߬ߞߊ߫	3
ߡߊߓߏߙߌ߫	3
ߡߊߓߍ߲߭	3
ߠߵߌ	3
ߠߴߊ߬ߟߎ߬	3
ߠߴߊߟߎ߫	3
ߠߊ߬ߕߍ߮	3
ߠߊߡߍ߲߫	3
ߠߊߡߌ߲߬	3
ߠߊߟߐ߲ߠߌ߲߫	3
ߠߊߞߏ߬	3
ߠߊߝߟߌ߬	3
ߠߊߝߌߘߊ߲߫	3
ߠߊߜߏߦߊߢߍ߫	3
ߠߊߜߊ߲߫	3
ߠߊߘߤߊ߬	3
ߠߊߖߍ߲ߛߍ߲߫	3
ߠߊߓߐ߫	3
ߠߊߓߋ߬	3
ߟߵߌߘߐ߫	3
ߟߴߊ߬ߟߋ	3
ߟߴߊ߬ߙߌ߬ߖߣߍ߬	3
ߟߴߊ߬ߓߎ߬	3
ߟߥߴߊ߬	3
ߟߝߊߙߌ߫ߘߐ߫	3
ߟߖߊ߬	3
ߟߓߊ߬ߦߌ߬ߞߊ߬	3
ߟߓߊߕߏߟߊ	3
ߟߐ߲ߠߌ߲ߣߍ߲߫	3
ߟߐ߲ߞߏ߫	3
ߟߐ߲ߓߊ߮	3
ߟߐ߯ߕߍ	3
ߟߐ߬ߦߌ߬ߟߊ߬	3
ߟߏ߲ߡߊ߲ߛߊ߫	3
ߟߏ߲߬ߛߋߣߌ߲߫	3
ߟߏ߫	3
ߟߏߟߎ߫	3
ߟߍߙߊߘߐ	3
ߟߌ߬ߟߊ߯ߤߌ	3
ߟߊ߲ߞߣߍߡߕߊ	3
ߟߊ߲ߛߌ߬ߣߍ߫	3
ߟߊ߲߰ߝߏ߬	3
ߟߊ߯ߛ߭ߊ߬ߙߌ߯ߞߊ߬	3
ߟߊ߯ߛ߭ߊߙߌ߯ߞߊ	3
ߟߊ߯ߌߟߊ߯ߤߊ	3
ߟߊ߬ߥߟߌ߬ߟߊ߲	3
ߟߊ߬ߣߐ	3
ߟߊ߬ߛߌ߬ߣߍ߬	3
ߟߊ߬ߛߌ߬ߊ߬ߙߌ	3
ߟߊ߬ߙߊߛߌ߫	3
ߟߊ߬ߘߍ߬ߟߌ	3
ߟߊ߬ߘߍ	3
ߟߊ߬ߓߊߦߌߞߊ߫	3
ߟߊߥߟߌ߬ߣߍ߲	3
ߟߊߤߎ߬	3
ߟߊߤߎ	3
ߟߊߤߌߣߊ߫	3
ߟߊߣߐ߰ߦߊ߫	3
ߟߊߢߌߣߌ߲߫	3
ߟߊߡߌ߬ߣߊ߬	3
ߟߊߡߌ߬ߘߊ߫	3
ߟߊߞߣߍߦߊ߫	3
ߟߊߞߙߐ߬ߛߌ߬	3
ߟߊߞߏߟߐ߲߫	3
ߟߊߞߊ߬ߟߴߊ߬	3
ߟߊߝߌ߲߬	3
ߟߊߝߊ߰	3
ߟߊߛߴߊ߬	3
ߟߊߛߐ߲߫	3
ߟߊߛߊ߲ߘߌ߫	3
ߟߊߛߊ߬ߦߵߌ	3
ߟߊߘߴߊ߬	3
ߟߊߘߤߊ߬ߣߍ߲	3
ߟߊߘߛߏߣߍ߲	3
ߟߊߘߏ߲߬ߣߍ߲	3
ߟߊߘߍ߬ߓߊ߮	3
ߟߊߘߍ߫	3
ߟߊߘߍ	3
ߟߊߗߋ߲߰ߧߊ	3
ߟߊߖߌ߱	3
ߟߊߖߌ߰ߦߊ߬	3
ߟߊߖߌ߰ߣߍ߲	3
ߟߊߕߐ߲ߣߍ߲	3
ߟߊߕߐ߲	3
ߟߊߕߎ߲߰ߠߊ	3
ߟߊߕߋߟߋ߲	3
ߟߊߕߊ߮	3
ߟߊߕߊ߲߬ߞߌ߲߬	3
ߟߊߓߐߟߊ	3
ߟߊߓߌ߬ߟߴߊ߬	3
ߟߊߓߌ߬ߟߊ߬	3
ߟߊߓߊ߲ߓߊߟߌ	3
ߟߊߒߠߊߒߕߋ	3
ߟߊߒߠߊ	3
ߟߊߒߞߣߍߡߊߣߍ߲߫	3
ߞߵߊ߬ߟߋ	3
ߞߵߊ߬ߓߎ߬	3
ߞߵߊߟߎ߬	3
ߞߴߊ߬ߟߎ߫	3
ߞߴߊ߬ߟߋ߬	3
ߞߴߊߟߊ߫	3
ߞߣߐ߬ߜߍ߲	3
ߞߣߐ߬ߘߐ߬ߝߟߌ߬	3
ߞߣߐߡߊ	3
ߞߣߐߘߐߘߌ	3
ߞߣߐߘߐߖߎ߮	3
ߞߣߍߦߊ	3
ߞߢߊ	3
ߞߟߴߌ	3
ߞߟߐ߬	3
ߞߟߏ߬ߡߊ߲߫	3
ߞߟߎ߬ߛߎ߯ߡߌ߫	3
ߞߟߌߣߍ߲߫	3
ߞߟߌߟߌ	3
ߞߟߋ߬ߦߊ	3
ߞߟߋߞߟߋߡߊߦߟߍ	3
ߞߟߊߦߊ߫	3
ߞߟߊߒߞߋ	3
ߞߛߐߞߛߐ߫	3
ߞߛߊ߬ߓߌ	3
ߞߙߎ߬ߟߍ߲ߓߍ߲	3
ߞߙߎ߬ߟߊ߬ߓߏ߲	3
ߞߙߎߝߊ߫	3
ߞߙߍߞߙߍ߫	3
ߞߙߊ߬ߡߐ߰ߓߊ߫	3
ߞߙߊߣߍ߲	3
ߞߙߊߕߊߕߊ߫	3
ߞߘߐ߬ߡߛߏ߫	3
ߞߘߐߕߊ߭	3
ߞߘߐߓߐߟߌ	3
ߞߘߎ߬ߜߍߟߍ߲	3
ߞߘߎ߬	3
ߞߘߎߞߘߎ߫	3
ߞߘߎߛߌ߫	3
ߞߘߋߞߘߋ߫	3
ߞߕߐߡߊ߬	3
ߞߕߐߟߊ	3
ߞߕߐߝߍߣߍ߲ߠߌ߲	3
ߞߕߐߙߐ߲ߘߓߐ߫	3
ߞߕߎ߬ߓߊ߫	3
ߞߓߊ߬	3
ߞߓߊߣߊ߲ߞߏ	3
ߞߐ߲ߞߕߐ	3
ߞߐ߲	3
ߞߐ߰ߖߌ߬	3
ߞߐ߯ߣߍ߲	3
ߞߐ߯ߟߐ߫	3
ߞߐ߮	3
ߞߐ߲߬ߘߐ߲߬	3
ߞߐ߲߬ߘߐ߲߫	3
ߞߐ߬ߣߐ߲߬ߘߐ߬ߣߊ߲	3
ߞߐ߬ߣߐ߲߬ߘߐ߬	3
ߞߐ߬ߣߐߡߊ߬	3
ߞߐ߬ߢߐ߫	3
ߞߐ߬ߟߏ߲	3
ߞߐߣߊߞߙߌ߫	3
ߞߐߡߊߕߊ߯	3
ߞߐߟߐ߬	3
ߞߐߝߟߌ߬	3
ߞߐߝߟߌ	3
ߞߐߜߍ߫	3
ߞߐߛߙߐ	3
ߞߐߛߊ߬ߦߌ߬ߕߐ	3
ߞߐߛߊ߬ߦߌ߬	3
ߞߐߙߍ߫	3
ߞߐߙߍߦߊ߫	3
ߞߐߘߐ߲߫	3
ߞߐߕߊ	3
ߞߐߓߌߟߊߘߋ߲߫	3
ߞߏ߲ߣߍ߰ߣߍ߲߫	3
ߞߏ߲ߣߍ߰	3
ߞߏ߲ߓߏ߫	3
ߞߏ߲	3
ߞߏ߬ߣߊ	3
ߞߏ߬ߙߏ߲߬ߞߏ߬ߙߏ߲߬	3
ߞߏߢߐ߲߯ߦߊ߫	3
ߞߏߢߌߡߊߟߐ߲߫	3
ߞߏߡߍ߲߫	3
ߞߏߟߘߊ	3
ߞߏߟߊߖߌ	3
ߞߏߝߐߣߍ߲߫	3
ߞߏߛߓߍߛߓߍ߫	3
ߞߏߘߐߣߐ߯ߦߊ	3
ߞߏߖߎ߮	3
ߞߏߏߞߏ߫	3
ߞߎ߲ߡߋߙߋ߲	3
ߞߎ߲ߓߊߓߊ	3
ߞߎ߲߬ߡߊ߬ߦߟߍߡߊ߲	3
ߞߎ߲߬ߡߊ߬ߞߘߎ߬ߓߊ߰ߕߐ	3
ߞߎ߲߬ߡߊߞߘߎ߬ߓߊߟߌ	3
ߞߎ߲߬ߠߊ߲߬ߜߏ	3
ߞߎ߲߬ߠߊ߲߬ߘߌ	3
ߞߎ߲߬ߠߊ߬ߛߌ߰ߟߊ	3
ߞߎ߲߬ߠߊ߬ߓߌ߬ߘߌ߲߬ߟߊ߲	3
ߞߎ߲߬ߠߊ߬ߓߌߘߌ߲߫	3
ߞߎ߲߬ߞߏ߫	3
ߞߎ߲߬ߞߊ߬	3
ߞߎ߲߬ߘߐ߬ߖߊ߲߫	3
ߞߎ߲߬ߕߎ߲߮	3
ߞߎ߬ߡߊ߲߬ߘߌ߬ߟߊ߲	3
ߞߎ߬ߛߊ߲߬	3
ߞߎ߬ߖ߭ߊߦߌߡߊ߫	3
ߞߎߣߊ	3
ߞߎߡߦߊ߫	3
ߞߎߡߓߊߟߌߦߊ	3
ߞߎߡߊߢߐ߲߯ߦߊ	3
ߞߎߡߊߘߋ߲߫	3
ߞߎߟߌ߬ߤߎߥߊ߫	3
ߞߎߟߋߟߊ	3
ߞߎߘߊߟߡߊ	3
ߞߎߓߊ߫	3
ߞߍ߲ߘߍߦߊ߫	3
ߞߍ߰	3
ߞߍ߬ߟߊ߫	3
ߞߍ߬ߙߍ߲߬ߞߍߙߍ߲	3
ߞߍߓߊߟߌߦߊ	3
ߞߌ߲߬ߘߊ	3
ߞߌ߬ߣߊ	3
ߞߌ߬ߢߍ߬	3
ߞߌ߬ߙߌ߲߬ߞߙߊ߬ߒ߬ߕߋ߬ߦߊ	3
ߞߌ߬ߙߊ߯ߣߎ	3
ߞߌߣߌ߲ߓߟߏߕߊ	3
ߞߌߣߌ߲ߓߟߏ	3
ߞߌߣߌ߲߫	3
ߞߌߡߍ	3
ߞߌߛߐ߫	3
ߞߋߟߦߊߣߍ߲	3
ߞߋߟߦߊߣߍ߲߫	3
ߞߊ߲ߠߊߓߐ߫	3
ߞߊ߯ߓߊ߫	3
ߞߊ߲߬ߓߍ߲	3
ߞߊ߬ߣߌ߲߬ߣߍ߲߬	3
ߞߊ߬ߡߙߊ߬ߒߞߋ	3
ߞߊ߬ߡߊ߯	3
ߞߊ߬ߡߊ߲߬ߞߎ߲߬	3
ߞߊ߬ߝߏ߬ߢߐ߲߰ߦߊ߫	3
ߞߊ߬ߝߏ߬ߢߐ߲߰ߦߊ	3
ߞߊ߬ߝߏ߬ߢߐ߲߮	3
ߞߊ߬ߝߏ	3
ߞߊ߬ߝߊ߫	3
ߞߊ߬ߛߌ߬ߟߊ߬	3
ߞߊ߬ߙߌ߬ߝߴߊ߬	3
ߞߊ߬ߙߌ߬ߝߊ߬	3
ߞߊ߬ߙߊ߲߬ߣߍ߲߬	3
ߞߊ߬ߙߊ߲߬ߣߍ߲߫	3
ߞߊ߬ߙߊ߲߬ߕߊ	3
ߞߊ߬ߘߌߦߊߢߍ	3
ߞߊ߬ߘߌߖߊ߬	3
ߞߊߦߌߓߙߊ߬	3
ߞߊߦߌߓߙߊ߫	3
ߞߊߟߌߦߊ߫	3
ߞߊߛ߭ߌߝߎߟ	3
ߞߊߛߊ߲ߞߋ	3
ߞߊߙߌ߫	3
ߞߊߙߊ߲ߡߐ߯	3
ߞߊߓߙߎߘߊ߫	3
ߞߊߎߛߊ߬ߙߊ߫	3
ߝߣߴߊ߬	3
ߝߣߊ߬	3
ߝߢߐ߫	3
ߝߢߐߘߊ	3
ߝߡߊ߬	3
ߝߟߐߡߊ߫	3
ߝߟߐߝߟߐ	3
ߝߟߊߞߊ	3
ߝߛߍߝߛߍ߫	3
ߝߛߊ߬ߙߌ߬	3
ߝߙߏߞߏ	3
ߝߙߍߕߍ߲	3
ߝߙߍߕߍ߫ߘߐ߫	3
ߝߙߍߕߍߓߊߟߌ	3
ߝߙߌߛߌߡߊ	3
ߝߙߋ	3
ߝߘߴߊ߬	3
ߝߘߎߡߊ߫	3
ߝߘߎߝߘߎ߫	3
ߝߘߎߝߋ߲	3
ߝߘߊ߬ߝߌ߲߬	3
ߝߕߌ߬ߣߊ߲߬	3
ߝߕߌߣߊߕߌߟ	3
ߝߐߟߊ	3
ߝߐߘߊߟߝߊߙߌ	3
ߝߐߕߊ	3
ߝߐߓߊߟߌߦߊ	3
ߝߏ߯ߛߌ߬	3
ߝߏ߲߬ߝߏ߲	3
ߝߎ߯ߟߊ	3
ߝߎߣߎ߲ߛߙߋ߫	3
ߝߎߣߎ߲ߛߙߋߦߊ߫	3
ߝߎߣߎ߲ߛߙߋ	3
ߝߍ߬ߓߌߟߊ߫	3
ߝߍߘߍ߲ߝߋ߲߫	3
ߝߍߘߍ߲߫	3
ߝߌ߲߬	3
ߝߌ߬ߡߊ߲	3
ߝߌ߬ߟߌ߫	3
ߝߌ߬ߛߵߊߟߎ߫	3
ߝߌ߬ߕߙߌ߬	3
ߝߌߛߙߌߥߊߟߋߦߊ߫	3
ߝߌߘߊ߲߫	3
ߝߌߕߙߌ	3
ߝߋߙߊߥߐ߲߫	3
ߝߊ߲ߕߊ߲ߞߟߊ	3
ߝߊ߲ߕߊ߲ߞߊ	3
ߝߊ߲ߕߊ߲߬ߞߊ߬	3
ߝߊ߰ߣߍ߲	3
ߝߊ߰ߣߍ߲߬	3
ߝߊ߰ߣߌ߲߫	3
ߝߊ߰ߡߎ߲߬ߓߊ߰	3
ߝߊ߰ߡߎ߲߬ߓߊߟߌ	3
ߝߊ߯ߙߌ߫	3
ߝߊ߲߬ߞߊ߬ߡߊ	3
ߝߊ߲߬ߞߊ߫	3
ߝߊ߲߬ߘߊ߬	3
ߝߊ߬ߣߌ߲߬	3
ߝߊ߬ߛߊ	3
ߝߊ߬ߙߊ߲߬ߛߌ߬	3
ߝߊ߬ߕߐ	3
ߝߊߦߌߘߊ߫	3
ߝߊߣߍ߲߫	3
ߝߊߣߌ߲	3
ߝߊߙߌߕߊ߫	3
ߝߊߙߌߕߊ	3
ߝߊߙߊ߲ߝߊߛߌ	3
ߝߊߘߌ	3
ߝߊߕߏߣߍ߲	3
ߝߊߕߎߡߊ߫	3
ߜߟߏ	3
ߜߟߌߦߊ	3
ߜߟߋߜߟߊ	3
ߜߛߍߛߍ߫	3
ߜߙߍߞߎ߲	3
ߜߙߊ߬ߣߍ߲߬	3
ߜߙߊ߬	3
ߜߘߌ	3
ߜߘߋ߬	3
ߜߘߋ	3
ߜߐ߱	3
ߜߐ߮	3
ߜߏ߲ߞߊ߲	3
ߜߎߛߎ߲ߞߎ	3
ߜߍ߯ߙߍ߫	3
ߜߍ߲߬ߘߍ߬	3
ߜߍ߬ߟߍ߲߬ߡߊ߲߬ߓߊ	3
ߜߍ߬ߟߍ߲߬	3
ߜߍߣߍ߲	3
ߜߍߡߊ߲	3
ߜߍߡߊ߲߫	3
ߜߍߘߐߕߊ	3
ߜߌߙߌ߲ߘߟߌ߫	3
ߜߌߙߌ߲ߘߌ	3
ߜߋ߲ߜߋߟߋ߲߫	3
ߜߊ߲߬ߜߊ߲	3
ߜߊ߬ߟߏ߬	3
ߜߊ߬ߞߘߐ	3
ߜߊ߬ߛߌ߬ߣߍ߲	3
ߜߊ߬ߙߴߊ߬	3
ߜߊ߬	3
ߜߊߣߊ߲ߜߊߣߊ߲	3
ߛߴߏ	3
ߛ߫ߊ߯ߟߌߤߌ߯ߣߊ	3
ߛߥߊ߬ߓߊ߬	3
ߛߤߊߟߎ߫	3
ߛߣߍ߬ߞߍ߬ߟߊ	3
ߛߣߍ߬ߞߍ߬	3
ߛߣߍ߫	3
ߛߝߊߌ߫	3
ߛߙߋ߫	3
ߛߙߋߕߋߕߋߦߊߣߍ߲߫	3
ߛߙߊ߬ߒ߬ߞߊ߲߬ߠߊ	3
ߛߙߊ߫	3
ߛߙߊߣߎ߲	3
ߛߘߍ	3
ߛߘߌߘߊ	3
ߛߕߊ	3
ߛߓߍߦߊߟߌ	3
ߛߓߍߟߌߓߊߟߌ	3
ߛߓߊ߬ߕߌ߬	3
ߛߓߊߢߐ߲߮	3
ߛߐ߰ߙߊ߲߬ߧߊ	3
ߛߐ߲߬ߞߐ߬	3
ߛߐ߲߬ߞߍ߬ߣߍ߲	3
ߛߐ߬ߛߐ߬ߓߊ߮	3
ߛߐߟߌߟߊ	3
ߛߏ߰ߟߊ	3
ߛߏ߲߬ߧߊ߬	3
ߛߏ߬ߟߏ߲	3
ߛߏ߬ߛߴߊ߬ߟߎ߫	3
ߛߏ߬ߙߏ	3
ߛߏ߬ߙߌ߫	3
ߛߏߡߐ߯ߦߊߣߍ߲	3
ߛߏߙߏ߲ߛߏߙߏ߲߫	3
ߛߎ߲ߣߊ	3
ߛߎ߲ߞߎߘߎ߲	3
ߛߎ߲ߘߏ߲ߠߊ	3
ߛߎ߰ߘߎ߬ߟߊ߬	3
ߛߎ߰ߘߎ߬ߟߊ߫	3
ߛߎ߯ߎߛߎ߰	3
ߛߎ߬ߣߐ߰ߡߍ߬ߣߍ߲߬ߕߐ	3
ߛߎ߬ߣߐ߰ߕߐ߫	3
ߛߎ߬ߣߐ߯	3
ߛߎ߬ߣߎ߲߬ߞߎ߲	3
ߛߎ߬ߡߊ߲߬ߓߙߏ	3
ߛߎ߬ߟߋ߬ߡߊ߯ߣߊ߫	3
ߛߎ߬ߟߊߌߞߎ߫	3
ߛߎ߬ߛߎ߬ߣߍ߲	3
ߛߎ߬ߘߎ߲߬ߧߊ߫	3
ߛߎ߬ߘߎ߲߬ߡߊ߲	3
ߛߎ߬ߘߎ߲߬ߡߊ߲߫	3
ߛߎ߬ߘߎ߲߬	3
ߛߎߣߐ߮	3
ߛߎߡߦߊ߫	3
ߛߎߓߎ߬ߤߊ߯ߣߊ߬ߟߊ߯ߤߌ߫	3
ߛߎߎߛߎ߫	3
ߛߍ߬ߙߍ	3
ߛߍ߬ߓߍ߫	3
ߛߍߥߴߊ߬	3
ߛߌ߲ߞߌ߲	3
ߛߌ߲ߞߌ߲߫	3
ߛߌ߲ߘߌߓߊ߮	3
ߛߌ߲ߓߌ	3
ߛߌ߰ߣߍ߲߬	3
ߛߌ߰ߢߐ߲߮	3
ߛߌ߰ߟߌ	3
ߛߌ߰ߓߊ߮	3
ߛߌ߬ߟߡߊ߬ߦߊ߬	3
ߛߌ߬ߟߡߊ߬ߦߊ߫	3
ߛߌ߬ߟߡߊ߬ߢߐ߲߮	3
ߛߌ߬ߟߡߊ߬ߘߋ߲	3
ߛߌ߬ߛߋ߬	3
ߛߌ߬ߛߊ߯	3
ߛߌߟߊ߲ߣߍ߲	3
ߛߌߟߊ߲ߡߍߣߍ߲ߕߐ	3
ߛߌߟߊߛߊ߬	3
ߛߌߘߌ߲ߎ߲߫	3
ߛߋ߲ߛߋ߲	3
ߛߋ߰ߘߎ߬	3
ߛߋ߲߬ߡߊ߬	3
ߛߋ߲߬ߞߏ߬ߋ߬ߣߍ߲	3
ߛߋ߲߬ߞߊ߲	3
ߛߋߦߌ߲	3
ߛߋߦߌ߲߫	3
ߛߋߣߍ߲߫	3
ߛߋߞߊ߫	3
ߛߋߞߊ	3
ߛߊ߲ߡߊߦߟߍ	3
ߛߊ߲ߛߊ߲	3
ߛߊ߱	3
ߛߊ߰ߖߌ߬	3
ߛߊ߰ߓߊ߫	3
ߛߊ߯ߦߌߓߎ߫	3
ߛߊ߯ߡߍߦߊ߫	3
ߛߊ߯ߡߍߦߊ	3
ߛߊ߯ߟߌߡߎ߫	3
ߛߊ߯	3
ߛߊ߲߬ߡߘߊ߬	3
ߛߊ߲߬ߠߌ߲	3
ߛߊ߲߬ߞߊ߬ߟߊ߲߬ߧߊ߬	3
ߛߊ߲߬ߞߊ߬ߛߊ߲ߞߊ	3
ߛߊ߲߬ߛߊ߲	3
ߛߊ߲߬ߓߊ߬ߕߐ߮	3
ߛߊ߬ߣߍ߲߬	3
ߛߊ߬ߢߐ	3
ߛߊ߬ߟߊ߯ߡߌ߫	3
ߛߊ߬ߕߐ	3
ߛߊߦߌ߲	3
ߛߊߦߌߡߊ	3
ߛߊߥߎߓߊ߲߫	3
ߛߊߡߎߙߊ߫	3
ߛߊߟߖߌߡߊߓߍ߲߬	3
ߛߊߟߖߌߕߟߊ	3
ߛߊߟߖߌߕߊߕߐ	3
ߛߊߟߌߣߍ߲߫	3
ߛߊߟߌߡߕߊ߫	3
ߛߊߟߌߡߊߞߟߌߟߊ	3
ߛߊߟߌߞߘߐߕߊ߫	3
ߛߊߟߌߓߊߟߌ	3
ߛߊߞߌߙߎ߫	3
ߛߊߝߎߥߊ߲߫	3
ߛߊߝߌ߯ߟߞߊ	3
ߛߊߝߌߦߊߕߎ߫	3
ߛߊߙߌ߫	3
ߛߊߓߎߙߊ߫	3
ߛߊߓߎ	3
ߙߓߓߊߣߊ߮	3
ߙߊ߯ߝߌߌ߫	3
ߙߊ߬ߥߊ߯ߕߌߓߎ	3
ߙߊ߬ߝߌ߯ߌ߫	3
ߙߊ߬ߛ߭ߌߘ	3
ߙߊ߬ߓߌߟߊ߬ߖ߭ߌ߯ߡߌ߫	3
ߙߊ߬ߓߌߊ߳ߊ߫	3
ߙߊߖ߭ߊߞ	3
ߘߤߊ߬ߣߴߏ߬	3
ߘߤߊ߬ߣߴߊߟߎ߫	3
ߘߤߊ߬ߣߍ߲	3
ߘߣߊߟߊ߫	3
ߘߡߊ	3
ߘߟߊߞߊߟߊ߲	3
ߘߛߍ	3
ߘߙߎ߬ߛߌ߬ߣߍ߲	3
ߘߙߎ߬ߛߌ߫	3
ߘߙߊ߬ߤߌߡߊ	3
ߘߙߊ߬ߞߣߎ߬ߣߌ	3
ߘߓߌ߬ߘߐ߬ߦߊ	3
ߘߓߊ߬ߓߌߟߊ	3
ߘߐ߰ߣߍ߲߬	3
ߘߐ߰ߡߊ߲ߣߍ߲	3
ߘߐ߰ߕߐ߬	3
ߘߐ߮	3
ߘߐ߬ߝߐ	3
ߘߐ߬ߜߍ	3
ߘߐ߬ߜߊ߬ߛߌ߬ߟߌ	3
ߘߐ߬ߛߊߙߌ߫	3
ߘߐ߬ߖߊ	3
ߘߐ߫ߊ߬	3
ߘߐߣߐ߰ߦߊ߬	3
ߘߐߞߛߎߞߛߎ߫	3
ߘߐߞߏ	3
ߘߐߞߊ߬	3
ߘߐߝߘߊ߫	3
ߘߐߝߎߟߋ߲ߣߍ߲	3
ߘߐߝߌ߲߬	3
ߘߐߜߍ	3
ߘߐߛߏ߬ߛߊ߬	3
ߘߐߛߊ߬ߡߊ߲߬	3
ߘߐߗߍ	3
ߘߐߖߊ߬ߕߊ߫	3
ߘߐߓߍ߲߬ߣߍ߲	3
ߘߐߓߌߟߊ	3
ߘߏ߲߰ߣߍ߲	3
ߘߏ߲߰ߘߐ߬ߕߊ	3
ߘߏ߲߰ߘߌ	3
ߘߏ߲߬ߞߏ߬ߟߊ߬ߞߊ	3
ߘߏ߲߬ߖߟߎ߬ߡߊ߬	3
ߘߏ	3
ߘߎ߰ߟߊ߬ߕߊ	3
ߘߎ߰ߟߊ߬	3
ߘߎ߰ߕߟߊ	3
ߘߎ߭	3
ߘߎ߲߬ߘߎ߬ߡߊ߬	3
ߘߎ߲߬ߘߎ߬ߡߊ	3
ߘߎ߬ߛߊ߬ߜߍ	3
ߘߎ߲߫	3
ߘߎߜ߭ߌ߬ߣߊ߫	3
ߘߎߓߴߊ߬	3
ߘߍ߲߬ߞߣߍ߬ߦߊ߬ߣߍ߲	3
ߘߍ߲߬ߞߣߍ߬ߦߊ߬ߣߍ߲߬	3
ߘߍ߲߬ߞߣߍ߬ߦߊ߬ߣߍ߲߫	3
ߘߍ߲߬ߞߣߍ߬ߦߊ߬ߡߐ߮	3
ߘߍ߲߬ߞߣߍ߬ߦߊ߫	3
ߘߍ߬ߣߍ߲	3
ߘߍ߬ߢߐ߲߯	3
ߘߍ߬ߡߍ߲߬ߠߌ߲	3
ߘߍ߬ߙߍ߫	3
ߘߍ߲߫	3
ߘߍߘߍ߫	3
ߘߌߦߴߊ߬	3
ߘߌߦߊߖߌ	3
ߘߌߣߵߊ߬	3
ߘߌߣߍ߲߫	3
ߘߌߡߌ߲ߣߍ߲	3
ߘߌߡߌ߲߫	3
ߘߌߡߊ߲ߓߊ	3
ߘߋ߲ߣߍ߲߫	3
ߘߋ߲ߡߛߏߣߍ߲	3
ߘߋ߲ߞߍߣߍ߲	3
ߘߋ߲ߕߊ߯ߣߍ߲	3
ߘߋ߲ߓߦߊ߫	3
ߘߋ߬ߙߌ߬ߣߍ߲߬	3
ߘߋ߬ߙߌ߬ߣߍ߲߫	3
ߘߋߜ߭ߙߋ	3
ߘߊ߲ߣߍ߲	3
ߘߊ߲ߘߐ߫	3
ߘߊ߲	3
ߘߊ߯ߡߊߞߍ߫	3
ߘߊ߲߬ߠߊߕߍ߰	3
ߘߊ߲߬ߠߊߕߊ߬ߡߌ߲߬ߣߍ߲	3
ߘߊ߬ߡߊ߲߬ߘߊ	3
ߘߊ߬ߡߊ߲߬	3
ߘߊ߬ߟߎ߬ߒߕߊ߲	3
ߘߊ߬ߟߊ	3
ߘߊ߬ߖߊ߯ߟߌ߫	3
ߘߊ߬ߓߊߙߌ߫	3
ߘߊߦߟߍ߬ߣߍ߲	3
ߘߊߡߌ߬ߣߴߊ߬	3
ߘߊߡߊ߲ߕߊ߲߫	3
ߘߊߞߎ߲	3
ߘߊߘߐߘߏ߲߬	3
ߘߊߖߌ	3
ߘߊߓߌ߬ߟߊ߬	3
ߗߙߎ߫	3
ߗߐ߫	3
ߗߏ߯ߦߊ	3
ߗߏߊߏ߫	3
ߗߎ߲	3
ߗߍ߬ߦߊ߬	3
ߗߍ߫	3
ߗߋ߲߰ߧߊ	3
ߗߋ߲߰ߓߊ߫	3
ߗߋߣߍ߲߫	3
ߗߊߊߊ߫	3
ߖ߭ߎߟߤߎ߬ߟߊߦߌߝߊ߫	3
ߖ߭ߌߙߎ߫	3
ߖ߭ߊ߯ߕߎ߬	3
ߖ߭ߊߦߌ߬ߣߊߓߎ߫	3
ߖߤߊ߬ߘߌ߬ߟߊ	3
ߖߤߊ߬ߘߌ	3
ߖߡߊ߬ߙߌ߫	3
ߖߟߐ߬ߞߐ߬	3
ߖߟߐ߬ߞߐ	3
ߖߟߎ߬ߡߎ߲߬ߒߕߊ߲ߧߊ	3
ߖߟߎ߬ߡߍ߬ߣߍ߲߬ߕߐ	3
ߖߛߊ	3
ߖߙߊ߬ߞߌ߬	3
ߖߙߊ߬ߞߌ߫	3
ߖߘߌ	3
ߖߐ߲߰ߛߴߊ߬	3
ߖߐ߲߬ߡߛߏ	3
ߖߐ߲߬ߞߍ߫	3
ߖߏ߲ߠߌ߲	3
ߖߏ߲	3
ߖߏ߮	3
ߖߎ߯ߓߊ߫	3
ߖߎ߬ߥߊߌߙߊ߫	3
ߖߎ߬ߤߊߦߌߣߊ߫	3
ߖߎ߬ߤߊߦߌߝߊ߫	3
ߖߎ߬ߟߦߊ߬	3
ߖߎ߬ߟߊ߬	3
ߖߎ߬ߕߍ߮	3
ߖߎ߬ߓߊߦߙߌ߫	3
ߖߍ߲ߛߍ߲߫	3
ߖߍ߲߬ߞߍ߬ߣߍ߲߬	3
ߖߌ߰ߣߍ߲	3
ߖߌ߰ߘߐ߬ߞߏߟߏ߲ߧߊ߫	3
ߖߌ߰ߕߐ	3
ߖߌ߬ߦߊ߫	3
ߖߌ߬ߓߊ߬ߓߊ߬ߕߐ	3
ߖߌߣߊ	3
ߖߌߝߊ	3
ߖߋ߲ߖߋ߲	3
ߖߊ߲߰ߧߊ߫	3
ߖߊ߰ߣߍ߲	3
ߖߊ߯ߣߍ߲	3
ߖߊ߯ߛߌ߫	3
ߖߊ߲߬ߝߊ	3
ߖߊ߲߬ߛߊ߬ߟߌ߬	3
ߖߊ߬ߕߋ߬ߓߐ߬ߓߊߟߌ	3
ߖߊ߬ߕߋ߬ߓߐ	3
ߖߊߓߙߌ߫	3
ߕߵߊ߬ߟߎ߫	3
ߕߵߊ߬	3
ߕߴߌߟߋ	3
ߕߣߐ߬ߓߌߘߌ߲	3
ߕߡߐߙߐ߲߫	3
ߕߟߏߡߊߟߐ	3
ߕߟߌߡߌ߲߫	3
ߕߟߋ߬ߓߋ߬	3
ߕߟߋߡߊ߬	3
ߕߟߋ	3
ߕߙߐߦߊ	3
ߕߙߐ	3
ߕߘߎ߫	3
ߕߓߌߟߌ	3
ߕߐ߲߬	3
ߕߐߙߐ߲	3
ߕߏ߲ߘߋ߫	3
ߕߎ߲ߞߊ߲	3
ߕߎ߲	3
ߕߎ߲߰ߣߴߏ߬	3
ߕߎ߬ߢߊ߫	3
ߕߎ߬ߡߊߊߕߎ߬ߡߊ߬	3
ߕߎ߬ߓߊ߬ߓߎ߬	3
ߕߍ߲ߘߊ	3
ߕߍ߲ߓߍ߲	3
ߕߍ߱	3
ߕߍ߬ߡߍ	3
ߕߍ߬ߘߴߊ߬	3
ߕߍߡߕߊ	3
ߕߍߟߍ߲߫	3
ߕߌ߲ߓߌߘߌ߲ߕߐ	3
ߕߌ߰ߟߊ߬ߡߐ߮	3
ߕߌߢߍߣߍ߲߫	3
ߕߌߢߌߣߍ߲߫	3
ߕߌߡߊ߲߫	3
ߕߋ߬ߟߋ߲߬	3
ߕߊ߲ߘߏ	3
ߕߊ߲ߓߊߞߘߎ	3
ߕߊ߰ߝߋ߬	3
ߕߊ߰ߖߎ	3
ߕߊ߯ߣߍ߲	3
ߕߊ߯ߖߎ	3
ߕߊ߲߬ߞߊ	3
ߕߊ߲߬ߘߐ	3
ߕߊ߲߬ߘߏ߬ߟߌ	3
ߕߊ߬ߣߍ߲߫	3
ߕߊ߬ߣߌ߯ߡߎ߫	3
ߕߊ߬ߡߴߊ߬ߟߎ߬	3
ߕߊ߬ߡߊ߲	3
ߕߊ߬ߡߊ߲߬	3
ߕߊߥߎ߫	3
ߕߊߥߋ߲߯ߓߋ	3
ߕߊߟߞߌ߫	3
ߕߊߟߏ߲ߕߊߟߏ߲ߓߊ	3
ߕߊߞߌߛߍ	3
ߕߊߘߎ߲	3
ߔߙߐߔߙߐ	3
ߔߙߎߕߌ߫	3
ߔߌ߫	3
ߔߋߕߎ߫	3
ߔߋߕߎ	3
ߔߊ߫	3
ߔߊߞߌ߫	3
ߓߴߊ߬ߟߎ߬	3
ߓߣߊ߬ߦߊ	3
ߓߟߴߏ߬	3
ߓߟߏߡߦߊ	3
ߓߟߏߡߊߞߊ߬ߣߍ߲	3
ߓߟߏߡߊߞߊ߬ߣߍ߲߬	3
ߓߟߏߡߊߞߊ߬	3
ߓߟߏߟߊߝߍߣߍ߲߫	3
ߓߟߏߞߏ߬ߋ߬ߣߍ߲߬	3
ߓߟߏߞߍ߫	3
ߓߟߏߝߋ߲	3
ߓߛߌ߬ߞߌ߫	3
ߓߛߌ߬	3
ߓߙߏߡߛߏ߫	3
ߓߙߍߛߍ߬	3
ߓߙߌ߬ߣߍ߲	3
ߓߙߌ߫	3
ߓߙߊ߬ߒ߬ߘߐ߬	3
ߓߙߊߞߡߊ	3
ߓߙߊߞߘߊ߫	3
ߓߘߎ	3
ߓߘߌߞߊ	3
ߓߘߌߊ߫	3
ߓߘߊߡߐ߯	3
ߓߐ߬ߘߍ߬ߓߐ	3
ߓߐߣߴߊ߬	3
ߓߐߣߍ߲	3
ߓߐߓߊߟߌ	3
ߓߐߊߐ	3
ߓߏ߲ߓߊ߫	3
ߓߏ߭	3
ߓߏ߲߬ߓߏ߬ߛߌ	3
ߓߏ߬ߙߌ߬ߣߍ߲	3
ߓߏ߬ߙߌ߬ߝߋ߲	3
ߓߏ߬ߙߌ	3
ߓߏ߬ߘߊ	3
ߓߏ߬ߕߋ	3
ߓߏߙߌ߫	3
ߓߎ߰ߘߌ	3
ߓߎ߰ߓߎ߰	3
ߓߎ߬ߤߊߦߌߣߊ߫	3
ߓߎ߬ߙߊ߬ߞߎ	3
ߓߎߘߎ߲ߛߊߟߌ߫	3
ߓߍ߲	3
ߓߍ߯ߞߵߏ߬	3
ߓߍ߲߬ߣߍ߲	3
ߓߍ߲߬ߕߐ߫	3
ߓߍߢߌߣߌ߲߫	3
ߓߌ߲ߕߎ߫	3
ߓߌ߬ߟߵߊ߬ߟߎ߬	3
ߓߌ߬ߟߊ߯ߟߌ߫	3
ߓߌ߬ߟߊ߬ߟߌ߫	3
ߓߌ߬ߟߊ߬ߛߌߟߊ߫	3
ߓߌߦߙߌߞߊ	3
ߓߌߢߍ	3
ߓߌߟߊ߫	3
ߓߌߟߊߛߌߟߊ	3
ߓߌߞߐ߬ߣߐ߲߬ߘߐ	3
ߓߌߞߊ	3
ߓߌߙߌ߲ߕߊ߲߫	3
ߓߌߘߌ߲ߕߊ	3
ߓߋ߬ߣߍ߲߫	3
ߓߊ߯ߞߌߦߊߕߎ߫	3
ߓߊ߯ߖߌ	3
ߓߊ߭	3
ߓߊ߲߬ߓߊ߰ߦߊ	3
ߓߊ߬ߣߌ	3
ߓߊ߬ߙߊ߯ߎ߫	3
ߓߊ߬ߕߏ߬ߟߊ߬ߓߊ	3
ߓߊ߬ߕߏ߬ߟߊ	3
ߓߊߟߌ	3
ߓߊߞߌ߬ߙߊ߫	3
ߓߊߙߌߞߊߟ	3
ߓߊߘߍߘߊ	3
ߓߊߘߊ߬ߙߴߊ߳ߊ߬ߟߌ	3
ߒ߬ߞߵߊ߬ߟߎ߬	3
ߒ߬ߞߵߊ߬	3
ߒ߬ߒ߬ߒ߫	3
ߒߡߊ߰ߙߌ	3
ߒߞߊ߲߬	3
ߎ߬ߡߊߦߛߌ߫	3
ߎ߬ߡߊߦߌߛߎ߫	3
ߎߡߎ߫	3
ߎߛߎ߬ߡߊ߯ߣ	3
ߍ߲߬ߍߍ߲߬	3
ߌ߲ߣߞߊ	3
ߌ߲ߣߌ߮	3
ߌ߲ߣߊ߬	3
ߌ߬ߡߊ߯ߡߎ߲	3
ߌ߬ߡߊ߯ߡߎ߲߬	3
ߌ߬ߡߊ߬ߡߎ߲߬	3
ߌ߬ߡߊߎߡߎ߲	3
ߌߟߊ߬	3
ߌߞߐ߫	3
ߌߛߌ߬ߡߊ߬ߌߟߊ߫	3
ߌߙߞߌ߫	3
ߌߓߎ߬ߙߊ߬ߤߌ߯ߡߊ߫	3
ߌߎߞߵߊ߬	3
ߊ߳ߟߊߦߌߞߊ	3
ߊ߳ߕߌ߬ߦߊ߫	3
ߊ߲ߕߊߟ	3
ߊ߯ߡߙߌ߫	3
ߊ߯ߛߌ߫	3
ߊ߬ߣߌ߫	3
ߊ߬ߡߌ߯ߣߊ	3
ߊ߬ߡߊ߬	3
ߊ߬ߟߓߊ߬ߙߊ߯ߎ߫	3
ߊ߬ߝߊ߯ߣߊ߫	3
ߊ߬ߛߊ߬ߟߊ߯ߡߎ߫	3
ߊ߬ߛߊ߬ߟߊ߯ߡߎ	3
ߊ߬ߙߊ߬ߓߎ߬	3
ߊ߬ߕߊ߯ߎ߫	3
ߊ߬ߓߴߎ߬ߡߊߡߊ߫	3
ߊ߬ߓߘߎ߬ߟߊߤߌ߫	3
ߊ߬ߓߎ߰ߖߤߊߟߌ߫	3
ߊ߬ߎ߯ߖ߭ߎ߫	3
ߊߥߎߛߎ߲߫	3
ߊߣߊ߮	3
ߊߡߙߎߥߌ	3
ߊߟߴߏ	3
ߊߟߡߴߊ߬	3
ߊߟߊ߯ߤߎߡߊ	3
ߊߟߊߣߌ	3
ߊߜ߭ߌߝߌߙߟߌ߮	3
ߊߛ߭ߌߤߊߘߎ߫	3
ߊߖ߭ߕߊ߫	3
ߊߓߘߎ	3
߲ߠߊ	2
ߦߴߌߟߋ	2
ߦߴߊ߬ߟߋ߬	2
ߦߴߊߟߊߤߎ߯	2
ߦߴߊߌ߬ߛߕߊ߫	2
ߦߴ	2
ߦߡߊ߬ߣߌ߲߫	2
ߦߡߊߣߌߞߊ߫	2
ߦߟߍ߬ߦߟߍ	2
ߦߟߍ߬ߣߍ߲߬	2
ߦߟߍ߬ߡߴߊ߬ߟߎ߫	2
ߦߟߍ߬ߡߊ߲߬ߕߊ	2
ߦߟߍ߬ߟߌ	2
ߦߟߍ߬ߘߐ߬ߞߍ߫	2
ߦߟߍ߬ߒ߬ߞߊ߲߬ߝߋ߲߬	2
ߦߟߍ߬ߒ߬ߞߊ߲߬ߝߋ߲߫	2
ߦߟߍ߬ߒ߬ߞߊ߲߬ߓߊ߰	2
ߦߟߍ߬ߒ߬ߞߊ߲߬ߓߊ߮	2
ߦߟߍߡߍߣߍ߲ߕߐ	2
ߦߟߌߡߊߟߐ߬	2
ߦߟߌߛߌ߫	2
ߦߟߌߛߌߕߊ	2
ߦߟߌߓߌ߬ߟߊ߬ߣߍ߲	2
ߦߟߌߓߌ߬ߟߊ	2
ߦߝߊ߬ߣߴߏ߬	2
ߦߝߊ߬ߓߊߟߌ	2
ߦߛߌߕߐ	2
ߦߙߍߦߙߍ߫	2
ߦߙߍߞߍ߫	2
ߦߙߌߥߊߣߍ߲߫	2
ߦߙߌߥߊ	2
ߦߙߌߢߐ	2
ߦߙߌߞߊߣߍ߲߫	2
ߦߙߌߘߋ߲߫	2
ߦߙߊ߬ߓߊߟߌ߫	2
ߦߘߵߌ	2
ߦߏ߬	2
ߦߎ߯ߝߛߎ߫	2
ߦߎ߯ߛߌߎ߫	2
ߦߎߞ߫ߘ߭ߌ߯	2
ߦߍ߬ߟߍ߫	2
ߦߌ߬ߟߡߊ߬	2
ߦߌ߬ߞߊ߬	2
ߦߌ߬ߙߌ߲߬ߘߌ߬	2
ߦߌ߬ߘߵߊ߲	2
ߦߌ߬ߘߵߊߟߎ߫	2
ߦߌ߬ߘߊ߬ߟߌ	2
ߦߌߟߴߊ߬	2
ߦߌߟߡߊ߫	2
ߦߌߟߡߊߖߊ߲ߧߊ	2
ߦߌߟߌ߲߫	2
ߦߌߟߊ߲ߣߍ߲	2
ߦߌߟߊ߲߫	2
ߦߌߘߊߟߊ߲	2
ߦߌߘߊߞߵߊ߬	2
ߦߌߘߊߞߊ߭	2
ߦߌߘߊߞߊ߬	2
ߦߌߘߊ	2
ߦߋ߬	2
ߦߋߣߍ߲߫	2
ߦߋߟߋ߲ߘߐߦߊ	2
ߦߋߟߋ߲߫	2
ߦߋߞߏ߫	2
ߦߋߕߐ߫	2
ߦߋߓߊߟߌ	2
ߦߊ߰ߝߴߊ߲	2
ߦߊ߯ߟߴߊ߲	2
ߦߊ߯ߟߴߊ߬	2
ߦߊ߯ߟߊߓߊ߮	2
ߦߊ߯ߛߌ߫	2
ߦߊ߯ߗ߭ߎߟߖߊߟߊ߯ߟߌ߫	2
ߦߊ߬ߡߊ߯ߡߊ߬	2
ߦߊ߬ߟߌ߯ߞߎ߫	2
ߦߊ߬ߟߊߡߎ߬ߟߊߡߎ߫	2
ߦߊ߬ߝߴߊ߬ߟߎ߬	2
ߦߊ߬ߖ߭ߌ߯ߘ	2
ߦߊ߬ߓߌ߯	2
ߦߊ߬ߎ߯ߘߎ߫	2
ߦߊ߬ߌߗ߭ߎ߬ߡߊߣ	2
ߦߊߤߊ߬ߦߊ߫	2
ߦߊߣߵߊ߬	2
ߦߊߡߊ߯ߡߊ߫	2
ߦߊߛߙߌߓߞߊ	2
ߦߊߛߊ߬ߟߊ߯ߡߎ߫	2
ߦߊߛߊ߬ߟߊ߯ߡߎ	2
ߦߊߘߊ߬ߤߴߊ߲	2
ߦߊߗ߭ߊߟߎ߬ߡߊߣ	2
ߦߊߖߎߖߎ	2
ߥߴߏ	2
ߥߴߊ߬ߟߋ߬	2
ߥߴߊߟߎ	2
ߥߴߊߟߊ߫	2
ߥߴߊߙߌߤߊߡߎߣߌ߮	2
ߥߴߊߙߌߖ߭ߎߞߎ߬ߣߌ߮	2
ߥߦߐ߬	2
ߥߦߏ߬	2
ߥߤߊߘߊ߬ߤߎ߫	2
ߥߤߊߘߊߤߎ߫	2
ߥߤߊߘߊߤߎ	2
ߥߤߊߓߌ߲߫	2
ߥߣߊ߬ߦߊ	2
ߥߣߊ߬ߙߌ߬	2
ߥߣߊߙߌ	2
ߥߢߊߣߍ߲ߓߊ	2
ߥߡߊ߬ߡߊ߯ߕߌ߮	2
ߥߟߵߌ	2
ߥߟߴߊ߲	2
ߥߟߴߊ߬ߟߎ߫	2
ߥߟߴߊ߬ߟߌ߬ߡߌߛߊ	2
ߥߟߴߊ߬ߟߋ߬	2
ߥߟߏ߫	2
ߥߟߏߒߘߐ	2
ߥߟߎߡߊ߫	2
ߥߟߎ	2
ߥߟߍߡߊߟߐ߬ߣߍ߲߬	2
ߥߟߍ	2
ߥߟߌ߬ߣߍ߲	2
ߥߟߌ߫	2
ߥߟߊ߬ߤߊߎߟߊ߫	2
ߥߟߊ߬ߞ߫ߎߥߕߊ߫	2
ߥߟߊ߬ߘ߭ߊ߯ߟߌ߯ߣߊ߫	2
ߥߟߊߞߊߟ	2
ߥߞߊ߬ߟߌ߬ߣߍ߲	2
ߥߞߊ߬ߟߌ߬ߓߊ߮	2
ߥߞߊ߬ߟߌ߬	2
ߥߛߎ߬	2
ߥߛߎ߫	2
ߥߛߎ	2
ߥߛߊ߬ߟߊ߯ߡߕߊ߫	2
ߥߛߊ߬ߓߊߟߌߦߊ	2
ߥߛߊߞߙߊ߫	2
ߥߙߏ߬ߘߎ߰	2
ߥߙߎߞߌ߫	2
ߥߙߎߘߎ߫	2
ߥߙߍ߬ߥߙߍ	2
ߥߙߍ߬	2
ߥߙߍ	2
ߥߙߊ߬ߣߍ߲	2
ߥߙߊ߬ߣߍ߲߬	2
ߥߙߊ߬ߜ߭ߌߓߊ߯ߎ	2
ߥߙߊ߬ߛߎ߯ߟߎ߬ߤߎ	2
ߥߙߊߤߡߊߕߎ	2
ߥߙߊߞߘߊ	2
ߥߙߊ	2
ߥߘߎ߬	2
ߥߘߋ߬ߥߘߋ߬ߦߊ	2
ߥߘߋ߬ߥߘߋ߬ߟߌ߬ߟߊ߫	2
ߥߘߊ߫	2
ߥߘߊ	2
ߥߕߊ߬ߥߊߟߊ߬ߣߊ߮	2
ߥߕߊ߬ߛߘߌ߯ߞ߫ߊ߲߫	2
ߥߕߊ߬ߓߊ߯ߙߞߊ	2
ߥߕߊ߬ߊ߯ߟߊ߫	2
ߥߕߊ߬ߊ߯ߟߊߦߌߕߊ	2
ߥߕߊ߬ߊ߬ߟߊߦߕߊ	2
ߥߐ߯ߙߐߢߐ߲߯	2
ߥߐ߲߬ߛߙߐ߬ߦߊ߬	2
ߥߐ߲߬ߛߙߐ	2
ߥߐߙߐ߲ߥߌ߬	2
ߥߐߙߐ	2
ߥߏ߲ߓߊ߲	2
ߥߏ߭	2
ߥߏ߬ߘߊ	2
ߥߏ߫	2
ߥߎ߬ߦߴߊ߲	2
ߥߎ߬ߦߊ߬ߣߍ߲	2
ߥߎ߬ߟߎ߫	2
ߥߎ߬ߟߋ߲߬	2
ߥߎ߬ߛߎ	2
ߥߎ߬ߘߎ߫	2
ߥߎ߬ߘߊ߲߬ߓߊ	2
ߥߎߦߋ߲	2
ߥߎߦߊ߲	2
ߥߎߦߊߕߌ߮	2
ߥߎߟߋ߲	2
ߥߎߟߊ	2
ߥߌ߲ߘߏߛ	2
ߥߌ߬ߟߊ	2
ߥߌ߬ߙߌ߲߬ߘߌ߬ߟߊ	2
ߥߌߕߙߌ߫	2
ߥߌߕߙߌ	2
ߥߊ߲ߣߌ߲߬ߞߋ߫	2
ߥߊ߰ߣߍ߲߬ߓߊ	2
ߥߊ߰ߓߊߟߌߦߊ	2
ߥߊ߯ߦߟߌ߫	2
ߥߊ߯ߣߊ߯ߣߌ߲߫	2
ߥߊ߯ߞߘߌ߫	2
ߥߊ߯ߖߎ߫	2
ߥߊ߯ߌߟߌ߫	2
ߥߊ߮	2
ߥߊ߭	2
ߥߊ߲߬ߥߊ߲߬ߣߍ߲	2
ߥߊ߲߬ߥߊ߲߬ߕߊ	2
ߥߊ߲߬ߥߊ߲߬	2
ߥߊ߲߬ߥߊ߲߫	2
ߥߊ߲߬ߛߊ߬ߠߊ	2
ߥߊ߲߬ߖߊ߲	2
ߥߊ߬ߥߊ߯ߤߌߘߎ߫	2
ߥߊ߬ߤߎߥߊ߫	2
ߥߊ߬ߣߎߛߌߞߌ߮	2
ߥߊ߬ߣߍ߲	2
ߥߊ߬ߣߌ߲	2
ߥߊ߬ߣߌ߲߬ߞߋ߬ߛߘߌ߫	2
ߥߊ߬ߣߌ߲߬ߞߋ߬ߖߎ߰	2
ߥߊ߬ߣߌ߬ߝߊ߯ߞ߫ߌ߫	2
ߥߊ߬ߣߊߙߌ߫	2
ߥߊ߬ߡߤߊߦߊ߯ߦߊ	2
ߥߊ߬ߡߟߌߊ߳ߊߟ	2
ߥߊ߬ߡߌ߲ߞߊ߫	2
ߥߊ߬ߡߌ߬ߘߊ߯ߘߊ߫	2
ߥߊ߬ߟߡߊ߬ߡߊ߯ߕߌ	2
ߥߊ߬ߟߞߊߟ	2
ߥߊ߬ߟߜ߭ߊߣߌ߯ߡߕߊ߫	2
ߥߊ߬ߟߏ߲ߥߊ߬ߟߏ߲߬	2
ߥߊ߬ߟߏ߲߬	2
ߥߊ߬ߟߌ߯ߘߌ߫	2
ߥߊ߬ߟߌ߬ߤߊߡߘߎ	2
ߥߊ߬ߟߌ߬ߡߊ߬	2
ߥߊ߬ߟߌ߬ߊߛߌߡߊ߯ߎ	2
ߥߊ߬ߟߌߟߊ߯ߤߌߟ	2
ߥߊ߬ߟߊ߳ߊ߯ߝߌߦߕߊ߫	2
ߥߊ߬ߟߊ߯ߞ߭ߌߙߊߕߌ߫	2
ߥߊ߬ߟߊ߯ߌ߬ߟߊ߯ߤߊ߬	2
ߥߊ߬ߟߊ߯ߌߟߊ߯ߤߊ	2
ߥߊ߬ߟߊߦߕߊ	2
ߥߊ߬ߟߊߤߎߟ	2
ߥߊ߬ߟߊߡߊߟߎ߫	2
ߥߊ߬ߟߊ	2
ߥߊ߬ߟ	2
ߥߊ߬ߞ߫ߌߣߌ߮	2
ߥߊ߬ߞ߫ߌߣߊ߯	2
ߥߊ߬ߞ߫ߊ߯ߛߌ߫	2
ߥߊ߬ߞߊ߯ߛߌ߫	2
ߥߊ߬ߞߊߡߊ߯	2
ߥߊ߬ߞߊߟ	2
ߥߊ߬ߝߌ߬ߟߊ߯ߞ߭ߌߙߊߕߌ߫	2
ߥߊ߬ߝߌߟߊ߯ߞ߭ߌߙߊߕߌ	2
ߥߊ߬ߛ߫ߟߊ߬ߥߊ߯ߕߎ	2
ߥߊ߬ߛߟߊ߬ߥߊ߯ߕߎ	2
ߥߊ߬ߛߓߎߤߊ߯ߣߊ	2
ߥߊ߬ߛߎ߯ߌߟ	2
ߥߊ߬ߛߊ߫	2
ߥߊ߬ߛߊߟߌߡߎ߫	2
ߥߊ߬ߛߊߟߌߡߎ	2
ߥߊ߬ߙߤߊߡߊߕߎߟ	2
ߥߊ߬ߙߌߘ߭ߊ߯	2
ߥߊ߬ߙߊ߫	2
ߥߊ߬ߘߊ߯ߊߕߊ߫	2
ߥߊ߬ߖ߭ߌ߯ߣߊߕߊ߬	2
ߥߊ߬ߖߤߊߕߎ	2
ߥߊ߬ߕߌ	2
ߥߊ߬ߓߙߊ߬ߞߊ߯ߕߎ߬ߤߎ߫	2
ߥߊ߬ߓߙߊߞߊ߯ߕߤߎ	2
ߥߊ߬ߓߌ߬ߤߊߡߘߤߌ߬	2
ߥߊ߬ߓߌ߬ߤߊߡߘߤߌ߫	2
ߥߊ߬ߓߌ߬ߤߊߡߘߌ߬ߤߌ߫	2
ߥߊ߬ߓߌ߬ߤߊߡߘߌ߬ߤߌ	2
ߥߊ߬ߓߌ߬ߤߊߡߘߌߞߊ߫	2
ߥߊ߬ߓߌ߬ߟߊ߯ߤߌ߫	2
ߥߊ߬ߓߌ߬ߟߊ߯ߤߌ	2
ߥߊ߬ߓߌ߬ߗ߭ߊ߯ߟߌߞߊ	2
ߥߊ߬ߓߊ߯ߙߞߌߟߌ߮	2
ߥߊ߬ߓߊ߯ߙߞߌ	2
ߥߊ߬ߌ߲ߣߊ߬	2
ߥߊ߬ߌ߬ߟߊߦߌߞߊ	2
ߥߊ߬ߊ߳ߟߊ߯	2
ߥߊߦߌ߯	2
ߥߊߦߌߞߏ߯ߦߌ߬	2
ߥߊߦߌߞߊ߫	2
ߥߊߣߴߊ߬ߙߌ߬ߖߣߍ߬	2
ߥߊߣߴߊ߬ߓߎ߬	2
ߥߊߣߍ߲߫	2
ߥߊߣߌߌߡߕߊ߫	2
ߥߊߡߊ߯	2
ߥߊߟߢߌߡߊ	2
ߥߊߟߡߎߟߌߞߊ	2
ߥߊߟߞ߭ߊߦߌߙߎ	2
ߥߊߟߞߊߟ	2
ߥߊߟߌߤߊ߲߫	2
ߥߊߟߌߢߊ߫	2
ߥߊߟߌߡߛߏ	2
ߥߊߟߌߞߍ	2
ߥߊߟߌ	2
ߥߊߟߊ߲ߕߍ߫	2
ߥߊߟߊ߯	2
ߥߊߟߊߙߘ߭ߌ	2
ߥߊߞ߫ߌߣߊ߯	2
ߥߊߞߌߝߎ	2
ߥߊߙߊ߲ߞߊ߫	2
ߥߊߙߊ߲ߘߌߟߊ	2
ߥߊߙߊ߲ߘߌ	2
ߥߊߘߌߜߍ	2
ߥߊߖߤߌ߮	2
ߥߊߖߓߌ	2
ߥߊߕߐߟߊ	2
ߥߊߓߌ߬ߛߊ߫	2
ߥߊߌ߲ߣߊ߬ߤߎ	2
ߥߊߌ߬ߟߊ߫	2
ߤߥߊ߬	2
ߤߣߍߕߊ	2
ߤߣߊߝߌ	2
ߤߡߎߙߊ߲߫	2
ߤߟߊ߬ߟߊ	2
ߤߟߊ߬ߞߌ߬ߣߴߊ߬ߟߎ߬	2
ߤߞߊߡߌ߲߫	2
ߤߙߐߦߊߣߍ߲	2
ߤߙߐߦߊ	2
ߤߙߐ	2
ߤߙߊ߬ߡߎ߲߬ߣߍ߲	2
ߤߙߊ߬ߡߎ߲߬ߣߍ߲߬	2
ߤߙߊ߬ߡߎ߲߬ߣߍ߲߫	2
ߤߙߊ߬ߡߎ߲߫	2
ߤߘߎ߫	2
ߤߖ߭ߌߞߌ߯ߟߎ	2
ߤߖߌߦߊߣߍ߲߫	2
ߤߖߌߣߴߊ߬	2
ߤߖߌߟߦߊ	2
ߤߖߌߟߡߊ	2
ߤߖߌߓߊߟߌ	2
ߤߖߊߙߌ߫	2
ߤߓߎߛߎ	2
ߤߓߊߛߌ	2
ߤߎ߲ߞߍ߬	2
ߤߎ߬ߣߊ߯ߝߊ߫	2
ߤߎ߬ߣߊߦߝߌ߫	2
ߤߎ߬ߡߊߦߘߌ߫	2
ߤߎ߬ߙߊ߬ߌߙߊ߫	2
ߤߎ߬ߙߊߦߛߌ߫	2
ߤߎ߬ߙߊߌ߬ߙߊ߫	2
ߤߎ߬ߙߊߌߦߊ߫	2
ߤߎ߬ߘߊ߬ߦߌ߬ߓߌߦߊ	2
ߤߎ߬ߖ߭ߊߌߝߊ߫	2
ߤߎ߬ߖߊߌߝߊ߫	2
ߤߎ߬ߓߊߦߌߛߎ߫	2
ߤߎ߬ߓߊߌߙߊ߫	2
ߤߎߥߊ߫	2
ߤߎߙߊߦߛߌ߫	2
ߤߎߘߊߌߓߌߦߊ߫	2
ߤߎߖߙߌ߫	2
ߤߍ߲߫	2
ߤߌ߲ߘߌ߫	2
ߤߌ߲߮	2
ߤߌ߬ߟߊߟ	2
ߤߌ߬ߛߊ߯ߡߌ߫	2
ߤߌ߬ߙߊߌ߫	2
ߤߌ߬ߖߊߖߌ߫	2
ߤߌ߬ߓߊ߲	2
ߤߌ߬ߓߊ߲߫	2
ߤߌߦߊ߫	2
ߤߌߣߴߌ	2
ߤߌߣߊߒߕߋ	2
ߤߌߖ߭ߊ߯ߡߌ߫	2
ߤߊ߲ߞߟߌߦߊ	2
ߤߊ߲߱	2
ߤߊ߯ߣߌߎ߫	2
ߤߊ߯ߝߌߖ߭ߎ߫	2
ߤߊ߯ߖߊߕߊ߲߫	2
ߤߊ߯ߕߡߌ߫	2
ߤߊ߬ߣߌ߯ߝߌ߲߫	2
ߤߊ߬ߣߌ߯ߝߊ߫	2
ߤߊ߬ߡߌ߯ߘߎ߲	2
ߤߊ߬ߞߌ߯ߡߎ߫	2
ߤߊ߬ߙߌ߬ߖߍ߯	2
ߤߊ߬ߙߊ߯ߡߎ߲	2
ߤߊ߬ߘߌ߯ߛߎ߫	2
ߤߊ߬ߘߌ߯ߛߌ߫	2
ߤߊ߬ߘߊߦߌߕߊ	2
ߤߊ߬ߕߌ߯ߡߎ	2
ߤߊ߬ߓߌ߯ߓߊ߫	2
ߤߊ߬ߓߊ߲߫	2
ߤߊߦߴߊ߬ߟߊ߯	2
ߤߊߥߎߖߍ	2
ߤߊߣߌ߮ߝߊ߲	2
ߤߊߡߘߎ	2
ߤߊߡߘߊߤߎ߫	2
ߤߊߡߘߊߤߎ	2
ߤߊߡߎ߬ߖ߭ߊ߬	2
ߤߊߡߎ߬ߖ߭ߊ߫	2
ߤߊߡߎߘߊ߲߫	2
ߤߊߡߌ߲	2
ߤߊߡߌ߲߫	2
ߤߊߡߌߘߊ߬ߤߎ߫	2
ߤߊߡߌߘߊߤߎ߫	2
ߤߊߟߵߏ	2
ߤߊߟߵߊ߲	2
ߤߊߟߵߊ߬	2
ߤߊߟߵߊߟߎ߫	2
ߤߊߟߴߏ߬	2
ߤߊߟߴߏ	2
ߤߊߟߓߌ߫	2
ߤߊߞߟߌߡߦߊ߫	2
ߤߊߞߟߌߡߦߊ	2
ߤߊߞߟߌߡߊ߫	2
ߤߊߝߎ߬ߛߊ߫	2
ߤߊߛ߭ߡߌߞߊ	2
ߤߊߛߡߌߟߞߊ	2
ߤߊߛߡߌߞߊ߫	2
ߤߊߛߡߌߞߊ	2
ߤߊߙߌߛߎ߫	2
ߤߊߘߌߦߊ	2
ߤߊߘߌߙߡߊߎߕߌ߫	2
ߤߊߖߊ߲߫	2
ߤߊߓߛߌ߫	2
ߤߊߎߟߊ߫	2
ߣߴߌߟߋ	2
ߣߴߌߛߊ߫	2
ߣߴߌߙߊߞߌ߫	2
ߣߴߌߓߣߎ߬ߟ	2
ߣߴߌߊ	2
ߣߴߊ߲ߠߎ߬	2
ߣߴߊ߬ߤߊߡߎ߫	2
ߣߴߊ߬ߟߎ	2
ߣߴߊ߬ߟߌ߬ߡߌߛߊ	2
ߣߴߊߤߊߡߊ߬ߘߎ߫	2
ߣߴߊߟߌߓߊ߲߫	2
ߣߴߊߝߎߜ߭ߊ߲	2
ߣߴߊߙߝߊ߫	2
ߣߴߊߌ߬ߛߕߊ߫	2
ߣߡߌߛߴߊ߬	2
ߣߝߊ߬ߡߊ	2
ߣߝߊߡߊ߫	2
ߣߛߌ߬ߣߍ߲߬	2
ߣߛߌ߬ߡߛߏ	2
ߣߛߌ	2
ߣߛߊ߬ߖߌ	2
ߣߙߐߣߙߐߣߍ߲߫	2
ߣߙߐߘߐߖߎ߯ߦߊ	2
ߣߘߐ߬ߛߌ߰ߦߊ	2
ߣߘߐ߬ߓߌ߬ߟߊ߬ߦߊ	2
ߣߘߐ߬ߓߌ߬ߟߊ߬	2
ߣߘߐ߫	2
ߣߘߐߣߍ߲	2
ߣߕߊ߬ߓߊ߬ߕߌ߮	2
ߣߕߊ߬ߓߊ߬	2
ߣߐ߲ߞߐ߲ߠߌ߲	2
ߣߐ߲ߞߐ߲	2
ߣߐ߲߰ߡߊ߲	2
ߣߐ߰ߦߴߏ	2
ߣߐ߰ߦߴߊ߲	2
ߣߐ߰ߦߊ߬ߕߐ߫	2
ߣߐ߰ߡߊ߲	2
ߣߐ߰ߡߊ߲߬	2
ߣߐ߰ߟߊ߬ߡߊ	2
ߣߐ߰ߟߊ߬	2
ߣߐ߯	2
ߣߐ߮	2
ߣߐ߲߬ߞߐ߲߬	2
ߣߐ߬ߟߊ߫	2
ߣߐ߬ߟߊ	2
ߣߐ߬ߞߟߊߡߊ߲	2
ߣߐ߫	2
ߣߐߣߐߣߍ߲߫	2
ߣߐߣߐߡߊ	2
ߣߏ߱	2
ߣߎ߲ߞߘߐߛߌ	2
ߣߎ߲ߜߊ߲߫	2
ߣߎ߲ߘߐߞߏ	2
ߣߎ߲ߓߊ	2
ߣߎ߰ߡߊ߲߫	2
ߣߎ߰	2
ߣߎ߬ߡߍ߬ߣߎߡߍ	2
ߣߎ߬ߓߊߦߌߛ߭ߊ߫	2
ߣߎ߬ߊ߬ߡߊ߲߫	2
ߣߎ߬ߊߦߡߌ߫	2
ߣߎߡߊ߲ߝߍ߫	2
ߣߎߡߊ߲ߓߟߏߞߊ߲ߞߋߦߊ	2
ߣߎߡߊ߲ߓߟߏ	2
ߣߎߛߞ߭ߊ	2
ߣߎߊߦߌߡߎ߫	2
ߣߍ߱	2
ߣߍ߰ߝߌ߲߬	2
ߣߍ߰ߓߏ	2
ߣߍ߫	2
ߣߍߣߍߛߌ߲ߓߌ	2
ߣߍߡߴߊ߬	2
ߣߍߡߦߊ	2
ߣߍߡߊ߬	2
ߣߍߡߊߣߍ߲߫	2
ߣߌ߯ߟ	2
ߣߌ߲߬ߣߍ߲	2
ߣߌ߲߬ߛߎߓߎ߬ߤߊ߯ߣߊ߬	2
ߣߌ߬ߦߙߐ	2
ߣߌ߬ߛ߫ߊ߯ߓߎ	2
ߣߌ߬ߛߌ߫	2
ߣߌ߬ߛߌ	2
ߣߌ߬ߖߊ߰ߙߎ߬ߟߊ߬ߞߊ	2
ߣߌ߲߫	2
ߣߌ߫ߞߊ߬ߣߌ߲߫	2
ߣߌ߫ߊ߬ߙߌ߬ߖߣߍ߫	2
ߣߌ߫ߊ߬ߓߎ߬	2
ߣߌߡߊߣߐ߮	2
ߣߌߡߊߝߋ߲߫	2
ߣߌߟߡߊ	2
ߣߌߘߐߘߌߦߊ	2
ߣߊ߲ߝߟߴߏ߬	2
ߣߊ߲	2
ߣߊ߰ߣߌ߲߬	2
ߣߊ߰ߡߎ߲߬	2
ߣߊ߰ߜߍ	2
ߣߊ߰ߛߌ߬ߣߍ߲	2
ߣߊ߰ߛߌ߬	2
ߣߊ߰ߛߌ߫	2
ߣߊ߰	2
ߣߊ߯ߝߌߎ߫	2
ߣߊ߮ߙߌ߬	2
ߣߊ߲߬ߞߙߊ߬ߓߊ߫	2
ߣߊ߲߬ߝߟߏ߬ߡߊ߬	2
ߣߊ߲߬ߝߟߏ߬ߓߊ߬	2
ߣߊ߲߬ߛߊ߰ߙߊ߬	2
ߣߊ߬ߣߌ߲	2
ߣߊ߬ߣߌ߲߬ߠߌ߲	2
ߣߊ߬ߣߌ߲߫	2
ߣߊ߬ߢߐ߲߮	2
ߣߊ߬ߡߌ߬ߢߐ߲߯	2
ߣߊ߬ߡߌ߬ߢߐ߮	2
ߣߊ߬ߟߌ	2
ߣߊ߬ߞߙߌ߫	2
ߣߊ߬ߞߍ߫	2
ߣߊ߬ߞߌ߯ߙߎ߫	2
ߣߊ߬ߝߊ	2
ߣߊ߬ߖߊ߰ߙߌ߬ߟߊ߬ߞߊ	2
ߣߊ߬ߖߊ߯ߙߌ߫	2
ߣߊ߬ߕߴߊ߬	2
ߣߊ߬ߕߐ߬ߟߊ߫	2
ߣߊ߬ߕߐ߬ߟߊ	2
ߣߊ߬ߓߢߌ߬ߡߊ߬ߦߊ	2
ߣߊ߬ߓߌ߬ߢߌ߬ߡߊ߬	2
ߣߊ߬ߓߌ߬	2
ߣߊ߬ߓߌߦߎ߬	2
ߣߊ߬ߓߌߦߎ	2
ߣߊߥߎ߲ߒߕߊ߲ߧߊ	2
ߣߊߥߎ߲߫	2
ߣߊߣߌ߲	2
ߣߊߡߎ߲߫	2
ߣߊߟߏ߲ߡߦߊ	2
ߣߊߟߌ߬ߡߎ߫	2
ߣߊߞߐ߫	2
ߣߊߞߐ	2
ߣߊߝߛߌ߬ߤߌ߫	2
ߣߊߝߎߟߊ߫	2
ߣߊߝߌ߯ߦߊ	2
ߣߊߝߌߟߴߊ߲	2
ߣߊߝߌߎ߫	2
ߣߊߛߌߝߎ߫	2
ߣߊߖߘߌ߫	2
ߣߊߎߝߊߟߌ߫	2
ߢߵߊ߬	2
ߢߣߴߊ߬	2
ߢߣߊߡߊ߫	2
ߢߣߊߞߌ߬ߦߊ߬	2
ߢߣߊ	2
ߢߡߊߢߌ߬ߣߌ߲߬ߞߊ߬	2
ߢߡߊߞߊ߭	2
ߢߡߊߕߍ߮	2
ߢߜߊ߫	2
ߢߘߊ	2
ߢߐ߲ߢߐ߲ߠߌ߲߫	2
ߢߐ߲	2
ߢߐ߲߰ߣߍ߲	2
ߢߐ߲߰ߡߊ߬ߓߊߟߌߦߊ	2
ߢߐ߲߰ߡߊ	2
ߢߐ߲߰ߘߐ߬	2
ߢߐ߲߰ߘߐ߫	2
ߢߐ߲߰ߘߐ	2
ߢߐ߲߯ߧߊ	2
ߢߐ߯ߢߍ	2
ߢߐ߲߬ߛߐ߲	2
ߢߐ߬ߙߐ߲߬	2
ߢߐߢߐ߲ߠߌ߲	2
ߢߎ߲ߣߍ߲	2
ߢߎ߲ߠߌ߲	2
ߢߍ߲߯ߠߊ߫	2
ߢߍ߲߯ߠߊߞߍ߫	2
ߢߍ߲߯ߠߊߞߍ	2
ߢߍ߲߯ߠߊߕߊ߮	2
ߢߍ߯ߡߍ߫	2
ߢߍ߬ߣߍ߲	2
ߢߍ߬ߢߌ߲߬ߘߐ߬ߓߍ߲	2
ߢߍ߬ߙߊ߬ߛߌ	2
ߢߍ߫ߞߋߟߊ	2
ߢߍ߫ߊ߬	2
ߢߍߡߌ߬ߘߊ߬	2
ߢߍߡߌߙߌ߲	2
ߢߍߡߌߘߟߊ	2
ߢߍߡߌߘߊߓߊ߯	2
ߢߍߛߓߍ߫	2
ߢߍߛߌ߯	2
ߢߍߛߌߟߊ߲ߒߢߍ߫	2
ߢߍߛߌߟߊߒߢߍ	2
ߢߍߘߏ߲߬	2
ߢߍߕߐ߫	2
ߢߍߕߍ߰	2
ߢߍߓߌߟߊ߫	2
ߢߍߓߌߟߊߓߊ߮	2
ߢߍߓߊ߯ߦߊ	2
ߢߌ߲߯	2
ߢߌ߬ߣߌ߲߬ߠߊ	2
ߢߌ߬ߣߌ߲߬ߞߴߏ߬	2
ߢߌ߬ߣߌ߲߬ߞߊ߬ߣߴߊ߬	2
ߢߌ߬ߣߌ߲߬ߞߊ߬ߕߊ	2
ߢߌ߬ߣߊ߬ߣߴߏ߬	2
ߢߌ߬ߣߊ߬ߓߐ߬ߣߍ߲	2
ߢߌ߬ߣߊ߬ߓߐ߫	2
ߢߌ߬ߣߊ߬ߓߊ߮	2
ߢߌ߬ߣߊ߬ߒ߬ߞߐ߬ߕߊ	2
ߢߌ߬ߣߊ߬ߒߞߐ	2
ߢߌ߬ߣߊ߲߫	2
ߢߌ߬ߣߊ߫	2
ߢߌ߬ߡߊ߬ߟߊ߲߬ߘߌ߫	2
ߢߌ߬ߡߊ߬ߟߊ߲߬ߘߌ	2
ߢߌߣߴߊ߬ߟߎ߫	2
ߢߌߣߴߊ߬	2
ߢߌߣߌ߲ߣߍ߲	2
ߢߌߣߌ߲ߠߊ߫	2
ߢߌߣߌ߲ߞߏ	2
ߢߌߣߌ߲ߕߊ	2
ߢߌߣߌ߲ߓߊ߯	2
ߢߌߣߌ߲ߓߊ߮	2
ߢߌߡߌ߲߫	2
ߢߋ߬ߟߋ	2
ߢߊ߲ߞߌߛߊ߲	2
ߢߊ߰ߙߌ߬ߣߍ߲	2
ߢߊ߰ߙߌ	2
ߢߊ߰ߙߊ߬ߒ߬ߞߋ߬ߦߊ߬	2
ߢߊ߰ߙߊ	2
ߢߊ߰	2
ߢߊ߲߬ߞߎ߬ߡߊ߲߬	2
ߢߊ߲߬ߞߎߡߊ߲	2
ߢߊ߬ߟߌ	2
ߢߊ߬ߙߌ߬ߣߍ߲߬ߕߌ߮	2
ߢߊ߬ߕߣߐ߬	2
ߢߊ߬ߓߊߟߌ	2
ߢߊ߫ߊߢߊ߬	2
ߢߊ߫ߊߢߊ߫	2
ߢߊߦߌ߬ߘߊ߬	2
ߢߊߦߌߘߊߟߌ߫	2
ߢߊߦߋߓߊߟߌ	2
ߢߊߥߎߟߎ߲	2
ߢߊߡߞߊߘߌ߫	2
ߢߊߡߌߟߏߡߊ	2
ߢߊߞߘߐߗߌ߲߫	2
ߢߊߞߎ߲ߓߊߓߊ	2
ߢߊߞߌߛߍ߫	2
ߢߊߝߴߏ߬	2
ߢߊߝߕߐ	2
ߢߊߝߐߟߌ	2
ߢߊߝߐߓߊ߮	2
ߢߊߝߐߓߊߟߌ	2
ߢߊߝߎߦߋ߲߫	2
ߢߊߛߙߊߓߊ߫	2
ߢߊߛߐ߬ߘߐ߲߫	2
ߢߊߙߊ߲ߣߍ߲߫	2
ߢߊߘߐߞߍ߫	2
ߢߊߘߐߞߍ	2
ߢߊߘߐߜߍ	2
ߢߊߖߎ߯ߦߊ߫	2
ߢߊߕߟߌߡߌߟߊ߲	2
ߢߊߕߟߌߡߌߟߊ߲߫	2
ߢߊߕߍ߮	2
ߢߊߕߋߟߋ߲ߣߍ߲߫	2
ߢߊߕߋߟߋ߲ߡߊ߫	2
ߡߵߏ߬	2
ߡߵߊ߬ߟߎ߬	2
ߡߵߊߟߎ߬	2
ߡߵߊߟߎ߫	2
ߡߴߌߟߋ	2
ߡߴߊ߬ߟߎ߫	2
ߡߥߊ߬ߙߊ߲߬ߞߊ߬ߟߌ	2
ߡߥߊߙߊ߲ߞߊ߫	2
ߡߣߍߡߣߍ߫	2
ߡߣߍߡߣߍߕߐ	2
ߡߣߊ߬ߡߣߊ	2
ߡߣߊ߬	2
ߡߣߊ߫	2
ߡߟߎߞߎ	2
ߡߟߍ߬ߞߓߊ߬	2
ߡߟߍ߬ߞߊ߬ߓߊ	2
ߡߟߌߤߊ߯ߣߊ߫	2
ߡߟߌߊ߳ߊ߫	2
ߡߟߋߞߋߣߍ߲	2
ߡߞߐ߫	2
ߡߞߌ߬ߘߊߡ	2
ߡߞߊ߬ߘߊ߲߬ߠߊ	2
ߡߝߊߓߊߟߌ	2
ߡߝߊ	2
ߡߛߏ߬ߦߊ߬	2
ߡߛߏ߬ߦߊ	2
ߡߛߏ߬ߢߐ߲߮	2
ߡߛߏ߬ߞߘߐ	2
ߡߛߌ߬ߡߛߌ߬ߓߊ	2
ߡߛߌߞߌ߯ߣߊ	2
ߡߛߌߙߞߊ	2
ߡߛߊ߬ߦߟߌ߬	2
ߡߛߊ߬ߦߌ߬ߟߌ	2
ߡߛߊ߬ߣߌ߲߬ߧߊ߬ߟߌ	2
ߡߛߊ߬ߟߌ߬ߟߊ߲	2
ߡߛߊߣߌ߲ߧߊ߫	2
ߡߙߐߕߐߕߐ߫	2
ߡߙߎ	2
ߡߙߍߡߙߍ	2
ߡߙߊ߬ߣߴߊ߬	2
ߡߙߊ߬ߡߐ߮	2
ߡߙߊ߬ߒ߬ߡߊ߬ߝߋ߲	2
ߡߘߊ߬ߥߎ߲߬ߕߊ	2
ߡߘߊ߬ߥߎ߲߬	2
ߡߖߊ߬ߣߌ߲߬ߠߌ߲	2
ߡߐ߰ߢߐ߲߯	2
ߡߐ߰ߟߊ߬ߡߊ	2
ߡߐ߰ߓߊ߫	2
ߡߐ߰ߓߊ	2
ߡߐ߲߬ߘߐ߲߬	2
ߡߐ߬ߟߐ߲߬ߓߊ	2
ߡߐ߬ߟߐ߲߬	2
ߡߐߦߌߓߊ߮	2
ߡߐߣߍߣߴߊ߬	2
ߡߐߣߍߣߍ߲ߓߊ	2
ߡߐߣߍߣߍ߲	2
ߡߐߣߍߣߍ߲߫	2
ߡߐߟߌߡߐߟߌ߫	2
ߡߐ	2
ߡߏ߬ߦߌߓߊ߯	2
ߡߏ߬ߛߴߏ߬	2
ߡߏ߬ߛߴߏ	2
ߡߏ߬ߙߌ߬ߝߊ	2
ߡߏߦߌߣߍ߲	2
ߡߏߦߌߣߍ߲߫	2
ߡߏߦߌߝߋ߲	2
ߡߏߛߏ	2
ߡߎ߲ߞߙߌ߫	2
ߡߎ߲ߞߊߙߎ߫	2
ߡߎ߲ߕߞߊߟ	2
ߡߎ߰ߡߎ߰	2
ߡߎ߲߬ߠߊ߫	2
ߡߎ߬ߥߊ߲߫	2
ߡߎ߬ߤߡߊߘߊ߫	2
ߡߎ߬ߤߊߡߘߎ߫	2
ߡߎ߬ߞ߫ߘߊߡ	2
ߡߎ߬ߜ߭ߌߙߊ߫	2
ߡߎ߬ߜ߭ߊߝߊߟߌ߫	2
ߡߎ߬ߛߦߊߓߌ߫	2
ߡߎ߬ߛߞߊ߬	2
ߡߎ߬ߛߊ߬ߞߊ	2
ߡߎ߬ߙߎ߲߬ߕߌ߬ߣߍ߲߬	2
ߡߎ߬ߙߎ	2
ߡߎ߬ߙߊ߲߫	2
ߡߎ߬ߘߊ߬ߥߣߊ	2
ߡߎ߬ߖߌ߯ߓߊߕߌ߫	2
ߡߎ߬ߖߊߤߘߌ߫	2
ߡߎ߬ߕߎ߲	2
ߡߎ߬ߕߎ߲߲߬	2
ߡߎ߬ߊ߳ߡߊߙߎ߫	2
ߡߎ߬ߊ߳ߊ߯ߖ߭ߌ߫	2
ߡߎ߬ߊ߯ߗ߭ߎ߫	2
ߡߎ߬ߊ߯ߖ߭ߎ߫	2
ߡߎ߬ߊ߯ߖߌ߫	2
ߡߎ߬ߊߦߕߌ߫	2
ߡߎ߬ߊߞ߭ߊߙߎ	2
ߡߎ߬ߊߖ߭ߊߕߎ߫	2
ߡߎ߬ߊߖߎ߫	2
ߡߎߥߋߟߡߊ	2
ߡߎߥߋ	2
ߡߎߣߎ߲ߣߍ߲ߓߊ	2
ߡߎߣߊ߬ߓߊߤߌ߫	2
ߡߎߣߊߓߤߌ߫	2
ߡߎߜ߭ߊߝߊߟߌ߫	2
ߡߎߛߟߌߡߌ߯ߣߊ߫	2
ߡߎߛߟߌߡߊ߲	2
ߡߎߛߕߤߊߓߎ	2
ߡߎߛߕߊߘߌ߬ߙߊߞߎ	2
ߡߎߛߌ߬ߊ߳ߊߓߎ߫	2
ߡߎߛߌ߬ߊߓߎ߫	2
ߡߎߛߌ߬ߊߓߎ	2
ߡߎߛߌߕߟߊߞߌߟߞߊ	2
ߡߎߛߊߦߌߟߡߊ߫	2
ߡߎߛߊߦߌߟߡߊߕߊ߫	2
ߡߎߙߎ߲ߕߌ߫	2
ߡߎߖ߭ߌߘߊߟߌߝߊ߫	2
ߡߎߖߌ߬ߘߊߟߌߝߊ߫	2
ߡߎߕߊ߬ߟߓߌ߫	2
ߡߎߕߊ߬ߙߌߝߎ߫	2
ߡߎߓߊ߯ߙߞߊ	2
ߡߎߊ߬ߡߊߙߌ߫	2
ߡߍ߲ߣߍ߲	2
ߡߍ߲ߣߍ߲߫	2
ߡߍ߲ߞߍ߬	2
ߡߍ߯ߡߍ߯	2
ߡߍߣߍ	2
ߡߌ߲ߣߌ߮	2
ߡߌ߲ߛ߭ߊߦߌߌ߲	2
ߡߌ߲	2
ߡߌ߲߬ߠߊ	2
ߡߌ߲߬ߟߐ߰ߓߐ	2
ߡߌ߲߬ߟߐ߯	2
ߡߌ߲߬ߟߐ߮	2
ߡߌ߲߬ߟߐ	2
ߡߌ߲߬ߖߌ	2
ߡߌ߬ߞߊߌߟߎ߫	2
ߡߌ߬ߛߍ߲߬ߣߍ߲	2
ߡߌ߬ߛߍ߲߬ߡߊ߲	2
ߡߌ߬ߛߍ߲߬ߡߊ߲߬ߣߍ߲	2
ߡߌ߬ߛߍ߲߬	2
ߡߌ߬ߘߵߊ߬ߓߎ߫	2
ߡߌ߬ߘߵߊߟߎ߫	2
ߡߌ߬ߘߴߏ߬	2
ߡߌ߬ߘߴߊ߬ߟߤߊߛߣߊ߫	2
ߡߌ߬ߘߊ߬ߟߌ߬ߟߊ	2
ߡߌ߬ߘߊ߬ߓߊ߯	2
ߡߌ߬ߘߊ߬ߓߊ߮	2
ߡߌ߬ߊ߬ߕߊ߯ߣߌ	2
ߡߌߣߌ߲	2
ߡߌߣߌ߲߫	2
ߡߌߣߊ߬ߣߊ߯ߙߌ	2
ߡߌߣߊ߬ߛ߭ߊߞߌ߫	2
ߡߌߣߊ߫	2
ߡߌߣߊߟߡߎߛ߭ߙߌߞߌ߯ߣߊ߫	2
ߡߌߣߊߟ	2
ߡߌߣߊߛ߭ߊ߬ߦߕ߭ߊ߯ߣߌ߫	2
ߡߌߣߊߛ߭ߊߦߕ߭ߊ߯ߣߌ߫	2
ߡߌߣ	2
ߡߌߡߐ߫	2
ߡߌߛߕߊߘߌ߬ߙߊߞߎ	2
ߡߌߛߌ߬ߙߊ߬	2
ߡߌߛߌ߬ߙߊ߫	2
ߡߌߙߴߊ߬ߟߎ߬	2
ߡߌߘߊ߫	2
ߡߊ߲ߡߊߘߎ߬	2
ߡߊ߲ߞߏߙߏ߲	2
ߡߊ߲ߛߊ	2
ߡߊ߰ߣߍ߲	2
ߡߊ߰ߞߌߟߎ߫	2
ߡߊ߰ߙߌ߬ߓߊ	2
ߡߊ߰ߙߌ߫	2
ߡߊ߰ߙߊߌ߬	2
ߡߊ߲߯ߣߍ߲	2
ߡߊ߯ߥߌ߬ߦߊ߬	2
ߡߊ߯ߥߌߦߊ߫	2
ߡߊ߯ߣߌ߫	2
ߡߊ߯	2
ߡߊ߲߬ߞߕߎ߬	2
ߡߊ߲߬ߞߊ߲߬ߓߊ	2
ߡߊ߲߬ߞߊ߲߬	2
ߡߊ߲߬ߞߊ	2
ߡߊ߲߬ߜߏߦߊ߫	2
ߡߊ߲߬ߜߏߦߊ	2
ߡߊ߲߬ߛߟߊ߬ߡߐ߮	2
ߡߊ߲߬ߛߎ߯ߙߎ߫	2
ߡߊ߲߬ߛߊ߬ߞߍ	2
ߡߊ߲߬ߛߊ߬ߙߋ߲	2
ߡߊ߲߬ߘߋ߲߬	2
ߡߊ߲߬ߕߙߐ߬	2
ߡߊ߲߬ߕߏ߲ߦߊ	2
ߡߊ߲߬ߕߏ߲߫	2
ߡߊ߲߬ߕߊ߮	2
ߡߊ߲߬ߕߊ	2
ߡߊ߬ߦߌ߬ߡߎ߯ߣߊ߬	2
ߡߊ߬ߦߌ߬ߡߎ߯ߣߊ߫	2
ߡߊ߬ߤߌߣߊ	2
ߡߊ߬ߣߋ߲߬ߞߊ߬ߞߊ߲	2
ߡߊ߬ߣߋ߲߬ߞߊ߬	2
ߡߊ߬ߣߊ߲߬ߞߎ߬ߝߍ߬	2
ߡߊ߬ߢߍ߯ߙߍ߫	2
ߡߊ߬ߢߌ߬ߡߊ߬ߞߏ߬ߕߐ߬ߦߊ	2
ߡߊ߬ߡߣߎ߯ߎ߳ߎ	2
ߡߊ߬ߡߟߋ߬ߞߋ߬ߓߊ߰ߕߐ	2
ߡߊ߬ߡߐ߮	2
ߡߊ߬ߡߊ߬ߙߋ߲߬	2
ߡߊ߬ߡߊߘߌ߬	2
ߡߊ߬ߟߏ߬ߦߟߊ߬	2
ߡߊ߬ߟߏ߬ߦߊ߬ߣߍ߲	2
ߡߊ߬ߟߏ߬ߦߊ	2
ߡߊ߬ߞߵߊ߬	2
ߡߊ߬ߞߣ	2
ߡߊ߬ߞߙߎ߯ߤߎ	2
ߡߊ߬ߞߕߏ߬ߟߌ	2
ߡߊ߬ߞߕߌ߬ߟߌ߬	2
ߡߊ߬ߞߕߌ߬ߟߌ߫	2
ߡߊ߬ߞߕߌ߬ߟߊ	2
ߡߊ߬ߞߐ߰ߘߌ߬ߟߌ	2
ߡߊ߬ߞߐ߬ߣߐ߲߬ߠߌ߲	2
ߡߊ߬ߞߏ߬ߢߊ	2
ߡߊ߬ߞߏ߬ߟߊ߬ߡߊ	2
ߡߊ߬ߞߏ߬ߛߊ߫	2
ߡߊ߬ߞߏ߬ߛߊ	2
ߡߊ߬ߞߏ߫	2
ߡߊ߬ߞߎ߲߬ߓߊ߰ߕߐ	2
ߡߊ߬ߞߎ߲߬	2
ߡߊ߬ߞߌ߬ߣߌ߲߬ߞߌ߬ߣߌ߲߬ߠߊ߫	2
ߡߊ߬ߞߊ߲߬ߞߊ߲߬ߓߊ߯	2
ߡߊ߬ߞߊߛߌ	2
ߡߊ߬ߝߌ߲	2
ߡߊ߬ߜߟߍ߬ߦߊ߬ߣߍ߲	2
ߡߊ߬ߜߍ߲߬ߕߐ	2
ߡߊ߬ߛߙߋ	2
ߡߊ߬ߛߘߌ߬ߟߊ߬ߡߊ	2
ߡߊ߬ߛߘߌ	2
ߡߊ߬ߛߏ߬ߛߊ߬ߟߌ	2
ߡߊ߬ߛߎ߬ߓߊ߬ߕߐ	2
ߡߊ߬ߛߊߦߌ߲	2
ߡߊ߬ߙߊ	2
ߡߊ߬ߘߌ߬ߦߊ߬ߟߌ	2
ߡߊ߬ߖߐ߰ߙߊ߲ߦߊ	2
ߡߊ߬ߖߐ߰ߙߊ߲߬ߦߊ	2
ߡߊ߬ߖߐ߯ߙߊ߲߬	2
ߡߊ߬ߖߐ߯ߙߊ߲߫	2
ߡߊ߬ߖߐ߲߬ߓߊ	2
ߡߊ߬ߖߌ߯ߘߎ߲߫	2
ߡߊ߬ߓߏ߲߬ߧߊ߬ߟߌ	2
ߡߊ߬ߊ	2
ߡߊߦߟߍ߬ߣߍ߲	2
ߡߊߦߟߍ߬ߣߍ߲߬	2
ߡߊߦߟߍ߬	2
ߡߊߥߟߌߘߌ	2
ߡߊߤߊ߬ߦߊ߫	2
ߡߊߣߐ߬	2
ߡߊߣߍߡߴߊ߬	2
ߡߊߣߍߡߊߣߍ߲	2
ߡߊߣߊ߬ߣߌ߲߫	2
ߡߊߢߌ߬ߣߊ߫	2
ߡߊߡߣߌߡߌߣߌ߲	2
ߡߊߟߞߌߟߞߊߦߊ	2
ߡߊߟߐ߲ߣߍ߲ߓߊ߫	2
ߡߊߟߐ߲ߣߍ߲ߓߊ	2
ߡߊߟߐ߲	2
ߡߊߟߐ߬ߣߍ߲	2
ߡߊߟߍ߫	2
ߡߊߞߘߌߛߌ߫	2
ߡߊߞߕߏ߫	2
ߡߊߞߓߊߣߍ߲߫	2
ߡߊߞߐ߯ߘߌ߫	2
ߡߊߞߐ߬ߟߐ߲߬	2
ߡߊߞߎ߲߬ߣߍ߲	2
ߡߊߞߌߖ߭ߎ߯ߡߎߟߞߊ	2
ߡߊߞߊ߬ߛߌ߫	2
ߡߊߞߊ߬ߙߊ߲߫	2
ߡߊߝߟߍ	2
ߡߊߝߘߏ߬	2
ߡߊߝߐ߫	2
ߡߊߝߏ߬ߘߏ	2
ߡߊߝߌ߲߬	2
ߡߊߜ߭ߝߌߙߊߕߌߞߊ߫	2
ߡߊߜߟߍ߬ߦߊ߬ߣߍ߲߫	2
ߡߊߜߟߍ߬ߦߊ߫	2
ߡߊߜߙߏ߬	2
ߡߊߜߙߏ	2
ߡߊߜߎ߫	2
ߡߊߜߎߣߍ߲	2
ߡߊߛߐ߬ߛߐ߬	2
ߡߊߛߐ߬ߘߐ߲߬ߕߐ߫	2
ߡߊߛߏ߬ߙߌ߬	2
ߡߊߛߎ߲ߓߎߓߊ߮	2
ߡߊߛߎ߲ߓߎ	2
ߡߊߛߎ߬ߘߎ߲߬ߧߊ߬ߓߊ߮	2
ߡߊߛߎ߬ߘߎ߲߬ߧߊ	2
ߡߊߛߍ߬ߟߍ߲߬ߓߍ߬	2
ߡߊߛߍ߬ߟߍ߲߬ߓߍ߫	2
ߡߊߛߍ߬ߟߍ߲߬ߓߍ	2
ߡߊߛߌߟߊ߲ߣߍ߲	2
ߡߊߛߊ߲ߜߊ߫	2
ߡߊߛߊ߬ߦߌ߲߬	2
ߡߊߛߊ߬ߦߌ߬	2
ߡߊߛߊ߬ߙߊ߫	2
ߡߊߙߌ߬ߛߊߘߌ߫	2
ߡߊߙߌߦߡߊ߫	2
ߡߊߙߌߞߏߣߌ߫	2
ߡߊߘߛߊߞߊ߫	2
ߡߊߘߐ߲ߣߍ߲	2
ߡߊߘߐ߯ߦߊ߫	2
ߡߊߘߌ߯	2
ߡߊߘߌߦߊ	2
ߡߊߗߍ߲߬	2
ߡߊߗߌ߲ߗߌ߲	2
ߡߊߖ߳ߌߎ߯ߡߌ߫	2
ߡߊߖߐ߲ߝߐ߲߫	2
ߡߊߖߎߖߎ	2
ߡߊߖߍ߲߬ߞߍ߬	2
ߡߊߖߌ߰ߣߍ߲߫	2
ߡߊߕߙߊ߫	2
ߡߊߕߏߟߏ߲߫	2
ߡߊߕߎ߰ߕߎ߯	2
ߡߊߕߋ߭	2
ߡߊߕߊ߯	2
ߡߊߓߏ߬ߕߏ	2
ߡߊߓߍ߲߬ߣߍ߲	2
ߡߊߓߍ߲߬ߣߍ߲߬	2
ߡߊߓߍ߲߬ߣߍ߲߫	2
ߡߊߓߌߟߊ߫	2
ߡߊߓߌߟߊ	2
ߡߊߓߊ߬ߕߏ	2
ߠߴߏ	2
ߠߴߌߟߋ	2
ߠߴߊ߲	2
ߠߴߊ߬ߟߎ	2
ߠߴߊ߬ߟߋ߬	2
ߠߴߊ߬ߙߌ߬ߖߣߍ߬	2
ߠߞߊߟߌߦߊ߫	2
ߠߛߊ߫	2
ߠߋ߬ߊ	2
ߠߊ߬ߛߋߣߍ߲	2
ߠߊ߬ߕߏ	2
ߠߊ߬ߓߐ	2
ߠߊ߲߫	2
ߠߊ߫ߡߊ߬	2
ߠߊߦߟߍ߫	2
ߠߊߥߟߌ߬ߣߍ߲߫	2
ߠߊߡߌ߲ߠߊ	2
ߠߊߡߌߣߌ߲	2
ߠߊߟߐ߬	2
ߠߊߞߢߊ߬	2
ߠߊߞߟߏߕߊ	2
ߠߊߞߛߌ߫	2
ߠߊߞߎߣߎ߲߫	2
ߠߊߜߏߦߊߢߍ	2
ߠߊߜߎߝߎ߲	2
ߠߊߛߙߋߦߊ߫	2
ߠߊߛߘߌ߬	2
ߠߊߛߍߥߊ߫	2
ߠߊߛߌߦߊߛߌߦߊ߫	2
ߠߊߛߊ߲ߘߌ߫	2
ߠߊߘߏ߲߭	2
ߠߊߘߏ߲߬ߣߍ߲	2
ߠߊߘߏ߲߬	2
ߠߊߘߍ߬ߣߍ߲߬	2
ߠߊߘߍ߬	2
ߠߊߘߌߦߊ߫	2
ߠߊߖߍ߲ߛߍ߲ߣߍ߲	2
ߠߊߖߌ߱	2
ߠߊߖߌ߰ߣߍ߲	2
ߠߊߕߐ߲߫	2
ߠߊߕߎ߲߰ߠߊ	2
ߠߊߕߌ߲߮	2
ߠߊߕߊ߲߬ߞߌ߲߬	2
ߠߊߓߍ߲߭	2
ߠߊߓߍ߲߬	2
ߠߊߓߊ߬ߕߏ߬	2
ߟߵߌߘߐ߬	2
ߟߵߊ߬ߟߎ߬	2
ߟߵߊߟߊ߫	2
ߟߴߌߞߘߐ߫	2
ߟߴߊ߬ߟߋ߬	2
ߟߴߊ߬ߓߎ߬ߖߤߊߟߌ߫	2
ߟߴߊ߬ߓߋ߬	2
ߟߴߊߟߊ߯ߤߎ߫	2
ߟߴߊߙߝߊ߫	2
ߟߴߊߙߊߓߎ߫	2
ߟߴߊ	2
ߟ߲	2
ߟߥߊߟߌ߫	2
ߟߣߴߊ߬	2
ߟߣߌ߫ߟߣߌ߫	2
ߟߡߎ߬ߛߟߌ߬ߡߎ߲	2
ߟߡߊ߬ߟߏ߬ߦߊ߬ߟߌ߬	2
ߟߡߊߢߐ߲߯ߡߊ	2
ߟߡߊ	2
ߟߞߊߢߊ߫	2
ߟߞߊߢߊߣߍ߲	2
ߟߝߊߣߍ߲߫	2
ߟߝߊߙߌ߫ߣߴߊ߬	2
ߟߝߊߙߌ߫ߟߏ߬ߟߏ	2
ߟߝߊߙߌ߫ߛߌ߬ߟߊ߬ߡߊ	2
ߟߝߊߙߌ߫ߌߡߎ߬ߙߊ߲߬	2
ߟߝߊߙߌߒ߬ߓߊ߬	2
ߟߝߊ	2
ߟߛߴߊ߬ߟߎ	2
ߟߛߟߊߟߌߓߊ߮	2
ߟߛߊ߬ߦߌ߬ߓߊ߮	2
ߟߛߊ߬ߦߌ߬	2
ߟߛߊ߬ߟߌ߬ߟߌ߬ߟߊ	2
ߟߛߊ߬ߟߌ߬ߟߌ߬	2
ߟߛߊߘߌ	2
ߟߙߊ߬ߛߌ߬	2
ߟߙߊ߬ߛߌ߫	2
ߟߘߊߥߎ߲ߠߌ߲߫	2
ߟߖߊ߫	2
ߟߓߊߕߏ߫	2
ߟߐ߲ߣߍ߲߫	2
ߟߐ߲ߠߌ߲ߠߊߟߎ߬	2
ߟߐ߲ߠߌ߲ߓߊߟߌ	2
ߟߐ߲ߠߊ	2
ߟߐ߲ߞߏߕߌ߯	2
ߟߐ߲ߘߐ߲	2
ߟߐ߲ߘߍ߫	2
ߟߐ߲ߓߊ߯ߓߊ߫	2
ߟߐ߯ߝߍ	2
ߟߐ߯ߕߍ߫	2
ߟߐ߯ߕߍߍߟߐ߯ߕߍ߫	2
ߟߐ߯ߓߐ	2
ߟߐ߯ߓߊ߫	2
ߟߐ߯	2
ߟߐ߲߬ߠߊ߫	2
ߟߐ߲߬ߓߊ	2
ߟߐ߬ߦߌ߬ߟߡߊ߬ߦߟߍ	2
ߟߐ߬ߦߌ߬ߟߓߊ߬	2
ߟߐ߬ߦߌ߬ߟߊ߬ߓߊ߫	2
ߟߐ߬ߣߍ߲ߖߘߍ߬ߟߊ	2
ߟߐ߬ߟߊ	2
ߟߐ߬ߞߎ߬	2
ߟߐ߬ߞߎ	2
ߟߐ߬ߜߊ߲	2
ߟߐ߬ߛߊ߬ߓߊ	2
ߟߐ߬ߘߌ߬ߦߓߊ߬	2
ߟߐ߬ߘߌߦߊ߫	2
ߟߐ߬ߕߐ	2
ߟߐ߬ߕߊ	2
ߟߐ߬ߓߊ߮	2
ߟߐ߬ߓߊ߬	2
ߟߐ߲߫ߏ߬	2
ߟߐ߫	2
ߟߐߦߙߌ߫	2
ߟߏ߲ߠߊߓߊ߲	2
ߟߏ߯ߟߎߣߊ	2
ߟߏߟߎߣߊ߲	2
ߟߏߟߎ	2
ߟߏߞߌ߫	2
ߟߏߞߌߣߍ߲	2
ߟߎ߲߬	2
ߟߎ߬ߓߊߓߊ߫	2
ߟߎߡߟߊ	2
ߟߍ߭	2
ߟߍ߬ߙߊ߬	2
ߟߍ߬	2
ߟߍߟߋ߲߫	2
ߟߍߙߦߊ	2
ߟߍߙߊߟߞߊ	2
ߟߌ߲ߓߊ߲	2
ߟߌ߲ߓߊ߲߫	2
ߟߌ߯	2
ߟߌ߬ߤߟߊ߬	2
ߟߌ߬ߤߟߊ߫	2
ߟߌ߬ߡߊ߬ߟߌ߯ߤߌ߫	2
ߟߌ߬ߊ߯ߛߌ߫	2
ߟߌ߫	2
ߟߌߡߐ߮	2
ߟߌߡߊߣ	2
ߟߌߡߊߙߊ߯ߡߌ	2
ߟߌߟߟߊ߯ߤߌ߬	2
ߟߌߟߌ	2
ߟߌߟߊ߬ߟߌ	2
ߟߌߟߊߗ߭ߌ߮	2
ߟߌߞߊߟߌߞߊ߫	2
ߟߋ߰ߓߎ	2
ߟߋ߯ߟߋ߯	2
ߟߋ߲߬	2
ߟߋ߬ߝߟߊ߬ߡߊ	2
ߟߋߎ߫	2
ߟߊ߲ߞߣߍߡߴߊߟߎ߫	2
ߟߊ߲ߞߣߍߡߦߊ߫	2
ߟߊ߲ߖߌ߫	2
ߟߊ߲ߒߞߣߍߡߊ߫	2
ߟߊ߲߰ߝߏ߬ߣߍ߲ߓߊ	2
ߟߊ߲߰ߝߏ߬ߣߍ߲߫	2
ߟߊ߲߰ߝߏ߫	2
ߟߊ߯ߤߌ	2
ߟߊ߯ߞߌߙߊ߫	2
ߟߊ߯ߛ߭ߊ߬ߙߌ߯ߞߊ	2
ߟߊ߯ߕߘߊߊ߬	2
ߟߊ߯ߌ߬ߟߊ߯ߤߊ߬	2
ߟߊ߯ߌ߬ߟߊ߯ߤߊ߫	2
ߟߊ߯ߌߟߊ߯ߤߊ߬	2
ߟߊ߲߬ߝߌߦߊ	2
ߟߊ߲߬ߛߌ߬ߣߍ߫	2
ߟߊ߲߬ߘߊ߫	2
ߟߊ߲߬ߓߋ߬ߣߍ߲߬	2
ߟߊ߲߬ߓߋ	2
ߟߊ߬ߥߟߌ߬ߒ߬ߡߊ߬ߕߊ	2
ߟߊ߬ߥߛߊ	2
ߟߊ߬ߤߘߌ߬	2
ߟߊ߬ߤߌߣߊ	2
ߟߊ߬ߡߙߍߞߍ	2
ߟߊ߬ߡߐ߬ߣߍ߬ߓߐ߬ߟߌ	2
ߟߊ߬ߡߌ߲߬	2
ߟߊ߬ߡߌߣߌ߲	2
ߟߊ߬ߡߊ߮	2
ߟߊ߬ߟߐ߲߬ߠߌ߲߬ߠߌ߲	2
ߟߊ߬ߟߌ߬ߟߌ߬	2
ߟߊ߬ߟߊ	2
ߟߊ߬ߞߢߐ߬ߡߊ߬ߟߌ	2
ߟߊ߬ߞߌ߯ߕߎ߫	2
ߟߊ߬ߞߌ߬ߘߊ߬ߙߌ	2
ߟߊ߬ߞߊ߰ߙߌ߬	2
ߟߊ߬ߝߟߌ߬ߓߊ߯	2
ߟߊ߬ߝߐ߯ߓߊ߮	2
ߟߊ߬ߝߐ߬ߓߊ߰ߦߊ	2
ߟߊ߬ߝߐ߬ߓߊ߯	2
ߟߊ߬ߝߌ߬ߘߊ߲߬ߠߌ߲	2
ߟߊ߬ߜߏߦߊߢߍ߫	2
ߟߊ߬ߜߏߦߊߒߢߍ	2
ߟߊ߬ߛߎ߬ߘߎ߲߬ߧߊ߬ߟߌ	2
ߟߊ߬ߛߌ߬ߙߊ߬ߙߌ	2
ߟߊ߬ߛߌߦߊߦߊ	2
ߟߊ߬ߛߋ߬ߓߊ߮	2
ߟߊ߬ߛߋ߬	2
ߟߊ߬ߛߊߦߌ߲	2
ߟߊ߬ߛߊߦߌ	2
ߟߊ߬ߘߛߍ߬ߟߌ߬ߟߊ	2
ߟߊ߬ߘߛߍ߬ߟߌ	2
ߟߊ߬ߘߏ߲	2
ߟߊ߬ߘߏ߲߬	2
ߟߊ߬ߘߍ߬ߘߊ	2
ߟߊ߬ߘߍ߬ߓߊ߮	2
ߟߊ߬ߖߍ߲ߛߍ߲	2
ߟߊ߬ߖߍ߲߬ߛߍ߲߬ߠߌ߲	2
ߟߊ߬ߖߍ߲߬ߛߍ߲߬ߠߌ߲߬ߠߊ	2
ߟߊ߬ߖߊ߲߰ߧߊ߬ߟߌ	2
ߟߊ߬ߕߐ߲߬ߣߍ߲	2
ߟߊ߬ߕߍ߯	2
ߟߊ߬ߕߋ߬ߟߋ߲߬ߠߌ߲߬ߠߊ	2
ߟߊ߬ߕߋߟߋ߲	2
ߟߊ߬ߓߐ߲	2
ߟߊ߬ߓߐ߲߬	2
ߟߊ߬ߓߋ߬ߟߌ߬	2
ߟߊ߬ߓߊ߲߬	2
ߟߊ߫ߘ	2
ߟߊ߫ߊ	2
ߟߊߦߟߍ߬ߣߍ߲	2
ߟߊߦߟߍ߬ߣߍ߲߬	2
ߟߊߦߟߍ߬ߣߍ߲߫	2
ߟߊߦߍ߬ߟߴߏ߬	2
ߟߊߦߍ߬ߟߍ	2
ߟߊߦߌ߬ߟߊ߫	2
ߟߊߦߌߟߌ߲ߣߍ߲	2
ߟߊߥߦߏ߬	2
ߟߊߥߟߌ	2
ߟߊߥߛߊ߬	2
ߟߊߥߎߛߌ߫	2
ߟߊߥߌ߬ߟߴߊ߬	2
ߟߊߥߊ߲߬ߞߊ߲߫	2
ߟߊߤߘߊ߬	2
ߟߊߤߎߟ	2
ߟߊߤߌߣߊߟߊ߲	2
ߟߊߣߵߊ߲	2
ߟߊߣߴߊ߬	2
ߟߊߣߘߐ߫	2
ߟߊߣߐ߲߰ߦߊ	2
ߟߊߣߐ߰ߦߊ߬ߣߍ߲	2
ߟߊߣߐ߰ߦߊ߬	2
ߟߊߣߐ߬ߓߊ߮	2
ߟߊߣߍ߰ߣߍ߯	2
ߟߊߣߍ߰ߣߍ	2
ߟߊߣߊ߭	2
ߟߊߣߊ߬	2
ߟߊߢߣߊߡߦߊ߫	2
ߟߊߢߐ߲߯ߦߊ	2
ߟߊߢߊ߭	2
ߟߊߢߊ߬	2
ߟߊߡߙߊ߬ߣߍ߲	2
ߟߊߡߐ߲ߣߍ߲߫	2
ߟߊߡߐ߲߬ߘߐ߲߬ߡߐ߲ߘߐ߲߫	2
ߟߊߡߐ߬ߓߊ߮	2
ߟߊߡߐߣߍߓߐ߫	2
ߟߊߡߎ߯ߛߊߣߍ߲	2
ߟߊߡߎߙߎ߲ߕߌ߫	2
ߟߊߡߍ߲ߓߊ	2
ߟߊߡߍ߲	2
ߟߊߡߍ߬ߙߍ߲߬	2
ߟߊߡߍߣߍ߲	2
ߟߊߡߍߣߍ߲߫	2
ߟߊߡߌ߲ߠߊ	2
ߟߊߡߌ߲߬ߣߍ߲߬	2
ߟߊߡߌ߬ߘߴߊ߬	2
ߟߊߡߊ߰ߣߍ߲߫	2
ߟߊߡߊ߰ߒߠߊ	2
ߟߊߡߊ߰	2
ߟߊߡߊ߲߬ߘߌ߬	2
ߟߊߡߊ߬ߙߴߊ߬ߟߎ߬	2
ߟߊߟߦߍ߬	2
ߟߊߟߐ߭	2
ߟߊߟߊ߫	2
ߟߊߞߢߐ߬ߡߊ߬	2
ߟߊߞߢߊߣߍ߲	2
ߟߊߞߛߌ߫	2
ߟߊߞߙߐ߬ߛߌ߫	2
ߟߊߞߏ߭	2
ߟߊߞߏߟߏ߲	2
ߟߊߞߎ߲ߣߍ߲	2
ߟߊߞߎߣߎ߲	2
ߟߊߞߎߡߊ߫	2
ߟߊߞߎߙߊ߲	2
ߟߊߞߎߘߦߊ߫	2
ߟߊߞߍ߲ߘߍߦߊ	2
ߟߊߞߍ߫	2
ߟߊߞߌ߬ߦߊ߬	2
ߟߊߞߌߙߊ	2
ߟߊߞߊ߬ߟߌ߬ߕߊ	2
ߟߊߞߊ߬ߟߌ߬ߓߊ߮	2
ߟߊߝߎߟߋ߲߫	2
ߟߊߝߌߘߊ߲߫	2
ߟߊߝߋ	2
ߟߊߝߊ߲	2
ߟߊߝߊ߰ߡߎ߲߬	2
ߟߊߝߊ߭	2
ߟߊߜߟߍ߬ߦߊ߬	2
ߟߊߜߎ߬ߝߎ߲߬	2
ߟߊߛ߭ߌ߬ߊߙߌ߫	2
ߟߊߛߙߋߦߴߊ߬ߟߎ߫	2
ߟߊߛߘߌ߬	2
ߟߊߛߐ߲ߣߍ߲	2
ߟߊߛߏ߬ߙߌ߬	2
ߟߊߛߎ߬ߣߎ߲߬	2
ߟߊߛߎߣߊ߫	2
ߟߊߛߍ߰	2
ߟߊߛߍ߬ߙߍ߲߬ߘߍ߫	2
ߟߊߛߌ߰ߣߍ߲	2
ߟߊߛߌ߬ߥߊߘߌ߫	2
ߟߊߛߌߞߊ߫	2
ߟߊߛߋ߬	2
ߟߊߛߋߕߐ߫	2
ߟߊߛߋߓߊ߮	2
ߟߊߛߊ߬ߦߴߌ	2
ߟߊߛߊ߬ߣߊ߲߬ߞߎ߲߬	2
ߟߊߘߤߊ߬ߣߍ߲߬	2
ߟߊߘߛߏ߫	2
ߟߊߘߐ߰	2
ߟߊߘߐ߯ߦߊ߫	2
ߟߊߘߏ߲	2
ߟߊߘߏ߲߰	2
ߟߊߘߏ߲߭	2
ߟߊߘߏ߲߬ߕߐ	2
ߟߊߘߍ߲߰ߣߍ߲	2
ߟߊߘߍ߲߰ߕߊ	2
ߟߊߘߍ߬ߘߍ߬	2
ߟߊߘߌ߬ߢߍ߬	2
ߟߊߘߌߦߊ߫	2
ߟߊߘߌߦߊߢߍ߫	2
ߟߊߘߌߦߊߢߍߓߊ߮	2
ߟߊߘߌߦߊߢߍ	2
ߟߊߘߊ߲	2
ߟߊߘߊ߬ߤߵߊ߲	2
ߟߊߘߊ߬ߤߊ߫	2
ߟߊߘߊ߬ߤߊ	2
ߟߊߘߊ߬ߙߏ߬ߕߊ߫	2
ߟߊߘߊ߬ߙߏ߬	2
ߟߊߖߘߌߥߊ	2
ߟߊߖߍ߲߬ߞߍ߬	2
ߟߊߖߊ߲߰ߧߊ߬ߣߍ߲	2
ߟߊߕߵߊ߲	2
ߟߊߕߵߊߟߊ߫	2
ߟߊߕߟߐ߬	2
ߟߊߕߐ߬ߟߐ	2
ߟߊߕߐ߫	2
ߟߊߕߏ	2
ߟߊߕߎ߲߯	2
ߟߊߕߎ߲߬ߕߎ߲߬	2
ߟߊߕߍ߱	2
ߟߊߕߍ߰ߣߍ߲	2
ߟߊߕߍ߰ߣߍ߲߬	2
ߟߊߕߍ߬ߘߍ	2
ߟߊߕߌ߲ߕߊ߲߫	2
ߟߊߕߊ߬ߡߴߌ	2
ߟߊߕߊ߬ߡߌ߲߬ߣߍ߲߬	2
ߟߊߓߐ߲߭	2
ߟߊߓߐߣߴߊ߬	2
ߟߊߓߐߣߍ߲	2
ߟߊߓߐ	2
ߟߊߓߍ߲	2
ߟߊߓߍ߲߬ߕߊ	2
ߟߊߓߌ߬ߟߊ߫	2
ߟߊߓߋ߬ߣߍ߲	2
ߟߊߓߊ߯ߦߊߣߍ߲߫	2
ߟߊߓߊ߯ߕߐ	2
ߟߊߓߊ߮	2
ߟߊߓߊ߲߬	2
ߟߊߒߞߣߍߡߦߊ߫	2
ߟߊߒߞߣߍߡߊߣߍ߲	2
ߟߊߒߞߏߦߊ	2
ߟߊߎߛߌ߫	2
ߞߵߏ߬ߣߍ߲	2
ߞߵߏߏ߬	2
ߞߵߊ߲ߠߎ߫	2
ߞߵߊ߬ߦߌ߬ߘߊ߬	2
ߞߵߊ߬ߡߌ߬ߘߊ߬	2
ߞߵߊ߬ߟߌ߬ߤߊߡߘߎ߫	2
ߞߵߊ߬ߟߌ߬ߡߎ߲ߖߙߌ߫	2
ߞߵߊ߬ߞߊ߬ߙߌ߬ߝߊ߬	2
ߞߵߊ߬ߛߌ߰	2
ߞߵߊߦߌ߬ߛߕߊ߫	2
ߞߵߊߛߕߊߜ߭ߝߌߙߎߟߊ߯ߤߊ	2
ߞߵߊߌ߬ߛߕߊ߫	2
ߞߵߊ	2
ߞߵ	2
ߞߴߌߞߘߐ߫	2
ߞߴߊ߰	2
ߞߴߊ߬ߟߎ	2
ߞߴߊ߬ߙߌ߬ߖߣߍ߬	2
ߞߴߊ߬ߙߌ߬ߖߣߍ߫	2
ߞߴ	2
ߞ߭ߊ߲ߖ߭ߊߓߎ߫	2
ߞ߭ߊߟߞ߫ߌ߬ߤߌ߫	2
ߞ߫ߘߊߦߌߕߊ߬	2
ߞ߫ߎߟߦߊ߯	2
ߞ߫ߎߟߌ߬ߤߎߥߊ߫	2
ߞ߫ߎߟߊ߳ߊߎ߯ߗ߭ߎ߫	2
ߞ߫ߊ߬ߘߌ߯ߙߎ߲	2
ߞ߫ߊߘߊߡߕߎ߫	2
ߞ߫ߊߓߎߙߌ߫	2
ߞߣߵߏ߬	2
ߞߣߐߡߐ߮	2
ߞߣߐߡߊ߫	2
ߞߣߐߜߍߦߊ	2
ߞߣߐߜߊ	2
ߞߣߐߘߐߝߟߌ߬	2
ߞߣߐߘߐߘߌ߫	2
ߞߣߎ߬ߕߎ߬	2
ߞߣߊ߬ߕߏ߫	2
ߞߢߐ߫	2
ߞߢߊ߬ߕߐ	2
ߞߟߏߡߊߡߌߛߍ߲߫	2
ߞߟߎ߫	2
ߞߟߍ߬ߥߟߌ߬ߕߊ	2
ߞߟߍ߬ߝߋ߲	2
ߞߟߍ߫	2
ߞߟߍߞߕߍ߫	2
ߞߟߌߣߴߏ߬	2
ߞߟߌߟߌ߫	2
ߞߟߌߙߋ߲	2
ߞߟߋ߲߫	2
ߞߟߋߞߟߋߡߊߦߟߍ߫	2
ߞߟߊ߬ߓߐ	2
ߞߟߊߦߊߕߐ߫	2
ߞߟߊߘߊ	2
ߞߟߊߓߎ߫	2
ߞߟߊߓߎߕߌ߯	2
ߞߟߊ	2
ߞߝߊߓߊ߫	2
ߞߛߐߣߍ߲߫	2
ߞߛߌߞߛߌ߫	2
ߞߛߌߕߊ	2
ߞߛߌߓߊ߮	2
ߞߛߊ߫	2
ߞߛߊߓߌ	2
ߞߙߐ߬ߛߌ߬	2
ߞߙߐ߬ߕߍ߬	2
ߞߙߐߛߌ	2
ߞߙߏ߫	2
ߞߙߏߜߊ	2
ߞߙߎ߬ߟߊ߬ߓߏ߲߫	2
ߞߙߎ߬ߛߌ߫	2
ߞߙߎ߬	2
ߞߙߎߝߊߟߌߟߊ	2
ߞߙߎߕߎߕߎ߫	2
ߞߙߎߓߌߦߎ	2
ߞߙߎ	2
ߞߙߍߞߙߍߟߌ	2
ߞߙߌ߬ߝߌ߬ߣߍ߲	2
ߞߙߌߣߊߞ	2
ߞߙߌߞߙߊ߫	2
ߞߙߌߞߍ߫	2
ߞߙߌߞߍߒߕߊ߲	2
ߞߙߌߛߌ	2
ߞߙߌߕߌߞ	2
ߞߙߋ߫	2
ߞߙߋߡߊ߫	2
ߞߙߋߟߡߊ	2
ߞߙߋߓߊ	2
ߞߙߊ߬ߣߎ߫	2
ߞߙߊ߫	2
ߞߙߊߝߋ	2
ߞߙߊߓߎ	2
ߞߙߊߓߊ߫	2
ߞߘߐ߬ߣߍ߲߬ߓߊ	2
ߞߘߐ߬ߡߊ߲߬ߡߐ߮	2
ߞߘߐ߬ߟߊ	2
ߞߘߐ߬ߞߘߐ߬ߡߊ߲߫	2
ߞߘߐ߲߫	2
ߞߘߐߦߌߘߊ	2
ߞߘߐߢߐ߮	2
ߞߘߐߡߊ߬	2
ߞߘߐߕߵߊ߬	2
ߞߘߐߕߏߟߊ	2
ߞߘߐߕߊ߬ߣߍ߲	2
ߞߘߐߕߊ߬ߣߍ߲߬ߓߊ	2
ߞߘߐߕߊ߬ߣߍ߲߫	2
ߞߘߐߓߐ߫	2
ߞߘߐߓߐߟߌ߫	2
ߞߘߐߓߌߟߊ	2
ߞߘߎ߬ߜߍ߬ߟߍ߲߬ߓߊ	2
ߞߘߎ߬ߛߌߦߎ߬	2
ߞߘߊ߬ߜߍߟߍ߲	2
ߞߘߊߥߎ߫	2
ߞߘߊߡߊߣߍ߲߫	2
ߞߘߊߡߊߕߐ߫	2
ߞߘߊߡߊߓߊ߯	2
ߞߖߣߐ߫	2
ߞߕߐߝߍߣߍ߲	2
ߞߕߌߘߊ	2
ߞߓߐߞߓߐ߫	2
ߞߓߊ߬ߞߘߐ߬ߟߊ	2
ߞߓߊ߬ߞߘߐ߬ߛߌ	2
ߞߓߊߞߏߦߊ	2
ߞߓߊߞߏ	2
ߞߓߊߝߌ߲	2
ߞߐ߲ߣߍ߲	2
ߞߐ߲ߣߍ߲߫	2
ߞߐ߲ߞߐ߲	2
ߞߐ߲ߞߐ߫	2
ߞߐ߲ߞߐߣߍ߲߫	2
ߞߐ߲ߞߐ	2
ߞߐ߲ߞߏ	2
ߞߐ߲ߘߐ߲߫	2
ߞߐ߲ߔߌߟߋ	2
ߞߐ߲߰ߣߍ߲߬	2
ߞߐ߲߰	2
ߞߐ߰ߘߎ߰ߞߊ	2
ߞߐ߰ߘߎ߮	2
ߞߐ߯ߘߊ߫	2
ߞߐ߲߬ߞߐ߲߬ߓߊ	2
ߞߐ߲߬ߞߍ߫	2
ߞߐ߲߬ߘߐ߲	2
ߞߐ߲߬	2
ߞߐ߬ߦߌ߬ߣߍ߲	2
ߞߐ߬ߦߌ߬ߣߍ߲߬	2
ߞߐ߬ߣߐ߲߬ߘߐ߬ߣߊ	2
ߞߐ߬ߣߐ߲߬ߘߐ߬ߓߊ	2
ߞߐ߬ߢߊ	2
ߞߐ߬ߟߐ߲߬	2
ߞߐߡߐ߯	2
ߞߐߡߊ߬	2
ߞߐߡߊ߫	2
ߞߐߡߊߘߌߓߌ߲߫	2
ߞߐߡߊߓߌߘߌ߲߫	2
ߞߐߟߋ߲	2
ߞߐߞߊ߲߬	2
ߞߐߞߊ߲߫	2
ߞߐߝߟߌ߫	2
ߞߐߝߍ߫	2
ߞߐߝߍߣߍ߲	2
ߞߐߛߙߐߕߌ߮	2
ߞߐߛߊ߬ߦߌ߲	2
ߞߐߛߊ߬ߦߌ߲߬ߣߍ߲߬	2
ߞߐߛߊ߬ߦߌ߲߫	2
ߞߐߛߊ߬ߦߌ	2
ߞߐߛߊߦߌ߲ߕߐ	2
ߞߐߙߍߦߊ	2
ߞߐߘߐ߲ߞߎ߲	2
ߞߐߘߏ߲߭	2
ߞߐߘߊ߲	2
ߞߐߖߊߓߌ	2
ߞߐߓߌߟߊߓߊ߮	2
ߞߐߓߊ߯	2
ߞߐߊߐ߫	2
ߞߏ߲ߣߍ߯ߟߌ	2
ߞߏ߲ߣߍ߯	2
ߞߏ߲ߢߌ߲	2
ߞߏ߲ߢߌ߲߫	2
ߞߏ߲ߞߏߜߍ	2
ߞߏ߲ߓߏ߲ߣߍ߲	2
ߞߏ߲߬ߞߏ	2
ߞߏ߬ߣߵߊ߲	2
ߞߏ߬ߣߵߊ߬ߟߎ߫	2
ߞߏ߬ߣߵߊߟߎ߬	2
ߞߏ߬ߣߵߊߟߎ߫	2
ߞߏ߬ߣߴߊ߬ߟߎ߬	2
ߞߏ߬ߣߌ߲߬ߛߋ߲	2
ߞߏ߬ߡߊ߬	2
ߞߏ߬ߞߏ߫	2
ߞߏ߬ߝߌߙߊ߫	2
ߞߏ߬ߙߏ߲߬ߞߏߙߏ߲߫	2
ߞߏ߬ߙߏ߲߬ߞߊߙߊ߲߫	2
ߞߏ߬ߙߌ߬ߣߍ߲	2
ߞߏ߬ߙߊ߬ߓߊ	2
ߞߏ߬ߘߏ	2
ߞߏ߬ߖߎ߯ߦߊ	2
ߞߏ߫߬	2
ߞߏ߫ߥߐߙߐ߲ߥߌ߬ߟߊ߫	2
ߞߏ߫ߊ	2
ߞߏߢߌ߲߫	2
ߞߏߢߌߡߊ߫	2
ߞߏߟߐ߲ߓߊߟߌ߫	2
ߞߏߟߐ߲	2
ߞߏߟߐ߲߫	2
ߞߏߟߏ߲ߜߊ߲	2
ߞߏߟߌߞߏߟߌ߫	2
ߞߏߟߌ	2
ߞߏߟߊ߲ߘߌ߫	2
ߞߏߝߐߣߍ߲	2
ߞߏߝߐߟߊ	2
ߞߏߛߓߍ߲߫	2
ߞߏߛߐ߲	2
ߞߏߛߊ߫	2
ߞߏߙߏ߲ߧߊ	2
ߞߏߙߏ߲	2
ߞߏߘߐ߲߬	2
ߞߏߘߐߣߐ߯ߦߊ߫	2
ߞߏߖߎ߰	2
ߞߏߖߎ߯ߦߊ	2
ߞߏߓߌ߬ߟߊ߬ߣߍ߲߬	2
ߞߏߓߊ߫	2
ߞߏߏߞߏ߬	2
ߞߎ߲ߢߐ߲߮	2
ߞߎ߲ߠߊ߬ߓߌ߬ߘߌ߲߬ߟߊ߲	2
ߞߎ߲ߠߊ߬	2
ߞߎ߲ߝߊ߲ߓߐ߫	2
ߞߎ߲ߘߐ߬ߖߊ߲	2
ߞߎ߲ߘߐߦߌߘߊ	2
ߞߎ߲ߕߎߙߎ߲߫	2
ߞߎ߲ߕߊ߮	2
ߞߎ߲ߓߋߙߋ߲߫	2
ߞߎ߲ߓߊ	2
ߞߎ߲߭ߟߐ߬	2
ߞߎ߲߭ߘߏ߲߬	2
ߞߎ߲߬ߧߊ߬ߘߏ߲	2
ߞߎ߲߬ߢߊ߬ߘߏ߲߬	2
ߞߎ߲߬ߢߊߘߏ߲߬	2
ߞߎ߲߬ߡߊߞߘߎ߬ߣߍ߲߫	2
ߞߎ߲߬ߡߊߞߊ߬	2
ߞߎ߲߬ߡߊߖߌ߰	2
ߞߎ߲߬ߠߴߏ߬	2
ߞߎ߲߬ߠߊ߲߬ߜߏ߫	2
ߞߎ߲߬ߠߊ߲߬ߜߏߦߊ	2
ߞߎ߲߬ߠߊ߲߬ߘߌ߫	2
ߞߎ߲߬ߠߊ߲߬ߘߌߦߊ	2
ߞߎ߲߬ߠߊ߬ߞߏ߬ߟߏ߲߬ߧߊ	2
ߞߎ߲߬ߠߊ߬ߝߎ߬ߟߋ߲߬	2
ߞߎ߲߬ߠߊ߬ߛߌ߰ߟߊ߫	2
ߞߎ߲߬ߠߊ߬ߓߘߌ߬ߟߊ߲	2
ߞߎ߲߬ߠߊ߬ߓߌߘߌ߲	2
ߞߎ߲߬ߞߙߎ߬ߓߊ	2
ߞߎ߲߬ߞߘߐ߬ߟߊ߬	2
ߞߎ߲߬ߞߘߐ߫	2
ߞߎ߲߬ߞߏ߬ߓߊ߫	2
ߞߎ߲߬ߝߌ߲߬ߧߊ	2
ߞߎ߲߬ߝߌ߲߫	2
ߞߎ߲߬ߛߌ߲߫	2
ߞߎ߲߬ߛߊ	2
ߞߎ߲߬ߘߐ߬ߦߌ߬ߘߊ߬ߟߌ߬ߟߡߊ߬	2
ߞߎ߲߬ߘߐ߬ߦߌ߬ߘߊ߬ߟߌ	2
ߞߎ߲߬ߘߐ߬ߖߊ߲߬	2
ߞߎ߲߬ߘߐ߬ߓߌ߬ߟߊ߬ߟߌ߬ߟߊ	2
ߞߎ߲߬ߘߐߦߌ߬ߘߊ	2
ߞߎ߲߬ߘߐߖߊ߲߰ߧߊ߬ߣߍ߲	2
ߞߎ߲߬ߘߐߖߊ߲߰ߧߊ	2
ߞߎ߲߬ߘߐߕߍ߰	2
ߞߎ߲߬ߖߏߣߊ	2
ߞߎ߲߬ߖߎ߮	2
ߞߎ߲߬ߕߍ߬ߡߊ߬ߟߊ	2
ߞߎ߲߬ߕߍ	2
ߞߎ߲߬ߕߌ߰ߓߊ߫	2
ߞߎ߲߬ߕߌ߰ߓߊߘߏ߫	2
ߞߎ߲߬ߕߌ߯	2
ߞߎ߲߬ߓߐ߬	2
ߞߎ߲߬ߓߊ߬ߦߊ߫	2
ߞߎ߲߬ߓߊ߬ߦߊ	2
ߞߎ߬ߡߎ߲	2
ߞߎ߬ߡߊ߲߬ߞߎ߬ߡߊ߲߬	2
ߞߎ߬ߡߊ߲߬ߘߌ߬ߣߍ߲	2
ߞߎ߬ߡߊ߲߬ߘߌ߬ߣߍ߲߫	2
ߞߎ߬ߡߊ߲߬ߘߌ߬ߕߐ߫	2
ߞߎ߬ߡߊ߲߬ߘߌ߬ߓߊ߰ߕߐ	2
ߞߎ߬ߡߊ߲߬ߘߌ߬ߓߊ߮	2
ߞߎ߬ߡߊ߲߬ߘߌ	2
ߞߎ߬ߟߋ߲߬ߞߎߟߋ߲	2
ߞߎ߬ߛߊ߲߬ߧߊ߬	2
ߞߎ߬ߛߊ߲߬ߧߊ	2
ߞߎ߬ߛߊ߲߬ߕߊ߯ߘߌ	2
ߞߎ߬ߙߊߦߌ߬ߛߌ߫	2
ߞߎ߬ߙߊߦߌߓߎ߲߫	2
ߞߎ߬ߙߊߣߊ	2
ߞߎ߬ߘߎ߲߬	2
ߞߎ߬ߘߎ߫	2
ߞߎ߬ߘߋ߲	2
ߞߎ߬ߖ߭ߊߌߡߊ߬	2
ߞߎ߬ߖߊߦߌߡߊ߬	2
ߞߎ߬ߖߊߦߌߡߊ߫	2
ߞߎ߬ߖߊߌߡߊ߫	2
ߞߎ߬ߖߊߌߝߊ߫	2
ߞߎ߬ߕߊ	2
ߞߎߦߊߕߍ߫	2
ߞߎߣߦߊ	2
ߞߎߣߎ߲ߣߍ߲߫	2
ߞߎߣߎ߲ߟߏ߲	2
ߞߎߣߎ߲	2
ߞߎߣߊ߲ߡߊ߲	2
ߞߎߣߊ߲	2
ߞߎߣߊ߫	2
ߞߎߣߊߡߊ߲߫	2
ߞߎߡߴߊ߬ߟߎ߬	2
ߞߎߡߦߊ	2
ߞߎߡߋߙߋ߲	2
ߞߎߡߊߢߐ߲߯ߦߊ߫	2
ߞߎߡߊߢߐ߲߮	2
ߞߎߡߊߘߋ߲	2
ߞߎߟߦߊ߯ߊߦߎ߬ߤߊ߫	2
ߞߎߟߊ߬ߤߊ߯	2
ߞߎߟߊߞߏߕߍ߫	2
ߞߎߝߊ߫	2
ߞߎߛߎ߲߫	2
ߞߎߛߌߥߊ߯	2
ߞߎߙߐߙ	2
ߞߎߙߋ߫	2
ߞߎߘߎ߲ߣߍ߲߫	2
ߞߎߘߍߞߎߘߍ߫	2
ߞߎߘߊߦߌ߫	2
ߞߎߘߊߞߎߘߊ	2
ߞߎߕߊ߲߫	2
ߞߎ	2
ߞߍ߲ߘߞߍߦߊߣߍ߲	2
ߞߍ߲ߘߍߦߊ	2
ߞߍ߲ߘߍߞߍ߲ߘߍ	2
ߞߍ߲߬ߘߍ߬	2
ߞߍ߬ߣߍ	2
ߞߍ߬ߟߍ߫	2
ߞߍ߬ߟߊ߬ߓߊ	2
ߞߍ߬ߟߊ߬	2
ߞߍ߬ߙߍ߲߬ߘߍ߬	2
ߞߍ߲߫	2
ߞߍߦߙߐ	2
ߞߍߣߴߏ߬	2
ߞߍߣߴߏ	2
ߞߍߣߴߊ߬	2
ߞߍߣߴߊߟߎ߫	2
ߞߍߢߐ߲߮	2
ߞߍߟߊ߫	2
ߞߍߟߊ	2
ߞߍߞߏ߫	2
ߞߍߙߍ߲ߞߍߙߍ߲	2
ߞߍߓߊ߯	2
ߞߌ߲ߞߌ߲ߓߊ	2
ߞߌ߬ߦߊ߬ߣߍ߲߫	2
ߞߌ߬ߦߊ	2
ߞߌ߬ߣߌ߲߬ߞߌ߬ߣߌ߲߬ߠߊ	2
ߞߌ߬ߙߌ߲߬ߞߞߙߊ߬ߒ߬ߕߋ߬ߦߊ߬	2
ߞߌ߬ߙߌ߲߬ߞߊ߬ߙߊ߲߬ߒ߬ߕߋ߬ߦߊ߬	2
ߞߌ߬ߙߌ߲߬ߞߊ߬ߙߊ߬ߒ߬ߕߋ߬ߦߊ߬	2
ߞߌ߬ߘߌ߲	2
ߞߌ߬ߕߊ߯ߓߎߟ	2
ߞߌ߬ߓߊ߬ߙߏ߫	2
ߞߌߣߌ߲ߝߊ߲	2
ߞߌߣߌ߲ߓߟߏߞߊ߲ߞߋߦߊ	2
ߞߌߡߍ߫	2
ߞߌߟߏ߫	2
ߞߌߛߍߣߍ߲߫	2
ߞߌߛߊ߫	2
ߞߌߓߎߟߊ	2
ߞߋ߲߬ߥߟߎ߬	2
ߞߋ߲߬ߘߋ	2
ߞߋ߬ߟߋ߲ߞߋ߬ߟߋ߲߬ߓߐ	2
ߞߋ߬ߟߋ߲߬ߧߊ߬ߘߊ	2
ߞߋ߬ߟߋ߲߬ߧߊ߬ߓߊ߮	2
ߞߋ߬ߟߋ߲߬ߧߊ	2
ߞߋ߬ߟߋ߲߬ߠߊ߬ߕߏ	2
ߞߋ߬ߟߋ߲߬ߠߊ߬ߕߊ	2
ߞߋ߬ߟߋ߲߬ߠߊ߬	2
ߞߋ߬ߟߋ߲߬ߞߋ߬ߟߋ߲ߣߊ	2
ߞߋ߬ߟߋ߲߬ߞߋ߬ߟߋ߲߬ߓߐ߬	2
ߞߋ߬ߟߋ߲߬ߞߋ߬ߟߋ߲߬	2
ߞߋ߬ߟߋ߲߬ߞߋߟߋ߲߫	2
ߞߋߥߊߟߌ	2
ߞߋߟߋ߲ߞߋߟߋ߲	2
ߞߋߟߋ߲ߘߴߌ	2
ߞߋߟߋ߲߲߫	2
ߞߋߟߊ߲߫	2
ߞߋߟߊߡߐ߮	2
ߞߋߟߊߘߋ߲	2
ߞߋ	2
ߞߊ߲ߤߙߐߦߕߊ	2
ߞߊ߲ߡߋߙߋ߲ߧߊ	2
ߞߊ߲ߡߋߙߋ߲߫	2
ߞߊ߲ߡߊߞߍ	2
ߞߊ߲ߡߊߛߙߋߡߊ	2
ߞߊ߲ߡߊߖߌ߮	2
ߞߊ߲ߠߊߕߍ߱	2
ߞߊ߲ߠߊߕߍ߰	2
ߞߊ߲ߠߊߕߍ߯ߟߌ߫	2
ߞߊ߲ߞߊ	2
ߞߊ߲ߛߏ߲ߣߍ߲	2
ߞߊ߲ߘߐߜߍߟߍ߲	2
ߞߊ߲ߘߎ߮	2
ߞߊ߲ߘߊߟߌ	2
ߞߊ߲ߘߊߓߊ߯ߕߐ	2
ߞߊ߲ߘߊߓߊ߯	2
ߞߊ߲ߕߏ߫	2
ߞߊ߲ߕߏ	2
ߞߊ߲ߓߏߟߏ߲	2
ߞߊ߲ߓߍ߲	2
ߞߊ߲ߒߞߋ	2
ߞߊ߱ߟߊ߭	2
ߞߊ߯ߤߌ߬ߙߊ߬	2
ߞߊ߯ߣߌ߲ߒߞߋ	2
ߞߊ߯ߣߌ߲	2
ߞߊ߯ߝߌ߬ߙߎ߯ߣߊ߫	2
ߞߊ߯ߙߌߖߊ߫	2
ߞߊ߯ߘߌ߫	2
ߞߊ߯ߓߌ߲߫	2
ߞߊ߯ߓߌ߫	2
ߞߊ߯ߓߌߛߊ߫	2
ߞߊ߲߬ߞߊ߬	2
ߞߊ߲߬ߞߊ߲߫	2
ߞߊ߲߬ߝߐ	2
ߞߊ߲߬ߖߊ߬ߡߊ߯ߘߌ߫	2
ߞߊ߲߬ߓߊ߫	2
ߞߊ߬ߥߊ߯ߕߌ߫	2
ߞߊ߬ߥߊ߲߬ߘߟߌ߬	2
ߞߊ߬ߥߊ߲߬ߘߌ߬ߟߌ߫	2
ߞߊ߬ߥߊ߲߬ߘߌ߬ߘߊ	2
ߞߊ߬ߥߊ߲߬ߘߌ߫	2
ߞߊ߬ߥߊ߲߬ߘߌ	2
ߞߊ߬ߣߵߏ߬	2
ߞߊ߬ߣߌ߲߬ߣߍ߲߫	2
ߞߊ߬ߣߌ߲߬ߢߐ߲߰ߦߊ	2
ߞߊ߬ߣߌ߲߬ߕߊ	2
ߞߊ߬ߣߌ߲߬ߓߊ߮	2
ߞߊ߬ߣߌ߫	2
ߞߊ߬ߣߌ	2
ߞߊ߬ߢߴߊ߬	2
ߞߊ߬ߢߊ߫	2
ߞߊ߬ߡ߬ߙߊ߬ߒߞߋ	2
ߞߊ߬ߡߙߊ߬ߒ߬ߞߋ߬ߦߊ	2
ߞߊ߬ߡߍ߲	2
ߞߊ߬ߡߊ߲	2
ߞߊ߬ߡߊ߯ߟߌ߬	2
ߞߊ߬ߡߊ߲߬	2
ߞߊ߬ߡߊ߲߫	2
ߞߊ߬ߟߌ߯ߝߊ	2
ߞߊ߬ߟߌ߬ߣߍ߲߬	2
ߞߊ߬ߟߌ߬ߡߊ߯ߕߤߌ߬	2
ߞߊ߬ߟߌ߬ߟߌ	2
ߞߊ߬ߟߌ߬ߝߊ߬ߦߊ	2
ߞߊ߬ߟߌߟ	2
ߞߊ߬ߟߊ߯ߘߎ߫	2
ߞߊ߬ߟߊ߯ߘߌ߫	2
ߞߊ߬ߟߊ߲߬ߞߋ߬ߦߊ	2
ߞߊ߬ߞߎ߬ߘߦߊ߬	2
ߞߊ߬ߞߎ߬ߘߊ߬	2
ߞߊ߬ߝߙߌߦߊ	2
ߞߊ߬ߝߏ߬ߢߐ߲߯	2
ߞߊ߬ߛ߳ߌ߯ߙߊ߲߫	2
ߞߊ߬ߛߙߊ߬ߣߍ߲	2
ߞߊ߬ߛߙߊ߫	2
ߞߊ߬ߛߌ߯ߙߊ߲߫	2
ߞߊ߬ߛߌ߬ߕߐ߫	2
ߞߊ߬ߛߌ߬ߕߐ	2
ߞߊ߬ߛߌߛߊ߫	2
ߞߊ߬ߙߏ߲߫	2
ߞߊ߬ߙߌ߬	2
ߞߊ߬ߙߊ߲ߡߐ߮	2
ߞߊ߬ߙߊ߲߬ߣߍ߲ߓߊ߬	2
ߞߊ߬ߙߊ߲߬ߡߐ߰ߓߊ	2
ߞߊ߬ߙߊ߲߬ߡߐ߮	2
ߞߊ߬ߙߊ߲߬ߠߊ߬ߓߊ߫	2
ߞߊ߬ߙߊ߲߬ߠߊ߫	2
ߞߊ߬ߙߊ߲߬ߝߋ߲	2
ߞߊ߬ߙߊ߲߬ߘߋ߲߬	2
ߞߊ߬ߙߊ߲߬ߕߐ߫	2
ߞߊ߬ߙߊ߲߬ߓߏ߲	2
ߞߊ߬ߙߊ߲߬ߓߊ߰	2
ߞߊ߬ߙߊ߲߬ߓߊ߬ߟߌ߬	2
ߞߊ߬ߙߊ߲߬ߓߊߟߌߦߊ	2
ߞߊ߬ߙߊ߬	2
ߞߊ߬ߘߌ߯ߖߌ߫	2
ߞߊ߬ߘߌߖ	2
ߞߊ߬ߖ߭ߊ߯ߓߎ߫	2
ߞߊ߬ߕߌ߲ߓߌߘߌ߲	2
ߞߊ߬ߕߊ߯ߓߌ߫	2
ߞߊ߬ߓߌ߯ߙߊ߲߫	2
ߞߊ߬ߓߌ߯ߙߊ߫	2
ߞߊ߬ߓߌ߬ߟߊ߬	2
ߞߊ߬ߓߌߟߊ	2
ߞߊ߬ߓߊ߫	2
ߞߊߦߘߌ߫	2
ߞߊߦߘߌ	2
ߞߊߦߌߝߌ߬ߡߌ߯ߣߊ߫	2
ߞߊߣߵߏ	2
ߞߊߣߵߊߟߊ߫	2
ߞߊߣߌ߲	2
ߞߊߣߊ߲	2
ߞߊߣߊ߫	2
ߞߊߡߋߙߋ߲߫	2
ߞߊߡߊ߲ߞߎ߲	2
ߞߊߟߓߌߟߞߊ	2
ߞߊߟߌߦߓߊ	2
ߞߊߟߌߦߊߡߍߣߍ߲ߕߐ	2
ߞߊߟߌߦߊ	2
ߞߊߝߎߙߊ	2
ߞߊߛߌ߬ߊߡߊ߫	2
ߞߊߛߌߡߌ߲߫	2
ߞߊߛߌߝߎߟ	2
ߞߊߛߊ߲ߞߋߟߌ	2
ߞߊߙߏߓߊ߫	2
ߞߊߙߌߝߟߊ߫	2
ߞߊߙߊ߲ߡߐ߮	2
ߞߊߙߊ߲ߘߋ߲	2
ߞߊߙߊ߲߫	2
ߞߊߘߌߞߊ߯ߡߊߕߌ߫	2
ߞߊߘߊ߲߫	2
ߞߊߕߙߍ߬ߕߍ߫	2
ߞߊߓߎߛߊ߫	2
ߞߊߓߌߟߊ	2
ߞߊߓߊ߲	2
ߞߊߎߛߙߊ߬	2
ߞߊߌߛߌ߲߫	2
ߞߊ	2
ߝߴߊ߬ߟߎ߬	2
ߝߴߊ߬ߟߋ߬	2
ߝߣߴߊ߬ߙߌ߬ߖߣߍ߬	2
ߝߣߐ߫	2
ߝߣߐߣߍ߲	2
ߝߣߊ߫ߘߐ߫	2
ߝߢߐߟߊߞߍ	2
ߝߡߊ߬ߓߊߟߌߦߊ	2
ߝߡߊߢߊ߯ߙߌ߫	2
ߝߟߍߝߟߍ	2
ߝߟߍ	2
ߝߟߌ߬ߣߍ߲	2
ߝߟߌ߬ߔߌ߲߫	2
ߝߟߌ߬ߓߊ߰ߒߕߋ	2
ߝߟߌߝߟߌ߫	2
ߝߜߍ߫	2
ߝߜߊ߫	2
ߝߛߐߞߐߙߌ߫	2
ߝߛߐߞߐߙߌߦߊ	2
ߝߛߎߞߎ	2
ߝߛߎߝߛߎ	2
ߝߛߍ߬ߝߛߍ߬ߟߌ߬	2
ߝߛߍ߬ߝߛߍ߬ߟߌ	2
ߝߛߍ߬ߝߛߍ߫	2
ߝߛߍߝߛߍ	2
ߝߛߊ߬ߣߍ߲	2
ߝߛߊ߬ߣߍ߲߬	2
ߝߙߏߞߏ߫	2
ߝߙߍ߬	2
ߝߙߍ߫	2
ߝߙߍߕߍ߫ߣߌ߫	2
ߝߙߍߕߍ߫ߠߊ߫	2
ߝߙߍߕߍ߫ߟߏ߯ߟߎ	2
ߝߙߍߕߍߣߍ߲	2
ߝߙߍߕߍߣߍ߲߫	2
ߝߙߍߕߍߡߊ	2
ߝߙߍߕߍߟߌ߫	2
ߝߙߍߕߍߟߌ	2
ߝߙߌߛߌ߫	2
ߝߙߌߛߌ	2
ߝߙߋ߬ߦߊ	2
ߝߙߋ߬ߝߋ߲	2
ߝߙߋߞߋ߫	2
ߝߙߊ߬ߣߴߊ߬	2
ߝߙߊ߬ߣߍ߲	2
ߝߙߊ߬ߓߊ߬ߘߐ߬ߞߊ	2
ߝߙߊ߫	2
ߝߙߊߣߍ߲	2
ߝߙߊߛߊ	2
ߝߙߊߓߊ߲	2
ߝߙߊߓߊ߲߫	2
ߝߙߊ	2
ߝߘߴߊ߬ߟߎ߫	2
ߝߘߏ߬ߣߍ߲߫	2
ߝߘߏ߬ߓߊ	2
ߝߘߎ߬ߝߍ߬ߟߊ	2
ߝߘߎߢߐ߲߯ߦߊ	2
ߝߘߎߞߍߓߊߟߌ	2
ߝߘߎߝߘߎߟߌ	2
ߝߘߌ߫	2
ߝߘߋߓߊ	2
ߝߘߊ߬ߜߍ߬	2
ߝߘߊߣߴߌߟߋ	2
ߝߘߊߡߞߊ	2
ߝߘߊߟߌ߫	2
ߝߘߊߟߌߟߊ	2
ߝߘߊߟߌ	2
ߝߘߊߝߌ߲	2
ߝߕߐ	2
ߝߕߌߣߓߊ߫	2
ߝߕߌߣߊ	2
ߝߐ߲߬ߣߍ߲߫	2
ߝߐ߬ߢߐ߲߯	2
ߝߐ߬ߢߐ߲߮	2
ߝߐ߬ߟߊ	2
ߝߐ߬ߝߐ	2
ߝߐߟߓߊ	2
ߝߐߞߎߘߊ	2
ߝߐߞߊ߲߫	2
ߝߐߝߐ߲߯ߞߐ߫	2
ߝߐߘߊ߫ߟߝߊߙߌ߫	2
ߝߐߘߊߟߝߊߙߌ߫ߝߟߍ߫	2
ߝߐߘߊߟߝߊߙߌ߫	2
ߝߐߍ߲߫	2
ߝߏ߲ߣߊ߲	2
ߝߏ߲ߝߏ߲	2
ߝߏ߯ߛߌ߫	2
ߝߏ߯	2
ߝߏ߲߬ߣߊ߲	2
ߝߏ߲߬ߣߊ߲߫	2
ߝߏ߲߬ߝߏ߲߬ߠߊ	2
ߝߏ߲߬ߘߏ߬ߞߊ߲߬ߠߊ	2
ߝߏ߬ߦߌ߬ߕߊ߬	2
ߝߏ߬ߣߊ߲߬ߕߍ	2
ߝߏ߬ߣߊ߲߫	2
ߝߏ߬ߟߏ߲߬ߝߊ߬ߟߊ߲߬ߕߍ	2
ߝߏ߬ߝߏ߬	2
ߝߏߘߋߓߊ߫	2
ߝߏߘߋߓߊ	2
ߝߎ߲ߝߎ߲	2
ߝߎ߲ߘߌߕߐ߫	2
ߝߎ߲	2
ߝߎ߲߲߯	2
ߝߎ߯ߝߊߕߌ߫	2
ߝߎ߮	2
ߝߎ߲߬ߕߊ߬ߣߌ߲߬	2
ߝߎ߲߬ߕߊߣߌ߲	2
ߝߎ߬ߙߊ߯ߕ	2
ߝߎߦߋ߲ߕߐ	2
ߝߎߦߋ߲߫	2
ߝߎߥߊ߫	2
ߝߎߥߊ	2
ߝߎߣߎ߲ߞߋ߫	2
ߝߎߣߎ߲ߞߋߣߍ߲߫	2
ߝߎߣߎ߲ߞߋߟߡߊ	2
ߝߎߣߎ߲ߞߋ	2
ߝߎߣߎ߲ߛߙߋߦߊ	2
ߝߎߟߍ߫	2
ߝߎߙߋ	2
ߝߎߕߊ߫	2
ߝߍ߲ߡߊ߲߫	2
ߝߍ߯ߦߊ߫	2
ߝߍ߭	2
ߝߍ߲߬ߛߍ߲߫	2
ߝߍ߬ߙߍ	2
ߝߍ߬ߕߐ	2
ߝߍߟߌ	2
ߝߍߊߍ߫	2
ߝߌ߯ߤߌ	2
ߝߌ߯ߡߊ߯	2
ߝߌ߯	2
ߝߌ߲߭	2
ߝߌ߲߬ߣߍ߲	2
ߝߌ߲߬ߣߍ߲߬	2
ߝߌ߬ߦߊߘߌߞߊ߬	2
ߝߌ߬ߟߊ߲߬ߞߊ߬ߝߏ߬ߦߊ	2
ߝߌ߬ߟߊ߲߬ߞߊ߬ߝߏ	2
ߝߌ߬ߟߊߣߍ߲	2
ߝߌ߬ߟߊߝߌ߬ߟߊ߫	2
ߝߌ߬ߛߦߊ߬	2
ߝߌ߬ߛߡߊ߬ߒ߬ߕߋ߬ߦߊ߫	2
ߝߌ߬ߛߡߊ߬ߒ߬ߕߋ߬ߦߊ	2
ߝߌ߬ߛߊ߬ߦߊ߫	2
ߝߌ߬ߛߊ߬ߡߊ߲߬ߒ߬ߕߋ߬ߦߊ	2
ߝߌ߬ߘߣߎߦߊ߯	2
ߝߌ߬ߘߣߎߦߊ߫	2
ߝߌ߬ߘߊ߲߬ߠߊ	2
ߝߌߟߍ߫	2
ߝߌߟߊߣߊ	2
ߝߌߙߌ߲ߛߊ߫	2
ߝߌߘߣߎߦߊ߫	2
ߝߌߘߊ	2
ߝߋ߲ߣߍ߲	2
ߝߋ߲ߜߋ߲߫	2
ߝߋ߲ߛߋ߲߫	2
ߝߋ߲ߕߌ߯ߦߊ	2
ߝߋ߲ߕߌ߯	2
ߝߋ߲ߕߌ߮	2
ߝߋ߲ߓߐߟߊ	2
ߝߋ߲ߓߊ߫	2
ߝߋ߲߬ߣߍ߲	2
ߝߋ߲߬	2
ߝߋ߬ߟߋ߲߬ߝߋ߬ߟߋ߲߬ߣߍ߲	2
ߝߋ߬ߟߋ߲߬ߝߋߟߋ߲	2
ߝߋߎ߲߫	2
ߝߊ߲ߞߊ߲߫	2
ߝߊ߲ߞߊ	2
ߝߊ߲ߝߍߟߊ	2
ߝߊ߲ߜߟߏ	2
ߝߊ߲ߛߊ߲߫	2
ߝߊ߲ߕߊ߲߬ߞߵߊߟߎ߫	2
ߝߊ߲ߕߊ߲߬ߞߵߊߟߊ߫	2
ߝߊ߰ߡߎ߲߬ߦߊ	2
ߝߊ߰ߡߎ߲߬ߠߌ߲߬ߓߊߟߌ	2
ߝߊ߰ߡߎ߲߬ߠߌ߲߬	2
ߝߊ߰ߡߎ߲߫	2
ߝߊ߰ߡߌ߲	2
ߝߊ߰ߟߌ	2
ߝߊ߰ߟߊ	2
ߝߊ߯ߡߎ߲	2
ߝߊ߯ߙߛߌ߫	2
ߝߊ߯ߙߛߌߞߊ	2
ߝߊ߮	2
ߝߊ߲߭ߊߝߊ߲߬	2
ߝߊ߭	2
ߝߊ߲߬ߞߋߟߋ߲	2
ߝߊ߲߬ߞߊ߬ߓߊ	2
ߝߊ߬ߡߴߊ߬	2
ߝߊ߬ߡߊ߫	2
ߝߊ߬ߡߊ	2
ߝߊ߬ߟߌ߬	2
ߝߊ߬ߛߴߊ߬	2
ߝߊ߬ߛߏ߬ߞߊ߲	2
ߝߊ߬ߙߏ߲ߝߊ߬ߙߏ߲	2
ߝߊ߬ߙߌ߯ߘ߭ߊ	2
ߝߊ߬ߙߌ߬ߘߊ	2
ߝߊ߬ߙߊ߲߬ߝߊ߬ߙߊ߲߬ߠߊ	2
ߝߊ߬ߙߊ߲߬ߛߌ߫	2
ߝߊ߬ߘ߭ߊ߯ߟߊ߫	2
ߝߊ߬ߘߌ߲߬ߓߊ߫	2
ߝߊ߬ߘߌ߬ߡߊ߬ߞߏߟߏ߲	2
ߝߊ߬ߘߌ߬ߡߊ߬	2
ߝߊ߬ߘߌ߬ߞߟߊ߬	2
ߝߊ߬ߘߌ߬ߞߟߊ	2
ߝߊ߬ߘߌ߬ߘߐߝߊ߰	2
ߝߊ߬ߘߋ߲߬ߡߊ	2
ߝߊ߬ߘߊ߲߬ߞߟߊ߬ߡߊ	2
ߝߊ߬ߓߏ߲	2
ߝߊߦߌ߲߲߫	2
ߝߊߦߌ߲߫	2
ߝߊߦߌߘߴߊ߬	2
ߝߊߣߌ߲߫	2
ߝߊߢߊ߲	2
ߝߊߟߌ	2
ߝߊߟߊ߲߫	2
ߝߊߛߊ߲߫	2
ߝߊߙߌߕߊߣߍ߲	2
ߝߊߙߊ߲ߝߊ߯ߛߌ߫	2
ߝߊߙߊ߲ߝߊ߯ߛߌ	2
ߝߊߘߟߌ߫	2
ߝߊߘߌߦߊߣߍ߲	2
ߝߊߘߌߦߊߕߐ	2
ߝߊߘߌߦߊߓߐ߫	2
ߝߊߘߌߡߊ߲߫	2
ߝߊߘߌߟߎ߫	2
ߝߊߖߙߌ	2
ߝߊߕ߭ߙߊ	2
ߝߊߕߤߌ߫	2
ߝߊߕߌ߬ߡߊ߬ߕߊ߫	2
ߝߊߕߌ߬ߡߊ߬	2
ߝߊߕߌ߬ߡߊ߫	2
ߝߊߕߌߤߊ	2
ߝߊߕߌߡߊ߬ߕߊ߫	2
ߝߊߕߊ߲ߕߟߌ߫	2
ߝߊߕߊ߲ߕߌߣߍ߲߫	2
ߜߵߊ߬	2
ߜ߭ߌ߬ߡߊ߯ߘߌ߫	2
ߜ߭ߌ߬ߘߊߡߌ߫	2
ߜ߭ߊ߯ߝߌߟߌ߯ߣߊ	2
ߜ߭ߊߦߙߎߞߊ	2
ߜߟߍ߬ߦߴߊ߲	2
ߜߟߍ߬ߦߊ߬ߣߍ߲߬	2
ߜߟߍ߬ߡߊ߲	2
ߜߟߌߡߊ߲ߓߊ	2
ߜߟߋ߬ߞߋ߬ߣߍ߲߫	2
ߜߟߋ߬ߞߋ	2
ߜߟߊߞߏ߫	2
ߜߝߐ߬ߣߍ߲߬	2
ߜߛߋߦߊ	2
ߜߙߐ߬ߟߌ߬	2
ߜߙߐ߬ߟߌ	2
ߜߙߐ߬	2
ߜߙߏ߫	2
ߜߙߍߡߊ	2
ߜߙߋߡߊ߫	2
ߜߙߊ߬ߢߐ߲߯	2
ߜߙߊ߬ߟߌ	2
ߜߙߊ߬ߟߊ	2
ߜߙߊ	2
ߜߘߏ߫	2
ߜߘߍߞߍ߫	2
ߜߐ߲ߘߐ߫	2
ߜߐ߯	2
ߜߐ߬ߝߐ߬ߣߍ߲߬ߓߊ	2
ߜߏ߬ߟߏ	2
ߜߏߦߴߊ߬	2
ߜߏߦߊ	2
ߜߏߡߊ߲	2
ߜߎ߲߬ߘߎ߬ߢߐ߲߮	2
ߜߎߣߴߌ	2
ߜߎߣߍ߲	2
ߜߎߛߎ߲ߞߎ߫	2
ߜߎߒߠߊ	2
ߜߍ߲߬ߠߊ	2
ߜߍ߲߬ߙߍ߲߬ߘߍ߬	2
ߜߍ߲߬ߘߍ߫	2
ߜߍ߲߬	2
ߜߍ߬ߡߍ	2
ߜߍ߬ߟߍ߲߬ߡߴߊ߬	2
ߜߍ߬ߙߍ߲߬ߘߍ߬ߕߍ	2
ߜߍ߬ߙߍ߲߬ߘߍ	2
ߜߍ߬ߘߍ߲	2
ߜߍ߬ߘߍ	2
ߜߍ߬	2
ߜߍߟߍ߲ߓߊ߫	2
ߜߍߟߍ߲ߓߊ	2
ߜߍߞߣߍ߫	2
ߜߍߞߣߍߣߍ߲߫	2
ߜߍߜߘߍ߫	2
ߜߍߛߍ߲ߞߍߙߍ߲	2
ߜߍߓߟߎ߫	2
ߜߍߓߟߎ	2
ߜߌ߬ߙߌ߲߬ߘߌ߫	2
ߜߌ߫	2
ߜߌߟߌ߲ߡߊ߲ߓߊ߫	2
ߜߌߟߌ߲߫	2
ߜߌߜߌ߫	2
ߜߌߙߌ߲ߘߌߣߍ߲	2
ߜߌߙߌ߲ߘߌߣߍ߲߫	2
ߜߌߙߌ߲	2
ߜߌߙߌ߲߫	2
ߜߋ߲ߜߋߟߋ߲	2
ߜߋ߲߬	2
ߜߋ߬ߟߎ߲߬ߓߊ߯	2
ߜߋ߬ߙߋ	2
ߜߋߙߋ߲ߜߋߙߋ߲߫	2
ߜߋߙߊ߫	2
ߜߋߘߋ߲	2
ߜߋߘߋ߲߫	2
ߜߊ߲ߞߎ߲ߠߊ	2
ߜߊ߲ߜߘߊ	2
ߜߊ߲ߜߊߟߌ߲߫	2
ߜߊ߲ߘߋ߲	2
ߜߊ߲ߒߞߎ߲ߠߊ߫	2
ߜߊ߰ߙߊ	2
ߜߊ߲߯ߛߊ߲	2
ߜߊ߲߬ߜߊ߲ߠߊ߬ߜߊߛߌ߫	2
ߜߊ߲߬ߘߐ߬ߝߍߣߍ߲	2
ߜߊ߬ߣߍ߲	2
ߜߊ߬ߣߊ߲߬ߠߊ	2
ߜߊ߬ߛߟߌ߬	2
ߜߊ߬ߛߌ߬ߟߌ߫	2
ߜߊ߬ߛߌ߬ߓߊߟߌ	2
ߜߊ߬ߛߌ߫	2
ߜߊ߲߫	2
ߜߊߣߊ߲	2
ߜߊߟߏ߲߫	2
ߜߊߜߊ	2
ߜߊߛߊ߲ߓߊ	2
ߜߊߛߊ߲	2
ߜߊߙߊ߲ߜߊߙߊ߲߫	2
ߛߴߛߋ߫	2
ߛߴߏ߬	2
ߛߴߊ߬ߟߋ	2
ߛߴߊ߬ߙߌ߬ߖߣߍ߬	2
ߛ߭ߙߌߞߎ	2
ߛ߭ߙߊߡߊ߯	2
ߛ߭ߌ߯ߌ߳ߌߦߊ	2
ߛ߭ߌ߯ߌߦߊ	2
ߛ߭ߌ߬ߝߊ	2
ߛ߭ߌߊ߳ߌߕߊ߬	2
ߛ߭ߊߦߌߓߊ߫	2
ߛ߭ߊߦߌߌ߲߫	2
ߛ߭ߊߝߌ	2
ߛ߭ߊߙߌ߯ߞߊ	2
ߛ߫ߟߊߥߊ߯ߕߎ	2
ߛ߫ߊ߯ߟߌ߬ߤߌ߯ߣߊ	2
ߛ߫ߊ߯ߟߌߤߊߕߎ	2
ߛ߫ߊ߯ߘߌߞ߫ߊ	2
ߛ߫ߊ߬ߤߌ߯ߝߊ߫	2
ߛ߫ߊ߬ߤߌ߯ߝߊߕߎ߫	2
ߛ߫ߊ߬ߟߊ߯ߕߌ߫	2
ߛ߫ߊ߬ߟߊߕߎ߫	2
ߛ߫ߊߤߌ߯ߝߊ	2
ߛ߫ߊߟߎ߯	2
ߛ߫ߊߟߊ߯ߕߌ߮	2
ߛ߫ߊߟߊߦߌߕߊ	2
ߛ߫	2
ߛߦߊ	2
ߛߥߊ߬ߣߌ߲߬ߞߋ	2
ߛߤߎ߬ߙߌ	2
ߛߣߐ߬ߡߍ߬	2
ߛߣߐ߬ߡߍ߫	2
ߛߣߍ߬ߞߍ߬ߟߊ߫	2
ߛߣߍ߬ߝߋ߲߬	2
ߛߣߍߣߍ	2
ߛߣߍߡߊ	2
ߛߣߊ߬ߛߌ߬	2
ߛߣߊ߬ߌ	2
ߛߣߊߡߎ߲ߘߐߦߊ	2
ߛߡߐ߬ߣߍ߫	2
ߛߡߍߘߍ	2
ߛߡߌߘߌ߫	2
ߛߡߊ߬ߥߊ߯ߕߌ߬	2
ߛߡߊ߬ߛߋ߲߬	2
ߛߡߊߥߊ߯ߕߌ	2
ߛߟߴߊ߬	2
ߛߟߐ߲ߠߌ߲߫	2
ߛߟߐߡߌ߲߫	2
ߛߟߐ	2
ߛߟߏ߬ߣߊ߬ߟߌ߬ߓߊ	2
ߛߟߏ߬ߣߊ߬ߟߌ߬	2
ߛߟߏ߬ߣߊ߬ߟߊ߫	2
ߛߟߏ߬ߣߊ	2
ߛߟߏ߬ߡߣߊ߬	2
ߛߟߏ߬ߡߣߊ߫	2
ߛߟߏߞߊ	2
ߛߟߊ߬ߦߊ߬	2
ߛߟߊ߬ߡߊ߬ߟߋ߬ߞߎ߲߬	2
ߛߟߊߡߕߊ߫	2
ߛߟߊߡߊ߫	2
ߛߟߊߡߊߦߟߍߡߊ߲	2
ߛߟߊߕߌ߯	2
ߛߞߎ߬ߟߊ	2
ߛߞߎ߬	2
ߛߞߎ	2
ߛߞߋߟߊ	2
ߛߞߊ߬ߝߌ	2
ߛߛߊߣߌ߲ߧߊ	2
ߛߛߊߟߌߡߊߞߟߌ	2
ߛߙߐߙߐ	2
ߛߙߌߟߊ߲ߞߊ߫	2
ߛߙߋ߬ߝߎ߬	2
ߛߙߋ߬ߝߎ	2
ߛߙߋߦߊߣߍ߲߫	2
ߛߙߊ߬ߣߎ߲ߠߋ߬	2
ߛߙߊ߬ߣߎ߲ߓߊ߫	2
ߛߙߊ߬ߣߎ߲߬ߦߊ߬ߟߊ߫	2
ߛߙߊ߬ߓߊ߯	2
ߛߙߊ߬ߓߊ߫	2
ߛߙߊ߬ߒ߬ߞߊ߲߬ߠߊ߬	2
ߛߙߊߟߌ߫	2
ߛߙߊߟߊ	2
ߛߙߊߘߋ߲	2
ߛߙߊߖߋ߭	2
ߛߙߊߕߌ߫	2
ߛߘߍߡߊ߲ߓߊ	2
ߛߘߍߡߊ߲	2
ߛߘߌߜߊ߬	2
ߛߘߊ߬ߞߊ߬	2
ߛߘߊߡߊߒߞߊ߲ߠߊ	2
ߛߘߊߡߊ	2
ߛߘߊߟߊߟߊ߫	2
ߛߘߊߞߊߓߐ	2
ߛߖߞߊ	2
ߛߕߌ߬	2
ߛߕߊ߫	2
ߛߓߟߏߞߍ	2
ߛߓߐߒߖߘߍߘߐ߫	2
ߛߓߎ߬ߤߊ߯ߣߞߊ	2
ߛߓߎߤߣߊߟߊ߯ߤߌ	2
ߛߓߎߤߊ߯ߣߊ߫	2
ߛߓߍ߬ߣߊ߲߬	2
ߛߓߍ߬ߘߏ߲	2
ߛߓߍ߬ߘߏ߲߬ߠߊ	2
ߛߓߍ߬ߘߋ߲߬ߧߊ	2
ߛߓߍߦߟߊ߫	2
ߛߓߍߦߊ	2
ߛߓߍߣߴߏ߬	2
ߛߓߍߣߴߏ	2
ߛߓߍߟߌ߫	2
ߛߓߍߟߌߟߊ	2
ߛߓߍߟߌߕߐ	2
ߛߓߍߜߟߏ߫	2
ߛߓߍߜߟߏ	2
ߛߓߍߛߎ߲߫	2
ߛߓߍߘߋ߲	2
ߛߓߍߘߋ߲߫	2
ߛߓߊ߯ߙߊ	2
ߛߓߊߙߊ߲߫	2
ߛߓߊߓߎ߫	2
ߛߐ߲ߞߢߊ	2
ߛߐ߲ߞߐߛߐ߲ߞߐ	2
ߛߐ߲ߞߐ	2
ߛߐ߲	2
ߛߐ߰ߣߍ߲߬	2
ߛߐ߰ߡߘߊ߬	2
ߛߐ߰ߡߊ߬ߟߊ	2
ߛߐ߰ߡߊ߬ߘߊ	2
ߛߐ߰ߡߊ߬	2
ߛߐ߰ߡߊ	2
ߛߐ߰ߙߊ߲߬ߧߊ߬	2
ߛߐ߲߭	2
ߛߐ߲߬ߣߍ߲	2
ߛߐ߲߬ߞߏ߫	2
ߛߐ߲߬ߞߍ߬ߣߍ߲ߊ	2
ߛߐ߲߬ߛߎߡߊ	2
ߛߐ߬ߛߐ߬ߟߌ߬ߢߐ߲߰ߦߊ	2
ߛߐ߬ߛߐ߬ߟߌ߫	2
ߛߐ߬ߛߐ߬ߟߊ	2
ߛߐ߬ߘߐ߲߬ߣߍ߲	2
ߛߐ߬ߘߐ߬	2
ߛߐ߬	2
ߛߐߝߋ߲߫	2
ߛߐߛߐ߫	2
ߛߐߛߐߟߌ߫	2
ߛߐߛߐߟߌ	2
ߛߐߍ߫	2
ߛߏ߰ߟߊ߫	2
ߛߏ߲߬ߧߊ߬ߟߌ߬	2
ߛߏ߬ߟߌ߬ߡߊ	2
ߛߏ߬ߟߊ	2
ߛߏ߬ߓߌ߫	2
ߛߏ߬	2
ߛߏߣߍ߲߫	2
ߛߏߡߦߊ	2
ߛߏߡߊߦߟߍߡߊ߲߫	2
ߛߏߟߌ	2
ߛߏߙߌߢߊ߲	2
ߛߏߙߌ	2
ߛߏߙߊ߫	2
ߛߏߓߊ߫	2
ߛߎ߲ߣߍ߲	2
ߛߎ߲ߠߞߊߘߴߌ	2
ߛߎ߲ߘߏ߲ߓߊߟߌ	2
ߛߎ߲ߘߏ߲߫	2
ߛߎ߲ߕߍ߯	2
ߛߎ߲ߕߊ߫	2
ߛߎ߲ߓߎ߫	2
ߛߎ߲߰ߕߟߋ߬	2
ߛߎ߲߰ߕߟߋ	2
ߛߎ߰ߙߌ	2
ߛߎ߯ߦߊ߫	2
ߛߎ߯ߙߊ߫ߞߊ߬ߣߌ߲߫	2
ߛߎ߯ߎߛߎ߫	2
ߛߎ߭ߜߋ߲	2
ߛߎ߬ߦߊߦߌߟߎ߫	2
ߛߎ߬ߤߊߦߌߟߎ߫	2
ߛߎ߬ߤߊߌߓߎ߫	2
ߛߎ߬ߣߐ߰ߣߍ߲	2
ߛߎ߬ߣߐ߰ߟߊ	2
ߛߎ߬ߣߐ	2
ߛߎ߬ߣߎߥߊ߫	2
ߛߎ߬ߡߎ߲߬ߣߌ߲	2
ߛߎ߬ߡߎ߲߬	2
ߛߎ߬ߡߊ߲߬ߓߊ߬	2
ߛߎ߬ߡߊߡߊ߫	2
ߛߎ߬ߟߎ߯ߟߎ߫	2
ߛߎ߬ߟߎߟ	2
ߛߎ߬ߟߋ߬ߡߊߣߌ߲߫	2
ߛߎ߬ߟߋ߬ߡߊߣ	2
ߛߎ߬ߟߊ߬	2
ߛߎ߬ߟߊߦߡߌ߫	2
ߛߎ߬ߟߊ	2
ߛߎ߬ߞߏ߬ߦߊ	2
ߛߎ߬ߞߎ	2
ߛߎ߬ߞߊ߬ߟߌ߬ߟߊ	2
ߛߎ߬ߙߊ߬ߞߕߊ߬	2
ߛߎ߬ߘߎ߲߬ߧߴߊ߬ߟߎ߬	2
ߛߎ߬ߘߎ߲߬ߧߊ	2
ߛߎ߬ߊߦߓߌ߫	2
ߛߎ߬ߊߦߌߓߌ߲߫	2
ߛߎ߫ߛߋ	2
ߛߎߥߊ߲ߘߌ	2
ߛߎߣߌߦߊ	2
ߛߎߣߊߕߎ	2
ߛߎߡߦߊ	2
ߛߎߡߊ߲ߠߌ߲	2
ߛߎߡߊ߲߫	2
ߛߎߡߊߣߍ߲	2
ߛߎߡߊߡߊ߲ߓߊ	2
ߛߎߡߊߙߋߦߊ	2
ߛߎߝߙߎ	2
ߛߎߝߌߦߣߊ߫	2
ߛߎߝߌߦߊ߯ߣߊ߫	2
ߛߎߘߎ߲	2
ߛߎߓߤߊߣߊ߫	2
ߛߎߓߎ߬ߤߊ߯ߣߊ߬ߟߊ߯ߤߌߟ	2
ߛߎߓߎ߬ߤߊ߯ߣߊ	2
ߛߎߓߊ߯ߦߊ	2
ߛߎߎߛߎ߬	2
ߛߍ߲ߞߍߟߌ	2
ߛߍ߲ߓߍ	2
ߛߍ߱	2
ߛߍ߰ߣߍ߲߬ߓߊ	2
ߛߍ߯ߟߋ߲	2
ߛߍ߯ߛߍ߯	2
ߛߍ߯	2
ߛߍ߲߬ߓߍ߬ߣߍ߲߫	2
ߛߍ߲߬ߓߍ߬	2
ߛߍ߬ߣߍ߫	2
ߛߍ߬ߓߍ	2
ߛߍߥߊ߬ߣߍ߲߫	2
ߛߍߥߊߣߍ߲	2
ߛߍߥߊߣߍ߲߫	2
ߛߍߣߍ߲	2
ߛߌ߲ߞߐ߲ߡߌߘߊ	2
ߛߌ߲ߞߋߟߋ߲ߡߌ߲߫	2
ߛߌ߲ߞߊ߫	2
ߛߌ߲ߞߊ	2
ߛߌ߲ߜߌ߲	2
ߛߌ߲ߖߌ߫	2
ߛߌ߲	2
ߛߌ߰ߣߍ߲߫	2
ߛߌ߰ߢߐ߲߰ߡߊ	2
ߛߌ߰ߢߐ߲߰	2
ߛߌ߰ߢߐ߲߯	2
ߛߌ߰ߢߐ߮	2
ߛߌ߰ߘߊ߬ߖߘߌ	2
ߛߌ߰ߘߊ߬	2
ߛߌ߰ߘߊ߫	2
ߛߌ߰ߘߊߡߌ߬ߛߙߌ	2
ߛߌ߰ߘߊߞߏߟߋ߲	2
ߛߌ߰ߘߊߞߎߟߎ߲	2
ߛߌ߰ߘߊߞߊߓߙߎ	2
ߛߌ߰ߘߊߛߊ߰ߓߊ	2
ߛߌ߰ߘߊߛߊߣߌ߲	2
ߛߌ߰ߘߊߘߐ߫	2
ߛߌ߰ߘߊߖߞߊ	2
ߛߌ߰ߘߊߖߊ߲߬ߞߊ߬ߙߏ߬ߕߐ	2
ߛߌ߯ߓߊ߯	2
ߛߌ߯ߓߊ߮	2
ߛߌ߯	2
ߛߌ߮߰ߣߍ߲	2
ߛߌ߲߬ߝߏ߲	2
ߛߌ߬ߦߊ߬ߡߊ߲߬	2
ߛߌ߬ߤߊ߯ߓߎ߫	2
ߛߌ߬ߤߊ߯ߓߌ߫	2
ߛߌ߬ߣߌ߲߬ߟߏ	2
ߛߌ߬ߣߊ	2
ߛߌ߬ߢߣߊ	2
ߛߌ߬ߡߊ߲߬	2
ߛߌ߬ߟߡߊ߬ߢߐ߮	2
ߛߌ߬ߛߍ߬	2
ߛߌ߬ߛߌ߫	2
ߛߌ߬ߛߌ	2
ߛߌ߬ߛߋ߫	2
ߛߌ߬ߕߌ߫	2
ߛߌ߬ߓߏ߬ߢߐ߲߰ߦߊ߬	2
ߛߌ߬ߓߏ	2
ߛߌ߬ߓߊ߲ߘߊ	2
ߛߌߦߴߊ߬ߟߎ߬	2
ߛߌߦߊ	2
ߛߌߥߊ߫	2
ߛߌߣߍߣߍ߲߫	2
ߛߌߟߡߊ	2
ߛߌߟߓߊ߫	2
ߛߌߟߊߘߏ߫	2
ߛߌߟߊߘߋ߲	2
ߛߌߞߊ	2
ߛߌߜߍ	2
ߛߌߛߌߘߊ	2
ߛߌߙߋ߲	2
ߛߌߘߌ߲ߣߍ߲	2
ߛߌߘߌ߲߫	2
ߛߌߓߊ߮	2
ߛߋ߲ߛߋ߲߫	2
ߛߋ߰ߘߎ߬ߦߊ߫	2
ߛߋ߲߬ߧߊ߬ߊ	2
ߛߋ߲߬ߡߊ߬ߘߏ߲߫	2
ߛߋ߲߬ߠߊ߬ߡߊ	2
ߛߋ߲߬ߠߊ߬ߞߊߟߌߦߊ߫	2
ߛߋ߲߬ߞߛߐ߬ߟߊ߬	2
ߛߋ߲߬ߞߘߐ߫	2
ߛߋ߲߬ߛߡߊߘߊ߫	2
ߛߋ߲߬ߛߡߊߘߊ	2
ߛߋ߲߬ߕߏ߲ߕߏߟߌ߲	2
ߛߋ߲߬ߕߊ߬	2
ߛߋ߲߬ߓߍ߲	2
ߛߋ߲߬ߓߊ	2
ߛߋ߲߫	2
ߛߋߣߴߏ߬	2
ߛߋߞߏ߫	2
ߛߋߞߎ߫	2
ߛߋߕߐ߫	2
ߛߋߕߐ	2
ߛߋߒߞߏߟߦߊ	2
ߛߋߒߓߘߊߟߌ	2
ߛߊ߲ߣߍ߲߫	2
ߛߊ߲ߞߌߘߊ߲	2
ߛߊ߲ߞߊ߫	2
ߛߊ߲ߞߊߛߏ߫	2
ߛߊ߲ߞߊߙߊ߲߫	2
ߛߊ߲ߝߍߟߊ	2
ߛߊ߲ߜߊ߫	2
ߛߊ߲ߘߐߟߊ	2
ߛߊ߲ߘߐߕߊ	2
ߛߊ߲ߓߙߍ߬ߟߋ߲	2
ߛߊ߲ߓߊ	2
ߛߊ߰ߡߐߣߍ	2
ߛߊ߰ߛߊ߯	2
ߛߊ߯ߦߓߌ߫	2
ߛߊ߯ߡߍߦߟߊ	2
ߛߊ߯ߟߌߡߎ߲߫	2
ߛߊ߯ߛߊ߯	2
ߛߊ߯ߘߊߟߌ	2
ߛߊ߯ߘߊߓߊ߮	2
ߛߊ߭ߝߙߎ߬ߟߊߦߌ߫	2
ߛߊ߲߬ߠߌ߲߬ߠߊ	2
ߛߊ߲߬ߠߌ߲߬	2
ߛߊ߲߬ߠߊ߬ߞߊ	2
ߛߊ߲߬ߠߊ߬ߝߌ߲	2
ߛߊ߲߬ߞߊ߬ߛߋ߲߬	2
ߛߊ߲߬ߜߊ߲	2
ߛߊ߲߬ߓߊ߮	2
ߛߊ߲߬ߊߛߊ߲	2
ߛߊ߲߬ߊߛߊ߲߬	2
ߛߊ߬ߦߌ߲߬ߕߐ߫	2
ߛߊ߬ߦߌ߲߬ߕߐ	2
ߛߊ߬ߦߌ߬ߕߐ߬	2
ߛߊ߬ߦߌ߫	2
ߛߊ߬ߥߏ߬ߦߊ߬	2
ߛߊ߬ߥߏߘߏ߲߬	2
ߛߊ߬ߣߴߊ߬ߟߎ߬	2
ߛߊ߬ߣߴߊ߬	2
ߛߊ߬ߣߌ߫	2
ߛߊ߬ߣߊ߲߬ߞߎ߲	2
ߛߊ߬ߡߘߊ	2
ߛߊ߬ߡߐ߮	2
ߛߊ߬ߡߊ߲߬ߕߐ	2
ߛߊ߬ߡߊ߲߬ߕߊ	2
ߛߊ߬ߟߌ߯ߡߌ߫	2
ߛߊ߬ߟߌ߯ߡߊ߫	2
ߛߊ߬ߟߌ߬ߟߊ	2
ߛߊ߬ߟߊ߯ߡߎ߲	2
ߛߊ߬ߟߊ߯ߡߎ߬	2
ߛߊ߬ߟߊ߯ߡߎ߫	2
ߛߊ߬ߟߊߤ	2
ߛߊ߬ߟߊߕߎ	2
ߛߊ߬ߞߌ߯ߝߎ߫	2
ߛߊ߬ߝߍ߬	2
ߛߊ߬ߝߌ߬ߌߦߎ߫	2
ߛߊ߬ߛߊ߬ߝߍ	2
ߛߊ߬ߙߴߊ߬	2
ߛߊ߬ߙߌ߬	2
ߛߊ߬ߕߐ߫	2
ߛߊ߬ߓߤߌ߫	2
ߛߊ߬ߓߊ߮ߏ߬	2
ߛߊ߬ߓߊ߮	2
ߛߊ߬ߓߊ߫ߛߊ߬ߓߊ߫	2
ߛߊ߬ߓߊߛߓߊ߬	2
ߛߊ߬ߎ߯ߘߎ߬	2
ߛߊ߬ߎ߬ߙߌ߫	2
ߛߊߦߙߌ߯ߣ	2
ߛߊߦߌߘߌ߬ߣߊ߫	2
ߛߊߥߙߎ߫	2
ߛߊߥߎ߬ߓߊ߲߫	2
ߛߊߤߌ߫	2
ߛߊߣߌ߲ߧߴߊߟߊ߫	2
ߛߊߣߌ߲ߧߊߟߊ߲	2
ߛߊߣߌ߲ߧߊߓߊ߯ߕߐ	2
ߛߊߣߌ߲ߡߊ߲߫	2
ߛߊߣߌ߫	2
ߛߊߣߌߡߊ߲	2
ߛߊߣߌߡߊ߲߫	2
ߛߊߡߍߦߊ	2
ߛߊߡߌ߲ߞߊ	2
ߛߊߡߌ߲	2
ߛߊߡߌߊ߳ߊߟ	2
ߛߊߡߌߊߟߊ߯ߤߎ	2
ߛߊߟߴߊ߬	2
ߛߊߟߖߌߡߌߘߊߟߊ߲	2
ߛߊߟߖߌߡߌߘߊߟߊ߲߫	2
ߛߊߟߌߢߊ	2
ߛߊߟߌߡߎ߫	2
ߛߊߟߌߡߊ߲߫	2
ߛߊߟߌߡߊߣ	2
ߛߊߟߌߡߊߞߟߌ	2
ߛߊߟߌߟߏ߲	2
ߛߊߟߌߟߊ߫	2
ߛߊߟߌߝߣߊ߫	2
ߛߊߟߌߘߊ߮	2
ߛߊߟߌߕߐ߫	2
ߛߊߟߌߓߎ߯ߘߌ߫	2
ߛߊߟߌߓߎ߯ߘߌ	2
ߛߊߟߌߓߊߟߌߦߊ	2
ߛߊߟߊ߫	2
ߛߊߞߍߟߌ	2
ߛߊߞߍߓߊ߮	2
ߛߊߝߏ߫	2
ߛߊߝߌߎ߫	2
ߛߊߙߌߣߍ߲߫	2
ߛߊߙߌߝߊ߫	2
ߛߊߘߊ߲	2
ߛߊߖߟߌ	2
ߛߊߓߎ߫	2
ߛߊߓߎߖߎ߯ߦߊ	2
ߛߊߎߙߊ߫	2
ߛߊߎߓߊ߲߫	2
ߛߊ	2
ߙߤߊߡߊߣ	2
ߙߤߊߡߊߕߌߞߊ߫	2
ߙߖ߭ߊߞ	2
ߙߓߓߊߣߊ߯	2
ߙߓߊߣߊ߯	2
ߙߓߊߣߊ߮	2
ߙߎ߯ߤߊ߯ߣߌߦߊ	2
ߙߎ߯ߤߊ	2
ߙߎ߬ߞߌߦߊ߬	2
ߙߎߡߊ߲߫	2
ߙߎߡߊ߫	2
ߙߎߞߌ߬ߓߊ߯	2
ߙߌ߬ߦߊ߯ߘ߭ߎ߬	2
ߙߌ߬ߤߊ߯ߟߌ߫	2
ߙߌ߬ߞߊ߯ߖ߭	2
ߙߌ߬ߝߊ߯ߌ߫	2
ߙߌ߬ߝߊ߯ߊߕߎ߫	2
ߙߌߘ߭ߊ߯	2
ߙߊ߯ߤߌߡߌ߯ߣߊ߬	2
ߙߊ߯ߝߌߎ߫	2
ߙߊ߬ߦߊ߯ߣ	2
ߙߊ߬ߛ߭ߌ߯ߘ	2
ߙߊ߬ߛߎ߯ߟߎߟߊ߯ߤߌ߫	2
ߙߊ߬ߛߎ߯ߟߌ߬ߟߊ߯ߤߌ߫	2
ߙߊ߬ߖߌ߯ߡߌ߫	2
ߙߊ߬ߖߌ߯ߡߌ	2
ߙߊ߬ߓߌ߯ߊ߳ߊ߫	2
ߙߊ߬ߓߌ߯ߊ߫	2
ߙߊ߬ߓߌߟߊ߳ߙߛ߭ߌ	2
ߙߊ߬ߓߌߟߊ߳ߊ߯ߟߊ߬ߡߌ߯ߣߊ߫	2
ߙߊ߬ߓߌߊ߫	2
ߙߊߥߎߘ߭ߊ	2
ߙߊߡߎߛߊ߫	2
ߙߊߝߌߎ߫	2
ߙߊߖ߭ߊ߯ߞ	2
ߙߊߖߌ߬ߊ߳ߎ߯ߣߊ߫	2
ߙߊߓߓߌߟߊ߯ߟߊߡߌ߯ߣߊ߫	2
ߙߊߓߌ߮	2
ߙߊߓߌߟߊߊ߳ߟߊ߯	2
ߙߊߓߌߟ	2
ߙߊߓߊ߬ߣߊ߯	2
ߙߊߓߊߣߊ߯	2
ߘߴߌߘߐ߫	2
ߘߴߊ߬ߡߊ߬	2
ߘߴߊ߬ߟߌ߬ߞߊ߯ߓߊ߫	2
ߘߴߊ߬ߙߌ߬ߖߣߍ߫	2
ߘߴߊ߬ߓߊ߯ߛߌ߬	2
ߘߴߊߟߊ߯ߤߎ߫	2
ߘߤߊ߫	2
ߘߣߴߌ	2
ߘߡߊ߬ߦߌ߬ߙߊ߬	2
ߘߡߊߢߌߣߌ߲	2
ߘߡߊߢߌߣߌ߲߫	2
ߘߟߊ߫	2
ߘߟߊߥߊ߬ߦߌ߲߫	2
ߘߟߊߡߌ߬ߘߊ߬	2
ߘߟߊߡߌ߬ߘߊ	2
ߘߟߊߡߌߘߊߟߌ	2
ߘߟߊߝߎ߬	2
ߘߟߊߝߎ߫	2
ߘߟߊߝߎߟߌߟߊ	2
ߘߟߊߛߌ	2
ߘߟߊߖߊ߬	2
ߘߟߊߕߎ߲߮	2
ߘߝߴߊ߬	2
ߘߝߴߊߟߎ߫	2
ߘߝߐ	2
ߘߝߊ߬ߢߐ߲߰ߦߊ	2
ߘߛߍߣߴߊ߬	2
ߘߛߍߣߍ߲	2
ߘߛߍߕߊ߫	2
ߘߛߍߓߊ߯ߕߐ	2
ߘߛߍߓߊ߮	2
ߘߙߐߡߍ	2
ߘߙߎ߬ߣߍ߲	2
ߘߙߎ߬ߞߕߐ߬	2
ߘߙߎ߬ߛߌ߬	2
ߘߙߎ߬	2
ߘߙߍ߬	2
ߘߙߌ߬ߤߊߡߎ߲	2
ߘߙߌ߬ߞߌ߬ߓߊ	2
ߘߙߌ߬ߞߌ߫	2
ߘߙߌߞߌ	2
ߘߙߊ߬ߤߌ߬ߡߊ߬	2
ߘߙߊ߬ߞߊ߯ߕߎ	2
ߘߙߊ߬ߖߊ߯ߕߎ	2
ߘߙߊߖߊߕߎ	2
ߘߙߊߖߊ	2
ߘߕߐ߬ߛߟߌ߬	2
ߘߕߐߛߌ߫	2
ߘߓߍ߬	2
ߘߓߍ߫	2
ߘߓߍߘߐߘߌ	2
ߘߓߌ߬ߘߓߌ߬	2
ߘߐ߲ߘߐ߫	2
ߘߐ߲ߘߐߟߌ	2
ߘߐ߰ߡߊ߲߬ߣߍ߲߬	2
ߘߐ߰ߘߏ߲߬	2
ߘߐ߰ߕߐ߫	2
ߘߐ߰	2
ߘߐ߯ߦߴߊ߬ߟߎ߬	2
ߘߐ߯ߦߡߊ	2
ߘߐ߯ߡߛߏ߫	2
ߘߐ߯ߡߊ߲߫	2
ߘߐ߲߬ߞߟߌ߬ߟߊ߬ߟߊ	2
ߘߐ߲߬ߞߌ߲ߣߌ߫ߣߌ߫ߡߍ߲	2
ߘߐ߲߬ߞߌ߲߬ߡߊ߬ߞߐߣߐ߲	2
ߘߐ߲߬ߘߐ߲߬ߣߍ߲	2
ߘߐ߬ߢߌ߬ߣߌ߲߬ߞߊ߬ߟߌ	2
ߘߐ߬ߟߐ	2
ߘߐ߬ߞߣߍ߬ߟߌ	2
ߘߐ߬ߝߙߊ߬ߟߊ	2
ߘߐ߬ߝߘߊ	2
ߘߐ߬ߝߏ߲߰ߓߌ߬ߟߌ	2
ߘߐ߬ߝߊ߮	2
ߘߐ߬ߜߟߍ߬ߦߊ߬ߣߍ߲	2
ߘߐ߬ߜߟߍ߬ߦߊ߬ߟߌ	2
ߘߐ߬ߜߟߍ߬ߦߊ߬ߓߊߟߌ	2
ߘߐ߬ߜߍ߬ߟߌ߬	2
ߘߐ߬ߜߍ߬ߘߍ߲߬	2
ߘߐ߬ߜߍߘߍ߲	2
ߘߐ߬ߛߊ߬ߦߌ߬ߛߊ߬ߦߟߌ߬	2
ߘߐ߬ߛߊ߬ߡߊ߲߬	2
ߘߐ߬ߛߊ߬ߙߌ߬	2
ߘߐ߬ߘߌߦߊ	2
ߘߐ߬ߖߊ߲߰ߘߌ߬ߟߌ	2
ߘߐ߬ߖߊ߬ߕߊ߫	2
ߘߐ߬ߖߊ߬	2
ߘߐ߬ߕߌߢߍ	2
ߘߐ߬ߓߍ߲	2
ߘߐ߫ߟߞߏ߫	2
ߘߐ߫ߙߊߕߌߓߊߕߎ	2
ߘߐߦߙߌߥߴߊ߬	2
ߘߐߦߙߌߥߊ߫	2
ߘߐߥߟߏߡߊ߫	2
ߘߐߥߎ߯ߙߌ	2
ߘߐߣߐ߰ߦߊ	2
ߘߐߣߐ߲߯ߦߊ	2
ߘߐߢߌ߬ߣߌ߲߬ߞߴߊ߬	2
ߘߐߢߌ߬ߣߌ߲߬ߞߊ߬	2
ߘߐߢߌ߬ߞߌ߲߬ߞߊ߬	2
ߘߐߡߌ߬ߘߊ߬	2
ߘߐߡߌ߬ߘߊ߫	2
ߘߐߡߊ߬ߣߌ߲߬ߞߌ߫	2
ߘߐߟߴߊ߬	2
ߘߐߟߐ߬ߣߍ߲	2
ߘߐߞߣߍ	2
ߘߐߞߛߎߞߛߎ	2
ߘߐߞߙߎ߬ߣߍ߲	2
ߘߐߞߘߌ	2
ߘߐߞߐ߬ߣߐ߲߬	2
ߘߐߞߏ߭	2
ߘߐߞߏ߬ߙߏ߲߬ߞߊ߬ߙߊ߲߬	2
ߘߐߞߏߦߊߕߏ߫	2
ߘߐߞߍ	2
ߘߐߞߊ߬ߙߊ߲߬	2
ߘߐߞߊߘߌ߫	2
ߘߐߞߊߘߌ	2
ߘߐߝߛߊ߬ߣߍ߲	2
ߘߐߝߙߊ߫	2
ߘߐߝߙߊߝߙߊ߫	2
ߘߐߝߘߴߊ߲	2
ߘߐߝߘߴߊߟߎ߫	2
ߘߐߝߘߍ߬	2
ߘߐߝߘߊߣߍ߲߫	2
ߘߐߝߘߊߕߊ	2
ߘߐߝߏ߲߰ߓߌ߬	2
ߘߐߝߎߟߋ߲	2
ߘߐߝߍ߲߬ߛߍ߲߫	2
ߘߐߝߌ߲߭	2
ߘߐߜߟߍ߬ߦߊ߬ߣߍ߲	2
ߘߐߜߟߍ߬ߦߊ߬ߣߍ߲߫	2
ߘߐߜߟߍ߬ߦߊ߬ߓߊ߮	2
ߘߐߜߟߍ߬ߦߊ߬ߓߊߟߌ	2
ߘߐߜߟߍ߬ߦߊ	2
ߘߐߜߟߌߡߊ߲߫	2
ߘߐߜߍ߬ߘߍ߲߫	2
ߘߐߜߍߟߊ	2
ߘߐߜߍߓߊ߮	2
ߘߐߜߍߓߊ	2
ߘߐߛߏ߯ߙߋ	2
ߘߐߛߏߛߊ߫	2
ߘߐߛߌ߱	2
ߘߐߛߌ߰	2
ߘߐߛߌ߮	2
ߘߐߛߊ߬ߦߌ߲	2
ߘߐߛߊ߬ߦߌ߲߬	2
ߘߐߛߊ߬ߦߌߛߊ߬ߦߌ߬	2
ߘߐߛߊߙߌ߫	2
ߘߐߛߊߙߌߕߐ߫	2
ߘߐߘߏ߲߬	2
ߘߐߘߎ߲߬ߧߊ߬ߓߊ߮	2
ߘߐߘߌߦߊ߫	2
ߘߐߘߌߦߊ	2
ߘߐߗߍ߫	2
ߘߐߖߐ߲߰ߛߐ߫	2
ߘߐߖߌ߰	2
ߘߐߖߊ߭	2
ߘߐߖߊ߬ߣߍ߲	2
ߘߐߖߊ߬ߣߍ߲߫	2
ߘߐߖߊ߬ߙߊ߲	2
ߘߐߕߟߊߣߍ߲߫	2
ߘߐߕߐ߬ߡߐ߲߬	2
ߘߐߕߏ߰ߝߏ߬ߕߊ߯ߝߊ߫	2
ߘߐߕߋ߬	2
ߘߐߕߊ߯ߡߊ߫	2
ߘߐߓߍ߲	2
ߘߏ߲ߞߏ	2
ߘߏ߲ߛߏ	2
ߘߏ߲ߓߏ߫	2
ߘߏ߲ߓߊߟߌߦߊ	2
ߘߏ߲ߓߊߟߌ	2
ߘߏ߲߱	2
ߘߏ߲߰ߣߍ߲߬	2
ߘߏ߲߰ߘߌ߬ߣߍ߲߫	2
ߘߏ߲߰ߘߌ߫	2
ߘߏ߲߯	2
ߘߏ߮	2
ߘߏ߲߬ߣߴߏ߬	2
ߘߏ߲߬ߣߍ߲	2
ߘߏ߲߬ߠߊ	2
ߘߏ߲߬ߞߏ߫	2
ߘߏ߲߬ߝߘߎ߬ߟߊ߫	2
ߘߏ߲߬ߘߏߙߌ	2
ߘߏ߲߬ߘߊ߬	2
ߘߏ߲߬ߘߊ	2
ߘߏ߲߬ߖߟߎ߬ߡߊ߬ߟߌ	2
ߘߏ߲߬ߕߐ	2
ߘߏ߬ߣߌ߲߬ߣߍ߲߬	2
ߘߏ߬ߣߌ߲߫	2
ߘߏ߬	2
ߘߏ߲߫	2
ߘߏߣߍ߲	2
ߘߏߣߍ߲߫	2
ߘߏߣߌ߲	2
ߘߏߝߙߍߕߍߘߊ	2
ߘߏߝߙߍ	2
ߘߎ߲ߣߍ߲߫	2
ߘߎ߰ߡߟߊ߬	2
ߘߎ߰ߡߊ߬ߝߋ߲߬	2
ߘߎ߰ߡߊ߬ߝߋ߲߫	2
ߘߎ߰ߟߊ	2
ߘߎ߰ߞߟߏ߬	2
ߘߎ߰ߙߋ߲߫	2
ߘߎ߰ߕߟߊ߬	2
ߘߎ߰ߓߊ	2
ߘߎ߯ߞߟߏ	2
ߘߎ߲߬ߧߊ	2
ߘߎ߲߬ߘߎ߬ߣߴߊ߬	2
ߘߎ߬ߥߊ߬ߎ߫	2
ߘߎ߬ߛߊ߬	2
ߘߎ߬ߓߊ߯ߊߕߎ߫	2
ߘߎߥߊߞߐߞߊ	2
ߘߎߥߊߎ	2
ߘߎߢߡߊߞߘߐ߬ߡߊ߲߫	2
ߘߎߢߊߘߐߕߍ߮	2
ߘߎߡߋ	2
ߘߎߡߊ߲߫	2
ߘߎߡߊ߫	2
ߘߎߡߊߣߍ߲	2
ߘߎߟߋ߲ߧߊ߫	2
ߘߎߟߋ߲ߦߊ߫	2
ߘߎߟߋ߲ߡߊ	2
ߘߎߟߋ߲߫	2
ߘߎߓߴߊ߲	2
ߘߎߓߴߊ߬ߟߎ߬	2
ߘߎߓߴߊߟߎ߫	2
ߘߍ߰ߡߌ߲	2
ߘߍ߲߬ߞߣߍ߬ߦߴߊ߬	2
ߘߍ߲߬ߞߣߍ߬ߦߊ߬ߓߊ߰	2
ߘߍ߲߬ߞߣߍ߬ߦߊ߬ߓߊߟߌ߫	2
ߘߍ߲߬ߞߣߍ߬ߦߊ߬ߓߊߟߌ	2
ߘߍ߲߬ߞߣߌ߬ߦߊ߬ߓߊ߯	2
ߘߍ߬ߣߍ߲߬	2
ߘߍ߬ߣߍ߲߫	2
ߘߍ߬ߡߍ߲߬ߠߌ߲߬ߠߊ	2
ߘߍ߬ߡߍ߲߬ߠߌ߲߬	2
ߘߍ߬ߡߍ߲߬ߘߌ߬	2
ߘߍ߬ߡߍ߲߬ߓߊ߮	2
ߘߍ߬ߡߍ߲߫	2
ߘߍߦߊߜߏߦߊ߫	2
ߘߍߡߍ߲	2
ߘߌ߲ߞߌߙߊ	2
ߘߌ߯ߣߦߊ	2
ߘߌ߲߬ߞߌ߬ߙߊ߬	2
ߘߌ߲߬ߞߌߙߊ߫	2
ߘߌ߬ߣߊ߯ߙߌ߫	2
ߘߌ߬ߣߊ߯ߙߌ	2
ߘߌ߬ߢߍ߬ߣߴߏ߬	2
ߘߌ߬ߢߍ߬ߣߍ߲߬	2
ߘߌ߬ߢߍ߬ߣߍ߲߫	2
ߘߌ߬ߢߍ߬ߟߊ߬ߢߌߣߌ߲	2
ߘߌ߬ߢߍ߬ߟߊ߬ߢߌߣߌ߲߫	2
ߘߌ߬ߛߊ߬ߕߌ߮	2
ߘߌ߬ߛߊ	2
ߘߌ߬ߓߌ	2
ߘߌ߫ߊ	2
ߘߌߦߴߊߟߊ߫	2
ߘߌߦߊ߫ߊ߲	2
ߘߌߦߊߜߏߦߕߊ	2
ߘߌߦߊߘߌߦߕߊ	2
ߘߌߦߊߖߌ߫	2
ߘߌߦߊߓߐ߫	2
ߘߌߤߌ߬ߦߊߕߎ߫	2
ߘߌߣߊ߫	2
ߘߌߡߴߊߟߎ߫	2
ߘߌߡߌ߲ߣߍ߲ߓߊ	2
ߘߌߡߊ߲ߓߊ߫	2
ߘߌߟߴߏ߬	2
ߘߌߓߊ߮	2
ߘߋ߲ߣߍ߲ߧߊ	2
ߘߋ߲ߣߍ߲ߦߊ	2
ߘߋ߲ߢߐ߲߯ߞߍ߫	2
ߘߋ߲ߢߐ߲߯	2
ߘߋ߲ߡߛߏߣߍ߲߫	2
ߘߋ߲ߡߛߏ	2
ߘߋ߲ߡߌߛߍ߲߫	2
ߘߋ߲ߠߊߓߐ	2
ߘߋ߲ߞߏ	2
ߘߋ߲ߞߊ	2
ߘߋ߲ߛߏ	2
ߘߋ߲ߕߊ	2
ߘߋ߲ߓߊ߫	2
ߘߋ߲߬ߣߍ߲	2
ߘߋ߲߬ߞߊ߫	2
ߘߋ߲߬ߞߊ	2
ߘߋ߬ߥߎ	2
ߘߋ߬ߙߴߊ߬	2
ߘߋ߬ߙߌ߬ߣߴߏ߬	2
ߘߋ߬ߙߌ߬ߕߐ߬ߟߊ	2
ߘߋ߬ߙߌ߬	2
ߘߊ߲ߠߌ߲ߓߊ߯	2
ߘߊ߲ߠߌ߲	2
ߘߊ߲ߞߎ߲	2
ߘߊ߲ߞߊߣߍ߲߫	2
ߘߊ߲ߕߐ	2
ߘߊ߲ߓߊ߮	2
ߘߊ߰ߡߎ߲߫	2
ߘߊ߰ߡߊ߬ߞߍ	2
ߘߊ߰ߙߊ߬ߞߙߊ߫	2
ߘߊ߯ߡߊߞߍߟߊ	2
ߘߊ߯ߙߌ߫	2
ߘߊ߯	2
ߘߊ߲߬ߡߊ	2
ߘߊ߲߬ߠߊ߬ߛߋ߫	2
ߘߊ߲߬ߠߊ߬ߕߍ߰	2
ߘߊ߲߬ߠߊ߬ߕߊߡߌ߲	2
ߘߊ߲߬ߞߙߐ߬ߓߊ	2
ߘߊ߲߬ߝߘߊ߬ߓߐ߬	2
ߘߊ߲߬ߝߘߊ߬ߓߐ߫	2
ߘߊ߲߬ߕߍ߰	2
ߘߊ߲߬ߓߊ߫	2
ߘߊ߬ߦߌ߬ߟߊ߬ߡߌ	2
ߘߊ߬ߥߎ߲߬	2
ߘߊ߬ߣߊ߲	2
ߘߊ߬ߡߌ߬ߣߊ߬ߕߐ	2
ߘߊ߬ߡߊ߲߬ߛߊ߬	2
ߘߊ߬ߡߊ߲߬ߘߊ߬	2
ߘߊ߬ߟߎ߫	2
ߘߊ߬ߝߊ	2
ߘߊ߬ߙߏ߬	2
ߘߊ߬ߘߌ߬	2
ߘߊ߬ߘߌߘߊ߬ߘߌ߬	2
ߘߊ߬ߖߊ߯ߟ	2
ߘߊ߬ߓߍ߲߬	2
ߘߊ߫ߛߎ	2
ߘߊߥߎ߲ߕߊ	2
ߘߊߥߎ߲ߓߊ߯	2
ߘߊߥߎ߲ߓߊ߮	2
ߘߊߡߎ߲ߠߌ߲	2
ߘߊߡߎߣߌ߲ߧߐ߯ߦߊ߫	2
ߘߊߡߌ߬ߣߊ߬ߣߴߌ	2
ߘߊߡߌ߬ߣߊ߬ߣߍ߲߫	2
ߘߊߡߌ߬ߣߊߕߐ߫	2
ߘߊߡߌ߬ߘߊ߬	2
ߘߊߡߊ߲߫	2
ߘߊߟߌ	2
ߘߊߞߘߐߓߐ߫	2
ߘߊߞߘߎߡߊ߬	2
ߘߊߞߏߛߌߦߊߡߊ߲ߒߕߋ	2
ߘߊߞߊ߲	2
ߘߊߞߊ߲߫	2
ߘߊߝߟߐ߫	2
ߘߊߝߐ߲	2
ߘߊߝߍ߫	2
ߘߊߝߍߟߊ	2
ߘߊߜߟߏ	2
ߘߊߘߞߊ	2
ߘߊߘߐ߫	2
ߘߊߘߐߞߛߎߞߛߎ߫	2
ߘߊߘߐߝߙߊߢߐ߲߯ߦߊ	2
ߘߊߘߐߜߍߟߍ߲	2
ߘߊߘߐߜߍߟߍ߲߫	2
ߘߊߘߐߘߏ߲ߓߊ߮	2
ߘߊߘߐߖߊ߭	2
ߘߊߘߐߖߊ߬	2
ߘߊߘߐߓߊ߬ߛߊ߲߬ߓߊߟߌ	2
ߘߊߘߐߓߊ߬ߛߊ߲߬	2
ߘߊߘߐߓߊߛߊ߲ߓߊߟߌ	2
ߘߊߖߟߎ	2
ߘߊߖߊ߯	2
ߘߊߕߐߡߴߊ߬	2
ߘߊߕߐߡߊ߫	2
ߘߊߕߎ߲߮	2
ߘߊߕߍ߰	2
ߘߊߕߍ߯ߣߍ߲	2
ߘߊߕߍ߯ߒߠߊ߫	2
ߘߊߓߏߟߊ߫	2
ߗ߭ߎߟߦߊ߬ߘߊߦߣߌ߫	2
ߗ߭ߊ߲ߓߊ߲߫	2
ߗ߭ߊߞߌߥߊ߲߫	2
ߗߡߍ߬ߣߊ߲	2
ߗߞߝ	2
ߗߞߐߟߌ߫	2
ߗߝߊߕߌ߫	2
ߗߐߞߎ߬ߡߐ߬	2
ߗߎ߲߫	2
ߗߍ߬ߦߊ	2
ߗߍ߬ߢߐ߲߮	2
ߗߍ߬ߡߐ߰ߓߊ߫	2
ߗߍ߬ߡߐ߮	2
ߗߍ߬ߡߊ߲߬	2
ߗߍ߬ߝߊߘߌ߲	2
ߗߍ߬ߜߊ߬ߣߊ߲߬ߠߊ߬ߡߊ	2
ߗߍ߬ߓߊ	2
ߗߍߕߊߓߊ߯	2
ߗߍߕߊߓߊ߮	2
ߗߋ߲߱	2
ߗߋ߲߰	2
ߗߋ߲߭	2
ߗߋ߲߬ߧߊ߬	2
ߗߋߦߊߟߌ	2
ߗߋߣߍ߲	2
ߗߋߢߊ߬	2
ߗߋߛߓߍ	2
ߗߋߘߋ߲	2
ߗ	2
ߖߵߊ߬	2
ߖ߭ߎߟߌߤߎ߬ߟߊߦߌߝߊ߫	2
ߖ߭ߌߌ߬ߙߊ߯ߣߊ߫	2
ߖ߭ߊ߬ߥߊ߯ߟ	2
ߖ߭ߊ߬ߞߊ߯ߕߎ	2
ߖ߭ߊߦߌߣߊߓߎ߫	2
ߖ߭ߊߞߌߦߊ߯ߕߎ	2
ߖ߭ߊߙߌ߫	2
ߖߥߊ߫	2
ߖߤߎߝߊ߫	2
ߖߤߎߙߌ߫	2
ߖߤߊ߬ߘߌ߬ߓߊ߮	2
ߖߣߊ߬ߓߊ߬ߕߐ߬ߦߊ߫	2
ߖߡߊ߬ߦߊ	2
ߖߡߊ߬ߣߊ߬ߡߐ߮	2
ߖߡߊ߬ߙߌ߬ߣߍ߲߬	2
ߖߡߊ߬ߙߌ߬ߒ߬ߞߊ߲߬ߠߊ	2
ߖߡߊߣߊ߫	2
ߖߡߊߓߊ	2
ߖߟߐߟߐߟߐ߫	2
ߖߟߐߞߐ߫	2
ߖߟߐߞߐ	2
ߖߟߐߞߌ߫	2
ߖߟߐߞߌߟߡߊ	2
ߖߟߎ߬ߡߎ߲߬ߕߐ	2
ߖߟߎ߬ߡߎ߲߬ߓߊ߬	2
ߖߟߎ߬ߡߎ߲߬ߓߊ߫	2
ߖߟߎ߬ߡߎ߲߬ߓߊ	2
ߖߟߎ߬ߡߎ߲߫	2
ߖߟߎ߬ߝߍ	2
ߖߟߎ߬ߛߙߊ	2
ߖߟߎ߬ߓߊ	2
ߖߟߊ߬ߡߎ߰	2
ߖߟߊ	2
ߖߞߊߡߦߊ߫	2
ߖߞߊߕߘߍ߬	2
ߖߞߊߓߐ	2
ߖߝߊߕߌ߬	2
ߖߝߊߕߌ߫	2
ߖߛߐ߫	2
ߖߛߎ߬ߡߊ߬ߞߛߊ	2
ߖߛߎ߬ߟߊߕߍ߰ߣߍ߲߬ߓߊ߫	2
ߖߛߎ߬ߟߊߕߍ߰	2
ߖߛߎ߬ߞߊ߬ߛߌ߬ߕߐ	2
ߖߛߎ߬ߞߊߛߌ	2
ߖߛߎ߬ߘߐߝߊ߰	2
ߖߛߎ߬ߓߐ߬ߡߍ߬ߣߍ߲߬ߕߐ	2
ߖߛߎ߬	2
ߖߙߎߡߎ߲	2
ߖߙߊ߬ߞߌ߬ߓߊ߫	2
ߖߙߊ߬ߓߌ߬ߣߍ߲߫	2
ߖߘߐ߬	2
ߖߘߍ߬ߦߌ߬ߘߊ߬ߟߊ	2
ߖߘߍ߬ߦߌߘߊ	2
ߖߘߍ߬ߡߊ߬ߘߌߦߊ߫	2
ߖߘߍ߬ߡߊ߬ߘߌߦߊ	2
ߖߘߍ߬ߡߊߖߌ߰	2
ߖߘߍ߬ߟߛߊ߬ߦߌ߲߬	2
ߖߘߍ߬ߟߛߊ߬ߦߌ߬ߟߊ	2
ߖߘߍ߬ߟߊߛߊ߬ߦߌ߬	2
ߖߘߍ߬ߞߟߏ߬ߟߊ	2
ߖߘߍ߬ߞߊ߬ߣߌ߲߬ߦߋ߬	2
ߖߘߍ߬ߛߊ߬ߣߌ߲߬ߧߊ߬ߟߊ	2
ߖߘߌߣߴߊ߬	2
ߖߘߋ	2
ߖߓߍ߫	2
ߖߓߍߟߌ߫	2
ߖߓߊ߬ߟߋ߲	2
ߖߓߊ	2
ߖߐ߲ߝߐ߲ߣߍ߲	2
ߖߐ߲ߝߐ߲ߣߍ߲߫	2
ߖߐ߲ߓߐ߲ߕߌ߮	2
ߖߐ߲ߓߐ߲߫	2
ߖߐ߲ߓߍ߲߬ߘߍ	2
ߖߐ߰ߣߍ߲߬	2
ߖߐ߰ߣߍ	2
ߖߐ߲߬ߢߐ߲߮	2
ߖߐ߲߬ߡߊ	2
ߖߐ߲߬ߛߴߊ߬ߟߎ߬	2
ߖߐ߲߬ߛߴߊ߬	2
ߖߐ߲߬ߛߊ߬	2
ߖߐ߲߬ߛߊ߫	2
ߖߐ߲߬ߓߍ߲߬ߘߍ	2
ߖߐ߬ߟߐ߲߬ߞߐ߲߬ߕߌ߲߬	2
ߖߐߟߐ߲ߞߐߟߡߊ	2
ߖߏ߲ߓߊ߮	2
ߖߏ߰ߛߌ߬ߟߌ	2
ߖߏ߯ߓߏߖߊ߯ߓߊ߫	2
ߖߏ߲߭	2
ߖߏ߬ߡߊ߬ߞߊ	2
ߖߏ߬ߞߟߊ	2
ߖߏ߬	2
ߖߏ߫	2
ߖߏߣߊߖߏߣߊ߫	2
ߖߏ	2
ߖߎ߲ߘߊߓ	2
ߖߎ߰	2
ߖߎ߯ߦߊ	2
ߖߎ߭	2
ߖߎ߬ߤߊߌߣߊ߫	2
ߖߎ߬ߟߎ߫	2
ߖߎ߬ߟߎߕߍ߰ߣߍ߲	2
ߖߎ߬ߟߊ߬ߞߏߟߏ߲	2
ߖߎ߬ߙߊߦߘߌ߫	2
ߖߎ߬ߘߊߡ	2
ߖߎ߬ߓߊߦߌߙߎ߫	2
ߖߎߟߌߤߎ߬ߟߊߦߌߝߊ߫	2
ߖߎߝߊ	2
ߖߎߕߍ߯ߟߊ߫	2
ߖߍ߲ߞߍ߬	2
ߖߍ߲ߛߍ߲	2
ߖߍ߲ߓߎߙߍ߲	2
ߖߍ߮	2
ߖߍ߲߬ߞߍ߬	2
ߖߍ߲߬ߞߍ	2
ߖߍ߲߬	2
ߖߌ߲ߞߌ߲	2
ߖߌ߲ߞߌߣߍ߲	2
ߖߌ߲ߞߌ	2
ߖߌ߲ߖߌ߲߫	2
ߖߌ߰ߦߊ߬ߘߊ	2
ߖߌ߰ߦߊ	2
ߖߌ߰ߣߴߌߟߋ	2
ߖߌ߰ߣߴߊ߬ߟߋ߬	2
ߖߌ߰ߣߍ߲߬	2
ߖߌ߰ߣߌ߬ߦߟߍ	2
ߖߌ߰ߟߌ߬	2
ߖߌ߰ߟߌ	2
ߖߌ߰ߕߍ߰ߣߍ߲	2
ߖߌ߰ߕߍ߰ߡߍ߬ߣߍ߲߬ߕߐ	2
ߖߌ߯ߖߌ߯	2
ߖߌ߮	2
ߖߌ߲߭	2
ߖߌ߲߬ߞߐ߲߬	2
ߖߌ߲߬ߝߘߎ	2
ߖߌ߬ߦߴߊ߬ߟߎ߬	2
ߖߌ߬ߦߕߊ߬	2
ߖߌ߬ߦߊ߬ߘߐ߬	2
ߖߌ߬ߓߙߌ߬ߟߎ߬ߟߊ߬ߞߊ	2
ߖߌ߬ߓߙߌ߬ߟߎ߫	2
ߖߌ߬ߓߊ߬ߓߊ߬ߕߐ߬ߦߊ	2
ߖߌߣߊߓߎ߬	2
ߖߌߟߡߊߝߋ߲	2
ߖߌߟߐ߯ߕߐ	2
ߖߌߟߊߝߍ	2
ߖߌߞߏߖߊ߫	2
ߖߌߞߏߖߊ	2
ߖߌߞߊ߲߫	2
ߖߌߘߊ߯	2
ߖߌߖߎ߮	2
ߖߌߖߋ߭	2
ߖߌߖߊ߬	2
ߖߌߖߊ	2
ߖߌߓߐ߲ߠߊ	2
ߖߌߓߊ߫	2
ߖߋ߲ߕߌ߰	2
ߖߋ߬ߦߘߌ߫	2
ߖߋ߬ߣߌ߲߫	2
ߖߋ߬ߟߌ߬ߓߊ߬ߟߊ߫	2
ߖߋ߬ߟߌ߫	2
ߖߋ߬ߛߋ	2
ߖߋ߬ߓߌ߬ߓߊ߰	2
ߖߋ߬ߓߌ	2
ߖߋߞߎ߫	2
ߖߋߞߎߖߋߞߎ߫	2
ߖߊ߲ߞߊߙߏ	2
ߖߊ߲ߘߌ	2
ߖߊ߲߰ߧߊ߬	2
ߖߊ߲߰ߡߊ߲߬ߓߊ	2
ߖߊ߲߰ߡߊ߲߬	2
ߖߊ߰ߡߊ߲߬	2
ߖߊ߰ߟߋ߬ߟߊ	2
ߖߊ߰ߟߋ߬ߕߐ	2
ߖߊ߰ߟߋ߫	2
ߖߊ߯ߣߍ߲߫	2
ߖߊ߯ߡߌߎ߫	2
ߖߊ߯ߙߌ߫	2
ߖߊ߯ߙߋߣߍ߲߫	2
ߖߊ߯ߓߘߊ	2
ߖߊ߯ߓߌߙߎ߫	2
ߖߊ߯ߊ߬	2
ߖߊ߮	2
ߖߊ߲߭ߓߌ߬ߟߊ߬	2
ߖߊ߭	2
ߖߊ߲߬ߧߊ	2
ߖߊ߲߬ߡߊ߲߬ߓߊ	2
ߖߊ߲߬ߞߊ߬ߙߏ߬ߕߐ߬	2
ߖߊ߲߬ߞߊ߬ߙߏ߬ߕߐ߫	2
ߖߊ߲߬ߝߊ߬ߣߍ߲	2
ߖߊ߲߬ߝߊ߬ߙߊ߯ߣߊ	2
ߖߊ߲߬ߝߊ߫	2
ߖߊ߲߬ߛߊ߬ߟߌ߬ߓߐ߬ߟߊ߬ߡߊ	2
ߖߊ߲߬ߛߊ߬ߟߌ߬ߓߐ	2
ߖߊ߲߬ߛߊ߬ߟߌ	2
ߖߊ߲߬ߛߊ߬	2
ߖߊ߲߬ߘߊ	2
ߖߊ߲߬ߕߏ߬ߒ߬ߘߐ߫	2
ߖߊ߲߬ߓߌ߬ߟߊ߬ߟߊ߲	2
ߖߊ߲߬ߓߊ߬	2
ߖߊ߲߬ߓߊ	2
ߖߊ߬ߥߏ߬	2
ߖߊ߬ߤߣߊ߬ߡߊ߬ߘߋ߲	2
ߖߊ߬ߤߣߊ߬ߡߊ߬ߘߋ߲߫	2
ߖߊ߬ߤߣߊ߬ߡߊ߫	2
ߖߊ߬ߣߤߊߡߊ߫	2
ߖߊ߬ߣߍ߲	2
ߖߊ߬ߣߊ	2
ߖߊ߬ߡߎ߰	2
ߖߊ߬ߡߊ߫	2
ߖߊ߬ߡߊߙߴߊ߬	2
ߖߊ߬ߟߏ߲	2
ߖߊ߬ߛߙߋ߬ߡߟߊ߬	2
ߖߊ߬ߛߙߋ߬ߡߊ߬ߟߊ	2
ߖߊ߬ߛߏ߲	2
ߖߊ߬ߛߏ߲߬ߣߍ߲	2
ߖߊ߬ߙߌ߯ߙߎ߫	2
ߖߊ߬ߕߋ߬ߣߍ߲߫	2
ߖߊ߬ߕߋ߬ߛߎ߬ߓߐ	2
ߖߊ߬ߕߋ߬ߛߌ߮	2
ߖߊ߬ߕߋ߬ߓߐ߬	2
ߖߊ߬ߓߌ߬ߙߋ߲	2
ߖߊ߬ߓߌ߬	2
ߖߊ߬ߓߊ	2
ߖߊߦߌߣߊߓߎ߫	2
ߖߊߡߐ	2
ߖߊߡߎߖߊߡߎ	2
ߖߊߞߊ߬ߙߌ߬ߦߊ߬	2
ߖߊߛߟߌ߫	2
ߖߊߛߌ߫	2
ߖߊߙߌ߫	2
ߖߊߙߋߣߍ߲߫	2
ߖߊߘߎ߬ߞߊ߫	2
ߖߊߎߖ߭ߌ	2
ߖ	2
ߕߴߦߋ߲߬	2
ߕߴߊߟߊ߫	2
ߕ߭ߤߊ߫	2
ߕ߭ߊ߬ߦߌ߫	2
ߕ߭ߊ߬ߥߊ߯ߝߎ	2
ߕ߭ߊߦߌߓߊ߯ߦߎ	2
ߕ߭ߊߦߌߓߊ߯ߕߎ	2
ߕ߭ߊߦߌߓߊ߲߫	2
ߕ߭ߊߌߝߊ߫	2
ߕߦߊ߬ߡߊߡߎ߲	2
ߕߦߊ	2
ߕߥߊ߬ߟߊߦߌߕߊ߬	2
ߕߤߊ߫	2
ߕߣߐ߬	2
ߕߣߍ߬ߣߍ߬	2
ߕߣߊ߬ߡߊ߬ߡߐ߯	2
ߕߣߊ߬ߡߊ	2
ߕߟߴߊ߬ߟߎ߬	2
ߕߟߐ߬ߣߍ߲	2
ߕߟߐ߬ߣߍ߲߬ߓߊ߫	2
ߕߟߐ߬ߣߍ߲߫	2
ߕߟߏ߫	2
ߕߟߏߥߏ	2
ߕߟߏߡߊߟߐߟߊ	2
ߕߟߏߝߘߋߦߊ	2
ߕߟߏߜߋߘߋ߲	2
ߕߟߏߘߐ	2
ߕߟߎ	2
ߕߟߌߡߌ߲	2
ߕߟߋ߬ߡߊ߲߬	2
ߕߟߋ߬ߝߣߊ߫	2
ߕߟߋ߬ߛߎ	2
ߕߟߋ߬ߘߐ߬ߟߊ	2
ߕߟߋ߬ߘߐ߬	2
ߕߟߋ߬ߘߌ߫	2
ߕߟߋ߬ߓߐ߬ߞߊ	2
ߕߟߋ߬ߓߋ߬ߞߊ	2
ߕߟߋ߬ߓߊ߰ߟߊ߬ߡߊ	2
ߕߟߋ߬ߓߊ߰ߟߊ߬ߞߊ	2
ߕߟߊ߬ߕߊ	2
ߕߟߊߒߞߢߊ߫	2
ߕߝߊߟߊ	2
ߕߜߋ߫	2
ߕߜߋߣߍ߲߫	2
ߕߜߊ߬	2
ߕߛߊ	2
ߕߙߴߊ߲	2
ߕߙߴߊ߬	2
ߕߙߴߊߟߊ߫	2
ߕߙߐ߬	2
ߕߙߎ߬ߞߟߊ߫	2
ߕߙߎߞߌ߫	2
ߕߙߍߛߍ߫	2
ߕߙߌ߬ߡߌ߬ߖ߭ߌ	2
ߕߙߌߡߖߌ	2
ߕߙߊ߬	2
ߕߙߊߟߌߟߊ	2
ߕߙߊߓߊ߫	2
ߕߘߎߣߍ߲߫	2
ߕߘߍ߫	2
ߕߓߌߟߌ߫	2
ߕߓߌߕߊ	2
ߕߓߊ߬ߙߌ߬ߦߊ߬ߞߊ	2
ߕߓߊ	2
ߕߐ߲ߛߐ߲	2
ߕߐ߲ߕߐ߲	2
ߕߐ߲ߓߟߏߡߊ	2
ߕߐ߱	2
ߕߐ߰ߛߐ߬ߖߟߎ	2
ߕߐ߲߬ߕߐ߲߬	2
ߕߐ߬ߢߐ߲߬	2
ߕߐ߬ߢߍ߰ߟߊ߫	2
ߕߐ߬ߢߍ߰	2
ߕߐ߬ߢߍ߬ߒߕߋ	2
ߕߐ߬ߢߍ	2
ߕߐ߬ߡߐ߲߬ߣߍ߲	2
ߕߐ߬ߡߐ߲߬ߠߌ߲	2
ߕߐ߬ߡߊ	2
ߕߐ߬ߝߍ߬ߦߊ߬ߣߍ߲	2
ߕߐ߬ߝߍ߬ߦߊ߬ߣߍ߲߬	2
ߕߐ߬ߜߍ	2
ߕߐߢߐ߲ߞߐ߫	2
ߕߐߙߐ߲߫	2
ߕߐߍ߯	2
ߕߏ߲ߘߋ	2
ߕߏ߲ߕߏߟߌ߲	2
ߕߏ߲ߕߊߟߊ߲	2
ߕߏ߲	2
ߕߏ߯ߕߏ߯	2
ߕߏ߲߬ߘߊ߫	2
ߕߏ߲߬	2
ߕߏ߬ߟߌ߬ߞߌߛߊ߫	2
ߕߏ߬ߟߌ߬ߕߐ߬ߟߊ	2
ߕߏ߬ߝߊ	2
ߕߏ߬ߙߏ߲߬ߘߏ߫	2
ߕߏߣߴߏ߬	2
ߕߏߣߍ߲	2
ߕߏߣߍ߲߫	2
ߕߏߟߏ߲ߓߊ	2
ߕߏߟߏ߲	2
ߕߏߟߏ߲߫	2
ߕߏߟߌ	2
ߕߏߘߌ	2
ߕߎ߲ߞߎ߲߫	2
ߕߎ߲߱	2
ߕߎ߲߰ߣߍ߲	2
ߕߎ߲߰ߠߊ	2
ߕߎ߲߬ߓߎ	2
ߕߎ߬ߡߣߊ߬	2
ߕߎ߬ߡߊ߬ߟߊ߲߬	2
ߕߎ߬ߡߊ߬ߙߋ߲߬	2
ߕߎ߬ߡߊ߬ߙߋ߲߫	2
ߕߎ߬ߡߊ߬ߘߐ߫	2
ߕߎ߬ߡߊ߬ߘߊ	2
ߕߎ߬ߝߊ߲߫	2
ߕߎ߬ߓߌ߬ߕߐ	2
ߕߎ߬ߓߌ߬ߓߊ߰ߕߐ߬	2
ߕߎ߬ߓߌ߫	2
ߕߎ߬ߓߊ߬ߕߎ߬	2
ߕߎ߬ߓߊ߬ߓߎ	2
ߕߎߣߎ	2
ߕߎߡߴߊ߬ߟߎ߫	2
ߕߎߡߣߊ	2
ߕߎߙߊߣߍ߲	2
ߕߎ	2
ߕߍ߲ߓߍ߲ߞߘߎ߬ߡߊ	2
ߕߍ߲ߓߌߘߌ߲	2
ߕߍ߲߰	2
ߕߍ߰ߣߍ߲	2
ߕߍ߰ߡߊ߬ߛߌ߰	2
ߕߍ߯ߡߊߘߏ߲	2
ߕߍ߯ߟߍ߲	2
ߕߍ߯ߟߍ߲߫	2
ߕߍ߲߬ߕߍ߲߬	2
ߕߍ߬ߘߴߊ߬ߟߎ߬	2
ߕߍ߬ߘߍ	2
ߕߍ߬	2
ߕߍ߲߫	2
ߕߍߣߵߏ߬	2
ߕߍߣߵߌ	2
ߕߍߣߵߊ߬ߟߎ߬	2
ߕߍߣߍ߲߫	2
ߕߍߡߊߛߘߌ߬	2
ߕߍߡߊߛߌ߮	2
ߕߍߡߊߘߏ߲߬	2
ߕߍߡߊߓߊ߲ߘߊ	2
ߕߍߜߟߍߦߊ	2
ߕߍߛߘߌ߬	2
ߕߍߕߊ߯ߡߊ߫	2
ߕߍߓߐ߫	2
ߕߌ߲ߕߊ߲ߣߍ߲	2
ߕߌ߱߭	2
ߕߌ߱ߊ	2
ߕߌ߰ߦߊ	2
ߕߌ߲߬ߞߎߘߎ߲	2
ߕߌ߬ߦߊ߬ߡߊߡߎ߲	2
ߕߌ߬ߦߊ߬	2
ߕߌ߬ߦߊ	2
ߕߌ߫	2
ߕߌߢߴߊ߬	2
ߕߌߢߍߕߐ߫	2
ߕߌߡߌ߲ߧߊ߫	2
ߕߌߡߌ߲ߧߊ	2
ߕߌߡߌ߲	2
ߕߌߙߌ߲	2
ߕߌߙߌ߲߫	2
ߕߋ߲ߜߋߘߋ߲ߧߊ߫	2
ߕߋ߲ߜߋߘߋ߲ߧߊ	2
ߕߋ߲ߘߊ߫	2
ߕߋ߲ߘߊ	2
ߕߋ߬ߟߋ߬	2
ߕߋ߬ߟߋ߫ߛߎ߲߫	2
ߕߋ߬ߟߋߛߎ߲߫	2
ߕߋߟߋ߲ߓߊ߯	2
ߕߋߜߊ߫	2
ߕߋߙߎ߲߫	2
ߕߋߙߌ߫	2
ߕߊ߲ߣߊ߲	2
ߕߊ߲ߢߐ߲߯	2
ߕߊ߲ߘߏ߫	2
ߕߊ߲ߕ	2
ߕߊ߰ߡߊ߬	2
ߕߊ߰ߟߊ	2
ߕߊ߰ߛߌ߫	2
ߕߊ߰ߕߊ߰ߣߍ߲߫	2
ߕߊ߰ߓߊߟߌ	2
ߕߊ߯ߡߟߓߊ	2
ߕߊ߯ߡߊߟߡߊ	2
ߕߊ߯ߡߊߘߋ߲ߠߡߊ	2
ߕߊ߯ߡߊߓߊ߮	2
ߕߊ߯ߟߓߌ߫	2
ߕߊ߯ߟߌߓߊߟߌߦߊ	2
ߕߊ߯ߟߊ߫	2
ߕߊ߯ߟߊ	2
ߕߊ߯ߕߐ߫	2
ߕߊ߯ߕߐߟߊ	2
ߕߊ߯ߕߐ	2
ߕߊ߲߬ߞߴߊߟߎ߫	2
ߕߊ߲߬ߞߊ߬ߊ	2
ߕߊ߲߬ߘߏ߬ߕߊ	2
ߕߊ߲߬ߘߏ߬ߓߊ߮	2
ߕߊ߲߬ߘߏ߫	2
ߕߊ߲߬ߕߊ߲	2
ߕߊ߲߬ߓߏ߲߬	2
ߕߊ߲߬ߓߌߤߎߟ	2
ߕߊ߬ߤߌߦߊߕߎ߫	2
ߕߊ߬ߣߴߊ߬ߟߎ߬	2
ߕߊ߬ߡߵߌ	2
ߕߊ߬ߡߴߊ߲	2
ߕߊ߬ߡߴߊ߬	2
ߕߊ߬ߡߌ߲߬ߣߴߊ߬ߟߎ߫	2
ߕߊ߬ߡߌ߲߬ߣߍ߲߬	2
ߕߊ߬ߡߌ߲߬ߓߊ߮	2
ߕߊ߬ߜߊ	2
ߕߊ߬ߓߎ߬ߙߊ߬ߣߌ	2
ߕߊ߬ߓߊ߰ߙߊߞߕߊ	2
ߕߊ߬ߓߊ߰ߙߊߞߌߕߊ	2
ߕߊ߬ߎ߬ߙߊߕߌ	2
ߕߊߦߌ߲߯	2
ߕߊߦߌߘߎ߯	2
ߕߊߦߌߓߎ߫	2
ߕߊߣߍ߲	2
ߕߊߢߐ߲߯ߓߐ߫	2
ߕߊߡߌ߲	2
ߕߊߡߌ߯ߡߎ߫	2
ߕߊߡߊ߲	2
ߕߊߡߊ߲߫	2
ߕߊߟߌ߬ߤߊ߫	2
ߕߊߟߌߤߊ߫	2
ߕߊߟߌߞߌ߲߫	2
ߕߊߟߊ߲߫	2
ߕߊߞ߫ߘߌ߮	2
ߕߊߝߟߊ߫	2
ߕߊߛߎ߬ߊ߯ߎ߬	2
ߕߊߙߌߦߊߡߍߣߍ߲ߕߐ	2
ߕߊߙߌߡߊ߲߫	2
ߕߊߘߏ߫	2
ߕߊߎ߯ߛߎ߫	2
ߔߟߏ߬ߞߘߏ߬ߡߊ߬	2
ߔߟߏ߬ߞߘߏ߬ߡߊ߫	2
ߔߛߐߞߐ߫	2
ߔߙߐ߫	2
ߔߙߐߔߙߐ߫	2
ߔߙߌ߫	2
ߔߘߋߞߟߋ	2
ߔߕߌ	2
ߔߐ߫	2
ߔߐߊߐ߫	2
ߔߏ߲ߞߌ߲߫	2
ߔߏ߲	2
ߔߎ߲߱ߔߎ߲߱ߔߎ߲߰	2
ߔߎ߫	2
ߔߌ߬ߕߌ	2
ߔߋ߲ߕߋߟߎ	2
ߔߋߔߋߔߋ߫	2
ߔߊߦߌ߫	2
ߔߊߦߌߔ߬ߊߦߌ	2
ߔߊߣߊ߲ߔߊߣߊ߲ߎ߲߫	2
ߔߊߟߊ߲ߞߊߓߊ߮	2
ߔߊߞߌߛߊ߫	2
ߔߊߕߌߛߏ	2
ߓߴߊ߬ߟߋ	2
ߓߴߊ߬ߓߎ߫	2
ߓߤߌ	2
ߓߣߐ߬ߓߊ߮	2
ߓߟߵߌ	2
ߓߟߏߦߡߊ	2
ߓߟߏߦߊ	2
ߓߟߏߢߐ߲߯ߠߛߊߦߌ	2
ߓߟߏߢߐ߲߯ߠߊߛߊ߬ߦߌ߬	2
ߓߟߏߡߟߴߊ߬	2
ߓߟߏߡߟߊ߫	2
ߓߟߏߡߞߊ	2
ߓߟߏߡߌߘߊߞߟߊ߫	2
ߓߟߏߡߌߘߊߞߟߊ	2
ߓߟߏߡߌߘߊ	2
ߓߟߏߡߊߞߵߊ߬	2
ߓߟߏߡߊߝߍߣߍ߲	2
ߓߟߏߡߊ	2
ߓߟߏߟߊߛߐ߬ߘߐ߲߬	2
ߓߟߏߟߊߛߐߘߐ߲߫	2
ߓߟߏߟߊߕߍ߰ߣߍ߲	2
ߓߟߏߟߊߓߊ߯ߙߊ	2
ߓߟߏߞߴߊ߬	2
ߓߟߏߞߏ߬ߋ߬ߣߍ߲߫	2
ߓߟߏߞߏߟߏ߲ߧߊ	2
ߓߟߏߞߏߟߏ߲߫	2
ߓߟߏߞߏߋߣߍ߲	2
ߓߟߏߞߊ߲߬	2
ߓߟߏߞߊ߬ߕߐ	2
ߓߟߏߞߊߕߐ	2
ߓߟߏߕߍ߱	2
ߓߟߏߓߐ߫	2
ߓߟߎߜ߭	2
ߓߟߎ	2
ߓߞߊߙߌ	2
ߓߛߌ߬ߣߍ߲	2
ߓߛߌߡߌ߬ߟߊ߯ߤߌ߫	2
ߓߛߌߞߌ߫	2
ߓߛߌߞߌ	2
ߓߙߐߕߐ߫	2
ߓߙߐߕߐߕߐ߫	2
ߓߙߏߓߙߏ߫	2
ߓߙߍ߬ߦߊ	2
ߓߙߍߓߙߍ߫	2
ߓߙߌ߬ߓߊ߮	2
ߓߙߌߡߊ߲߫	2
ߓߙߌߛߊ߫	2
ߓߙߋߕߋ߫	2
ߓߙߊߞߡߊ߫	2
ߓߘߴߌߟߋ	2
ߓߘߴߊ߬ߓߊ߯ߛߌ߫	2
ߓߘߎߓߘߎߣߍ߲	2
ߓߘߍ߬ߓߍ߲	2
ߓߘߍ߬	2
ߓߘߍ߫	2
ߓߘߍߞߍ߫	2
ߓߘߊ߬	2
ߓߖߎ߬	2
ߓߕߐߟߊ	2
ߓߓ	2
ߓߐ߲ߛߐ߲߫	2
ߓߐ߲ߘߊ߫	2
ߓߐ߲	2
ߓߐ߰ߝߍ	2
ߓߐ߲߯	2
ߓߐ߮	2
ߓߐ߭	2
ߓߐ߲߬	2
ߓߐ߬ߟߐ߲߬ߞߊ	2
ߓߐ߬ߟߊ߫	2
ߓߐ߬ߘߍ߬ߓߐ߬	2
ߓߐ߬ߓߊߟߌߦߊ	2
ߓߐ߬	2
ߓߐ߫ߤߖߌ߫	2
ߓߐߟߌ	2
ߓߐߛߎ߲	2
ߓߐߛߎ߲߫	2
ߓߐߙߐ߲ߜߍ߫	2
ߓߐߙߐ߲ߘߐ߫	2
ߓߐߓߊ߯ߕߐ߫	2
ߓߐߓߊ߮	2
ߓߐߒߘߊ߫	2
ߓߏ߲ߧߊ߬	2
ߓߏ߲ߠߕߊ	2
ߓߏ߲ߠߊߘߋ߲	2
ߓߏ߲ߓߊ	2
ߓߏ߲߬ߧߊ߬	2
ߓߏ߲߬ߓߏ߲ߛߌ߮	2
ߓߏ߲߬ߓߏ߲߬ߛߌ߮	2
ߓߏ߲߬ߓߏ߲߬ߛߌ	2
ߓߏ߲߬ߓߊ߬ߓߊ	2
ߓߏ߬ߟߏ߲߬	2
ߓߏ߬ߞߍ	2
ߓߏ߬ߛߌ߬ߕߐ߫	2
ߓߏ߬ߙߌ߬ߣߍ߲߫	2
ߓߏ߬ߙߌ߬ߡߍ߬ߣߍ߲߬ߕߐ	2
ߓߏ߬ߙߌ߬ߝߋ߲߬	2
ߓߏ߬ߙߌ߬ߕߐ	2
ߓߏ߬ߙߌ߫	2
ߓߏ߬ߕߋ߬	2
ߓߏߓߏ߫	2
ߓߎ߲ߓߎ߲ߠߞߊ	2
ߓߎ߲ߓߎ߲	2
ߓߎ߰ߣߍ߲	2
ߓߎ߬ߦߌ߬ߟߊ߬	2
ߓߎ߬ߙߊߞߎ	2
ߓߎ߬ߙߊߌ߬ߘߌ߫	2
ߓߎ߬ߘߎ߲	2
ߓߎ߬ߘߎ߲߬ߛߊ߬	2
ߓߎ߬ߘߎ߲߬ߕߐ	2
ߓߎ߬ߘߎ߲߬ߕߊ	2
ߓߎ߬ߘߊ߯ߕߊ߫	2
ߓߎߞߌߙߊߕߊ߲߫	2
ߓߎߛߙߌ߬	2
ߓߎߙߎ߲ߞߐߣߍ߲	2
ߓߎ	2
ߓߍ߲߬ߣߍ߲߬ߓߊ	2
ߓߍ߲߬ߢߐ߲߰ߡߊ	2
ߓߍ߲߬ߛߋ߲߬ߡߊ߬	2
ߓߍ߲߬ߓߍ߲߬ߓߍ߲	2
ߓߍ߬ߛߍ߲߬ߞߍ߬	2
ߓߍ߬ߛߍ߲߬ߞߍ߫	2
ߓߍߘߍ߲ߛߍ߫	2
ߓߌ߲ߓߌ߲ߣߍ߲߫	2
ߓߌ߲߭	2
ߓߌ߲߬ߓߙߌ	2
ߓߌ߲߬ߓߊߏ߬	2
ߓߌ߬ߡߊ߯	2
ߓߌ߬ߡߊ߫	2
ߓߌ߬ߟߵߌ	2
ߓߌ߬ߟߵߊߟߎ߫	2
ߓߌ߬ߟߴߊ߬ߟߎ߬	2
ߓߌ߬ߟߴߊ߬ߙߌ߬ߖߣߍ߫	2
ߓߌ߬ߟߊ߬ߣߴߊ߬	2
ߓߌ߬ߟߊ߬ߣߍ߲߬	2
ߓߌ߬ߟߊ߬ߣߍ߲߫	2
ߓߌ߬ߟߊ߬ߢߐ߲߰ߡߊ߬	2
ߓߌ߬ߟߊ߬ߞߙߏ߬ߣߍ߲	2
ߓߌ߬ߟߊ߬ߛߌ߬ߟߊ߬ߟߌ	2
ߓߌ߬ߟߊ߬ߛߌ߬ߟߊ߬ߓߊ߮	2
ߓߌ߬ߟߊ߬ߛߌ߬ߟߊ߬	2
ߓߌ߬ߟߊ߬ߛߌߟߊ	2
ߓߌ߬ߟߊ߬ߒ߬ߞߣߐ߬	2
ߓߌ߬ߟߊ߬ߒ߬ߘߐ߬	2
ߓߌ߬ߟߊߟ	2
ߓߌ߬ߞߊ߬ߡߊ߯ߟߤߌ߬	2
ߓߌ߬ߛߓߊ߬	2
ߓߌ߬ߛߊ߲	2
ߓߌ߬ߘߌ߲߬ߣߍ߲߫	2
ߓߌ߲߫	2
ߓߌߦߋ߫	2
ߓߌߥߐ߲ߙߐ߲ߥߌ߬ߟߊ߬	2
ߓߌߥߐߙߐ߲ߥߌ߬ߟߊ߫	2
ߓߌߤߌ߫	2
ߓߌߞߊ߫	2
ߓߌߛߡߌ߬ߟߊ߯ߤߌ	2
ߓߌߛߡߌߟߊ߯ߤߌ߫	2
ߓߌߛߓߊ߬	2
ߓߌߛߓߊ߫	2
ߓߌߙߌ߲߫	2
ߓߌߘߌ߲ߠߌ߲ߝߍ	2
ߓߌߘߌ߲ߞߊ߲߫	2
ߓߌߘߌ߲ߕߐ	2
ߓߌߌߙߎ߫	2
ߓߋ߬ߣߍ߲߬	2
ߓߋ߬ߕߐ߬ߟߊ	2
ߓߋ߬ߕߐ	2
ߓߋ߬ߒ߬ߞߊ߲߬ߠߌ߲߬	2
ߓߋߟߋ߲ߠߊ߫	2
ߓߋߟߋ߲	2
ߓߋߟߋ߲߫	2
ߓߊ߲ߣߴߊ߬	2
ߓߊ߲ߞߎ	2
ߓߊ߲ߞߌ߲߫	2
ߓߊ߲ߞߌ߫	2
ߓߊ߲ߞ	2
ߓߊ߲ߘߋ߲ߧߊ	2
ߓߊ߲ߕߐ߫	2
ߓߊ߲ߓߊ߲ߣߍ߲	2
ߓߊ߲ߓߊ߲ߣߍ߲߫	2
ߓߊ߱	2
ߓߊ߰ߙߊߞߕߊ	2
ߓߊ߯ߞ߫ߌߦߊߕߎ	2
ߓߊ߯ߞߍ߫	2
ߓߊ߯ߞߌߦߊ߯ߕߎ	2
ߓߊ߯ߛߌ߫	2
ߓߊ߯ߙߟߊ߫	2
ߓߊ߯ߙߟߊ	2
ߓߊ߯ߙߌ߬	2
ߓߊ߯ߙߌߞ	2
ߓߊ߯ߙߊߢߐ߯ߦߊ	2
ߓߊ߯ߙߊߞߍߟߊ	2
ߓߊ߯ߙߊߘߋ߲ߧߊ	2
ߓߊ߯ߙߊߘߋ߲ߦߊ	2
ߓߊ߯ߙߊߘߋ߲	2
ߓߊ߯ߕߏ߫	2
ߓߊ߯ߓߎ߫	2
ߓߊ߮	2
ߓߊ߲߬ߣߴߊ߬	2
ߓߊ߲߬ߞߐ߬ߣߌ߲	2
ߓߊ߲߬ߞߊߟߌ߫	2
ߓߊ߬ߦߌ߬ߤߊߞߌ	2
ߓߊ߬ߣߌ߫	2
ߓߊ߬ߣߌߜ߭ߌ߬ߝߊ߯ߙߌ	2
ߓߊ߬ߣߊ߲߬ߞߘߐ߫	2
ߓߊ߬ߞߐ߬ߘߐ߲߬ߣߍ߲	2
ߓߊ߬ߛߌ߯ߙ	2
ߓߊ߬ߛߊ߲߬ߣߍ߲	2
ߓߊ߬ߛߊ߲߬	2
ߓߊ߬ߙߵߌ	2
ߓߊ߬ߙߴߊ߬	2
ߓߊ߬ߙߏ	2
ߓߊ߬ߙߊ߲	2
ߓߊ߬ߘߏ߬ߢߐ߲߮	2
ߓߊ߬ߘߏ߬ߟߊ߬ߓߊ	2
ߓߊ߬ߘߏ߬ߟߊ	2
ߓߊ߬ߘߏ߬ߓߊ߬	2
ߓߊ߬ߘߋ߲߬ߣߍ߲	2
ߓߊ߬ߘߊ	2
ߓߊ߬ߖ߭ߊߙߌ߫	2
ߓߊ߬ߖߌ߯ߟߊ߫	2
ߓߊ߬ߖߊ߯ߙߌ߫	2
ߓߊ߬ߕߏ߬ߟߊ߲߬ߘߌ	2
ߓߊ߬ߓߊ߬	2
ߓߊߦߟߍߡߊ߲ߠߊ	2
ߓߊߦߌ߲ߓߊߦߌ߲ߦߊ	2
ߓߊߦߌߣߊߤߎߡߊ߮	2
ߓߊߥߎߟߋ߲	2
ߓߊߥߎߟߋ߲߫	2
ߓߊߟߴߏ	2
ߓߊߟߏߦߊ	2
ߓߊߟߏߣߍ߲	2
ߓߊߟߏߝߋ߲ߦߊ	2
ߓߊߟߏߕߊ	2
ߓߊߟߌߦߊ	2
ߓߊߞߌ߬ߙߊ߬	2
ߓߊߞߌ߬ߙߊߕߌ߫	2
ߓߊߞߌߦߊߕߎ߫	2
ߓߊߛߏ߬ߙߊ߬	2
ߓߊߛߏߙߊ߫	2
ߓߊߛߌߙߊ߫	2
ߓߊߛߌ	2
ߓߊߙߌ߲ߢߐ߲߯ߡߊ߫	2
ߓߊߙߌ߲ߢߐ߲߯ߞߍ߫	2
ߓߊߙߌ߲ߠߞߊ	2
ߓߊߙߌߖ߭ߊ߫	2
ߓߊߘߌߓߊߘߌ߫	2
ߓߊߕߏߟߊ	2
ߓߊߕߏ	2
ߓߊߓߏ߲߫	2
ߓߊߏߟߣߍ߲߫	2
ߓߊߊ߳ߊߘߎ	2
ߒ߬ߞߵߊ߰	2
ߒ߬ߞߎ߲߬	2
ߒ߬ߓߵߊߟߊ߫	2
ߒ߬ߓߊ߬ߕߙߊߟߌߟߊ	2
ߒߧߋ߫	2
ߒߣߊ߫	2
ߒߡߴߏ߬	2
ߒߡߊ߬ߞߏ	2
ߒߞߵߊ߬	2
ߒߞߴߌߟߋ	2
ߒߞߴߊ߬	2
ߒߞߐ߫	2
ߒߝߣߊ߫	2
ߒߛߌ߲߫	2
ߒߘߏ߲߬	2
ߒߓߊߟߎ߬	2
ߒߓߊߟߌ߬ߝߊߕߌ߬ߡߕߊ߬	2
ߐ߲߬ߐ߲߰ߐ߲߫	2
ߐ߬ߤߐ߲߫	2
ߏ߬ߘߌ߫	2
ߎ߲ߡߎ	2
ߎ߬ߦߊߦߌ߬ߣߊߕߎ߫	2
ߎ߬ߡߌ߬ߦߟߊ߬ߞߊ	2
ߎ߬ߡߌߙߕߎ	2
ߎ߬ߡߊ߬ߦߟߊ߬ߞߊ	2
ߎ߬ߡߊߦߕߊ߫	2
ߎ߬ߡߊߦߌߡߊ߫	2
ߎ߬ߞߌ߬ߦߊ߬	2
ߎ߬ߞߌߦߊ	2
ߎ߬ߛߊ߯ߡߕߊ߫	2
ߎ߬ߓߊߦߌߘߎ߬ߟߊ߯ߤߌ߫	2
ߎߤߎߘߎ߫	2
ߎߤߎߘߌ߫	2
ߎߡߙߎߥߌ߫	2
ߎߡߎ߬ߥߙߊߞߊ߫	2
ߎߡߎ߬ߤߊ߯ߣߌ߫	2
ߎߡߎ߬ߟ	2
ߎߡߎ߬ߛߊߟߌߡߊ߫	2
ߎߡߎ߬ߙߊ߮	2
ߎߡߎߙߊ߫	2
ߎߡߌߡߊ߬ߞߕߎ߯ߡߌ߫	2
ߎߡߌ	2
ߎߞߌߓߊ߫	2
ߎߛߎ߬ߣߊ߯ߡߊ߫	2
ߎߛߎ߬ߡߊߣ	2
ߎߛߎߡߊ߯ߣߊ߫	2
ߎߛߊ߬ߌߘߎ߫	2
ߎߙߎߥߊ߫	2
ߎߙߌ߬ߥߊ߫	2
ߎߙߌ߬ߥߊߕߎ߫	2
ߎߙߌߥߊߕߎ߫	2
ߎߖߌ߬ߙߊ߫	2
ߎߖߌߙߊ߫	2
ߌ߲ߣߌ߯	2
ߌ߲ߣߌ	2
ߌ߲ߣߊߟߤߊߡߘߊ߬	2
ߌ߯ߕߌ߬ߓߊ߯ߣߎ߫	2
ߌ߲߬ߖߌ߯ߟߌ	2
ߌ߬ߦߊ߯ߘߌ߫	2
ߌ߬ߡߊ߯ߣߊ߲߫	2
ߌ߬ߡߊ߬ߡߎ߲߬ߓߊ߫	2
ߌ߬ߟߊ߯ߤߊ߬	2
ߌ߬ߟߊ߯ߤߊ	2
ߌ߬ߟߊߦߤߌ	2
ߌ߬ߟߊߦߌ߬ߤߌ߫	2
ߌ߬ߟߊߦߌ߬ߞߊ߬	2
ߌ߬ߓߣߎ߬	2
ߌߦߋ߫	2
ߌߤ	2
ߌߡߎ߬ߙߊ߲߬	2
ߌߟߊ߰	2
ߌߟߊ߯ߞ߫ߊ߬ߘ߭ߊߦߕߊ߬ߤߊ߫	2
ߌߟߊ߯ߜ߭ߊ߬ߝߊߙߕߊ߬ߤߎ߫	2
ߌߟߊ߯	2
ߌߟߊ߬ߟߊ߯ߤߎ߬	2
ߌߟߊ߬ߟߊ߯ߤߎ	2
ߌߟߊߓߌ߬ߟߊ߯ߤߌ߫	2
ߌߞߙߊ߯ߡߌ߫	2
ߌߞߌ߬ߙߊ߬ߡߊ߫	2
ߌߞߌ߬ߙߊ	2
ߌߞ	2
ߌߛ߳ߡߌ߲߫	2
ߌߛߡߎߞߊ	2
ߌߛߕߌߞߊ߯ߙߊ	2
ߌߛߌ߬ߤߊ߯ߞߊ߫	2
ߌߛߌߙߊߌߟߞߊ	2
ߌߙߌ߬ߓߊ߯ߘߌ߫	2
ߌߙߌߓߊ߯ߘ߭ߎ	2
ߌߙߊ߲߫	2
ߌߙߊߞߌߞߊ	2
ߌߘߙߌ߬ߛߊ߫	2
ߌߘߐ߫	2
ߌߕߌߓߊ߲߫	2
ߌߕߊߟߌߞߊ	2
ߌߓߣߎ߬ߟ	2
ߌߓߖߎ߬	2
ߌߓߎߙߊ߬ߤߌ߯ߡߊ߫	2
ߌߓߎߙߊ߬ߤߌ߯ߡߊ	2
ߌߓߎߙߊߤߌ߯ߡߊ߫	2
ߌߓߎߙߊߤߌ߯ߡߊ	2
ߋߛ߭ߊ߲ߕߌߦߐ߲	2
ߋߙߐߔߎ߫	2
ߋߘߌߖ߭ߐ߲	2
ߋߗߏߔߌ߫	2
ߋߓߙߋ߫	2
ߊ߳ߟߖߊ߯	2
ߊ߳ߟߊߦߌߞߊ߫	2
ߊ߳ߙߛ߭ߌ߬ߤߌ߫	2
ߊ߳ߙߊߝߊ߫	2
ߊ߳ߘߊߦߌߞߊ߬	2
ߊ߳ߘߊߘߊ߫	2
ߊ߳ߗ߭ߊ߯ߓߌ	2
ߊ߳ߗ߭ߊ߯ߓߊ߬	2
ߊ߳ߖ߳ߊ߯ߌߡߊ߫	2
ߊ߳ߊ߯ߟߌ߬	2
ߊ߳ߊ߯ߟߌ߫	2
ߊ߳ߊ߯ߝߌߣߊ߮	2
ߊ߳ߊ߯ߝߊߦߌߕߊ߬	2
ߊ߳ߊ߬ߟߌ	2
ߊ߳ߊ߬ߟߊ߰ߡߌߟߊߕߌ	2
ߊ߳ߊ߬ߓߊ߯ߛߌ߫	2
ߊ߳ߊߟߊ߰ߞߎߟߌ߬	2
ߊ߳ߊߟߊ߯ߊ߳ߌߓߊ߯ߘߌ	2
ߊ߳ߊߗ߭ߊ߯ߓߊ߬	2
ߊ߳ߊߖ߳ߌ߯ߡߌ߫	2
ߊ߳ߊߓߘߎߤߎ߫	2
ߊ߳ߊߎߝߌ߲߫	2
ߊ߳ߊߎߝߊ߯	2
ߊ߲ߣߊߡߎߤߡߊߘߊ߲	2
ߊ߲ߣߊ	2
ߊ߲ߟߊ߯ߌߟߊ߯ߤߊ߫	2
ߊ߲ߟߊ߯ߌߟߊ߯ߤߊ	2
ߊ߲ߛ߫ߊ߯ߙߎ߫	2
ߊ߲ߕߊ߬	2
ߊ߲ߕߊߛߊ߬ߟߊ߯ߡߎ	2
ߊ߲ߕߊ	2
ߊ߲ߓߍ߫	2
ߊ߰ߡߌ߯ߣߊ߫	2
ߊ߰ߘߊߦߕߊ	2
ߊ߯ߡߙߌ	2
ߊ߯ߟߌ߬ߤߌ߫	2
ߊ߯ߟߊߡߌ߯ߣߊ߫	2
ߊ߯ߝߌߣߌ߮	2
ߊ߯ߖߓߌ߫	2
ߊ߯ߕߌߣߊ߯	2
ߊ߮ߕߌߣߊ߯	2
ߊ߬ߣߴߊ߬ߟߋ	2
ߊ߬ߡߌ߯ߣߊ߬	2
ߊ߬ߡߌ߯ߣߊ߫	2
ߊ߬ߡߌ߯ߙߎ߫	2
ߊ߬ߡߊ߯ߙߎ߫	2
ߊ߬ߡߊ߯ߙߌ߫	2
ߊ߬ߡߊ߯ߙߊ߫	2
ߊ߬ߟߤߊ߬ߟߌ߯ߡߎ߫	2
ߊ߬ߟߤߊߦߎ߫	2
ߊ߬ߟߤߊߡߘߎ߫	2
ߊ߬ߟߡߎ߬ߝߊ߬ߛߌ߬ߙߎ߯ߣߊ	2
ߊ߬ߟߡߎ߬ߖ߭ߊ߬ߣߌ߫	2
ߊ߬ߟߡߎߓߊ߯ߙߊߞߊ߯ߕߎ	2
ߊ߬ߟߡߊߡߎ߯ߙߌ߫	2
ߊ߬ߟߡߊߛߖߌߘߎߟ	2
ߊ߬ߟߟߊߗ߭ߌ߮	2
ߊ߬ߟߞ߫ߊߦߎ߯ߡ	2
ߊ߬ߟߞߎ߬ߘߌ߬ߙߌ	2
ߊ߬ߟߞߊ߬ߙߌ߯ߡߎ߫	2
ߊ߬ߟߞߊ߬ߘߌ߯ߘߊ߫	2
ߊ߬ߟߖߣߊߕߊ߫	2
ߊ߬ߟߓߊߦߕߌ߫	2
ߊ߬ߟߎ߳ߟߎ߬ߥߌߦߎ߫	2
ߊ߬ߟߌ߬ߤߎ߬ߛߊߦߣߌ߫	2
ߊ߬ߟߌ߬ߤߎߛߌߣߊ߫	2
ߊ߬ߟߌ߬ߤߊ߬ߦߌ߬ߙߌ	2
ߊ߬ߟߌ߬ߤߊߛߣߊ߫	2
ߊ߬ߟߌ߬ߡߎ߲ߕߊ߬ߤߊ߫	2
ߊ߬ߟߌ߬ߡߌߛߊ	2
ߊ߬ߟߌ߬ߡߊ߬ߡߌ߲߬	2
ߊ߬ߟߌ߬ߡߊߡߌ߲	2
ߊ߬ߟߌ߬ߓߊߙߞߌ߫	2
ߊ߬ߟߌ߬	2
ߊ߬ߟߌߌߕߌߞߊ߯ߝߎ	2
ߊ߬ߟߋ߫	2
ߊ߬ߟߊ߳ߖ߳ߌ߯ߡߌ߫	2
ߊ߬ߟߊ߳ߊ߯ߟߊߡߎ߫	2
ߊ߬ߟߊ߳ߊߝߎߥߊ߫	2
ߊ߬ߟߊ߳ߊߖ߳ߌ߯ߡ	2
ߊ߬ߟߊ߯ߕߎߟ	2
ߊ߬ߟߊ߯	2
ߊ߬ߟߊ߮	2
ߊ߬ߟߊߦߞߊ߬	2
ߊ߬ߟߊߦߞߊ߫	2
ߊ߬ߟߊߦߞߊ	2
ߊ߬ߟߊߟߌߝߊ߬ߟߊ߯ߤߌ	2
ߊ߬ߟߊߛ߫ߊ߬ߟߊ߯ߕߌ	2
ߊ߬ߟߊߊ߬ߟߊ߮	2
ߊ߬ߞ߭ߊ߯ߙߕߎ߬	2
ߊ߬ߞߌ߯ߞߎ߫	2
ߊ߬ߞߊ߲߬	2
ߊ߬ߝߊ߯ߣߌ߫	2
ߊ߬ߝߊ߯ߣ	2
ߊ߬ߝߊ߲߭	2
ߊ߬ߛ߫ߌ߯ߟߊ߲	2
ߊ߬ߛߟߊ߬ߥߊ߯ߕߎ	2
ߊ߬ߛߙߊߙߕߎ߬	2
ߊ߬ߛߎ߰ߙߊ߬	2
ߊ߬ߛߎ߬ߙߊ	2
ߊ߬ߛߌ߯ߡߌ߲߫	2
ߊ߬ߛߌ߬ߡߊߎ߫	2
ߊ߬ߛߌߘߌ߬ߙߊߕߎ߫	2
ߊ߬ߛߊߟߎ߬ߞߊ	2
ߊ߬ߙߌ߯ߞߊߡߌ߲	2
ߊ߬ߙߌ߯ߞߊߡߌ߫	2
ߊ߬ߙߌ߯ߞߊߕߌ߫	2
ߊ߬ߙߊ߬ߤߌ߯ߡߌ߫	2
ߊ߬ߙߊ߬ߓߊ	2
ߊ߬ߙߊߤߊ߬ߡߊ߯ߣߌ߫	2
ߊ߬ߗ߭ߊ߯ߓߌߟ	2
ߊ߬ߖߘߍ߬	2
ߊ߬ߕ߭ߌߦߊ߫	2
ߊ߬ߕߎ߯ߓߎ߫	2
ߊ߬ߕߊ߯ߓߎ߫	2
ߊ߬ߓߴߎ߬ߡߊ߯ߡߊ߫	2
ߊ߬ߓߴߎ߬ߡߊߌߙߎ߫	2
ߊ߬ߓߘߎ߬ߦߊ߬ߟߌߟߌ߫	2
ߊ߬ߓߘߎ߬ߟߊ߯ߦߌ߫	2
ߊ߬ߓߘߎ߬ߟ	2
ߊ߬ߓߘߎ߬ߙߤߊߡߊ߯ߣߌ߫	2
ߊ߬ߓߎ߯	2
ߊ߬ߓߎ߬ߟ	2
ߊ߬ߓߎ߬ߘ	2
ߊ߬ߓߎ߬ߕߊ߯ߟߓߌ߫	2
ߊ߬ߓߎ	2
ߊ߬ߓߌ߰	2
ߊ߬ߓߌ߬ߟߊ߯ߛߌ߫	2
ߊ߬ߓߌ߬ߊ߳ߊߥߎߝߊ߯	2
ߊ߬ߓߊߣ	2
ߊ߬ߎ߯ߗ߭ߎ	2
ߊ߬ߊ߳ߎ߯ߖ߭ߎ߫	2
ߊߦߎ߬ߤߊ߯	2
ߊߦߎߤߊ߯ߟ	2
ߊߦߎߤߊ߫	2
ߊߥߙߎߛߊߟߌ߯ߡߎ߫	2
ߊߥߎߝߌ߲߫	2
ߊߤߡߊߘߎ߫	2
ߊߤߊ߬ߡߘߎ	2
ߊߤߊߘߌߣߊ߮	2
ߊߣߊߛߌ߲߫	2
ߊߡߙߎߥߎ߫	2
ߊߡߊ߬ߘߎ߫	2
ߊߟߴߊ߬ߟߎ߫	2
ߊߟߴߊ߬ߟߋ߬	2
ߊߟߌ߬ߤߊߡߘߎ߫	2
ߊߟߌߤߊ߯ߙߌߛߎ߫	2
ߊߟߌߤߊߡߘߎ	2
ߊߟߌߡߊ߲ߘߎ߯	2
ߊߟߌߡߊ߲߫	2
ߊߟߌߡߊߡߌ߲	2
ߊߟߌߝߊ߫	2
ߊߟߊ߯ߤߎ߬	2
ߊߟߊ߯ߤߎ	2
ߊߟߊ߫ߊ	2
ߊߟߊߦߣߊ߮	2
ߊߟߊߤߎߡߡߊ	2
ߊߟߊߤߎߡߊ߬	2
ߊߟߊߡߵߌ	2
ߊߟߊߡߴߏ߬	2
ߊߟߊߕߐ߯ߟߊ߫	2
ߊߞ߭ߌ߬ߟߊ߯ߞߌ߫	2
ߊߞ߭ߌߓߊ߯ߙߌ	2
ߊߞ߫ߛ߫ߊ߯	2
ߊߞߓߊߙߎ߫	2
ߊߞߌ߬ߓߊߙߎ߫	2
ߊߞߊ߬ߓߊ߫	2
ߊߝߙߌߞߌߞߊ	2
ߊߛ߭ߌ߬ߤߊߘߎ߬	2
ߊߛ߭ߌ߬ߤߊߘߎ߫	2
ߊߛ߭ߌߤߊߘߎ	2
ߊߛߕߊߜ߭ߌ߬ߝߌߙߎߟߊ߯ߤߊ߫	2
ߊߛߌ߬ߡߊ߯ߎ߫	2
ߊߛߌߊߟߎߞߊ߫	2
ߊߛߊ߬ߟߊ߯ߡߎ߫	2
ߊߛߊߟߎߞߊ߫	2
ߊߛ	2
ߊߙߤߡߊ	2
ߊߙߘ߭ߌ߫	2
ߊߙߊߤߡߊ߯ߣߌ߫	2
ߊߙߊߤߌ߯ߡߌ߫	2
ߊߘߴߊ߬ߟߎ߫	2
ߊߘߡߊߘߋ߲߫	2
ߊߘߊߘߊ	2
ߊߘߊߎߘߊ߫	2
ߊߖ߭ߌ߯ߖ߭ߌ߫	2
ߊߓߘߎߡߎ߬ߣߊ߰ߝߌ߬	2
ߊߓߘߎߟߊ߯ߤߌ߫	2
ߊߓߘߎߟ	2
ߊߓߎߘߌ߲߫	2
ߊߎ߯ߗ߭ߖߎ߬	2
ߊߎߝߎ߲߫	2
ߊߎߝߌ߫	2
ߊߎߙߎߛߊߟߌ߮ߡߎ߫	2
ߊߌ߳ߓߊ߯ߘߌߟߊ߯ߤߌ	2
ߊߌ߬ߛߕߊ߬	2
ߊߌ߬ߛߕߊ߲߫	2
ߊߌ߬ߕߛߊ߫	2
ߊߊ߳ߟߊ߲ߕߎ߬	2
ߊߊ߳ߟߊߡ	2
ߊߊ߳ߕ߭ߊߦߌߕߊ߬	2
ߞߊ߬ߟߌ߲߬ߞߐ߫	1
ߝߙߊ߬ߓߊ	1
