ka	503
un	360
ja	356
go	345
jaa	258
bo	208
ne	196
ba	193
śafi	190
ce	180
baa	177
duwa	174
har	145
yaṭe	125
ġá	114
bai	114
te	112
net	102
hek	98
ji	93
hán	86
baśa	85
áse	82
cum	82
we	79
mi	78
daa	78
biyen	77
án	74
chán	74
buṭ	74
maníṣ	72
gulʰćimo	72
ses	69
bár	68
ulle	66
axóś	66
ás	65
śum	63
men	61
apí	59
nete	56
juwa	56
bota	56
nee	55
jáġá	54
mani	53
sese	51
gari	51
gunz	49
bathán	49
gandi	48
churum	48
be	48
ane	48
cek	47
an	47
mene	46
da	46
mathán	45
áski	44
báriṅ	44
batháne	42
haraṅ	41
yaṭa	40
makući	40
ká	40
hene	40
c̣hik	40
muhabat	38
just	38
ho	37
náni	36
ajó	36
bi	35
yasen	34
noxa	34
doro	34
aya	34
akheṣ	34
ećum	33
meheriṅe	32
llell	32
gan	32
aaġáyini	32
tháp	31
numa	31
kheen	31
ġaan	30
ya	30
thum	30
já	30
guyek	30
guren	30
goġá	30
doko	30
chell	30
bee	30
niya	29
siyam	28
lleen	28
in	28
guwanum	28
ećám	28
ete	28
duchuyam	28
dohon	28
amayam	28
iya	27
gute	27
se	26
dokoyall	26
churam	26
cheraam	26
ćhar	25
dunya	25
bariṅ	25
ẓoiṅ	24
ćulleni	24
xabár	24
senum	24
náma	24
noxaten	24
mayimi	24
heeṣiṅe	24
gúya	24
gos	24
apaan	24
tai	23
phuk	23
c̣hum	23
phat	22
oski	22
mulʰtan	22
hai	22
ećume	22
dokoya	22
di	22
asuura	22
simaan	21
doroskin	21
bám	21
ġáriṅ	20
zali	20
xaaṣ	20
tham	20
phar	20
nimima	20
ma	20
khul	20
herʰćum	20
gandići	20
gadero	20
ećemen	20
batiin	20
apaa	20
akhara	20
ġár	19
ġa	19
ki	19
bica	19
till	18
sená	18
ná	18
nuhere	18
mená	18
mehere	18
mamu	18
maimi	18
khot	18
ilja	18
gukhara	18
goćum	18
ećan	18
etam	18
desac̣a	18
daṅ	18
besa	18
awu	18
ći	17
yanum	17
nukuyaw	17
goski	17
ac̣o	17
śuwa	16
ġoni	16
yaṣc̣	16
yate	16
yaniṣa	16
tayilʰc	16
saa	16
sa	16
oose	16
nukuyec	16
noko	16
mimayaan	16
manum	16
mac̣hi	16
khene	16
huzuurá	16
huzuuraa	16
huruśum	16
en	16
dullum	16
diim	16
dameni	16
burushaski	16
batin	16
baan	16
arʰkan	16
amutuk	16
ajo	16
nima	15
mell	15
gukhar	15
eća	15
ẓo	14
ġaaná	14
yá	14
yawućam	14
uuru	14
sim	14
piśiin	14
pinin	14
nuqáse	14
nukuwa	14
nichán	14
mehriṅe	14
mayon	14
malaal	14
le	14
istak	14
ilji	14
huzuura	14
hen	14
heeṣiṅ	14
hallanz	14
haa	14
guuru	14
goo	14
gaṭi	14
etumaan	14
et	14
duu	14
doroiṅ	14
diye	14
darz	14
behell	14
behai	14
ayo	14
awelji	14
akhi	14
ace	14
os	13
nidell	13
guyeke	13
gucum	13
eten	13
diya	13
burdi	13
belʰtum	13
baliṣ	13
akhuiṅ	13
śani	12
ġári	12
ćháṣ	12
ćan	12
áṅgi	12
yek	12
yauwaas	12
umanen	12
tik	12
thoṣ	12
tawah	12
senaa	12
nuqas	12
nupall	12
nuher	12
noqo	12
miyam	12
mimayán	12
mimayan	12
llamán	12
keh	12
hill	12
hayan	12
gán	12
guyecume	12
guwaná	12
gopaya	12
ećaġá	12
etum	12
bu	12
bećám	12
bećum	12
berum	12
baṣc̣ek	12
baṣ	12
bar	12
bam	12
alʰći	12
ayeten	12
akhiya	12
acum	12
aaćaġá	12
ṭaaṅ	11
siya	11
mayum	11
maniṣ	11
girminum	11
churimi	11
burúshaski	11
baśarat	11
bathane	11
ayaś	11
ẓowa	10
śumiṅ	10
ġosanum	10
ġendeṣe	10
ća	10
úya	10
yah	10
xoi	10
to	10
sesa	10
reiṅ	10
qaq	10
phaiṅ	10
pan	10
nulʰtallen	10
muṣqaliṅ	10
muxt	10
mo	10
miya	10
mikhara	10
meher	10
mayone	10
mathaná	10
majnun	10
maa	10
kaa	10
hulʰtaṣ	10
huruṭum	10
holle	10
hiṅ	10
heeṣe	10
halle	10
gurene	10
guce	10
goćam	10
gamburi	10
e	10
duxár	10
duneś	10
deuśam	10
dareś	10
c̣hiw	10
c̣hiewe	10
chor	10
boota	10
beheliṅ	10
batháná	10
alʰćine	10
alʰćimo	10
ayek	10
asum	10
aren	10
apái	10
apa	10
ṣiyeli	9
ġariṅ	9
yakalla	9
tee	9
haphas	9
goxoś	9
eti	9
den	9
amet	9
akhar	9
ẓoṣa	8
ẓowaas	8
ẓenẓer	8
śini	8
ġásićum	8
ġoc̣har	8
ġaaniṅa	8
yar	8
xabar	8
weri	8
uhaná	8
tiṣe	8
thápe	8
tayi	8
tati	8
sitaare	8
senumam	8
sar	8
ruru	8
ren	8
qon	8
qalam	8
niyece	8
nem	8
mihane	8
mese	8
maġá	8
manumaan	8
madaka	8
kye	8
kuṭu	8
khu	8
kaaṭ	8
jua	8
iśqe	8
ikhara	8
hollum	8
hir	8
haralʰt	8
guwane	8
guskill	8
gali	8
gabi	8
gaan	8
es	8
ek	8
duśimi	8
dućhar	8
duxarum	8
dua	8
doṣṭo	8
diśune	8
dii	8
dewuśam	8
das	8
darixa	8
darbata	8
dan	8
damán	8
c̣hiew	8
c̣ham	8
cheram	8
chan	8
cen	8
bái	8
but	8
boo	8
bim	8
besmell	8
besaa	8
berumán	8
bea	8
ballda	8
baia	8
alʰćiná	8
asse	8
asqoriṅe	8
as	8
aná	8
akaaṭ	8
álʰći	7
yeca	7
xodaye	7
xaṣ	7
uśaaskiṅ	7
thanum	7
phaar	7
nyu	7
niyec	7
netene	7
heri	7
gukaaṭ	7
cheći	7
ẓowas	6
ẓai	6
ṭar	6
ṣime	6
ṣaw	6
śon	6
śaraan	6
śakar	6
ġásiṣe	6
ġásića	6
ġoli	6
ćharbu	6
zran	6
zah	6
yanji	6
xuśiṅ	6
xudaaye	6
xondaare	6
xalpha	6
waśćan	6
wal	6
ukhara	6
uhán	6
tállenum	6
táll	6
too	6
tiṣ	6
thóṣ	6
thuwek	6
thares	6
teṣ	6
taurum	6
taale	6
siim	6
seni	6
salaam	6
raẓun	6
qaw	6
punár	6
phuu	6
phureś	6
phari	6
paṭaka	6
osmo	6
náṅ	6
nuxaten	6
numane	6
nukaṭ	6
nuhuruṭ	6
nose	6
noqase	6
nokót	6
nokot	6
niwall	6
nidelle	6
nichu	6
nestaġá	6
nakiim	6
muhabt	6
miġá	6
minyahaṅ	6
mena	6
mehre	6
maya	6
maneaas	6
khán	6
kho	6
kaṭar	6
jaġa	6
iṣqali	6
há	6
hulʰtáṣ	6
huruśan	6
hunća	6
haṅ	6
haryo	6
haraṅa	6
han	6
haalle	6
ha	6
gulʰći	6
gućhar	6
guyaṭes	6
guyaṣc̣	6
guwu	6
guwanaa	6
gunziṅ	6
gumayum	6
gucharum	6
gucharas	6
goss	6
gosa	6
gone	6
gaṣc̣	6
ećumba	6
ećuma	6
eta	6
esqanen	6
duġáres	6
duwari	6
duuśimi	6
dukhaṭi	6
doyićum	6
dis	6
dei	6
damene	6
c̣hene	6
c̣hen	6
churaa	6
chura	6
cheremi	6
cheraan	6
chelle	6
chayumaan	6
char	6
báre	6
bulʰtu	6
bulla	6
bulaṅ	6
bráh	6
beṣ	6
bećan	6
bawuaas	6
balat	6
alʰto	6
aġolʰćum	6
aćum	6
aćaġá	6
aća	6
ayaśa	6
ayar	6
awaṣ	6
asuur	6
asqane	6
aqeen	6
apai	6
akho	6
aaćum	6
ápaći	5
yuṅus	5
yata	5
yari	5
yanen	5
teṣk	5
seniṣen	5
sena	5
neyam	5
magam	5
gaganum	5
etiṣ	5
damane	5
cipa	5
bathan	5
albat	5
ẓoṣ	4
ẓowaa	4
ẓoiṅa	4
ẓaan	4
ṭáp	4
ṭuṅṭaṅ	4
ṭok	4
ṭhuur	4
ṭhaṭori	4
ṭhar	4
ṭeṭe	4
ṣoṅgir	4
ṣiyelí	4
ṣau	4
ḍaṅ	4
śuśu	4
śira	4
śe	4
śar	4
śaa	4
ġáṣṭar	4
ġáyni	4
ġása	4
ġáre	4
ġáná	4
ġámu	4
ġuc̣har	4
ġoṭum	4
ġozara	4
ġono	4
ġeen	4
ġaya	4
ġau	4
ġare	4
ġamu	4
ġaanaa	4
ćihv	4
ćharʰko	4
ćhaġalʰtas	4
ćhamurá	4
ćast	4
álʰćimo	4
ác̣o	4
zor	4
zargar	4
yániṣ	4
yecum	4
yecam	4
yawuća	4
yaná	4
yan	4
yai	4
xuśaan	4
xudayi	4
xudaaya	4
xoś	4
xate	4
xas	4
xal	4
xaiś	4
wáṣ	4
wáśćan	4
weran	4
wee	4
waśli	4
waśim	4
waś	4
wayiz	4
waliṣ	4
veri	4
uṅgi	4
urʰkamam	4
uśaaski	4
uurkam	4
uren	4
ukhar	4
tállená	4
turma	4
tumar	4
thóṣkum	4
thás	4
thán	4
thá	4
thuná	4
thoṣhallall	4
themen	4
thaġ	4
thas	4
thaniśi	4
thaa	4
tha	4
ten	4
sápur	4
sá	4
siphatiṅ	4
sime	4
sesen	4
senumba	4
seniṅ	4
sene	4
senaas	4
see	4
sam	4
sahv	4
sahata	4
sah	4
saarce	4
roi	4
reen	4
rax	4
rawáh	4
rameś	4
rai	4
rah	4
qoqo	4
qaqam	4
qalahur	4
phu	4
phaiṅe	4
peṭek	4
past	4
paritiṅe	4
oćume	4
oća	4
oimo	4
nót	4
náwaś	4
náwar	4
námakin	4
náll	4
nyam	4
nulʰta	4
nuphaan	4
nukuśir	4
nukuyic	4
nukirmin	4
nudell	4
noṣ	4
note	4
not	4
noqolle	4
nopahaalʰt	4
nokuchar	4
niyaw	4
nimoqe	4
nimoq	4
nigi	4
ni	4
neṣam	4
neṣ	4
nestaġane	4
nesalle	4
neme	4
neas	4
nasazaa	4
nani	4
naahere	4
naa	4
muṣk	4
muśqali	4
muśi	4
musca	4
murix	4
mos	4
mirene	4
mimanen	4
miim	4
micum	4
mia	4
mes	4
meheriṅ	4
maġon	4
mathanum	4
mathan	4
mansoor	4
manika	4
maneas	4
mallulle	4
maliṅa	4
maliṅ	4
makuća	4
makoćum	4
makoći	4
llana	4
lahazi	4
khita	4
khi	4
kheená	4
khawuṣ	4
khawuuṣ	4
khas	4
khar	4
khanjoll	4
khakarum	4
kapalʰći	4
jut	4
jumu	4
jiiṅia	4
jiiṅa	4
jaġá	4
janṭak	4
iṅgi	4
iṅa	4
iśq	4
isqaa	4
ill	4
iljuware	4
iljiware	4
iilji	4
huṭes	4
huruśam	4
hirce	4
heṣiṅe	4
herʰćume	4
herʰćum	4
heraaśu	4
henaas	4
hekan	4
haśo	4
hayaan	4
hay	4
haw	4
has	4
harića	4
haqa	4
haphasiṅ	4
hallaj	4
hakine	4
góse	4
gón	4
gáti	4
gye	4
guyaṅ	4
guxaćum	4
guxaći	4
guwanumba	4
guwan	4
gunziki	4
gukhár	4
guhuu	4
gucharćum	4
gucharaas	4
gucharaa	4
guchara	4
guchar	4
grambeśu	4
goćám	4
goćemen	4
goti	4
gose	4
gopaći	4
gooll	4
gon	4
girwaná	4
girwan	4
giraaśan	4
gináhure	4
gináhur	4
giilʰt	4
gas	4
gar	4
ganá	4
gandall	4
galla	4
gahná	4
gaderi	4
ećumaan	4
espallumam	4
eski	4
esaliṅ	4
erićumaan	4
eeti	4
eerićume	4
duxara	4
duxar	4
duwaka	4
duuśum	4
durdaná	4
dumarʰća	4
dumaras	4
dumar	4
dullaskuṣi	4
duchune	4
du	4
dośimi	4
doġáres	4
dosac̣umaan	4
doroskine	4
dollum	4
do	4
diśam	4
dithallum	4
diine	4
diimi	4
deyall	4
dexesum	4
dewuśám	4
dewuśa	4
dewus	4
dewaqall	4
dellum	4
dellam	4
daṣmane	4
daya	4
darbat	4
daraatiṅ	4
daman	4
dalldenes	4
daane	4
daacumam	4
c̣haa	4
churan	4
chayuman	4
chanum	4
chani	4
báṣ	4
báriṅe	4
báres	4
bápe	4
buri	4
bulbule	4
bote	4
boka	4
blaś	4
bicuma	4
belʰtum	4
baṅ	4
batum	4
batoiṅ	4
bara	4
ballum	4
ballhas	4
balldaiṅ	4
bali	4
aṣa	4
alʰtan	4
azbar	4
ayetum	4
ayetiṅ	4
ayet	4
ayaṭum	4
ayaṭa	4
ayaṅ	4
ayanji	4
atuusi	4
atheen	4
asumuyu	4
asqanaas	4
aski	4
aroi	4
arenći	4
arene	4
apím	4
ana	4
amayám	4
amaná	4
al	4
akumán	4
akowan	4
akhurum	4
ac̣han	4
achán	4
aahere	4
aa	4
ṭhuura	3
ġośaan	3
ćhiṣke	3
yásena	3
yousuph	3
yeśemen	3
yecen	3
siyaġá	3
phiri	3
noós	3
nichane	3
neé	3
má	3
meel	3
me	3
mansuura	3
malal	3
khin	3
jii	3
iṣqor	3
hun	3
hera	3
hell	3
hawelum	3
haphás	3
guyalgi	3
galí	3
etaśu	3
esum	3
ese	3
dućhara	3
duwall	3
duneśe	3
cherem	3
che	3
balʰćiriṅ	3
bandeś	3
ban	3
ayata	3
ayachan	3
análhaq	3
ames	3
a	3
ẓó	2
ẓoṣamaa	2
ẓoṣaa	2
ẓośa	2
ẓoiṅia	2
ẓoa	2
ẓaṅ	2
ẓaxt	2
ẓame	2
ṭumbuki	2
ṭoq	2
ṭhaṅ	2
ṭambuk	2
ṭak	2
ṣuṅ	2
ṣiyeliṅ	2
ṣiw	2
ṣiew	2
ṣic̣um	2
ṣaṣaṅ	2
ṣaxor	2
ṣata	2
ṣak	2
ṣabllokii	2
ḍo	2
śumiśu	2
śumiś	2
śukur	2
śu	2
śotoko	2
śoqaa	2
śonḍaruu	2
śolla	2
śoll	2
śinikium	2
śigare	2
śećám	2
śećum	2
śeex	2
śarbat	2
śandiṅe	2
śallda	2
śakare	2
śah	2
śabllokimo	2
śaaski	2
śa	2
ġáṣáp	2
ġárʰkumaan	2
ġáćaćiṅ	2
ġáyinća	2
ġásiṣ	2
ġásićán	2
ġásićuma	2
ġásićan	2
ġási	2
ġásen	2
ġáseaas	2
ġáriṅkiṣ	2
ġárića	2
ġáriki	2
ġáribi	2
ġáren	2
ġárba	2
ġára	2
ġániṅa	2
ġánaa	2
ġámo	2
ġállaa	2
ġáiná	2
ġoṭumkuṣe	2
ġośani	2
ġośaaná	2
ġozaara	2
ġoyume	2
ġoyaṅa	2
ġoyaṅ	2
ġoyam	2
ġorok	2
ġon	2
ġollumaa	2
ġollum	2
ġoljaćemen	2
ġoliya	2
ġoc̣hár	2
ġoc̣ar	2
ġoc̣am	2
ġendeṣiṅe	2
ġendeṣiṅ	2
ġendeṣ	2
ġendaṣe	2
ġayni	2
ġayinćum	2
ġayinum	2
ġatehaṅ	2
ġaribe	2
ġaná	2
ġaniṅ	2
ġani	2
ġanaa	2
ġalpha	2
ġallġo	2
ġalla	2
ġaayám	2
ġaaya	2
ġaaniṣená	2
ġaanaaśu	2
ćupaṭi	2
ćum	2
ćulleś	2
ćullenii	2
ćilasum	2
ćiiri	2
ćiháu	2
ćhápe	2
ćháp	2
ćhum	2
ćhoṭ	2
ćhiṣk	2
ćhieve	2
ćhelʰtikiyam	2
ćheq	2
ćhemiliṅ	2
ćhaṣ	2
ćhaṅćháṅa	2
ćharʰći	2
ćhare	2
ćhara	2
ćhanum	2
ćaqar	2
ćaqa	2
ćaq	2
ćamax	2
ósmo	2
éllalle	2
árʰqa	2
árʰkan	2
álʰćiná	2
álʰćhimo	2
álʰtan	2
álʰqa	2
áten	2
áspasamam	2
ása	2
árence	2
ápáy	2
ápái	2
ápay	2
ápamullee	2
ápam	2
ápaiá	2
ápai	2
ápaa	2
ápa	2
ác̣ʰán	2
zár	2
zulixa	2
zulaixamo	2
zráp	2
zoor	2
zerbali	2
zaṅgar	2
zaṅ	2
zaruur	2
zar	2
zam	2
yáṭá	2
yáćimi	2
yásen	2
yán	2
yáhaa	2
yáh	2
yuu	2
yusuphe	2
yuriṣ	2
yuhtiṅa	2
yuht	2
yu	2
yeśaġá	2
yeśa	2
yekuṣi	2
yeci	2
yaṭes	2
yaġii	2
yaġi	2
yaćum	2
yaća	2
yayum	2
yayamaan	2
yayam	2
yayaan	2
yawum	2
yauwas	2
yauaas	2
yasene	2
yarum	2
yardoyo	2
yara	2
yanu	2
yaniṣená	2
yaniṅ	2
yanaas	2
yambu	2
yaariki	2
xuśiṅe	2
xudaye	2
xudaya	2
xudai	2
xośe	2
xoskiná	2
xon	2
xodayee	2
xodai	2
xodaaye	2
xeś	2
xaća	2
xawen	2
xat	2
xar	2
xam	2
xalphatiṅa	2
xali	2
xalaas	2
xadukiṅe	2
xadukiṅ	2
xaduk	2
xabáriṅ	2
xaber	2
xa	2
wezah	2
waṭ	2
waṣqayume	2
warʰc	2
walʰćum	2
waśćán	2
wazir	2
wazifa	2
waw	2
waswaas	2
wallumim	2
wallum	2
wallaas	2
wahnáka	2
wahjam	2
uṣ	2
urʰkum	2
urʰka	2
ulʰći	2
uśáskiṅe	2
uśaaskiṅe	2
uśaaaski	2
ućhiyas	2
ućharaa	2
uzur	2
uyu	2
uyek	2
uyaṭes	2
uyam	2
uya	2
uxaći	2
uxaća	2
uwu	2
uwaṭ	2
uusko	2
utheene	2
urenći	2
urená	2
unoyu	2
unka	2
umánen	2
umurú	2
umurin	2
um	2
ull	2
ulaġ	2
ukaṭ	2
ukaaṭ	2
uhille	2
uhene	2
uheeṣa	2
uhane	2
uchayam	2
uchanum	2
tápoiṅe	2
táp	2
tán	2
tám	2
tábul	2
tuure	2
tur	2
tuni	2
tumur	2
tumariṅ	2
tuma	2
tollá	2
tolla	2
tike	2
tikaa	2
thát	2
thuyi	2
thur	2
thunáya	2
thuna	2
thu	2
thoṣkum	2
thićimi	2
thiyam	2
theyume	2
ther	2
the	2
thaśná	2
thayu	2
thamne	2
thamkuṣe	2
thame	2
thaloq	2
thallo	2
thaalle	2
tere	2
tera	2
teeġá	2
taṅgira	2
taćumba	2
taćap	2
taća	2
tayilʰću	2
tay	2
tawun	2
tawulla	2
tawuc	2
tatika	2
tasbí	2
tasbyh	2
taraa	2
tallene	2
tall	2
tak	2
taiġon	2
taimura	2
tahill	2
tahil	2
tah	2
sárra	2
suranai	2
sorʰqon	2
solid	2
siyamba	2
siyamaa	2
siyama	2
siphat	2
siphaatiṅa	2
siphaatiṅ	2
simbai	2
simbaa	2
siman	2
sikandary	2
siimen	2
sećemen	2
sesene	2
serʰkas	2
senás	2
senámam	2
senám	2
senumbám	2
senu	2
sende	2
senaase	2
sellen	2
sellaṅe	2
sell	2
saṭik	2
sayuurje	2
sayaa	2
saxtiṅ	2
saurić	2
saryo	2
saruyám	2
saruuc̣um	2
saruu	2
sandi	2
san	2
sajdaiṅa	2
sahat	2
sabun	2
sabaqe	2
sabaq	2
ráh	2
ruz	2
rumi	2
renći	2
renća	2
rayadiṅ	2
ray	2
rawah	2
raná	2
randiẓo	2
rac̣i	2
raan	2
qopo	2
qobámo	2
qo	2
qalip	2
qalamdare	2
qalamdar	2
qalabiṅ	2
pʰaiṅ	2
puyall	2
putuneṣ	2
pur	2
puc̣uti	2
poṭállo	2
ponik	2
piśiinki	2
piśaar	2
pin	2
piire	2
phúṣki	2
phón	2
phuru	2
phukiṅ	2
phukan	2
phuh	2
phon	2
phenáśu	2
pharáskim	2
pharimo	2
pharhaiśu	2
pharcića	2
phani	2
phandare	2
phakićume	2
phakićum	2
phakića	2
phakiyas	2
phakias	2
phaiṅkuṣe	2
peṭekiṅ	2
peṭeke	2
peṣmaan	2
paćaan	2
paritiṅ	2
paaritiṅ	2
oṣa	2
oġáse	2
oćemen	2
oćaġá	2
oćam	2
oyata	2
oxoś	2
otuma	2
oten	2
otastimi	2
otas	2
otamba	2
otamam	2
otaa	2
osálʰćam	2
osum	2
ostame	2
ossa	2
osmoġá	2
ose	2
oolʰtaćemen	2
ooserʰćum	2
ooguc̣um	2
on	2
omanen	2
omallaśu	2
ohuṭes	2
oho	2
ohere	2
oguchara	2
of	2
nósall	2
nór	2
némaṅ	2
née	2
náśire	2
náśaa	2
náśa	2
náġon	2
náyece	2
náyec	2
náwarene	2
násiriṅgin	2
násiib	2
nánitati	2
nánimo	2
námayic	2
námanne	2
námane	2
námaan	2
námaa	2
nák	2
náhilikin	2
nágiric	2
nábehell	2
nulʰtarqe	2
nulʰtallenn	2
nuśul	2
nuġárʰk	2
nuġon	2
nuġaan	2
nuyáw	2
nuyice	2
nuyece	2
nuyec	2
nuyaw	2
nuxaraṭ	2
nuxar	2
nutaġáne	2
nusaru	2
nuqás	2
nuqár	2
nuqar	2
nuphuśa	2
nuphaane	2
numuyic	2
nume	2
numasull	2
nukúchan	2
nukuṣi	2
nukuyur	2
nukuyau	2
nukuchár	2
nuko	2
nukiraat	2
nuhuu	2
nugu	2
notene	2
nostaġá	2
noqás	2
noqoll	2
noqas	2
nopok	2
nophon	2
noos	2
nokote	2
nokooher	2
nokolle	2
nokoll	2
nohere	2
niġárʰk	2
niġáne	2
niġaane	2
niyawe	2
niyauwe	2
niyam	2
nixeś	2
niwaś	2
niware	2
niurʰk	2
nitheen	2
nitell	2
niphake	2
nimassul	2
nimama	2
nikháći	2
nikhokor	2
nikhakar	2
niine	2
nii	2
nia	2
neṣaa	2
neṣa	2
neġá	2
neġa	2
neteaa	2
nestaġ	2
nespasene	2
nesall	2
nemete	2
nemaṅ	2
nemallene	2
nemaan	2
neiṅa	2
neeli	2
nece	2
neaas	2
naćaare	2
nawáś	2
naqiṅda	2
namáma	2
nalle	2
nall	2
naasmalle	2
naamall	2
naall	2
míhaná	2
míhan	2
málʰtaṣ	2
máyna	2
másse	2
máni	2
máll	2
mákući	2
mái	2
muṣqali	2
mulʰtaniṅe	2
mulʰtane	2
mulʰke	2
mulʰka	2
muś	2
mućha	2
muyuu	2
muye	2
muyaṅ	2
muyaća	2
muwo	2
muslime	2
murixe	2
murenći	2
mureix	2
mulke	2
mukht	2
muiṅ	2
muirić	2
muc̣ha	2
mubahabat	2
moća	2
moóspallu	2
moxos	2
morenći	2
moqićam	2
moqe	2
mohabat	2
miġa	2
mićhiṣaa	2
mićhar	2
miyán	2
miyurʰćan	2
miyuriṣ	2
miyu	2
miyen	2
miyek	2
miyaṭes	2
miyaṭa	2
miyan	2
miyamba	2
mixoś	2
miwaśi	2
mive	2
miuuṣki	2
misqara	2
miskiliṅ	2
mireṅ	2
miren	2
mireiṅ	2
miraas	2
minoyu	2
mingi	2
minas	2
mimanum	2
milkhóne	2
milkhon	2
miljuwaare	2
mikhar	2
mii	2
mihán	2
mihaná	2
mihanaa	2
mice	2
merʰiṅ	2
mećume	2
mećum	2
mećemen	2
messe	2
mesqólʰća	2
mesqaya	2
mesenumaan	2
menámam	2
menne	2
meni	2
meneaas	2
melle	2
mella	2
mehriṅ	2
mehery	2
marʰt	2
marʰkam	2
marʰaka	2
malʰćimo	2
maśqolgi	2
maśqol	2
mazhab	2
mayumaan	2
mayoyu	2
mayeniki	2
mayek	2
mayaġá	2
mayanji	2
mayaa	2
masum	2
masqara	2
masića	2
masen	2
mas	2
markamán	2
maristan	2
margaste	2
margast	2
maren	2
maraqa	2
manuman	2
mamayuman	2
mamanen	2
malle	2
makućum	2
makuli	2
makaaṭ	2
mainka	2
madari	2
maastaru	2
loqiṅe	2
loqiśu	2
loq	2
lláp	2
llayemen	2
llayaman	2
llayam	2
llapheś	2
llamane	2
llaaná	2
lip	2
linkage	2
linguists	2
lei	2
laqlaqaġá	2
laqlaqa	2
lalak	2
lahaaziṅ	2
lahaaz	2
kurʰkun	2
kuśi	2
kuru	2
komek	2
kollo	2
kikive	2
khát	2
kháp	2
khákara	2
khái	2
khuwe	2
khuu	2
khurura	2
khon	2
khollá	2
khiṅgaj	2
khirum	2
khiná	2
khelli	2
kheenulle	2
kheene	2
khaṣ	2
khauṣ	2
khasab	2
kharceyimi	2
khanjolle	2
khandar	2
kham	2
khajolle	2
khai	2
khac̣	2
khaaṭ	2
khaaṣ	2
ketmen	2
kaṭarkiś	2
kargila	2
kapálʰći	2
kapálʰća	2
kane	2
kadan	2
kac̣aṭi	2
kaar	2
kaaba	2
k	2
jáġáći	2
jutullee	2
jutiṅći	2
jutiṅe	2
jutiṅ	2
jrihv	2
jinári	2
jin	2
jilaw	2
jilau	2
jeer	2
jaćullenii	2
jaziir	2
jamail	2
jaiṅa	2
jahnáma	2
jagira	2
jaaṅa	2
jaaiṅa	2
iṣqam	2
iṣqaa	2
iṣall	2
ilʰćine	2
ilʰćimo	2
ilʰći	2
iśqamiśo	2
iśkeṭ	2
izbaatiṅ	2
it	2
isolated	2
isko	2
insaane	2
ine	2
ilćine	2
iljikan	2
ikhariṅa	2
idiosyncratic	2
ideas	2
hẽ	2
háyber	2
hár	2
huṭiśi	2
huwec̣ume	2
huuti	2
huruṭa	2
huruśume	2
huruśa	2
hurutas	2
hurtiṅći	2
hurtiṅ	2
hurgoġá	2
hurgo	2
hurgas	2
hur	2
hunzo	2
hunz	2
huni	2
hundure	2
hundur	2
hukka	2
huc̣u	2
huball	2
hubaalla	2
horgo	2
hollá	2
holla	2
hojoj	2
hoho	2
hirc	2
hira	2
hiliṅ	2
heṭ	2
heṅ	2
herʰćimi	2
hesk	2
hesa	2
herʰćuma	2
herum	2
here	2
heraśu	2
heraas	2
heraa	2
her	2
henás	2
henáas	2
henumam	2
henee	2
hem	2
hekaná	2
heka	2
heart	2
harʰt	2
haġora	2
hazar	2
hawul	2
harʰki	2
haráṅ	2
harum	2
harkiṅ	2
hariṅ	2
harićum	2
haraṅgo	2
haralʰtći	2
haranẓ	2
haralt	2
hanuku	2
hanjill	2
hanik	2
hallanze	2
hallall	2
halkum	2
hakinas	2
haia	2
haha	2
haariśo	2
haar	2
haallee	2
góġáren	2
góta	2
gáṭi	2
gáṭ	2
gát	2
gár	2
gándići	2
gáhna	2
gyaṅgi	2
gulʰćine	2
gulʰteha	2
gućhaya	2
gućhare	2
gućhara	2
gućhai	2
guyuṅus	2
guyurʰćume	2
guyeśum	2
guyeśam	2
guyen	2
guyeciṣen	2
guyaṭum	2
guyaṭa	2
guyaṣki	2
guyawoćam	2
guyare	2
guyar	2
guyanum	2
guyaarum	2
guyaara	2
guyaar	2
guya	2
guxate	2
guxat	2
guwáṣ	2
guwelji	2
guwaṭ	2
guwayuma	2
guwayum	2
guuṣki	2
gutheyam	2
gutheenaaśu	2
guthane	2
gus	2
gurenći	2
gurenća	2
gurená	2
guphaṭi	2
gunc̣aṭ	2
gumán	2
gumaya	2
gumaalʰcen	2
gumaan	2
gulćimo	2
gulteha	2
guljuware	2
gukye	2
guke	2
gukaṭ	2
guiṅgi	2
guirić	2
guhuṭes	2
guhill	2
guheṣa	2
guhemen	2
guharika	2
guc̣han	2
guchraas	2
gucheći	2
gucheh	2
guche	2
gucharʰćum	2
guchayam	2
gucharćan	2
guchari	2
gu	2
goġaanik	2
goćumán	2
goćhaya	2
goyaṭa	2
goyaṅguś	2
goyar	2
goya	2
gowanum	2
goten	2
gotam	2
gotaas	2
gosum	2
gopai	2
gooćemen	2
goostaru	2
gooni	2
goomaná	2
gooheramam	2
gonigar	2
goni	2
gonc̣at	2
gomán	2
gomayum	2
gomaya	2
gomac	2
golli	2
gohuṭesa	2
godellen	2
giśaćan	2
giyay	2
giyamba	2
girwaan	2
giraśum	2
giraaśam	2
giraaten	2
giraa	2
gilassa	2
giim	2
giilići	2
gielt	2
gic̣am	2
genetic	2
gaṭ	2
gaṣanẓe	2
gaʰnćhe	2
galʰćum	2
gawhar	2
gate	2
garu	2
garru	2
garmااaśe	2
gareś	2
ganḍariśu	2
ganáśku	2
ganulle	2
gane	2
gamun	2
gamburimo	2
gallum	2
gahnaa	2
gadaro	2
gadaai	2
gaar	2
foreword	2
farhade	2
faiz	2
eṣṭiṅe	2
eṣi	2
elʰtallenas	2
elʰtaleyam	2
eġárʰća	2
ećámbaa	2
ećuman	2
ećimi	2
ećhemen	2
ećaġa	2
ećam	2
eérim	2
eyaṅguśća	2
executed	2
etáse	2
etumbai	2
etumam	2
etuma	2
etu	2
etiṅa	2
etiṅ	2
etená	2
etas	2
etamam	2
etaas	2
estaġáman	2
estaġaas	2
esqayemen	2
espasa	2
eserum	2
esall	2
esa	2
epaći	2
emeeyum	2
elume	2
eeġár	2
eewelʰcá	2
eewelʰcá	2
eekhawyen	2
eebiśa	2
ec̣o	2
ecam	2
dóxná	2
dórgićaa	2
dóhor	2
dóhopor	2
désane	2
dáṣṭaw	2
dáśim	2
dárz	2
dáp	2
duṣmayu	2
duṣmaná	2
duṅ	2
dulʰturum	2
dulʰtumán	2
duśmane	2
duġáṭi	2
duġáśum	2
duġáriśa	2
duġáresu	2
duġáresi	2
dućharaa	2
duyen	2
duxári	2
duxáraa	2
duxaren	2
duxare	2
duwalʰćum	2
duwastimí	2
duwastimi	2
duwasi	2
duware	2
duwaasum	2
duusene	2
duuse	2
duus	2
duune	2
dustam	2
dusi	2
dus	2
dur	2
duphalʰt	2
dumari	2
dumare	2
dumaraas	2
dulluma	2
duliṣ	2
dukuc	2
dukostac̣emen	2
dukhara	2
dukhar	2
duhúll	2
duhulʰća	2
duhullum	2
duhull	2
duchuiim	2
duchaća	2
ducham	2
duce	2
duc	2
dr	2
doṣqalʰća	2
doyićam	2
doyalle	2
doyall	2
doxoxomyaṅ	2
dowuśam	2
dosqaṭamam	2
dosoka	2
dosa	2
doru	2
doroġá	2
doroġa	2
dorgićume	2
dophoġor	2
doone	2
dooll	2
doneś	2
domohul	2
domo	2
dolladoll	2
dolla	2
doll	2
dokoṣqalʰćumaa	2
dokowus	2
dokosaa	2
dokosa	2
dokom	2
dohóniṣ	2
dohor	2
dohone	2
doh	2
diśuyán	2
diyá	2
diyemba	2
diyemam	2
diyalʰćum	2
diyaśas	2
diyaśa	2
diyas	2
diyarum	2
diyariṅ	2
diyaka	2
diwuśume	2
diwusuman	2
diw	2
dim	2
dilasaiṅ	2
dicumaan	2
dicum	2
deṣqalʰtum	2
deġáreśam	2
dećám	2
dećumaan	2
dećaa	2
deéphoġor	2
deyalle	2
dexésum	2
dewusum	2
dewusi	2
dewusaa	2
dewose	2
deusum	2
desá	2
destaá	2
destayám	2
desqaṭe	2
desaya	2
desamam	2
desa	2
dephoġor	2
deousiṅ	2
demeya	2
delluman	2
dellumam	2
dellamam	2
dell	2
dekharan	2
dehorćan	2
dehe	2
deha	2
deehullá	2
deducing	2
decám	2
decića	2
de	2
daṣmán	2
daṣmaná	2
daṣman	2
darʰkute	2
daśiṅa	2
daśiṅ	2
daśa	2
daġáća	2
daġáres	2
dayalćam	2
dayalle	2
dawarum	2
datukium	2
datuki	2
datu	2
dasdaśiṅ	2
darze	2
daruskin	2
darum	2
darixaa	2
darel	2
dareená	2
dapherkan	2
damenás	2
damaná	2
damaane	2
dam	2
dallkhaṭ	2
dall	2
daildenes	2
dahuṭen	2
daaya	2
daawus	2
daall	2
daadta	2
daace	2
c̣uk	2
c̣humc̣humaki	2
c̣han	2
c̣hai	2
c̣ec̣	2
c̣aṭ	2
c̣atur	2
cʰaniṅ	2
cáp	2
complex	2
chórum	2
churám	2
churumán	2
churumu	2
churumaa	2
churraġá	2
chui	2
chu	2
chorum	2
chir	2
cheraġa	2
cheliṅa	2
chaṣ	2
chaġáći	2
chaġaći	2
chaġaća	2
chaġaa	2
chaća	2
chayum	2
chareṣa	2
chanámam	2
chankuṣ	2
chanki	2
chane	2
chana	2
chall	2
chai	2
ceġá	2
capayam	2
bée	2
bálʰcere	2
báśarate	2
báśa	2
bárzan	2
bárkáśi	2
bárićum	2
bárića	2
báreśu	2
bárehaa	2
bára	2
báp	2
bámáću	2
bámullee	2
bulʰtukium	2
bulʰtuki	2
buśe	2
buyuk	2
buyam	2
buuru	2
buum	2
burúshaskii	2
burunum	2
burumiṅ	2
burum	2
bun	2
bumbárak	2
bumbrak	2
bullaskin	2
bulbul	2
bulaṅe	2
bulaiṅ	2
bukpulleś	2
buka	2
buk	2
boḍoll	2
bozali	2
bokam	2
biśayen	2
biyaa	2
bitan	2
bisaarʰćum	2
bika	2
beṣi	2
bećumba	2
bećuma	2
bećharʰći	2
bessa	2
beska	2
bes	2
beka	2
beheśte	2
beheśt	2
beheli	2
beerum	2
beeran	2
beaa	2
baṣc̣ekiṅ	2
baṅeś	2
barʰći	2
barʰkaśa	2
balʰkaṣi	2
balʰkaṣ	2
bazaraa	2
bawar	2
bawaas	2
bati	2
bathánum	2
bathána	2
basum	2
bastimi	2
basića	2
basiná	2
basen	2
barulle	2
bariṅg	2
baring	2
banaa	2
balleaas	2
balldaća	2
ball	2
baliṅ	2
balićimia	2
balda	2
baiaṅ	2
bahalʰćam	2
badśa	2
badaṅe	2
baardum	2
baanaa	2
aṣim	2
aṣi	2
aṅgia	2
aʰtullum	2
alʰćume	2
alʰćam	2
alʰtene	2
alʰqaa	2
aśiirća	2
aśat	2
aġaan	2
aćhića	2
aćhim	2
azbár	2
azbun	2
azaan	2
ayuṅus	2
ayurʰćum	2
ayurʰća	2
ayuriṣ	2
ayura	2
ayomanum	2
ayiśuman	2
ayi	2
ayeśa	2
ayećum	2
ayetiṣ	2
ayeta	2
ayeke	2
ayeci	2
ayaṭes	2
ayaśi	2
ayawućuma	2
ayat	2
ayanum	2
ayamanám	2
axóśe	2
axaća	2
awuṣki	2
awuu	2
awelja	2
awaṣturića	2
awalʰćum	2
awara	2
awallam	2
awalja	2
atuusum	2
atháne	2
atheená	2
ate	2
astore	2
ass	2
asqaya	2
asqanáas	2
aspa	2
asan	2
arhkan	2
arená	2
archaic	2
aqilaś	2
apíyá	2
apíyen	2
apíme	2
apímaa	2
api	2
aphus	2
anum	2
anahar	2
amićhiy	2
amene	2
amen	2
amek	2
amboh	2
amanám	2
amane	2
amanaa	2
alʰćina	2
alʰtoum	2
alʰto	2
aljuware	2
akumanum	2
akuman	2
akotum	2
akota	2
akomán	2
akhéṣ	2
akhoći	2
akhilʰću	2
aiġáini	2
aiyece	2
airić	2
aiote	2
aimayimi	2
aimani	2
aidecam	2
aichán	2
ai	2
ac̣oṣa	2
ac̣oṣ	2
ac̣okon	2
acheći	2
achanen	2
abas	2
aaṣi	2
aalʰćama	2
aalʰćam	2
aalʰteraas	2
aaġyaini	2
aayaśa	2
aaxrat	2
aatumam	2
aasura	2
ẓoc̣	1
ṭir	1
ṣaxuriśu	1
ġooni	1
ġollas	1
ġet	1
ġaśa	1
ġanum	1
ćhiṣ	1
ćhaġkiṣ	1
ćhaaġ	1
ćaṅ	1
ámeṣ	1
zullum	1
zulaixa	1
yármúśum	1
yári	1
yawuaas	1
yatum	1
yasenum	1
yarmuśum	1
yarikall	1
xośaan	1
xayiś	1
with	1
wali	1
uye	1
uyate	1
uwáṣ	1
untimely	1
umeh	1
ucum	1
té	1
támere	1
thám	1
thruṣni	1
thama	1
tawulle	1
síya	1
senaśu	1
senamam	1
senam	1
script	1
rade	1
primary	1
poetry	1
phusí	1
phur	1
personality	1
pain	1
overseas	1
ohakinum	1
níyec	1
né	1
noxgoćoġon	1
niġan	1
nisaapa	1
nimi	1
neét	1
neestaġa	1
naćit	1
nafsiyaati	1
na	1
muaaśrati	1
moqaśuu	1
miyurʰća	1
mic̣han	1
mec̣o	1
maġoyu	1
maġa	1
maćam	1
mayume	1
mathana	1
manukur	1
mamayemen	1
maalʰterʰća	1
lleh	1
llam	1
leekin	1
laphani	1
lala	1
labourers	1
kíṣ	1
kurʰkun	1
kiṣi	1
kiṣ	1
kitepe	1
kitep	1
khún	1
khót	1
khillaph	1
kalam	1
jáġa	1
juu	1
junun	1
jando	1
jabare	1
ixoś	1
insaaphi	1
ilʰćin	1
ilʰćimo	1
ikhar	1
iiljimuś	1
húr	1
huweiṅ	1
hire	1
heyam	1
henum	1
heniṅ	1
happa	1
gósulle	1
gukey	1
great	1
goġaiṅćimi	1
goćoġon	1
girminuma	1
girminaśu	1
girmina	1
girmiinćume	1
girmiinun	1
girmiinum	1
giraćayen	1
giic̣um	1
gic̣ume	1
garum	1
facebook	1
emet	1
dúncheras	1
dén	1
déesi	1
déesallum	1
duya	1
duxarʰćum	1
dumarí	1
doóca	1
doyallen	1
doocum	1
diśoqum	1
diyaśamiṅ	1
diwus	1
diwaas	1
deésall	1
dephoġorum	1
dawasa	1
daulat	1
c̣hika	1
corner	1
chereme	1
chendi	1
chellġaṣ	1
chaġa	1
bút	1
báśarat	1
básrate	1
buruśo	1
boó	1
biśinde	1
beérum	1
beé	1
bewaxt	1
baśarate	1
baġi	1
bazahir	1
baxśinda	1
batai	1
bariṅe	1
bariṅa	1
barala	1
baq	1
babati	1
ayáśa	1
awulam	1
aweerulle	1
asulle	1
arwáh	1
aqmaq	1
aparʰciki	1
amana	1
amall	1
akomana	1
akheen	1
aiuheyam	1
aimayum	1
aiheniṅ	1
aiguman	1
aichu	1
aichayam	1
adap	1
aaġayini	1
aaġainćum	1
