a	4
à	9
aa	4
àaanj	3
aan	555
aàn	15
áan	5
àan	3
aanh	3
àanìn	8
aanj	4
àanj	10
àànj	3
abe	1
àbe	52
ábée	1
àbeej	4
ábéh	1
ábéj	1
ábèj	1
àbej	14
abi	6
abì	1
abih	18
ábíh	1
ábìh	3
abii	23
abij	3
ábíj	1
abríi	6
achanh	1
achánh	1
achanj	1
achánj	1
ache	1
achée	3
achéh	3
achéj	14
achi	6
achí	1
achih	1
achíh	1
áchíh	5
achìhì	15
achìhìh	4
achìhìij	1
achìhìj	1
áchíi	1
achíin	1
áchíin	23
achij	33
achíj	1
achìj	8
achin	11
áchìn	1
achinh	1
achính	1
áchính	3
achínì	1
achíníh	1
achíníin	3
achínij	1
achíníj	1
achínính	3
achinj	7
achínj	13
áchínj	1
áchríin	1
achrin	1
áchrính	1
áchrínj	1
áchrìnj	1
achúnh	1
agóstóo	3
ah	18
áh	8
àhanj	3
ahbe	17
ahbej	9
ahbèj	6
ahbi	1
áhbì	1
ahbih	1
ahbíh	1
ahbìh	1
áhbíh	4
ahbíi	1
áhbíi	1
ahbij	1
ahbíj	1
áhbíj	1
àhgò	3
ahì	3
ahih	1
ahìij	1
áhíj	1
ahman	1
ahmán	1
ahmánj	1
ahmiin	47
áhmíin	1
ahmin	1
ahmìn	8
ahminh	1
ahminj	5
ahmìnj	5
ahmúnh	1
ahnanh	8
ahnánh	4
ahnanj	1
ahnánj	1
ahne	1
áhnée	1
áhnéh	1
áhnéj	3
áhnèj	1
ahnga	1
ahngà	1
ahngaa	4
áhngáa	1
ahngah	5
ahngáh	3
ahngaj	1
ahngáj	1
ahngàj	1
áhngáj	1
áhngàj	1
àhngo	5
àhngò	9
ahngoh	1
ahngóh	1
áhngóh	1
àhngoj	3
ahngóo	3
ahnih	3
áhníh	1
ahníin	1
áhníin	1
ahnin	3
ahninh	9
ahnính	8
ahninj	1
ahnínj	35
áhnínj	1
áhnìnj	1
ahnúnh	1
áhyáan	1
ahyan	1
áhyánj	1
áhyànj	1
ahyoj	15
ahyu	1
ahyuh	1
ahyùj	2
áhyúnh	1
ahyuu	1
aj	38
áj	148
aja	3
ajaan	3
ajaj	3
ajan	3
àjan	12
ajanh	4
ajành	3
àjanh	16
àjành	3
ajanj	4
àjanj	12
àjànj	3
aka	1
akà	3
akaa	5
ákáa	1
akàaj	1
akaj	8
akàj	4
ákáj	1
akíin	1
akin	1
akinh	1
akính	1
ákình	1
akinj	1
akínj	4
ákínj	1
ako	1
ákò	1
akoh	8
akóh	1
ákóh	1
akoj	3
ákój	1
ákòj	1
ákóo	12
ákúnh	3
akwa	8
akwáa	3
akwáhníi	9
akwahniin	4
akwahníin	3
akwáhníin	49
akwahnin	3
akwáj	32
akwanh	19
akwành	6
àkwành	3
akwáníi	3
akwáníin	5
àmàn	28
amanh	7
amígúu	3
aminj	3
amìnj	3
an	9
án	4
àn	9
ana	1
ánáa	1
ánáan	3
anàhàn	1
anàhanj	3
anàhànj	1
ánáj	21
ánàj	1
anan	1
ánánj	48
ánànj	3
ànanj	3
anè	1
ánè	1
anee	3
ánée	1
aneh	3
ánéh	1
ànèh	3
anej	3
anéj	10
ánéj	8
ánèj	4
ànèj	6
ango	4
ángóh	3
angoj	8
àngoj	3
ángóo	141
anh	10
ành	3
anì	26
anìh	8
anìhinj	3
anìhínj	3
anìhsij	7
anìhúnj	3
anihyà	1
anihyaj	1
anihyàj	1
anihyòh	1
áníi	3
áníin	62
anìinj	1
áníj	3
anìka	4
anìkà	1
anìkàj	4
anikinh	3
anikính	1
anikinj	1
anikínj	1
anìkòh	1
anin	1
anín	1
anìn	23
ánìn	1
aninh	1
anính	4
anình	1
ánính	1
aninj	1
anínj	1
ánínj	1
ánìnj	1
anj	25
ánj	62
ànj	10
ánjrèh	4
ánóh	1
anòho	1
anòhò	6
anòhòh	1
anòhòj	1
antanaj	3
anùhùnh	1
anùkòh	1
anùkwa	1
anùkwà	1
anùkwàj	4
anùmin	3
ánùn	1
ánúnh	14
anunj	6
ánúnj	1
ánúun	9
ara	8
ará	1
aráa	1
áráa	1
aráan	1
arahanj	3
araj	4
aráj	7
áráj	7
áràj	1
aran	3
aranh	12
aránh	1
aranj	3
aránj	9
árásùn	1
árásunh	1
árásunj	1
árásúnj	1
árásúun	1
àrej	7
ari	1
áríh	3
áríi	1
áríj	6
árìj	1
aróh	1
aròh	1
áróh	1
àròh	4
aròhoj	1
aròhòj	1
aruh	6
árùn	3
arúnh	1
árúnh	1
arunj	1
árúnj	1
árúun	1
asàh	12
àsàh	10
asi	1
asì	48
àsì	7
asíh	6
asíi	1
asij	29
asíj	1
asìj	20
ásíj	11
àsìj	79
asin	1
àsìnì	7
asìnìn	3
àsìnin	4
àsìnìn	10
àsìnìyàn	11
àsìnìyànj	3
àskwàha	6
ata	40
atá	3
àta	9
átáa	9
ataaj	9
atah	13
átàh	1
ataj	427
atáj	3
atàj	247
átáj	1
àtaj	7
atán	1
atanj	1
ato	3
àtò	3
atoh	22
atóh	1
átóh	1
atoj	9
atòj	12
àtoj	5
átóo	1
atu	3
átúh	3
átúj	25
átùj	1
átúu	1
áúj	1
àuunj	36
ayà	1
ayaa	9
áyáan	1
ayah	1
áyàh	1
ayaj	1
áyáj	1
ayan	1
ayanj	1
ayànj	1
ayoh	1
áyóh	1
ayu	7
ayú	1
ayúh	1
ayúj	1
ayùn	1
ayunh	1
ayunj	1
áyúnj	1
ayuu	1
ayuun	1
ba	24
bá	3
bà	392
baa	359
báa	7
baaj	12
baàj	3
bàaj	8
báan	1
báh	9
báháan	1
bahan	5
bahanj	55
bahànj	30
báhànj	1
bàhanj	3
bàhnìj	12
bàhnin	4
bàhnình	3
bàhnìnj	50
baj	247
báj	14
bàj	21
balínúun	3
ban	1
bánè	1
bánée	5
bánéh	3
bánéj	1
bánj	3
baránj	3
bartúun	7
bàsìj	3
básúu	9
bàtành	17
bba	1
bbà	1
bbaaj	8
bbaàj	1
bbàaj	1
bbaj	9
bbáj	5
bbàj	9
bbe	7
bbé	4
bbee	19
bbée	1
bbeej	19
bbéh	1
bbej	8
bbéj	7
bbèj	3
bbì	6
bbìh	1
bbìi	6
bbìij	1
bbìj	121
bbòh	1
be	7
bé	1356
bè	3
bebehe	6
bebehé	3
bebéhé	3
bébéhé	3
beh	112
béh	7
bèh	4
behe	3
behé	28
béhé	3
bèhée	1
behéh	1
béhéh	3
behej	1
behéj	1
bèhej	8
bèhéj	1
bej	7
béj	6
bèj	30
bele	3
belu	161
beluh	3
belúh	8
bélúh	3
béntáa	3
bértáa	4
bétíi	6
bétúu	4
bìhi	1
bìhí	1
bìhij	1
bìhíj	1
bin	886
bín	6
bìn	3
bính	43
binj	3
bínj	7
boh	17
bóh	8
bòh	8
bólsáa	3
bótáa	3
bótéh	3
buhunh	3
buhúnh	1
bunh	10
búnh	1
camaj	3
cchaan	1
ccháj	9
cche	3
cchè	5
ccheej	144
cchèej	1
cchéh	9
cchèh	15
cchej	6
cchéj	29
cchèj	10
cchi	1
cchíh	1
cchìh	18
cchíi	1
cchij	3
cchíj	4
cchìj	14
cchooj	1
cchra	57
cchraà	3
cchráa	1
cchráj	4
cchreej	3
cchrèj	3
cchrinh	4
cchroj	5
cchroo	3
cchrooj	43
cchruj	7
cchrun	20
cchrùn	8
cchuj	4
cchùn	3
cchùnh	6
cchùnj	1
cchùunj	1
cha	3
chá	8
chà	70
chaà	78
cháa	123
chàaj	1
chaan	6
cháan	1
chàanj	4
chabì	28
chàbì	3
chabii	3
chábíi	1
chàchi	1
chàchì	4
chachìj	7
chàchìj	16
chah	1
cháh	5
chàh	16
chàhaj	1
chàhàj	1
chahanj	3
chahánj	1
chàhanj	3
chàhànj	1
chahbi	1
chahbih	1
cháhbíi	1
chahbij	3
chahbíj	1
chahnì	1
chahnìinj	1
cháhnìn	1
cháhnính	1
cháhnínj	1
chahnúnh	3
chahnuu	3
chahnuun	10
chahù	8
chahyun	1
chahyunh	1
chahyùnj	6
cháhyúun	1
chaj	23
cháj	9
chàj	1
chaka	9
chàkà	8
chakaa	7
chákáa	1
chakaj	7
chakáj	18
chakàj	8
chàkàj	40
chàkàn	17
chàkanj	3
chàkànj	1
chakíi	1
chakij	1
chakíj	1
chakoh	5
chakòh	1
chàkòh	6
chakoj	1
chakòj	6
chakwi	1
chákwíh	7
chákwíi	1
chákwíj	25
chákwìj	1
chakwín	3
chámáan	1
chàmàn	1
chamanj	1
chámánj	3
chámànj	1
chàmànj	1
chámúnh	1
chan	3
chàn	11
chanà	7
chàna	6
chànà	58
chànaj	1
chànàj	1
chàngà	3
changàh	3
chàngah	4
chàngáh	3
chàngàh	96
chàngaj	13
chàngàj	3
changó	3
chàngòh	15
chanh	4
chánh	1
chành	8
chánj	5
chànj	1
chánóo	3
chanuun	3
chapárúu	3
charúj	4
chataa	8
chàtàh	20
chataj	5
chatàj	5
chátáj	1
chàtàj	1
chatan	25
chato	12
chatoj	5
chatun	4
chayaj	1
cháyúun	3
che	9
cheè	1
chée	8
chèej	3
cheh	8
chéh	4
chèh	3
chèhè	38
chèhej	8
chèhèj	3
chej	56
chéj	2
chekè	1
chékè	1
chekèej	1
chékéh	4
chékéj	1
chékwáa	6
cherékwáróo	6
chi	8
chí	1
chiaj	3
chiche	22
chìche	1
chìchè	4
chíchée	1
chicheej	3
chichéh	3
chìchèh	10
chichèj	2
chìchèj	10
chichroj	3
chih	3
chìh	3
chihi	12
chihí	154
chihì	5
chíhì	1
chìhì	87
chihíh	8
chihìij	1
chihij	7
chihíj	7
chíhíj	1
chihnà	1
chihnaa	18
chíhnáan	1
chihnaj	5
chihnan	1
chihnànj	2
chihne	1
chíhnéj	1
chihngaj	1
chihníin	1
chihníj	3
chihninh	3
chihnính	4
chihnínj	15
chíhnínj	6
chihnoh	1
chihnunh	1
chihyaan	1
chíhyáan	1
chihyàj	3
chihyan	1
chihyanj	3
chihyánj	4
chihyànj	2
chíhyánj	16
chíhyànj	1
chihyunh	1
chíhyúnh	1
chíj	1
chìkàhanj	4
chikahbi	1
chikahbih	1
chikahbìh	1
chikáhbíi	1
chìkatìn	3
chikih	5
chíkíh	9
chíkìh	3
chikíin	1
chikij	3
chíkíj	3
chikin	1
chikìn	6
chikính	1
chikínj	1
chiko	4
chìko	1
chìkò	1
chikoh	4
chìkòh	1
chikoho	3
chikohoh	4
chikohoj	1
chikohòj	1
chikòhoj	3
chikóhóo	1
chìkohoo	4
chikój	12
chìkòj	6
chikóo	1
chíkúh	5
chíkúu	5
chilu	5
chílúu	4
chinà	9
chínà	1
chínáan	1
chínáj	1
chinàn	3
chinánj	7
chínánj	1
chínànj	1
chìnànj	4
chine	8
chinéj	5
chingá	3
chingà	1
chíngà	1
chíngáa	1
chingah	1
chingaj	1
chíngáj	1
chíngóh	4
chìnìn	9
chìninj	1
chìnìnj	1
chínj	14
chínóh	4
chìnùnh	14
chìra	1
chìrà	1
chiráa	1
chìràaj	1
chirah	4
chiràh	1
chìràh	9
chiraj	1
chiráj	65
chìràj	4
chirih	3
chírìh	1
chíríj	1
chiroh	8
chìròh	1
chiroj	5
chiròj	5
chíròj	1
chíróo	1
chìruhbee	4
chirúj	4
chirúnj	1
chirúu	1
chirúun	1
chítíi	4
chìtin	1
chìtìn	1
chitinh	1
chìtình	1
chìtinj	1
chìtìnj	1
chiúnh	21
chíúnh	3
chiya	1
chíyáa	1
chiyáan	3
chiyaj	3
chíyáj	1
chíyàj	1
chiyan	4
chìyan	1
chìyàn	1
chiyánj	73
chìyànj	13
chíyóh	1
chiyúnh	30
chìyùnh	4
chóh	37
chòh	39
choo	6
choò	1
chóo	3
chra	42
chrá	1
chraan	3
chráj	4
chriah	2
chriáh	1
chriáj	1
chrihí	1
chrihíh	1
chrihíj	1
chrúbáa	47
chruchrúbáa	1
chruhnún	44
chruhnùn	3
chrùhnun	3
chruhnúnh	4
chruj	7
chrun	53
chrùn	18
chrúnh	3
chrúnj	13
chruun	3
chu	3
chù	1
chúáa	3
chúbáa	157
chubaj	3
chube	87
chubéh	3
chubih	3
chubíh	5
chùbìj	9
chuchee	11
chuchiah	6
chuchùh	1
chùchùh	5
chúchúu	6
chuh	3
chúh	42
chuhbaj	7
chuhbih	9
chuhbíh	3
chuhbij	3
chuhbíj	4
chuhnún	7
chuhnùn	7
chúhnùn	1
chuhnúnh	3
chúhnúnh	4
chúhnúnj	1
chuhún	1
chuhúnh	1
chuhúnj	2
chuj	182
chùj	1
chuku	55
chukúh	3
chukútíi	5
chùkùúnh	3
chùkwa	3
chukwáháan	5
chukwahanj	6
chukwahánj	3
chukwaj	6
chukwáj	29
chukwanh	3
chukwánh	3
chùkwi	3
chùkwihi	4
chùkwìhi	4
chùkwìhí	1
chukwihih	3
chùkwìhih	1
chùkwìhíh	3
chukwíhíi	6
chukwihij	5
chukwihìj	3
chùkwìhíj	1
chukwíi	3
chukwítíi	3
chúmáan	16
chúmàn	1
chùmàn	6
chumanh	64
chùmành	7
chumanj	13
chúmánj	1
chúmúnh	1
chungwì	11
chúnh	85
chùnh	7
chunj	1
chúnj	1
chùruhbe	4
chùruhbee	47
chùruhbéh	3
chutaj	40
chutan	13
chután	4
chùtan	3
chutánj	3
chuti	3
chutù	3
chutuu	7
chutùuj	1
chúun	1
chùunj	3
cnáan	1
cnabi	1
cnabí	1
cnabíj	1
cnahníj	3
cnákínj	3
cnamiin	1
cnánj	8
cnànj	4
cnekwaan	1
dyosì	3
echàh	5
ée	5
eh	3
éh	41
ej	3
éj	4
éjrèh	12
érèh	3
esíh	3
esij	21
flácóo	3
frérúu	3
ganáa	7
ganáan	18
ganar	3
gestionando	3
goh	3
gòh	3
hácháa	3
hanh	3
hbí	5
hbì	7
hì	3
hnah	73
hnáh	8
hnàh	7
hnaj	1
hnáj	3
hnanj	3
hngò	35
hngòh	3
hniij	6
hníin	3
hniinj	7
hnin	1
hnính	1
hninj	3
hnínj	66
hnóh	1
hùnh	7
hya	121
hyà	3
hyáa	5
hyáh	3
hyaj	279
hyáj	7
hyành	3
hyò	3
hyoh	1
hyóh	39
hyòj	1
hyoo	6
hyoò	1
hyooo	1
ì	6
ìchìh	4
ìchìj	5
íh	3
ìh	3
ìij	1
ìj	1
ìkò	4
íkúu	1
íkwáj	3
ính	3
isij	3
ita	1
itá	1
itáj	1
itóh	1
joh	7
jòh	3
júlyóo	3
júlyúu	3
júntáa	5
júnyúun	3
ka	43
kà	187
ka-nìki	7
kaa	114
káa	1
kàa	3
kàaj	8
kàan	1
kabáchúu	3
kabáyáan	3
kabè	1
kàbè	1
kàbèj	1
kabi	6
kabì	4
kàbi	8
kàbì	37
kabih	102
kabíh	3
kàbih	6
kàbìh	26
kabii	71
kábíi	5
kabij	11
kàbij	3
kàbìj	7
kabin	105
kabín	4
kàbin	55
kàbính	3
kàbínj	1
kàchành	1
kàchanj	3
kàchànj	1
kache	4
kàche	4
kàchè	8
kàchèh	10
kachej	4
kachéj	25
kàchèj	1
kachi	3
kàchi	1
kàchì	1
kachih	1
kachìhì	31
kàchìhì	12
kàchìhìh	5
kachìhij	6
kàchìhìj	1
káchíin	46
kachij	15
kachìj	7
kàchíj	1
kàchìj	4
káchín	2
káchìn	2
kàchin	3
kàchìn	12
kachinh	3
káchính	2
kàchình	3
kàchìnìj	1
kàchìnìn	1
kàchìnình	3
kachinj	11
kachínj	6
káchínj	4
kàchinj	6
kàchìnj	16
kàchrìn	1
kàchrìnj	1
káchúu	4
kagah	22
kàgàh	8
kah	14
káh	2
kàh	4
kahaan	20
káháan	5
kahaanj	3
kàhàj	3
kahan	49
kahàn	9
kàhan	16
kàhàn	51
kahanh	3
kàhánh	3
kahanj	176
kahànj	109
kàhanj	39
kàhánj	3
kàhànj	178
kàhàns	3
kàhbaj	3
kahbe	20
kàhbe	62
kahbej	4
kàhbej	3
kàhbèj	13
kàhbì	1
kahbih	3
kàhbih	3
kàhbìh	4
kàhbìj	2
kàhì	13
kàhìh	3
kàhij	1
kàhíj	3
kàhìj	1
kàhman	3
kàhmánj	1
kahmiin	20
kahmin	6
kahmìn	6
kàhmìn	30
kahminh	6
kàhmình	35
kahminj	3
kàhmìnj	3
kahna	3
kahnah	110
kahnáh	6
kàhnah	5
kàhnàh	37
kahnaj	13
kahnáj	4
kàhnaj	7
kàhnàj	7
kahnanh	5
kàhnành	1
kàhnànj	1
kahne	4
kàhnè	12
kàhnèh	3
kahnej	3
káhnéj	2
kàhnèj	1
kàhngà	6
kahngaa	6
kàhngàh	4
kahngaj	4
kàhngàj	2
kahngò	5
kahnih	3
kahníj	12
kahnin	7
kàhnìn	6
kahninh	5
kahnính	5
kàhnình	21
kahnínj	18
kàhnìnj	5
kàhnòh	3
kahuj	1
kàhyàn	1
kàhyànj	3
kàhyù	1
kàhyùj	1
kaj	11
káj	4
kàj	13
kàkà	2
kàkàj	1
kàkìh	3
kàkihínj	1
kakíj	23
kàkìj	3
kàkìn	1
kakinh	15
kàkinh	1
kàkình	7
kakínj	5
kàkìnj	1
kàkò	5
kàkòh	5
kákój	2
kàkòj	2
kákóo	4
kàkwà	1
kàkwàj	3
kakwanh	3
kákwành	1
kákwánj	1
kàman	1
kàmàn	1
kamanh	4
kàmành	9
kamanj	6
kàmànj	1
kambah	1
kamiin	10
kamíin	47
kàmiin	3
kàmíin	6
kamin	5
kàmìn	3
kàmìnj	1
kàmiuun	1
kan	2
kán	1
kàn	1
kànà	19
kànáa	3
kanabij	3
kanachiruh	3
kànàchìruh	3
kànàchiruj	3
kànàchìrúj	3
kanàhàn	3
kànàhàn	1
kànàhànj	1
kànàhbìj	3
kànàhnèh	4
kánáj	10
kànàj	4
kànàn	6
kánanj	2
kánánj	7
kànànj	11
kànànòhòj	3
kándúu	4
kane	82
kané	3
kàne	48
kàné	7
kànè	7
kanee	3
kanéh	5
kànéh	15
kànèh	3
kanéj	6
kànéj	1
kànèj	1
kanh	2
kành	24
kanì	3
kànìh	3
kànìhyà	1
kanihyaa	2
Kànìhyàj	1
káníi	2
káníin	21
kànìka	3
kànìkà	1
kanìkàj	4
kànìkàj	3
kanìki	23
kanikinh	6
kànìkinh	1
kanikinj	2
kanikínj	4
kànìkínj	1
kanikoj	4
kànin	1
kànìn	30
kànình	12
kaninj	2
kànínj	1
kànìnj	1
kànj	2
kanoh	2
kànòh	4
kànòhò	1
kànòhòh	4
kànòhòj	1
kantuchù	2
kànùbíi	1
kànùbij	1
kánúj	2
kànùkwà	1
kànùkwàj	1
kànùmin	3
kànùn	7
kánúnh	2
kànùnh	16
kanunj	2
kànunj	3
kànùnj	1
kanuun	2
kánúun	6
kara	23
kàra	10
kàrá	3
kàrà	9
kàráan	1
kàràh	11
karáj	2
káráj	33
kàráj	1
kàràj	4
kàran	3
karanh	10
kàrành	4
karánj	6
kàránj	3
kàrànj	4
kàràsúnj	1
kàràsuun	1
kárgáa	4
kàrì	10
kàrìh	5
karihyan	2
káríj	17
karin	1
kàrin	4
kàrìtaa	5
karóh	2
kàroh	6
kàróh	4
kàròh	3
kàròhòj	1
kartúun	6
karù	4
kàrùmin	1
kàrùmínj	1
kàrùn	1
kàrùnh	3
kàrùnj	1
karuun	4
kárúun	4
kaseh	2
kàsi	3
kàsì	16
kasih	1
kàsíi	1
kàsij	1
kàsìj	1
kasin	1
kàsin	1
kàsìnìyàn	4
kasinj	1
kastíi	2
kata	11
katá	2
kàta	15
kàtà	6
kátáa	5
katah	8
kàtàh	16
kataj	15
katáj	2
katàj	14
kàtáj	1
kàtàj	63
kàtàn	1
kàtành	4
katìn	14
kátìn	1
kàtìn	7
kàtình	7
kátínj	1
kàtinj	1
kàtìnj	1
kató	2
kàtò	1
katoh	4
kàtòh	21
katòj	5
kàtòj	5
katu	2
kátú	2
kàtu	3
kàtù	21
kàtùh	6
kátúj	29
kàtuj	3
kátúu	4
katúun	2
kaxù	5
kaxùj	11
kaxùnh	1
kàya	3
kàyà	2
kayaa	2
kàyàh	1
kàyàj	1
kàyàn	1
kàyànj	1
kayoh	2
kàyòh	11
kayu	5
kàyu	3
kàyù	1
kayúj	2
kàyúj	1
kàyùn	1
káyúnj	2
kàyùnj	1
kayuun	4
kè	137
kèej	7
kéh	2
kèj	2
kènekee	1
kènekej	2
kènékéj	1
kéráa	2
kereh	11
kèrèh	7
kèrèhè	1
kèrèhèj	5
kerengah	7
kèrèngàh	7
kètèreh	2
ki	4
kìcháan	1
kìchahánj	1
kìchàhbì	1
kìchàhbìj	1
kìchahnìn	1
kìcháhnínj	1
kìchahyunj	1
kìcháhyúun	1
kichakàj	2
kìchakoh	2
kichákwíh	6
kìchákwíh	4
kìchákwíi	1
kichákwíj	20
kìchákwíj	9
kichámánj	5
kìchanh	1
kìchánj	1
kìchekè	1
kìchékéh	2
kìchékéj	1
kichi	1
kìchì	2
kichíh	1
kìchìhnàn	1
kìchìhnànj	1
kìchìhnè	2
kìchihnej	1
kìchìhnìn	1
kìchihyaan	1
kìchìhyàn	1
kìchihyanj	1
kìchìhyànj	1
kichíi	1
kichíj	1
kìchìj	2
kìchìngà	1
kìchìngah	1
kìchìngàj	1
kichingoh	2
kìchìngòh	2
kìchìràh	2
kìchìràj	1
kìchìyà	1
kìchìyàj	1
kìchrìhí	1
kìchrìhíj	1
kìchùhún	1
kìchùhúnj	1
kìchutù	1
kicnakò	4
kihinj	1
kihínj	1
kihniij	2
kihníin	1
kihninj	1
kihya	22
kìhya	17
kihyáa	8
kìhyáa	7
kihyaj	160
kihyáj	8
kìhyaj	124
kìhyáj	11
kihyanj	19
kihyànj	2
kihyò	2
kihyoh	2
kihyóh	35
kìhyóh	35
kiiranj	2
kimán	6
kìmàn	4
kìn	1
kìna	2
kìná	2
kìnà	1
kìnàa	1
kinabi	5
kìnàbi	4
kìnàbì	1
kinabíh	5
kìnàbih	2
kinabii	4
kìnàbii	2
kìnàbíi	1
kinabij	13
kìnabij	2
kìnàbij	2
kinabin	34
kìnàbin	14
kinabính	5
kinabinj	2
kìnàbínj	1
kìnàchè	1
kìnàchì	1
kìnàchíhnée	1
kìnàchíhnéj	1
kìnàchíhníin	1
kìnàchíhnínj	1
kináchíin	2
kìnàchìj	2
kìnàchikà	1
kìnàchikàj	1
kìnàchìn	1
kìnàchìnj	2
kinachiruh	5
kìnàchiruh	1
kìnàchirúj	1
kìnàchìrúj	2
kìnàchráan	1
kìnàchranj	1
kinachuhbih	2
kinachùmàn	5
kìnàchùmàn	1
kìnàchùmànj	1
kìnàchumiin	1
kìnàchúmínj	1
kinahan	2
kìnàhan	1
kìnàhbì	1
kìnàhbìh	2
kìnàhbìj	2
kìnàhmán	1
kìnàhmàn	1
kinahnaj	2
kìnàhnè	2
kìnàhnìn	2
kìnàhnình	1
kinahnínj	2
kináhnínj	4
kìnàhninj	2
kìnàhnìnj	3
kináj	2
kìnàj	1
kìnàka	1
kìnàkà	1
kìnàkàh	2
kìnàkáhnáa	1
kìnàkahnaj	1
kinakaj	5
kìnàkáj	1
kìnàkàj	1
kinakihyaj	4
kìnàkò	3
kinakoh	4
kinakóh	2
kìnàkòh	1
kìnàkòhòj	2
kìnàkòj	1
kìnàkunanj	1
kìnàkurah	1
kìnàkúráj	1
kinakutinh	2
kìnakwanh	1
kìnákwánj	1
kìnàkwì	1
kìnàkwìj	1
kìnàmìn	1
kìnàmìnj	1
kìnan	2
kìnàn	1
kìnànèh	1
kìnàniàh	1
kìnàniàj	1
kìnànihính	2
kináníin	2
kinanìka	2
kìnànìka	2
kìnànìkà	1
kinanìkàj	5
kìnànìkàj	1
kìnànìkinh	2
kìnànìn	2
kìnàninh	2
kinaninj	2
kinanìnj	6
kìnànìnj	2
kìnànj	2
kinanoh	5
kìnànòh	6
kìnànòhò	1
kìnànòhòj	3
kìnànùbà	1
kìnànùbàj	1
kìnànùhbìj	2
kìnànúnj	1
kìnànuun	1
kìnàra	1
kìnàrà	2
kìnàráan	1
kìnàràha	1
kìnàràháj	1
kìnàràn	2
kinaranh	2
kìnàránh	2
kìnàránj	1
kìnàrànj	1
kinari	2
kìnàrì	2
kinarih	11
kìnàrìh	6
kìnàrìhij	2
kìnàrìhìj	1
kinarii	2
kináríj	2
kìnaríj	1
kìnáríj	1
kìnàrìj	1
kìnàrìkì	1
kinaríkíi	2
kìnàrìkìj	1
kìnàrìùn	1
kìnàrìùnj	1
kìnàrùbì	1
kìnàrubii	2
kìnàrùbìj	1
kinaruhbee	2
kìnàruhbee	1
kinaruhbeh	2
kìnàruhbeh	2
kinarúhbéj	2
kìnàrúhbéj	1
kìnàruhbi	1
kìnàruhbíj	1
kìnàrùkwìh	1
kìnàrùkwìhìj	1
kìnàrùmin	1
kìnàrùmínj	1
kìnàrùn	1
kìnàrùnj	1
kìnàrùnùn	1
kìnàrùnùnj	1
kinasi	2
kìnàsì	2
kìnàsìh	2
kinasíj	13
kìnàsìj	4
kinatah	2
kìnàtàh	1
kìnàtàj	1
kìnàtìkyúnj	1
kìnàtìkyúun	1
kìnàtìn	1
kìnàtìnj	1
kìnàtù	3
kìnàtùhbè	2
kinatúhbéj	2
kinátúj	13
kìnàtùj	1
kìnàtunà	2
kìnàtùnà	5
kinatúnáa	6
kinatunaj	2
kìnàtùnòh	5
kìnàxkìinj	1
kìnàxùn	1
kìnàxùnj	1
kìnàyùn	1
kìnàyùnj	1
kindu	1
kìndùh	2
kìnduj	2
kinè	5
kinèj	14
kìnèj	4
kìnga	6
kingáa	4
kìngáa	1
kingaj	19
kingáj	2
kìngaj	2
kingóh	4
kìngóh	2
kinh	5
kính	1
kinì	1
kìnìche	1
kìnìchéj	1
kìnìhí	2
kinihin	18
kinihín	4
kìnihin	6
kìnìhin	18
kìnìhín	2
kinihính	4
kìnihính	5
kìnìhính	2
kinihínj	8
kìnìhínj	1
kinihna	4
kìnihna	1
kìnihnáj	1
kìnihya	2
kìnihyaa	1
kìníhyáan	1
kinihyaj	2
kìnihyaj	2
kìnihyàj	2
kìnihyanj	5
kìnìhyùn	1
kiníhyúun	7
kiníin	4
kiniinj	2
kinij	5
kinika	9
kìníkáa	1
kinikaj	9
kinikàj	5
kìnikaj	8
kìnikàj	7
kinikinh	2
kìnikinh	5
kìnìkính	2
kìnikínj	1
kinikòh	5
kiníkòh	2
kìnikoh	2
kìnikòh	2
kìníkój	1
kinin	4
kinìn	2
kìnìn	4
kìnìnà	1
kìnìnàj	1
kininh	5
kìnình	2
kininj	12
kinìnj	8
kìnìnj	4
kìnìtin	1
kinitinj	2
kìnìtínj	1
kìnìyáa	1
kìnìyaj	1
kìnj	1
kinubín	1
kinùbin	1
kinubinh	1
kinubínj	1
kinùbinj	1
kinùbínj	1
kìnùkwà	1
kìnùkwàj	1
kinùn	2
kìnùn	1
kìnùnèh	1
kìnùnèj	1
kìnùnh	6
kìnùrù	1
kìnùrùj	1
kìnùtàh	1
kìnùtàj	1
kinutóh	2
kìnùyàn	1
kìnùyànj	1
kiráan	4
kirah	2
kìràhàn	1
kìrahánj	1
kìràhànj	5
kìrahbi	1
kìráhyáan	1
kìráhyánj	1
kìràkò	1
kirákój	2
kìràkòj	1
kìràn	14
kiranh	23
kiránh	5
kìranh	4
kìránh	2
kìrành	2
kìrànin	1
kìrànínj	1
kiranj	9
kiránj	22
kirànj	2
kìranj	2
kìrànj	1
kìrì	8
kirih	38
kiríh	7
kìrìh	70
kirihij	4
kirihíj	5
kìrihíj	2
kìrìhij	8
kìrìhìj	2
kirihya	2
kìrìhyàn	1
kìrìhyànj	2
kìrìhyùnh	2
kirii	29
kirij	2
kiríj	2
kìrìj	4
kìrìkì	1
kìrìkìj	1
kìrìnìj	1
kìrìnìn	1
kìrìùj	2
kìrìyàh	1
kìrìyàj	1
kìrìyù	1
kìrìyùj	1
kìrìyùn	2
kìrìyùnh	2
kìrìyùnj	1
kìrùhùnh	2
kirúnh	4
kìrùnh	9
kisi	7
kìsi	5
kìsì	1
kisíh	5
kìsih	1
kìsìh	6
kisíj	49
kìsíj	1
kìsìj	13
kìsìkìh	1
kìsìkìj	1
kìsìnùn	1
kìsìnùnj	1
kìsìsìh	1
kita	2
kìta	2
kítáa	1
kìtabii	1
kìtàbíi	4
kìtábíj	1
kìtàbij	2
kìtachanh	1
kìtachánj	1
kìtáchée	1
kìtachej	1
kìtachiníkáa	1
kìtachinikaj	1
kitaha	2
kìtahà	7
kìtàhà	2
kitahaa	6
kìtahaa	6
kitahaj	2
kìtahaj	2
kìtàhbi	1
kìtàhbíj	1
kitahngah	4
kìtahngah	2
kìtàhngah	1
kìtàhngáj	1
kitáj	11
kitàj	22
kìtáj	1
kìtàj	4
kìtàkah	1
kìtàkaháj	1
kìtàkàhaj	1
kìtakò	1
kìtákój	1
kìtámíin	1
kitaminj	4
kìtaminj	1
kìtánée	1
kìtánéj	1
kitangah	2
kìtàníin	1
kìtanìkà	1
kìtanìkàj	1
kìtàninj	1
kìtàreh	1
kìtàrehéj	1
kìtátúj	2
kìtátúu	1
kitereh	2
kìtèreh	2
kìtìchíyúnj	1
kìtìchiyuun	1
kitikabih	5
kìtìkíi	1
kitikíj	2
kìtìkíj	1
kìtìkìyán	1
kitikiyánj	2
kìtìkìyánj	1
kitikiyúun	2
kitikíyúun	5
kìtìkíyúun	5
kìtìkyah	1
kìtìkyáj	1
kìtìkyúnj	1
kìtìkyúun	1
kìtìnìáa	1
kìtìnìaj	1
kìtìnìn	1
kìtìnìnj	1
kìtìrihi	1
kìtìsì	1
kìtìsìj	1
kìtìtíin	1
kìtìtín	1
kìtìtínj	1
kitoh	4
kìtoh	4
kìtohoh	6
kìtohóh	2
kìtokòh	1
kìtokój	1
kìtókój	1
kìtokóo	1
kìtùkúhnáa	1
kìtùkuhnaj	1
kìtùkuhnunh	1
kìtùkúhnúnj	1
kìtùkúnj	1
kìtùkuùn	1
kìtùkwàchée	1
kìtùkwàchéj	1
kìtùkwàchi	1
kìtùkwàchíj	1
kìtùkwáháan	1
kìtùkwahanj	1
kìtùkwahyuj	1
kìtùkwahyunj	1
kìtùkwáhyúu	1
kìtùkwáhyúun	1
kìtùkwakaa	1
kìtùkwákáj	1
kìtùkwanee	1
kìtùkwánéj	1
kìtùnáháa	1
kìtùnáháj	1
kìxìkíhíin	1
kìxìkíhínj	1
kkà	2
kkaa	2
kkàah	5
kkaaj	4
kkaan	1
kkah	1
kkáj	5
kkàj	27
kkan	5
kkanh	2
kkành	4
kkanj	2
kkì	3
kkìh	3
kkìi	1
kkij	22
kkìj	12
kkinj	4
kkò	6
kkoj	46
kkweej	43
kkwej	1
kkwéj	4
kò	32
koh	87
kóh	5
kòh	60
koho	5
kóhò	1
kòho	2
kòhò	8
kohóh	4
kóhóh	4
kòhòh	6
kohoj	10
kóhój	4
kòhoj	3
kòhòj	3
kohoo	5
kóhóo	39
kohyoj	2
kòj	1
konohó	9
kònòhò	3
kònòhòh	1
kònòhoj	1
kònòhòj	1
konohoo	2
kótóh	2
kòtòj	2
kù	1
kubìj	4
kùchè	1
kùchèj	1
kuchi	1
kuchí	1
kùchi	2
kuchih	5
kuchíh	1
kùchìh	1
kuchìhì	5
kuchij	1
kuchíj	1
kùchij	2
kùchíj	1
kùchìj	1
kuchruun	2
kuchùbì	2
kuchuhbih	2
kùchuhbih	1
kuchuhbij	10
kùchuhbíj	1
kuchúmáan	4
kùchùmàn	5
kùchùmànj	1
kùchùn	7
kùchùnj	2
kuchuun	5
kuh	3
kúh	3
kùh	8
kùhlùj	2
kuhmaan	2
kùhna	4
kùhnà	1
kùhnaj	1
kùhnàj	42
kùhnànj	7
kuhndih	1
kùhnòh	1
kuhnunh	2
kùhnùnh	1
kùhnùnj	1
kùhùj	1
kùhùnh	8
kùhyùn	2
kúhyúnh	2
kùhyùnj	1
kúhyúun	5
kúj	6
kúkúj	1
kukwaj	1
kumán	18
kumàn	28
kùman	2
kùmàn	7
kuna	2
kunáj	4
kunan	2
kùnàn	1
kúnánj	15
kùnànj	2
kundu	7
kùndu	1
kùndú	1
kùndúj	1
kuneh	6
kùnèh	1
kunej	2
kùnèj	2
kunh	5
kùnh	33
kùnij	2
kùninj	4
kùnòh	2
kúntáa	17
kuntu	6
kúnubá	1
kunubej	2
kunúj	2
kunùkoh	4
kunùkóh	2
kùnùkoh	2
kùnùkóh	5
kunùkwáa	2
kùnùkwáa	1
kunùkwaj	13
kunùkwáj	2
kùnùkwaj	8
kùnùmìn	2
kunun	2
kunún	2
kunùn	2
kùnun	5
kùnún	2
kùnùn	8
kùnùnà	1
kùnùnàj	1
kununh	4
kúnúnh	3
kùnunh	5
kùnúnh	4
kùnùnh	9
kunúnj	5
kùnunj	2
kùnúnj	2
kùnùnj	1
kunurùj	2
kùnùta	1
kùnùtàh	1
kùnùtáj	1
kùnùtòh	2
kunuun	24
kùnuun	16
kùnuunj	5
kurah	9
kùràh	6
kùraj	4
kùràj	1
kùràn	1
kùrànj	1
kurétá	2
kùretanj	5
kùri	1
kurih	4
kùríh	1
kùríi	1
kùrij	2
kùríj	1
kurínj	1
kùròh	2
kùrù	1
kuruáa	3
kùruáa	5
kùrúáa	2
kurúbáa	2
kùrùbì	1
kùrùbìj	1
kuruh	2
kùrùh	5
kùruhbee	1
kùrúhbéj	1
kùrùhman	1
kùrùhmánj	1
kuruj	9
kurúj	1
kurùj	2
kùrùj	5
kurukwih	12
kùrùkwìh	5
kurukwihij	2
kùrùkwìhìj	1
kùrùn	5
kùrùnj	4
kurunún	2
kùrùnùn	1
kùrùnùnj	1
kuruu	1
kùrúu	2
kusée	9
kùsej	2
kusi	2
kùsi	1
kùsìh	1
kùsíj	1
kùsìj	1
kùsìn	1
kùsinj	1
kùsìnj	1
kuta	3
kùta	9
kùtá	2
kùtà	1
kutah	26
kùtàh	7
kùtàhàn	2
kutáj	2
kùtaj	2
kùtáj	1
kùtàj	1
kùtan	1
kútánj	2
kùtánj	1
kútíi	16
kutinh	2
kùtình	1
kùtìnj	1
kutóh	3
kútóh	2
kùtòh	7
kutù	2
kùtù	1
kùtúchée	1
kùtuchej	1
kùtùchuhbih	1
kùtùchuhbíj	1
kùtùhbe	2
kùtùhbè	9
kùtuhbee	2
kùtùhbèh	5
kutúhbéj	2
kùtùhbèj	2
kùtuhbih	2
kùtùhbìh	1
kùtùhbìj	1
kùtùj	1
kùtùkabih	1
kùtùkábíj	1
kutukahmiin	2
kùtùkamanh	1
kùtùkámánj	1
kùtukuh	4
kutùkuhnaa	1
kutùkuhnaj	1
kutùkuhnàj	1
kùtúkúj	1
kùtùkúmíi	2
kùtùkúmíin	5
kùtùkúmínj	1
kutukuu	5
kùtukuu	4
kùtùkwinh	1
kùtùkwínj	1
kùtùnà	1
kùtùnáa	1
kùtùnáj	1
kùtùnàj	1
kutúnéh	3
kùtùnèh	6
kùtùnèj	1
kùtùsikih	1
kùtùsíkíj	1
kùtùtà	1
kùtùtàj	1
kùxùn	1
kùxùnj	1
kuxuun	7
kùyah	1
kùyàh	4
kùyàn	1
kuyanj	3
kùyanj	1
kùyù	1
kùyùj	1
kuyùnh	2
kwáa	5
kwah	3
kwahàj	3
kwahlah	13
kwahniin	2
kwáhníin	2
kwanj	5
kwartoj	3
kwáyúu	10
kwayúun	2
kwè	3
kwéfée	3
kwehleh	1
kwehlèh	1
kwehlej	1
kwehngò	2
kwehngoo	5
kwehnìj	2
kwehnìnj	3
kwej	2
kwéj	3
kwèj	2
kwekin	1
kweliù	2
kwéliúu	2
kwenhgò	2
kwénta	2
kwéntá	5
kwèntà	2
kwentáa	2
kwéntáa	263
kwèntù	6
kwéntuáa	2
kwèntuj	5
kwéntúu	49
kwérkúh	5
kwérkúu	17
kwérsáa	3
kwérsóh	2
kwésà	1
kwèsà	1
kwésáa	5
kwesaj	1
kwésáj	1
kwèsaj	1
kwèsàj	1
kwesì	2
kwésóh	2
kwétáa	6
kwetành	2
kweyàh	8
kwi	113
kwih	2
kwìh	8
kwìhìj	3
kwii	2
lahbi	5
làhbi	3
lahbij	5
lahbìj	3
làkáa	1
làkaj	1
làkáj	1
làkanchuu	1
lakìnj	1
lámáa	4
lantíi	2
lantíin	2
lariáh	3
lariaj	15
làrù	3
lastóníi	4
lastóníin	2
lásúu	1
lécháa	8
lée	38
lééh	5
léh	4
lehej	5
lej	8
léráa	5
létù	1
létúh	1
letuj	1
létúj	1
létúu	1
liáa	2
liah	56
liáh	17
liaj	3
líáj	2
líbráa	2
líchúu	6
lii	2
líi	156
lij	2
línáa	2
línáan	2
líniáan	2
linun	2
línúu	3
línúun	2
lipa	3
lipée	2
lípée	2
llée	9
lleh	2
llej	2
llíi	2
llíij	3
llij	19
llíj	4
lohloj	1
lómáa	4
lómáan	2
lóo	2
loti	6
luíi	7
lúmínj	2
lútáa	3
luti	3
máa	22
máan	28
madéráa	3
mah	175
máh	47
màha	2
mahan	3
màhan	321
màhán	10
màhàn	2
màhanj	2
màhánj	21
maj	3
máj	54
mákáa	2
makáj	11
makàrà	12
man	143
máñáan	2
mándáa	4
manguu	2
mángúu	1
manh	3
manj	2
mánj	69
màre	5
màré	1
márée	10
màreè	3
màréh	1
màrej	1
màréj	2
margarítúu	2
mariáa	4
máriu	2
máriúu	3
mársúu	2
martúun	5
màrúj	1
màruu	3
màruù	5
matíi	3
màyáa	1
màyaàj	4
máyáan	12
máyàn	1
mayanj	1
máyánj	1
máyúnh	1
mayúu	1
máyúu	3
médíáa	2
mej	7
meku	2
meriaa	1
mésáa	5
meskà	3
méstrú	2
méstrúu	15
mète	1
mèté	1
mètéj	1
métrú	2
métrúu	2
míi	15
míin	3
mikée	3
mínj	3
mmáa	15
mmàanj	3
mmah	22
mmáh	18
mmáj	5
mman	2
mmán	133
mmàn	77
mmanj	8
mmánj	2
mmànj	6
mmáréh	2
mmih	1
mmii	3
mmiì	1
mmiin	5
mmìinj	1
mmín	2
mmìn	1
mminh	3
mmínj	2
mmìnj	1
mmúnh	4
móh	2
molínóo	2
msàhan	2
muhúnh	5
mùhúnh	19
múláa	12
múnh	7
músúu	8
NA	3
ná	95
nà	33
náa	1
náan	1
nàanh	8
nàanj	10
nabi	5
nabì	1
nàbì	9
nabih	1
nabíh	1
nabii	4
nabíi	1
nábíi	2
nabij	44
nabíj	1
nàbij	3
nabin	21
nabín	1
nàbin	5
nàbín	2
nabính	2
nàbính	1
nabínj	1
nachanh	1
nachánh	1
nàchành	1
nachanj	1
nachánj	1
nàchànj	1
nache	2
nachej	3
nachéj	2
nachèj	3
nàchèj	2
nachi	1
nàchí	2
nachih	1
nachíh	2
nachìhì	2
nachihne	1
nachíhnée	1
nachíhnéh	1
nachíhnéj	1
nachíhnèj	1
nachíhníin	1
nachihnin	2
nachíhnính	1
nachíhnínj	2
nachíhnìnj	1
náchíi	1
náchíin	3
nachìj	2
nachikà	4
nachìkà	5
nachikaa	3
nachikaj	2
nachikàj	2
nàchikaj	3
nachikòh	3
nachìkòh	4
nàchikòh	2
náchìn	1
nàchìn	2
náchính	1
nàchình	4
nachinj	7
nachínj	3
náchínj	1
nàchinj	2
nàchìnj	9
nachirah	2
nachiruh	2
nachirúh	1
nachiruj	1
nachirúj	3
nàchìrúj	3
nachráan	1
nachran	1
nachránj	1
nachrúnh	1
nachùmàanj	1
nachùmàn	4
nàchùmàn	2
nachùmànj	1
nachumiin	1
nachúmìn	1
nachúmính	1
nachuminj	1
nachúmínj	1
nachùmùnh	1
nachúnh	1
nachuun	1
nàhà	2
nàhàj	5
nahan	1
nahanj	6
nahánj	1
nahànj	1
nàhanj	4
nàhànj	1
nahbe	33
nahbej	35
nahbèj	2
nahbi	1
nahbih	1
náhbíh	1
náhbìh	1
nàhbìh	1
nahbii	3
náhbíi	1
nahbij	1
náhbíj	1
náhbìj	1
nàhbij	1
nàhbìj	1
nahínj	1
náhmáan	1
nahmán	1
nahmanj	1
nahnah	1
nahnáh	1
nàhnah	2
nàhnàh	6
nahnaj	1
nahnáj	1
nàhnaj	2
nàhnàj	1
nahne	1
náhnée	1
náhnéh	1
náhnéj	1
náhnèj	1
nahníin	1
náhníin	1
nahnin	1
nàhnìn	1
nahninh	2
nahnính	1
náhnính	1
nàhnình	5
nahninj	1
nahnínj	6
náhnínj	1
náhnìnj	1
nàhninj	1
nàhnìnj	3
nahnóh	1
nàhyành	2
nàhyanj	3
náj	2
naka	2
naká	1
nàkà	19
nákáa	1
nakah	3
nákàh	1
nàkàh	4
nakáhnáa	1
nakahnaj	6
nakáhnàj	1
nakàhnaj	2
nakahnoh	1
nakaj	16
nakáj	1
nakàj	6
nákáj	1
nàkaj	1
nàkàj	32
nàkàna	1
nàkàne	7
nàkànìn	3
nakihya	2
nakihyáa	1
nàkìhyáa	1
nakihyaj	21
nakihyáj	1
nàkihyaj	2
nàkìhyaj	4
nakihyóh	2
nàkihyóh	2
nàkìhyóh	3
nakinj	6
nakínj	3
nakìnj	2
nàkitàaj	2
nakò	2
nákò	1
nàkò	7
nakoh	8
nakóh	1
nákóh	1
nàkòh	1
nakóhò	1
nakóhóh	1
nakohoj	1
nakohój	1
nakóhój	1
nakóhóo	2
nákój	1
nàkoj	1
nàkòj	1
nakòoj	1
nàkòoj	2
nakunanj	1
nakune	1
nàkune	1
nakunee	1
nákúnh	1
nakurah	2
nakúràh	1
nàkuràh	2
nakuraj	1
nakúráj	1
nakúróh	1
nakutinh	1
nakútính	1
nakútình	1
nàkùtình	4
nakutinj	1
nakútínj	1
nàkùtìnj	1
nakwanh	1
nakwành	3
nákwành	2
nakwanj	1
nákwánj	1
nákwì	1
nákwíh	1
nákwíi	3
nakwij	1
nákwíj	1
námíin	1
namin	1
námính	1
naminj	2
námínj	2
námìnj	1
nan	194
nán	4
nàn	278
nàna	1
nànà	1
nanàhàn	2
nànàj	2
nándóo	4
nanè	4
naneh	1
nanej	1
nanh	15
nánh	19
nành	3
naniah	1
naniáh	1
naniaj	1
naniáj	1
nanìàn	2
nanihin	2
nànìhin	2
nanihính	2
nànìhính	5
naniiính	2
naniin	1
naníin	1
náníin	4
naniinj	3
nanìka	3
nanìkà	1
nànìka	4
nanìkàj	16
nànìkàj	8
naníkì	1
nànìkì	1
naníkíh	1
nanikij	1
naníkíj	1
nànìkìj	1
nanìkòh	1
nànìkòh	2
nanin	1
nanìn	1
nánìn	1
naninh	1
nanính	2
nánính	1
nànình	2
naninj	3
nanínj	1
nanìnj	2
nánínj	1
nàninj	1
nànìnj	5
nanióh	1
nanj	3
nánj	65
nànj	3
nanoh	12
nanóh	5
nànoh	2
nànòh	3
nanoho	1
nanóhóh	1
nanohoj	4
nanohój	2
nanóhój	1
nanóhòj	1
nànòhoj	2
nànòhòj	2
nanóhóo	1
nanubá	6
nanubaj	1
nanubáj	1
nanubóh	1
nanùn	1
nanunh	1
nànunh	2
nanunj	1
nanúnj	1
nanuóh	2
nanuun	6
nánúun	2
nànuun	2
nápáa	2
nara	6
náráa	1
naràaj	1
naráan	1
naràha	2
naràhá	1
nàràha	5
naràháj	1
nàràhaj	2
narahanj	3
narahánj	1
náráj	3
náràj	1
nàráj	3
naran	1
naranh	10
naránh	1
naránj	6
nari	2
narì	1
nàrì	5
narih	17
naríh	4
náríh	1
nàrìh	11
narihij	3
narihíj	2
nàrìhij	5
nàrìhìj	3
narii	6
náríi	2
narij	5
naríj	3
náríj	16
nárìj	1
naríkì	1
nàrìkì	2
naríkíh	1
naríkíi	3
narikij	1
naríkíj	1
nariun	1
nariún	1
nariunh	1
nariunj	1
nariyun	1
náróh	1
naròhóh	1
nàròhóh	2
nàròhòh	2
nàrubì	1
nàrubih	1
nàrubii	1
nàrubij	1
nàrúbíj	1
naruhbe	2
nàruhbè	1
naruhbee	4
nàruhbee	11
nàruhbeh	1
nàruhbej	1
nàrúhbéj	1
nàruhbi	1
nàruhbí	1
nàruhbíh	1
nàruhbíj	1
nàruì	2
narukwih	2
narukwíh	1
narukwihij	1
narukwihíj	1
narumin	3
narumín	1
nàrùmin	1
narumính	1
narumínj	1
narúnh	1
nárúnh	1
nàrúnh	3
nàrùnh	2
narunj	1
nárúnj	1
narunun	1
narunún	4
nàrùnùn	2
narunúnh	1
nàrùnùnh	2
narunúnj	1
nárúun	3
násáa	4
nàsàh	3
nasétóo	3
nasi	8
nasì	5
nàsì	28
nasíh	2
nàsìh	6
nasíi	3
nasij	2
nasíj	51
nàsíj	2
nàsìj	11
nasin	4
nátáa	2
natah	20
natáh	1
nàtàh	36
nataj	1
natáj	3
nátáj	5
nàtàj	6
natìinj	1
nàtìinj	1
natikyúnh	1
natikyunj	1
natikyúnj	1
natikyúun	1
natìn	1
nàtìn	1
natình	1
nàtình	1
natìnj	1
nàtìnj	1
natoh	3
natóh	1
nàtòh	3
natoo	5
natu	4
nàtu	1
nàtù	5
nátúh	1
natuhbe	1
natúhbée	1
natúhbéh	1
natúhbéj	4
natúhbèj	1
nátúj	14
nátùj	1
nàtùj	2
natujnaj	2
natúnà	1
nàtùnà	14
natúnáa	28
nátúnáa	2
natúnáan	3
natunaj	9
natunáj	2
natúnáj	1
nàtùnàj	1
natúnóh	1
natútóh	2
nátúu	2
náùn	1
naxkiin	1
naxkìinj	1
naxùn	1
naxunh	1
naxunj	1
naxúnj	1
nàya	2
nayah	3
nàyành	2
nàyoj	2
náyùn	1
nàyùn	2
náyúnh	2
nayunj	1
náyúnj	1
nàyùnj	2
nayuun	2
náyúun	2
ndà	19
ndàaj	3
ndádúu	2
ndahbi	2
nduj	1
nè	2
nebákáa	3
née	2
neh	4
néh	123
nèh	90
néhée	1
nehej	11
néhéj	1
néhèj	1
nèhej	2
néhsòj	2
nej	1876
néj	9
nèj	5
nejsíh	2
nejsij	6
neka	1
nekè	1
nekee	1
nekeh	1
nekej	1
nékéj	1
nenìj	1
nenìnj	4
nerìhì	3
nérúu	2
nesìh	8
nesij	8
nesìj	2
netan	2
netúnh	2
nèya	3
nga	4
ngá	2
ngà	371
ngaà	2
ngàa	191
ngaaj	11
ngàaj	35
ngàanì	226
ngàanìn	14
ngaj	25
ngáj	5
ngàj	9
nganì	2
ngàni	2
ngàsi	3
ngò	877
ngò-yàn	7
ngóh	5
ngòh	17
ngòhgnò	2
ngòhgò	9
ngòhngò	10
ngòhngòh	3
ngoj	2
ngòkè	6
ngòkej	3
ngóo	3
ngòoj	7
ngòrin	55
ngòrính	2
ngòyan	2
ngòyàn	48
ngwiì	260
ngwìi	3
ni	9
nì	4264
nìa	5
niàh	9
nìàh	13
niaj	2
niàj	1
nìaj	4
nìàj	1
niánj	5
nicha	2
nìcha	1
nìchà	1
nìchàj	3
niche	1
niché	1
nichè	1
nichèe	1
nichéh	1
nichéj	1
nichèj	1
nichì	2
níchì	1
níchíj	1
nìchrùnh	2
nichunh	2
nìchùnh	12
nìchunj	1
nìchùnj	1
nigyánj	8
níh	218
nìh	116
nìhiính	2
nihin	63
nihín	18
nìhin	4
nìhín	2
nihính	26
nìhình	2
nihinj	2
nihínj	8
nìhinj	88
nìhínj	6
nìhìnj	5
nìhínjrèh	2
nihna	1
nihná	1
nìhnàh	1
nihnáj	1
nìhnaj	1
nìhnàj	1
nìhnej	2
nihnóh	1
nihrua	3
nìhruáa	88
nìhruaj	5
nìhruáj	2
nìhruóh	2
nìhsíh	2
nìhsij	29
nìhúnj	7
nihya	9
nihyà	1
nìhya	2
nihyaa	7
níhyáa	2
nihyaan	1
níhyáan	1
nihyaj	25
nihyàj	24
nihyan	2
nihyanj	12
nihyànj	8
níhyànj	2
nìhyanj	2
nihyó	2
nihyoh	4
nihyunh	18
níhyúun	9
niì	7
níi	2
niìn	2
níin	2
niính	2
niinj	2
nìinj	1
nij	15
nìj	2
nika	10
nikà	10
nìka	3
nìkà	21
nikaa	24
níkáa	7
nikaaj	3
nìkàh	7
nikaj	48
nikáj	2
nikàj	43
níkáj	1
níkàj	3
nìkaj	16
nìkáj	2
nìkàj	27
nìkanh	5
nìkànj	11
niki	5
nìki	106
nìkí	1
nikih	2
nikíh	2
nìkíh	5
nikihinj	1
nikihínj	1
nìkíj	1
nikinh	30
nikính	2
nìkính	2
nìkình	6
nikinj	6
nikínj	1
nikiyánj	7
niko	2
nìko	54
nikoh	13
nikóh	2
nikòh	26
níkóh	1
níkòh	2
nìkòh	10
níkój	1
nìkoj	1
nìkój	2
nìkòj	1
nikòoh	2
nikòoj	4
nikyánj	9
nímáan	10
nímàn	2
nimanj	1
nímánj	1
nímúnh	2
nin	2
nìn	17
nina	1
ninaa	1
ninaj	2
ninàj	1
nìnàj	12
ninan	1
nìnan	2
nìnán	1
nìnàn	3
ninanj	1
nìnánj	1
nìnànj	60
nính	13
nình	3
nìnì	3
nìnìh	2
nìnìn	26
nìnình	9
nìninj	2
nìnìnj	1
nìnj	6
ninoh	1
nìnùnh	1
nìòh	1
nìra	1
nìrá	1
nìráj	1
nisín	2
nitaj	6
nitàj	392
nìtaj	2
nitiin	1
nitín	3
nìtìn	3
nitính	1
nitinj	1
nitínj	1
nìtinj	1
nìtìnj	1
nitoh	1
nittàj	2
nìtù	3
nìtùh	1
nìtuj	1
nìtùj	1
niya	2
nìya	34
nìyà	2
niyaa	27
niyáa	1
niyah	2
nìyàh	16
niyaj	8
niyáj	1
niyàj	6
níyáj	3
nìyaj	4
nìyàj	2
nìyàn	4
níyánj	11
nìyanj	1
nìyànj	1
niyóh	1
nìyòh	2
nna	2
nnaà	36
nnaaanj	1
nnàaj	3
nnaàn	5
nnáan	2
nnáanh	2
nnáanj	2
nnàanj	88
nnáj	6
nnàj	7
nnan	2
nnanh	46
nnánh	4
nnanj	4
nnánj	20
nnànj	2
nne	112
nné	1
nnè	10
nnee	132
nneè	34
nnéej	2
nnèej	1
nneh	4
nnéh	12
nnèh	1
nnej	2
nnéj	10
nnèj	3
nni	1
nní	5
nníh	2
nníi	1
nniij	2
nníin	7
nniinj	2
nnìinj	1
nnij	23
nníj	2
nnin	14
nnính	3
nnình	1
nninj	7
nnìnj	1
nnóh	1
nnún	5
nnùn	3
nnúnh	1
nnunj	1
nnúnj	2
nnuu	1
nnuun	4
nnuùn	1
nnùun	4
noh	9
nóh	3
nòh	14
nohò	1
nohoh	1
nohóh	2
nohoj	1
nohój	1
nóhój	1
nòhòj	1
nohoo	2
nòj	2
non	4
nùbi	1
nubíh	1
nùbih	1
nubíi	1
núbíi	27
nùbíi	1
nubíj	1
nùbij	8
nùbíj	1
nuchej	3
nùchèj	2
nuhbí	3
nùhbi	2
nùhbí	1
nùhbij	1
nùhbíj	1
núkóh	1
nùkóh	1
nùkùhùnh	4
núkwà	1
nùkwa	1
núkwáa	1
nùkwáa	1
nùkwàah	2
nùkwàhàn	15
nùkwàhanj	3
nukwaj	6
núkwáj	1
nùkwaj	14
nùkwáj	2
nùkwàn	2
nukwanh	41
nùkwành	4
nùkwe	20
nùkwè	16
nùkwèéj	3
nùkwèh	8
nùkwèhéjrèh	2
nùkwej	6
nùkwéj	4
nùkwèj	246
nùkwèjnej	39
nùkwèjrèh	2
nùkwèjsij	32
nùkwèjúnj	2
nùkwi	2
nùkwìhi	7
nùkwóh	2
numi	1
númíh	1
númíi	1
númíj	1
númìj	1
nùmin	1
nùmín	1
númínj	2
númìnj	2
nùmínj	1
nun	214
nùn	22
núnà	1
núnáa	1
nunaj	1
núnáj	1
nuneh	1
núnéh	1
núnèh	1
nunehej	1
nunej	1
núnéj	1
nunh	6
núnh	3
nùnh	2
nunj	10
núnj	1
núnóh	1
nunúnh	2
nuranh	2
nuru	1
nuruh	1
nurùj	2
núrúu	1
nuta	1
nutá	1
nutà	11
nutah	3
nútàh	1
nutaj	1
nutáj	1
nútáj	1
nutóh	2
nuun	100
nuùn	1
nuunj	7
nùyàn	1
nùyanj	1
nùyànj	1
nùyùnh	1
o	1
ò	6
Ø	1
oh	53
óh	7
òh	41
ohoj	1
oj	6
ój	4
òj	27
ójrèh	2
ónée	2
oneh	63
onéh	2
ónéh	41
onej	4
onéj	4
ónéj	36
ónénh	3
onenj	2
ónénj	2
óo	1
óráa	11
ósáa	2
pa	2
páa	2
padrínúu	2
pagadóo	4
páháj	2
páj	4
pálá	2
pàla	16
páláa	9
pàlì	4
pàlíh	7
parì	8
pasìnj	1
páyúun	3
pédrúu	4
péráa	2
pésúu	9
pétée	2
pichákúu	3
píláa	2
pintu	2
piya	2
póstée	3
probando	2
punto	2
ra	2
rá	2
rà	2
ráa	265
raan	2
raàn	1
ráan	1
rachih	3
rachumanh	4
ràh	3
raha	94
rahá	4
ràha	2
ràhá	1
ràhà	1
ráháan	1
rahaj	1
raháj	6
ràháj	1
rahan	5
rahanj	1
rahánj	2
ráhánj	2
ráhànj	1
rahbej	5
rahbèj	1
rahbi	3
ráhyáan	1
rahyan	1
ràhyành	1
ráhyánj	3
ráhyànj	1
ràhyanj	1
ràhyànj	1
rahyún	16
ràhyún	18
ráhyúnh	1
rahyúnj	2
ràhyunj	4
ràhyúnj	1
raj	31
ráj	53
ràj	14
rakíi	1
rakij	1
rakíj	1
rakin	1
rako	4
ràkò	1
rákóh	1
rákój	1
rákòj	1
ràkòj	1
rákóo	1
ran	1
ranchu	2
ránchúu	2
ranej	5
ranèj	1
ranh	27
ránh	3
ranin	1
ranín	2
ranính	1
ranínj	1
ranj	1
ránj	21
raraan	3
rárúbáa	2
ràsùnh	2
rasuun	69
rásuun	2
rásúun	3
rayún	21
rayúnh	2
ráyúnh	2
ràyunj	3
rechè	1
rechèe	1
rechèj	2
reej	2
reh	4
réh	5
rèh	311
rehe	1
rehè	3
réhè	1
réhée	1
reheh	1
réhéh	2
rehej	1
rehéj	2
rehèj	1
réhéj	4
rej	97
rèj	3
rékáj	3
rèkè	1
rekeh	1
rèkej	1
rèkèj	1
rekoj	3
rekòj	1
rekoo	11
rekóoj	2
réliáa	3
rengah	1
rèngàh	11
rèngaj	1
rèngàj	1
réntée	12
resa	2
rétáa	1
retò	1
retòj	1
rétój	1
retoo	9
retuj	9
rétúj	5
riaan	595
riaàn	5
riah	2
riáj	2
riàn	48
riánh	2
rianj	82
riánj	5
ríánj	1
riénì	1
riéníi	1
rìenii	2
riéníj	1
rih	42
ríh	13
rìhì	3
rihij	4
rihíj	1
rìhij	1
rìhìj	1
rihyaan	1
rihyan	1
rihyanj	1
rihyànj	3
rihyuj	1
rihyúj	1
rìhyún	7
rihyunh	7
rihyunj	3
rihyúu	1
rii	20
riì	1
rij	4
ríj	4
riki	101
rikí	1
ríkì	1
rìkì	8
rikíh	2
ríkíh	1
rikihín	3
rìkihín	1
rikihính	1
rikihinj	1
rikihínj	1
rìkihínj	1
ríkíi	14
rikij	3
rikíj	2
ríkíj	1
rìkij	3
rìkìj	3
rikiyah	1
rin	30
rín	1
rini	1
ríníh	1
rinii	2
ríníi	1
riniin	3
ríníj	1
rínìj	1
rinìnj	3
rínj	1
riún	6
riunh	16
riúnh	15
ríúnh	4
riuun	2
riyaa	5
riyah	1
ríyàh	1
riyaj	1
ríyáj	1
rìyan	2
ríyóh	1
riyoo	1
riyu	1
ríyúh	1
ríyúj	1
ríyùj	1
riyún	8
riyùn	1
riyunh	2
ríyúnh	2
riyunj	1
riyúnj	5
ríyúnj	1
ríyúu	1
riyuun	4
rkákée	1
rkalee	2
rkálée	9
rkú	4
rkù	2
rkusì	24
rkwechàh	1
rmau	3
rmaú	1
rmáú	2
rmaúj	1
roh	2
róh	294
ròh	5
rohóh	9
ròhóh	2
rosì	3
ròsìh	1
ròsij	1
ròsìj	1
rotohlo	2
rtóo	5
ruáa	10
ruàh	2
ruaj	3
ruáj	2
rubì	1
rubih	1
rubii	1
rubij	1
rúbíj	1
ruchahngaj	3
ruchan	7
rùchan	3
ruchej	2
ruchíyáan	1
ruhbè	1
ruhbee	5
ruhbeh	2
ruhbej	1
rúhbéj	1
ruhbih	1
ruhbij	8
ruhman	2
ruhmán	1
ruhmanj	1
ruhmánj	1
ruhmúnh	1
ruhnún	42
ruhnúnh	3
rúhúnh	2
ruj	1
rukú	24
rùkù	8
rukúh	2
rukúj	1
rukwà	2
rukwaa	1
rùkwàha	1
rukwàj	1
rukwanj	3
rukwánj	6
rukwih	4
rukwíh	1
rukwíhíi	3
rukwihij	1
rukwihíj	1
rumáúu	1
rumiin	2
rumin	6
rumín	2
rùmìn	7
rumính	1
rùmình	7
rumínj	1
rùminj	1
rùmìnj	1
run	6
rún	17
rundìj	2
rùnè	3
runee	9
rúnée	1
rùnej	1
rùnèj	1
runga	2
rungàa	2
runh	2
rúnh	19
runihyà	1
runj	14
rúnj	13
runun	1
runún	2
rùnùn	5
runúnh	1
rùnùnh	1
runúnj	1
rùnunj	1
rùnùnj	1
rusì	1
rutah	1
rutáj	6
rutanj	2
rutànj	1
rúun	2
sa	3
sà	4
sáan	3
sadúun	3
sah	3
sàh	142
sahaanj	2
sàhaj	3
sàhàj	3
sahanj	3
sahànj	94
sàhanj	2
sàhánj	2
sàhànj	3
saj	3
sáj	2
saludando	2
samej	2
sanì	561
santò	2
sàsàh	6
sátúu	2
sayooj	2
sàyùn	3
sàyùnh	1
sàyunj	1
sàyùnj	1
sayuun	9
sé	191
sehèj	1
sej	2
séj	4
semánáa	6
sensyu	2
séntáa	2
sérgiúu	3
si	904
sí	2
sì	494
si-hya	2
si-hyaj	4
si-kamíin	2
si-kanh	3
si-kúj	4
si-oficina	2
si-pantalon	2
si-rkùsì	2
si-ruchánj	3
si-sìrùnh	2
si-spatu	2
si-spátúu	2
si-sùn	2
sibásù	1
sibásúj	1
sibásúu	1
sichaan	1
sichaàn	1
sichábì	1
sichàbì	1
sichábíi	1
sichábíj	1
sichàbij	1
sichàbìj	1
sicháh	1
síchàh	1
sícháj	1
sichàn	1
síchánj	1
sichàta	1
sichàtà	1
sichàtàj	1
sichàtan	1
sichàtánj	1
sichàya	1
sichàyà	1
sichàyàj	1
sichékwà	1
sichékwáa	1
sichékwáj	1
sichìhì	1
sichìhij	1
sichìhìj	1
sichìhngà	1
sichìhngàj	1
sichihnính	1
sichìhninh	1
sichihnínj	1
sichìkin	1
sichìkìn	1
sichìkìnj	1
sichílu	1
sichílù	1
sichílúj	1
sichìnan	1
sichìnàn	1
sichìnànj	1
sichìngà	1
sichìngaj	1
sichìngàj	1
sichiróh	1
sichìroh	1
sichirój	1
sichò	2
sichòj	2
síchój	1
síchóo	1
sichròj	2
síchróo	1
sichrúun	1
sichúbà	1
sichúbáj	1
sichuchúbà	1
sichuchúbáa	1
sichuchúbáj	1
sichùchùh	1
sichùchuj	1
sichùchùj	1
sichuj	1
sichúj	1
sichukútì	1
sichukútíi	1
sichukútíj	1
sichúnj	1
sichùrúhbè	1
sichùruhbee	1
sichùrúhbéj	1
sichúu	1
sicnàmìn	1
sicnàminj	1
sicnàmìnj	1
sicnèkwàn	1
sicnèkwanj	1
sicnèkwànj	1
siéntée	1
siéntúu	12
sih	2
síh	221
sìh	2
sihngò	4
sìhngò	2
sihnin	1
sìhnìn	4
sìhninj	1
sìhnìnj	1
sihya	2
sihyáa	1
sihyaj	7
sihyáj	1
síi	1
siíkù	1
siíkúj	1
siíkúu	1
siisì	2
sij	1108
síj	158
sika	1
sikà	2
sikáa	1
síkáa	1
sikàbè	1
sikàbej	1
sikàbèj	1
sikàchi	1
sikàchì	1
sikàchìj	1
sikàgáh	1
sikàgàh	1
sikàgàháj	1
sikàgaj	1
sikah	1
síkàh	1
sìkàh	3
sikàhaj	1
sikàháj	1
sikàhàn	1
sikahánj	1
sikàhanj	1
sikàhànj	1
sikahúj	1
sikàhuj	1
sikàhúu	1
sikáj	1
sikàj	2
síkáj	1
sikàki	1
sikàkì	1
sikàkìj	1
sikàkính	1
sikàkình	1
sikàkinj	1
sikàkínj	1
sikàmbáh	1
sikàmbàh	1
sikàmbahaj	1
sikàmbàháj	1
sikàmiunj	1
sikàmiuun	1
sikàmiuùn	1
sikàn	2
sikanh	5
sikánh	1
síkành	1
síkánj	1
sikàrin	1
sikàrínj	1
sikasíh	1
sikàsih	1
sikasíj	1
sikastíi	1
sikastíj	1
sikató	1
sikatój	1
sikàxùhùnj	1
sikàxùnh	1
sikàxunj	1
sikè	1
sikèej	1
sikeh	1
sìkèh	2
sikèj	1
siki	1
sikih	1
síkíh	1
síkìh	1
sikihyaj	2
sikìhyò	1
sikìhyoj	1
sikìhyòj	1
sikij	1
sikíj	6
síkíj	1
sikìndu	2
sikìndú	1
sikìndúj	1
sikòho	1
sikòhój	1
sikoj	1
sikòj	1
sìkòj	3
sikònòhò	1
sikònòhoj	1
sikònòhòj	1
síkóo	1
sikù	1
sikùhndíh	1
sikùhndìh	1
sikùhndij	1
sikùhndíj	1
sikúj	9
sikùj	1
síkúj	36
sìkùj	2
sikúkúj	1
sikúkùj	1
sikúkúu	1
sikùkwa	1
sikùkwà	1
sikùkwàj	1
sikúnubá	1
sikúnubáj	1
sikùrin	1
sikùrìn	1
sikùrìnj	1
sikùrù	1
sikùrúh	1
sikùrùh	1
sikùruj	2
sikùrúj	2
sikùrùj	1
sikùrúu	1
sikúu	1
sikùuj	1
sikwàha	1
sikwàhà	1
sikwàhàj	1
sikwée	1
síkwée	1
sikwej	1
sikwéj	1
sikwèj	2
sikwèkin	1
sikwèkínj	1
sikwétà	1
sikwétáa	1
sikwétáj	1
sikwèyàh	1
sikwèyaj	1
sikwèyàj	1
silàkànchù	1
silàkànchuj	1
silàkànchùj	1
silàkin	1
silàkìn	1
silàkìnj	1
silámà	1
silámáa	1
silámánj	1
silásù	1
silásúj	1
silásúu	1
silla	2
silòhloj	1
silòhlój	1
silòhlóo	1
silútà	1
silútáa	1
silútáj	1
silùti	1
silùtí	1
silùtíj	1
simángù	1
simángúj	1
simángúu	1
simayúj	1
simayúu	1
simèrìà	1
simèrìàj	1
simésà	1
simésáa	1
simésáj	1
simèskà	1
simèskaj	1
simèskàj	1
sin	17
sìn	2
sina	1
siná	1
sinàha	1
sinàhà	1
sinàhàj	1
sinàhan	1
sinàhàn	1
sinàhànj	1
sinàhbì	1
sinàhbij	1
sinàhbìj	1
sinàhni	1
sinàhnìj	1
sinàhnìn	1
sinàhnìnj	1
sináj	1
sinàkàna	1
sinàkàná	1
sinàkànáj	1
sinàkin	1
sinàkìn	1
sinàkìnj	1
sinànè	1
sinànej	1
sinànèj	1
sinàsin	1
sinàsínj	1
sindádù	1
sindádúj	1
sindádúu	1
sinduj	5
sindúj	1
sindùj	1
sindúu	1
sine	1
siné	1
sinè	1
sínè	1
sínée	1
sinej	1
sinéj	1
sinèj	1
sínéj	1
sinèka	1
sinèkáj	1
sinèni	1
sinènì	1
sinènìj	1
sinèsìh	1
sinèsij	1
sinèsìj	1
sinètan	1
sinètánj	1
sinh	82
sính	2
sìnì	2
sinìcha	1
sinìchá	1
sinicháj	1
sinìhya	1
sinìhyá	1
sinìhyà	1
sinìhyáa	1
sinìhyaj	2
sinìhyáj	2
sinìhyàj	1
síníi	1
síníin	12
síníj	1
sinin	2
sínìn	1
sìnìn	10
sinìnan	1
sinìnán	1
sininánj	1
sìninj	2
sinìtìn	1
sinìtinj	1
sinìtìnj	1
sinìtoh	1
sinìtóh	1
sinitój	1
sinìya	1
sinìyà	2
sinìyaj	1
sinìyàj	2
sìnìyàn	6
sínj	514
sínnáan	1
sinnaanj	1
sinnànj	1
sinúbì	1
sinúbíi	1
sinúbíj	1
sinùkwàhanj	1
sinùkwàhànj	1
sinùkwành	1
sinun	1
sinùn	1
sinúnh	1
sinúnj	1
sínúnj	1
sinùtà	1
sinùtaj	1
sinùtàj	1
sinuun	1
sinúun	1
sióh	2
sipàrì	1
sipàrij	1
sipàrìj	1
sipàsin	1
sipàsìn	1
sipàsìnj	1
sipáyùn	1
sipáyúnj	1
sipáyúun	1
siráa	3
siràchìh	1
siràchij	1
siràchìj	1
siràhan	1
sirahánj	1
siràhbe	1
siràhbè	1
siràhbèj	1
siraj	133
sìraj	2
sìràj	2
sirakín	1
siràkin	1
sirakínj	1
siràne	1
sirànè	1
sirànèj	1
sirành	57
sìrành	2
siránúun	5
siràsùn	1
siràsunj	1
siràsùnj	1
sirèkèh	1
sirèkej	1
sirèkèj	1
sirèko	1
sirèkò	1
sirèkòj	1
sirétà	1
sirétáa	1
sirétáj	1
siriah	2
sirikiyah	1
sirikiyáh	1
sirikiyaj	1
sirikiyáj	1
sirìnin	1
sirìnìn	1
sirìnìnj	1
sirìyà	1
sirìyaj	1
sirìyàj	1
sirìyò	1
sirìyoj	1
sirìyòj	1
sirkálè	1
sirkálée	1
sirkáléj	1
sirkwèchàh	1
sirkwèchaj	1
sirkwèchàj	1
siròsì	1
siròsij	1
siròsìj	1
sirtój	1
sirtóo	1
siruaj	29
sirùchan	1
sirùchán	1
sirùchánj	1
sirùchiyàn	1
sirùchíyánj	1
sirùhbih	1
sirùhbíh	1
sirùhbíj	1
sirùi	1
sirùì	1
sirùìj	1
sirúj	1
sirukúj	1
sirukúu	1
sirùkwáan	1
sirùkwàha	1
sirùkwàhá	1
sirùkwàháj	1
sirukwánj	1
sirùkwanj	1
sirùkwánj	1
sirukwíhì	1
sirukwíhíi	1
sirukwíhíj	1
sirumáù	1
sirumáúj	1
sirumáúu	1
sirùmin	1
sirùmín	1
sirùmìn	1
sirùminj	1
sirùmínj	1
sirùmìnj	1
sirúnè	1
sirùnè	1
sirúnée	1
sirúnéj	1
sirùnej	1
sirùnèj	1
sirunìhyà	1
sirunìhyaj	1
sirunìhyàj	1
sirùsì	1
sirùsij	1
sirùsìj	1
sirùtah	1
sirùtáh	1
sirùtàháj	1
sirùtan	1
sirùtàn	1
sirùtànj	1
sirúu	1
sisadúnj	1
sisadúun	1
sisàhan	1
sisàhàn	1
sisàhànj	1
sisàyùn	1
sisàyunj	1
sisàyùnj	1
sisèhe	1
sisèhè	1
sisèhèj	1
sisi	3
sisì	268
sisiéntè	1
sisiéntée	1
sisiéntéj	1
sisih	1
sisìh	1
sisihnín	1
sisìhnin	1
sisìhnínj	1
sisij	2
sisìkeh	1
sisìkéh	1
sisìkèhéj	1
sisikí	1
sisìki	2
sisìkì	1
sisìkih	1
sisìkíh	1
sisikíj	1
sisìkíj	1
sisìkìj	1
sisìndu	1
sisìndù	1
sisìndùj	1
sisìrành	1
sisìranj	1
sisìrànj	1
sisìsìh	1
sisìsij	1
sisìsìj	1
sisìù	1
sisìuj	1
sisìùj	1
siskalétà	1
siskalétáa	1
siskalétáj	1
siskítì	1
siskítíi	1
siskítíj	1
sisnàhan	1
sisnàhàn	1
sisnàhànj	1
sisnàya	1
sísnóo	4
sisránùn	1
sisránúnj	1
sisránúun	1
sistángà	1
sistángáa	1
sistángáj	1
sistàya	1
sistáyáan	1
sistàyáj	1
sistáyàn	1
sistáyánj	1
sistékù	1
sistékúj	1
sistékúu	1
sistíhníin	1
sistíhnìn	1
sistíhnínj	1
sistólà	1
sistóláa	1
sistólaj	1
sístóo	29
sistùkù	1
sistùkuj	1
sistùkùj	1
sisùn	1
sisùndu	1
sisùndúj	1
sisùnj	1
siswátu	1
siswátúj	1
siswátúu	1
sítáan	1
sitahngáh	1
sitàhngah	1
sitahngáj	1
sitanh	2
sítành	1
sitanj	1
sitànj	1
sítánj	1
sitárù	1
sitárúj	1
sitárúu	1
sitàsin	1
sitàsìn	1
sitàsìnj	1
sitásù	1
sitásúj	1
sitásúu	1
sitàtành	1
sitàtanj	1
sitàtànj	1
sitímùn	1
sitímúnj	1
sitímúun	1
sitìnì	1
sitìnij	1
sitìnìj	1
sitìruh	1
sitìrúh	1
sitirúj	1
sitìya	1
sitìyà	1
sitìyàj	1
sitò	2
sítò	1
sítój	1
sitoo	2
sitòtòh	1
sitòtoj	1
sitòtòj	1
sitúj	1
sítúj	1
sítùj	1
sitùkwà	1
sitùkwaj	1
sitùkwàj	1
sitùkwan	1
sitùkwàn	1
sitùkwànj	1
situn	3
sitún	1
sitúnj	1
sitúu	1
sítúu	1
siù	1
siuj	3
síúj	1
siuu	9
siuù	9
sixìkàmàn	1
sixìkàmanj	1
sixìkàmànj	1
sìya	1
sìyà	1
siyàbì	1
siyàbij	1
siyàbìj	1
siyahbíi	1
siyahbíj	1
siyàhbij	1
siyàhnduj	1
siyàhndúj	1
siyàhndúu	1
sìyàj	1
siyákù	1
siyákúj	1
siyákúu	1
siyàtàn	1
siyàtánh	1
siyàtành	1
siyàtanj	1
siyàtánj	1
siyàtànj	1
siyàtíh	1
siyàtìh	1
siyàtij	1
siyàtíj	1
siyàtù	1
siyàtuj	1
siyàtùj	1
skaàn	3
skaléráa	2
skalétáa	1
skátáa	2
skataj	2
skatàj	1
skatoh	7
skítíj	1
skwéláa	25
snádúu	6
snáháan	1
snahan	1
snahanj	2
snahànj	2
snáhánj	6
snáhànj	2
snàhànj	5
snàya	1
snohò	1
snóhój	1
snohoo	3
snóhóo	2
snuhunh	1
soh	2
sóh	2
sòh	40
sohó	1
sòho	3
sohój	1
soj	9
sòj	2
sokée	9
sokóo	2
soò	2
sooj	2
sranuun	3
sránúun	19
stáháanj	2
stahanj	12
stahànj	5
stáhánj	21
stàhànj	17
stahbíh	2
stahná	8
stahnaj	3
stahngah	1
stahngáh	1
stahngáj	1
stahnun	1
stahnunh	1
stahnunj	1
stahnùnj	1
stahnuun	1
staj	2
stákáa	2
stanee	7
stangaa	4
stángáa	33
stángáatoñun	2
stàya	2
stáyáan	1
stej	2
stékúu	2
stihnì	2
stíhníin	1
stíláa	15
stín	1
stính	4
stínj	1
stíyáa	3
stobee	2
stobej	2
stohoo	4
stóhóo	3
stoj	19
stój	1
stòj	4
stóláa	2
stoo	2
stoò	1
stooj	20
stóriáa	3
sttòj	2
stu	1
stù	1
stubee	7
stubej	6
stùh	1
stuhunh	2
stúhúnh	2
stúj	2
stùj	1
stukunh	2
stukúnh	2
stukúnj	2
stukuu	1
sun	2
sùn	16
sùndu	3
sunh	27
súnh	1
sùnh	3
sunj	5
súnj	4
sùnj	4
supáláa	2
suun	280
suùn	4
súun	2
swánáa	3
swátúu	3
ta	2176
tá	11
tà	242
taa	2
taà	3
táa	3
tàa	24
tàahmanj	3
tàahnanj	5
tàaj	485
taan	1
taàn	1
táan	1
tabè	9
tabi	6
tabí	1
tabì	1
tabih	1
tabii	1
tabíj	1
tábíj	1
tabókóo	2
tachanh	1
tachánh	1
tachanj	1
tachánj	1
tache	1
táchée	1
tacheh	3
tachej	3
tachèj	2
tàchej	6
tachikàj	2
tachinika	2
tachiníkáa	1
tachinikaj	1
tachiníkàj	1
tachinikoh	1
tachinj	3
tachúnh	1
tàchunj	7
tah	11
táh	26
tàh	2
taha	1
tahá	1
tahà	1
tàha	2
tahaa	7
taháa	1
táháa	1
tahaan	1
táháan	1
tahaj	3
taháj	1
táháj	1
táhàj	1
tàhaj	2
tàhàj	67
tahàn	1
tahanj	6
tahànj	1
táhánj	1
táhànj	1
tahbi	18
tahbí	3
tàhbi	2
tahbíh	37
tàhbíh	2
tahbíj	2
tahman	2
tahmàn	1
táhmàn	1
táhmánj	1
tàhmanj	5
tàhnan	1
tahnanj	3
tàhnánj	1
tahngah	19
tahngáh	2
tàhngàh	39
tahngaj	1
tahngáj	1
tàhngaj	1
tàhngàj	1
tahngóh	3
tahníh	2
tahnii	2
tahniin	7
tahníin	15
táhníin	1
tahníj	6
tàhnìj	2
tahnin	9
tàhnìn	3
tahninh	2
tahnính	31
tahninj	2
tahnínj	63
tahnìnj	2
tàhnìnj	30
tahnuhúnj	4
tahnunh	3
tahnúnh	7
tàhnunh	8
tahnúnj	17
tàhnunj	2
tahuj	2
tahúj	1
tahúu	1
taj	40
táj	2
tàj	173
takáan	1
tàkah	2
tàkáh	1
tàkaháj	1
tàkàhaj	1
takamanh	2
takan	28
takanj	1
takánj	4
taki	6
takíin	1
tákíin	1
takinj	4
takínj	3
takìnj	1
tako	7
takò	1
tákò	1
tàko	1
tàkò	1
takoh	1
takóh	5
takòh	6
tákóh	1
tákòh	1
tàkóh	2
tàkòh	1
takój	21
tákój	1
tàkòj	15
takóo	1
takòoj	1
takù	1
tákù	1
takuj	2
takùj	4
tákúj	1
tàkùj	2
tákúu	2
takwee	1
takwèj	2
tàmanj	36
támíin	1
tamin	1
taminh	1
taminj	1
tamìnj	1
tan	3
tán	45
tàn	7
tane	17
tané	1
tanè	2
tanee	3
tánée	1
taneh	7
tanéh	2
tánéh	2
tanéj	1
tánéj	13
tánèj	1
tànèj	2
tangah	2
tàngàh	2
tangaj	2
tanh	1
tành	1
tani	2
tanì	13
tànì	4
tanii	2
taniin	4
taníin	2
tàniin	5
tanij	5
tanìka	1
tanìkà	1
tanìkàj	1
tanìkòh	3
tanin	5
tanìn	3
tànìn	17
taninh	1
taninj	2
tanínj	1
tanìnj	1
tàninj	2
tanj	27
tánj	5
tánkíi	3
tàrahanj	5
tàràhanj	12
taránh	2
tàranh	56
tareh	1
taréh	1
tarehej	1
tarehéj	1
tarkè	2
tarù	2
taruh	4
tarúh	1
taruj	2
tarúj	1
tàrunh	14
tàrúnh	5
tárúu	1
tasì	3
tasinj	3
tasìnj	1
tásúu	5
tátáa	3
tátáh	3
tátáj	2
tàtàranh	2
tatu	1
tátúh	1
tátúj	1
tátùj	1
tátúu	1
tàyanj	2
tayoj	20
tayùn	6
teba	2
téhéj	4
télù	3
télúj	1
télúu	7
tenga	2
tèreh	2
ti	4
tì	2
tiaan	2
tiaj	2
tìaj	2
tìchà	1
ticháa	1
tichaj	1
ticháj	1
tìchàj	1
tichè	1
tichéj	2
tíchéj	1
tíchình	1
tìchiyùn	1
tìchiyunh	1
tìchiyunj	1
tìchíyúnj	1
tìchiyuun	1
tichóh	1
tichrinh	1
tíchrínj	1
tiémpóo	2
tiémpúu	2
tihíin	1
tihinj	6
tihínj	1
tihnii	3
tihníi	1
tihniin	6
tihnínj	1
tìhya	2
tìhyaa	1
tìhyáa	1
tihyaj	2
tìhyaj	17
tìhyáj	2
tìhyoh	2
tìhyóh	3
tíin	3
tikabih	12
tikahmiin	2
tìkahmiin	1
tìkáhmíin	1
tikahmin	1
tìkàhmìn	1
tikahminh	1
tikahmìnj	1
tìkàhmìnj	1
tikahyunh	2
tikahyunj	10
tikahyùnj	4
tikáhyúun	2
tìkamành	3
tiki	2
tikíh	2
tikíi	1
tikíj	10
tìkìkyúun	2
tikiyah	2
tikiyán	1
tikiyanj	4
tikiyánj	1
tikiyóh	2
tikiyúnh	1
tikíyúun	6
tikùsi	1
tikùsì	1
tikùsìj	1
tikyáh	1
tikyaj	1
tikyáj	1
tikyóh	1
tikyúnh	1
tikyunj	1
tikyúnj	1
tikyúun	1
tíláa	2
tímúun	1
tín	8
tìni	2
tinia	2
tiníáa	1
tiniáj	1
tinii	1
tiníin	1
tinij	1
tinin	1
tinính	1
tinìnj	10
tinióh	1
tinj	4
tínj	10
tirihi	1
tirihij	1
tiru	3
tiruh	9
tisàhànj	4
tisi	2
tisí	1
tisì	3
tisih	3
tisíh	1
tísìh	1
tisíi	1
tisíj	3
tísíj	1
tisùn	2
tisuun	2
titáa	2
titíin	1
titin	1
titín	2
titính	6
titinj	1
titínj	2
tiúun	5
tiyaan	3
tiyáan	2
tìyaan	5
tiyàj	1
tìyaj	2
tìyàn	3
tìyánh	2
tìyanj	1
tìyànj	2
tiyòo	2
tìyùnh	2
tó	1
tòchèj	2
toh	40
tòh	29
tohlo	2
tohoh	3
tohóh	1
tohój	13
tòhòj	8
tohóo	1
toj	252
tój	2
tòj	8
tokantoj	2
toko	1
tokóh	9
tokòh	2
tókóh	1
tókòh	1
tokój	1
tókój	1
tokóo	1
tokòoj	1
tokwóh	2
tonóh	2
tóñóo	2
too	1
tòoj	93
tórtóo	2
totoh	1
tòtoh	2
tòtòh	26
trèh	4
trunh	2
trunj	2
trúnj	5
trúun	2
tsi	2
tsih	17
tsìh	9
tsii	3
tta	24
ttáa	3
ttaáa	1
ttaaj	3
ttaàj	1
ttaj	7
ttáj	67
ttàj	11
ttanh	14
ttanj	2
ttée	1
ttej	7
ttéj	1
ttóh	1
ttoo	8
ttoò	2
ttu	2
ttú	1
ttù	16
ttùh	1
ttúj	1
ttùj	1
ttun	9
ttùnj	21
ttùuj	1
tubé	1
tubè	2
tubee	1
tubée	1
tubej	1
tubéj	1
tubèj	1
túbéj	1
tubi	1
tubí	1
tubíj	1
tùcha	9
tucháa	2
tuche	1
túchée	1
tucheh	1
tuchej	2
tuchèj	1
tuchuhbih	1
tuchuhbíh	1
tuchuhbij	1
tuchuhbíj	1
túh	2
tuhba	56
tuhbá	3
tuhbaj	1
tuhbáj	2
tuhbe	3
tuhbè	2
tùhbe	2
tùhbè	2
tuhbee	24
túhbée	1
tuhbeh	1
tuhbéh	1
túhbéh	2
tùhbèh	1
tuhbej	3
tuhbéj	1
tuhbèj	6
túhbéj	15
túhbèj	2
tùhbèj	1
tuhbi	5
tuhbí	1
tuhbì	9
tùhbi	42
tùhbì	14
tuhbih	1
tuhbíh	1
tuhbij	1
tuhbíj	2
tuhnà	1
tuhnaa	1
tuhnaj	1
tuhuj	6
tuhùj	3
tuhunh	3
tuhuu	1
tukabih	3
tukabíh	1
tukábìh	1
tùkabii	2
tukabij	1
tukábíj	1
tùkahbih	2
tùkakoh	1
tùkákóh	1
tùkákòh	1
tùkakoj	1
tùkákój	1
tukamanh	1
tukámành	1
tukamanj	1
tukámánj	1
tukámúnh	1
tukóh	12
tùkòh	1
tukù	2
tukuh	4
tukúh	2
tukúháa	1
tukuhna	1
tùkuhnaa	1
tukúhnáj	1
tukúhnàj	1
tùkuhnaj	1
tùkuhnàj	1
tùkùhnàj	25
tùkùhnànj	3
tukúhnóh	1
tùkuhnoh	1
tùkuhnunh	1
tùkuhnùnh	1
tùkuhnunj	1
tùkúhnúnj	1
tukuj	5
túkúj	2
tukúmíh	1
tukúmíin	10
tùkúmíin	3
tukumij	1
tukúmìn	1
tukúmính	2
tùkúmính	2
tukúmínj	1
tukunh	1
tùkúnh	1
tùkùnh	1
tùkunj	1
tùkúnj	1
tùkùnu	1
tukunún	1
tùkùnun	1
tukunúnh	1
tukununj	1
tukunúnj	1
tùkùnúnj	1
tukusée	6
tukusi	1
tukusíh	1
tukusíi	1
tùkùsíi	1
tukusij	1
tukusíj	1
tùkùsij	1
tukútáj	2
tukuu	34
tùkuùn	1
tukúyáan	1
tùkúyáan	1
tukuyan	1
tukuyanj	1
tukuyànj	1
tùkuyanj	1
tukuyunh	2
tukuyúnh	1
tukwa	2
tukwá	158
túkwá	2
tùkwa	2
tùkwà	7
tukwáa	1
tùkwáa	1
tukwache	1
tukwachée	1
tukwachéh	1
tukwachéj	1
tùkwàchi	1
tùkwàchí	1
tukwachih	28
tukwáchíh	1
tùkwàchíh	1
tukwáchíin	2
tùkwáchíin	4
tukwáchíj	1
tùkwàchij	1
tùkwàchíj	1
tùkwàchìn	1
tukwáchính	1
tukwachinj	1
tukwáchínj	1
tùkwàchìnj	1
tukwah	1
túkwáh	1
tukwáháan	1
tukwahan	1
tukwahanj	1
tukwahànj	1
tukwáhánj	3
tùkwàhànj	2
tukwahyu	1
tukwahyuh	1
tukwahyuj	1
tukwahyùj	1
tukwahyun	1
tukwahyunh	1
tukwahyunj	10
tukwahyùnj	5
tukwáhyúu	1
tukwáhyúun	1
tukwaj	7
tukwáj	26
túkwáj	1
tùkwaj	1
tùkwáj	1
tùkwàj	1
tukwakà	1
tukwakaa	1
tukwakaj	1
tukwákáj	1
tukwakoh	1
tùkwakoh	1
tùkwanè	1
tukwanee	2
tùkwanee	1
tùkwaneh	1
tùkwanej	1
tùkwánéj	1
tukwanì	1
tùkwanì	1
tùkwanìij	1
tukwanìinj	4
tukwanìn	6
tùkwánìn	1
tùkwánính	1
tùkwánínj	1
tukwánj	5
tùkwànj	3
tukwara	1
tukwará	1
tùkwàra	1
tukwaráj	1
tùkwàráj	1
tukwaranh	1
tukwárành	1
tùkwaranh	1
tukwaranj	1
tukwáránj	1
tùkwáránj	1
tukwaróh	1
tukwárúnh	1
tùkwatah	2
tùkwayùn	2
tukwe	1
tukwée	1
tùkwée	1
tùkweèj	2
tukwéh	1
tùkwéh	2
tukwéj	2
tùkwéj	1
tùkwentaa	3
tukwih	43
tukwíh	24
tùkwìh	2
tukwihij	2
tukwihíj	2
tukwìhij	2
tukwij	3
tùkwij	2
tukwinh	1
tukwính	2
tukwinj	1
tukwínj	1
tukwóh	7
tumíin	1
tumìn	1
túmìn	1
tuminh	1
túmình	1
tumínj	1
túmínj	1
tun	1
tún	1
tuna	1
túnà	1
tunáa	1
túnáa	2
tùnaha	1
tunáháa	1
tunáháj	1
tunáhàj	1
tunaj	1
tunáj	1
túnáj	1
tuneh	7
túnéh	1
túnèh	1
tunej	1
túnéj	1
tungwa	10
tungwaa	2
tunh	2
túnh	4
túnj	1
tunóh	3
túnóh	1
tunóhóh	1
turi	1
turí	1
turíj	1
turumin	3
turumín	1
tùrùmin	1
turumính	1
turumínj	1
tùrùmínj	1
túsáa	3
tusikih	1
tusíkíh	1
tusíkìh	1
tusikij	1
tusíkíj	1
tuta	1
tútáa	1
tútáj	1
tútàj	1
tútóh	1
túun	20
úbáa	2
uchè	1
uchee	1
ucheej	2
ucheh	1
uchej	2
úchéj	1
ùchèj	3
uchi	1
uchí	1
uchih	2
uchíh	1
úchíh	1
úchìh	1
uchij	1
uchíj	1
úchíj	1
uchun	1
úchúnh	1
úchúnj	1
úchùnj	1
úchúun	1
uh	20
úh	18
uhnunh	1
úhnúnh	1
úhnùnh	1
uhnunj	1
úhnúnj	1
ùhruáa	12
uhuj	1
uhúj	1
ùhùnh	17
úhyùn	1
úhyúnh	1
uhyunj	1
úhyúnj	1
úhyúun	1
uj	1
új	1
ujùn	2
ùjuun	2
un	879
ún	2
ùn	23
un-chèj	2
un-taj	2
únáan	1
unan	2
únánj	24
únànj	1
uncha	2
undaj	2
uneh	1
únéh	1
únèh	1
unej	1
únéj	1
unh	3
únh	20
ùnh	14
unj	309
únj	363
ùnj	4
unsin	80
úntáa	2
untaj	51
untàj	3
unùkóh	2
unùkwa	3
unùkwaj	4
unun	7
unún	4
unùn	1
ununh	12
unúnh	6
únúnh	2
únùnh	1
ununj	1
unúnj	2
únúnj	1
unuun	6
uráan	1
urah	3
úràh	1
uraj	2
úráj	1
uran	1
uránj	1
úróh	1
uru	1
uruáa	10
ùruaà	2
ùruáa	40
ùruaj	2
ùruáj	2
uruh	4
uruj	3
urùj	3
úrúj	10
urúnh	1
ùrúóh	2
ùrùóh	2
úrúu	1
usi	1
usí	1
usih	1
usíh	1
úsíh	2
úsìh	1
usij	1
usíj	1
úsíj	1
usin	50
uta	3
utá	1
útáa	1
utah	17
útàh	1
utaj	9
utáj	1
útáj	2
útàj	1
utan	1
után	1
utánj	1
utih	4
utinh	12
útính	5
útình	1
utinj	2
útínj	1
utóh	1
útóh	5
utù	1
útù	1
útúh	1
útúj	1
utúnh	1
utùuj	1
úun	5
ùunj	1
uyà	2
úyáan	1
uyah	1
uyáh	1
úyàh	1
uyaj	1
úyáj	1
uyan	1
uyanj	3
uyànj	1
uyù	1
úyù	1
úyúh	1
uyuj	1
úyúj	1
uyunh	1
vease	1
ventanaj	2
vídrióo	2
vídriúu	4
viérnée	2
xèhèj	2
xekée	4
xi	33
xia	2
xià	3
xìà	5
xìkàmàn	1
xikíhíin	1
xikihin	1
xikíhính	1
xikíhínj	1
xikíhìnj	1
xìnùnh	18
xunh	1
xunj	1
xúnj	1
xuùn	1
xúun	1
ya	6
yà	2
yaa	2
yaà	1
yàaj	6
yaan	10
yáan	1
yabaj	2
yábée	2
yábíh	3
yabii	58
yábíi	10
yábíj	9
yachrù	2
yah	2
yaha	1
yahà	2
yàhà	3
yahaa	1
yahaan	34
yàhaan	1
yahaj	12
yáháj	1
yàhaj	4
yàhàj	2
yahàn	1
yàhan	12
yàhán	1
yàhàn	7
yahanj	43
yahánj	1
yahànj	37
yáhánj	3
yàhanj	1
yàhànj	9
yahbij	1
yàhì	10
yahmanh	1
yahmánh	1
yahmánj	1
yàhnan	1
yahnduj	1
yàhngoj	2
yáhníj	2
yahnínj	4
yáhnínj	2
yàhnìnj	2
yahúj	3
yàhyì	1
yàhyij	1
yàhyìj	1
yahyoj	23
yàì	1
yàìh	2
yàij	1
yàìj	1
yaj	10
yakò	2
yàko	72
yàkó	1
yakoh	8
yàkój	1
yákúu	4
yákwáhán	2
yakwej	7
yamej	13
yán	1
yàn	27
yángóh	3
yángóo	3
yanh	2
yánh	1
yành	11
yanìh	1
yaninh	1
yaninj	1
yánínj	1
yanj	45
yánj	2
yànj	1
yaríj	2
yataan	2
yatanh	1
yatih	1
yatin	1
yatín	1
yatínj	1
yatù	1
yaúunj	2
yèej	14
yej	2
yo	3
yó	28
yobee	12
yóbée	2
yobej	10
yoh	1
yohój	49
yòhòj	3
yoj	361
yój	1
yòj	3
yoo	3
yòo	2
yooh	2
yooj	155
yòoj	7
yoyóh	2
yubaj	4
yube	3
yubee	181
yúbée	4
yubej	60
yubèj	2
yùbèj	2
yubi	1
yuhbee	18
yúhbée	2
yuhbeh	3
yuhbej	134
yuhbèj	7
yuhuj	7
yuhùj	60
yuhun	1
yuhunh	1
yùhunh	1
yuhunj	4
yuhùnj	53
yuhuun	1
yúkwáj	3
yumee	2
yumej	75
yumèj	2
yun	5
yún	74
yùn	43
yunh	2
yúnh	10
yùnh	55
yunj	3
yúnj	2
yùnj	10
yùunj	7
yya	33
yyàa	66
yyaaaj	1
yyàah	2
yyaaj	34
yyàaj	222
yyah	2
yyàh	1
yyaj	16
yyàj	4
yyèej	3
yyej	9
yyèj	7
yyoh	131
yyóh	7
yyòo	9
yyu	6
yyú	1
yyù	1
yyùh	2
yyúj	1
yyùj	1
yyùuj	1
