و	22608
که	10353
چه	5763
په	4159
وتی	3992
گۆن	3910
اے	3455
اِنت	3271
آ	3213
من	2834
آییئے	2730
اَت	2527
منی	2381
آییا	2350
بله	2339
کرت	2166
هما	2128
سرا	2015
هم	1699
تئو	1666
تئیی	1627
بوت	1615
گوَشت	1531
آیان	1347
گڑا	1342
تان	1269
سجّهێن	1197
وهدے	1180
او	1171
هُدائے	1156
شما	1152
منا	1133
بیت	1114
چیا	1106
دات	1070
اَنت	1040
آیانی	1038
کنت	1004
یک	986
ایسّایا	926
بزان	847
پدا	843
مردم	813
ایسّا	811
نون	810
آتک	794
دێما	785
اگن	776
هُدایا	769
دگه	738
ما	734
کُرت	734
گوَشتی	723
تها	687
هر	666
ترا	627
نێمگا	621
مئے	618
مردمان	613
ایسّائے	608
نه	603
همے	601
هُدا	599
بوتگ	575
دێم	568
بوتنت	563
وهدا	558
در	551
شمئے	547
کِرّا	545
چُکّ	544
آن	544
مزنێن	540
شمارا	537
کنگا	523
وت	503
کنان	500
هُداوند	499
هبر	496
اتنت	490
پمێشکا	482
پئیما	479
ببیت	470
کرتگ	466
کننت	465
رۆچا	453
کنگ	445
دیست	436
سر	436
دستا	434
مان	434
کار	420
اۆدا	407
بنت	406
شت	399
تانکه	398
ڈئولا	395
ائے	394
بکنت	390
دو	389
پت	388
چے	388
مردمانی	384
بارئوا	383
بازێن	379
دلا	374
یا	370
کرتنت	370
کن	368
گپت	363
اێر	362
پاکێن	356
انت	353
کنێت	349
رند	330
لهتێن	329
پِر	329
نیاما	327
باز	324
پاد	315
رۆچ	312
مارا	312
لۆگا	307
بادشاه	307
گوَشیت	299
هچ	297
دست	291
هُداوندئے	288
یکّے	287
پارسی	285
اردو	283
نام	281
مردێن	279
کپت	277
راها	274
جت	273
راه	272
داتنت	272
کئیت	265
وتا	264
هست	261
شهرا	256
رندا	254
زمینئے	252
داتگ	247
چۆ	246
هُداوندا	245
همۆدا	245
باور	241
دومی	241
دینی	241
دنت	239
جُست	236
نه‌اِنت	235
رئوان	231
سئے	228
دل	224
بکننت	218
دئیگ	217
اِش	216
زانت	216
رَند	216
چیزّے	215
نێست	215
سکّ	214
شَریَتئے	214
چارت	214
چۆن	214
برات	213
رَندا	212
ائولی	210
دپا	207
پێش	206
نبیت	204
آتکنت	203
یله	203
پرچا	203
گوَشان	201
تئوار	200
ناما	200
پتئے	198
بکنێت	198
هرکَس	197
آورت	194
ببنت	194
دْوا	194
بارێن	193
کنئے	192
آسمانا	192
دور	192
نکنت	191
دئیان	190
کئے	190
کرتگ‌اَت	190
دۆست	190
پێدا	189
وارت	187
گۆش	187
پَسّئو	184
تهنا	182
بادشاهی	182
اَنگت	181
گوَشئے	181
هبران	180
گێشتر	180
مرید	178
باید	178
هئو	177
اێت	177
گار	176
پتا	176
مریدان	176
هئیران	175
مَسیهئے	175
لۆگئے	174
شهرئے	173
هبرا	173
سال	172
مرد	171
آسمانی	171
دوێن	171
کَسے	170
جنێن	169
دئور	169
مِهر	166
پاک	165
مَسیه	165
پێسر	165
چمّ	164
گوَشتِش	164
گوَرا	163
آپ	163
همراه	163
اِدا	162
پولُس	162
کتاب	162
اورْشَلیما	161
نکرت	161
مسترێن	158
واجه	157
هرچے	156
وهد	156
آکوبا	155
زندگ	154
ستا	154
چُش	154
پِتْرُس	153
کرّا	153
انسانئے	152
بات	152
نزّیکا	150
کمّے	150
زمین	149
پێسرا	149
سئوبا	147
منَ	147
براتان	146
شان	146
برے	145
کاران	145
مانا	145
بکنان	144
چیزّ	144
هُکم	143
اَنچێن	143
هدا	143
هست‌اَت	142
بکن	142
جنک	142
هپت	141
بادشاها	141
آکوب	141
بئیگا	140
یَهودیانی	139
دمانا	139
برئو	139
بئے	138
آییارا	138
بادشاهئے	137
آتکگ	137
مبیت	137
کوکّار	136
اێن	136
هال	135
بوتگ‌اَت	135
زمینا	135
مردمے	134
بوتگ‌اَنت	134
بدنت	134
هچبر	134
بند	134
هچّ	134
گچێن	133
بچار	133
کئوم	133
کارا	133
دئیگا	132
ببێت	132
بے	131
یَهودی	131
جاگه	131
داشت	130
راستێن	130
رۆچے	129
اِشیا	129
روه	129
رئوگا	129
سالا	128
جندئے	127
چێر	127
اڈّ	127
لۆگ	126
زاهر	126
واب	125
مردے	124
گوَشگا	124
بدئے	124
وشّێن	124
مات	124
کنگَ	123
هئیال	123
گپّ	123
بدلا	122
انّون	122
یونانی	122
وشّ	122
هبرانی	121
جۆڑ	121
مُدام	120
راستی	118
واک	118
لۆٹت	117
داوودئے	117
کرتَ	117
اِسراییلئے	117
کنێن	117
سرجم	116
جاه	116
هُداوندێن	115
شتنت	115
بیا	115
نۆکێن	114
زۆر	113
آکوبئے	113
پولُسا	113
اِشان	113
چێرا	112
جسم	112
کجا	112
پِتْرُسا	112
دْراه	110
نامێن	110
راست	110
کارانی	109
سرپد	109
مکن	109
اِبراهێما	109
جاگها	109
برت	108
نبیئے	108
بُرزێن	108
نه‌اَت	107
بان	106
آسمانئے	106
نبشته	106
شهر	106
پُرّ	106
کارے	105
نبوت	105
مردا	104
مال	104
ڈنّا	103
یکّێا	103
هئیالا	103
کنگئے	103
جان	103
سهیگ	103
پنچ	102
هماییا	102
تئیار	101
بێت	101
اَسلیگێن	101
مستر	101
دلئے	100
بها	100
چمّان	99
شپا	99
چۆنێن	98
پرێشان	98
چارگا	97
ورگا	97
چُکّئے	97
دنیائے	96
آپا	95
یکّێن	95
گێش	95
رسیت	95
موسّایا	95
دئیگَ	94
هزار	94
گناه	94
ماتا	94
نامی	94
شئور	94
بس	93
وڑا	93
اۆشتات	93
درَ	93
رۆچئے	93
هماییئے	93
زبانا	92
نزّیک	92
سور	92
زرت	92
دۆستَ	92
چُکّان	91
پولُسئے	90
بۆجیگا	90
دئینت	90
پێداک	90
نِشت	90
گوَشنت	90
روها	89
کئومئے	89
مزن	89
زِند	89
مکنێت	89
داوود	89
پَچ	89
پوره	89
دیستگ	89
سجّهێنان	88
زانان	88
سرڈگارا	88
مُچّ	88
پێشوا	88
گوَشتگ	87
پرستشگاهئے	87
بئیگ	87
بوتَ	87
بگوَش	87
بلکێن	87
دلگۆش	86
وراک	86
سئیمی	86
رۆچان	86
رَست	86
کَس	85
بدئیێت	85
نبشتانکَ	85
جنت	85
شرّێن	84
پرێشتگ	84
آیگا	84
برکت	84
باورمند	84
چُشێن	84
شادهی	84
دنیایا	84
پُشتا	84
لگّت	83
بادشاهیئے	83
اِبراهێم	83
چُکّا	83
سوار	83
بوتان	82
سَکّ	82
وه	81
وابا	81
چار	81
اِشیئے	81
استاد	81
کرتگێن	80
اِشانی	80
مُهر	80
کارَ	80
پد	79
هۆر	79
جانا	79
نامئے	79
بهر	79
چش	79
بنی	78
بال	78
کپتنت	78
سکّی	78
جاها	78
زَبور	77
همراهیا	77
گیابانا	77
چارێن	76
نزانت	76
موسّا	76
یَهودیان	76
بادشاهیا	76
شَمون	75
لۆٹیت	75
آسمان	75
زانا	75
اِسراییلی	74
زانێت	74
شۆهازا	74
رئوت	73
نان	73
کاریت	73
پرستشگاها	73
هبرَ	73
بئیگئے	73
تچک	72
چِه	72
ایسُّپ	72
اورْشَلیمئے	72
جهانا	72
زِندئے	72
شپ	72
پرێشتگا	71
گَل	71
یکجاه	71
شئوکت	71
بر	71
واهگ	71
کجام	71
پاکشۆدی	71
بکنێن	71
کَسێا	70
پَدّر	70
جهانئے	70
دپ	70
چست	70
بدێن	70
کئومانی	69
دژمن	69
نشانی	69
چاگردا	69
کرتگ‌اَنت	69
هلاپا	69
داتگێن	69
پشۆمان	68
آزات	68
پادان	68
جنان	68
هرکَسا	68
دار	68
نه‌اَنت	67
اِشکنگا	67
اِشئیا	67
نێست‌اَت	67
شَرّێن	67
مُلکا	67
ده	67
هساب	66
کۆهئے	66
بگر	66
کئوما	66
دیستی	66
کتابئے	66
یَهیائے	66
بارگاها	66
بست	65
ترّت	65
تئوارے	65
برئوێت	65
دئیئے	65
اَبد	65
یکّ	65
یات	65
پادانی	65
سۆج	64
مردما	64
گِندگا	64
اتان	64
چیزّان	64
جنَگ	64
مِسرا	64
مَسیها	64
اِشکت	64
بیاێت	64
داریت	63
گوَشتنت	63
نبوتگ	63
اَناگت	63
کُربانیگ	63
نێکێن	63
بوتگان	63
دارگا	62
جنگا	62
جُستی	62
بِلّ	62
زهر	62
یَهودا	62
مِسال	62
چپّ	62
مۆجزه	62
مَریم	62
وڑێن	62
کشّت	62
هبرئے	62
دستئے	62
بدار	62
شَرّ	61
بچارێت	61
بالی	61
اۆشتاتگ	61
دوازده	61
بُرز	61
رندے	60
همایان	60
بازێنے	60
رهمت	60
چشێن	60
رَد	60
نکنان	60
داوودا	60
راهئے	60
نبیسگ	60
آرگ	60
هسابا	60
کتابا	59
اِبراهێمئے	59
جتا	59
کارئے	59
هۆن	59
زِندا	59
هلاس	59
سُهل	58
مرکا	58
بگوَشێت	58
نمیرانێن	58
بدارێت	58
آپئے	58
ماتئے	58
گُلام	58
پێشگۆیی	58
داشتگ	58
اِسراییلیان	58
مئیاریگ	57
پَریسی	57
جار	57
روهئے	57
هئور	57
سجّهێنانی	57
دریائے	57
وهدی	57
درّاێنت	57
بئیان	57
پِتْرُسئے	57
گوَشتگ‌اَت	57
پرمان	56
مرۆچی	56
کماشا	56
بچک	56
هپتێن	56
آسا	56
زمانگا	56
گران	56
اشیا	56
موسّائے	56
دانیال	56
دێمی	55
براتا	55
گیپت	55
جنگ	55
پێشَ	55
نبی	55
پئیمێن	55
راستێنَ	55
زبان	54
نکننت	54
کسے	54
چِست	54
مُرگ	54
مردئے	54
دژمنانی	54
بلاهێن	54
سرئے	54
گام	54
برجاه	54
برئوت	54
انچێن	54
پیلاتوسا	54
یَهیا	54
واده	54
جواب	54
اَهد	54
سُلئیمان	54
کسانێن	54
ندات	53
درچک	53
نگوَشت	53
بکنئے	53
گۆشَ	53
مَرکئے	53
جِنّ	53
اۆشتاتگ‌اَت	53
بدل	53
لۆٹان	53
زندگَ	52
آسئے	52
داتگ‌اَت	52
اَبێد	52
جَلیلئے	52
کماش	52
تئوارا	52
گناهان	52
باورَ	52
جند	52
جننت	52
تالیم	52
بزانێت	51
چمّانی	51
آتکگ‌اَت	51
بُرت	51
چُکّانی	51
بوتگێن	51
ورگ	51
کپیت	51
گواهی	51
هیرودیس	51
واهند	51
سپر	51
دیستنت	51
ابێد	51
وتَ	51
بیئیت	51
براتئے	51
اێرَ	51
داران	50
درس	50
شاوول	50
شۆهاز	50
نِشتگ‌اَت	50
زبور	50
ساهت	50
لهتێنا	50
تهتئے	50
زانئے	50
گپتنت	50
انسان	49
کوَهنێن	49
درۆگێن	49
بَر	49
نِشتگ	49
پرستش	49
نه‌آن	49
نجات	49
دروازگ	49
سی	49
مانیت	49
گُڈّی	49
چیزّانی	49
جتگ	49
ایمان	49
سِنگ	49
مردمئے	49
بوتێن	49
سرپدَ	49
جانئے	49
اَرواه	49
تباه	49
رومئے	49
سئوگند	49
هچکَس	48
سالان	48
آیانا	48
کئیا	48
همِش	48
سرَ	48
اشیئے	48
مرکئے	48
شِنگ	48
بدئینت	47
زرّ	47
رۆگن	47
نبنت	47
کاسِد	47
نکرتگ	47
مبێت	47
بد	47
آرام	47
ببان	47
ڈنّ	47
زانێن	47
یَهیایا	47
دوازدهێن	47
دروازگا	47
کندت	47
هاکم	47
لگّتنت	47
دستی	46
رُست	46
رَستنت	46
کۆر	46
مردمی	46
پِرَ	46
هار	46
شَریَت	46
رهادگ	46
بَهتاور	46
مکنت	46
زانگ	46
بُنگێج	46
ودارا	45
گۆشان	45
شراب	45
کپتگ	45
کئول	45
ڈئولێن	45
جهمنند	45
چُکّے	45
جنێنا	45
دارئے	45
لۆٹئے	45
آورتگ	45
اُمێتا	44
پهرێزکار	44
مکسد	44
بیارێت	44
بۆجیگ	44
سَرگوَزئے	44
زانۆگر	44
سررێچ	44
وانگا	44
بارت	44
مُردگان	44
وپت	44
نێم	44
نکنێت	43
پس	43
آتکگان	43
تنینگه	43
هۆنا	43
آس	43
دادرسی	43
کاگد	43
یکدومیا	43
گُد	43
گپّا	43
شَریَتا	43
بدئیان	43
گوانک	43
بزور	43
کنۆکێن	43
نزانان	43
آورتنت	43
پرێشتگے	43
پارسیا	43
کئورا	43
هِزمتکار	43
کۆها	43
دْرهبکشی	42
اُمێت	42
انچش	42
لاپ	42
بستگ	42
کۆه	42
باتنت	42
رمگ	42
زانگَ	42
ایسا	42
کبر	42
کُشگ	42
شئوکتا	42
کُمک	42
شئیتان	41
آیگئے	41
ڈگارا	41
مستاگ	41
اِسراییلیانی	41
پَلگار	41
شنگ	41
گندیت	41
نَسل	41
چی	41
ماه	41
گوَشگ	41
پدرێچا	41
هُژّار	41
ادا	41
دئے	41
آدم	41
بگوَشان	41
هستی	41
بیار	41
یکّێئے	41
دێر	41
بندیگ	41
یلهَ	41
سد	41
بَند	41
جنَگا	41
کُشت	40
دوێنان	40
همایانی	40
برسیت	40
گناها	40
جَن	40
مرک	40
بدکار	40
چُنڈ	40
زرتنت	40
پدرێچ	40
پئیم	40
نبیانی	40
کنۆک	40
آتکگێن	40
ڈگار	40
دنیا	40
بُهتام	40
ببئے	40
پۆشاک	40
سرجمێن	39
گوَشگَ	39
تالان	39
جَنێن	39
اِسراییلا	39
سُنّت	39
جُستِش	39
هبرے	39
وَه	39
جاهَ	39
گپتگ	39
بوتگئے	39
بگیپت	39
کئومان	39
برکتَ	39
هُدایی	39
پئوجی	39
تَرّێنت	39
کدی	38
کِرّ	38
گۆک	38
چمّا	38
لاپا	38
جاگهے	38
آیۆکێن	38
کاینت	38
پاکی	38
ورنا	38
مردێا	38
زِندگ	38
تۆکا	38
بازێنێا	38
هچکَسا	38
داتگ‌اَنت	38
کئورئے	37
کُلئو	37
هبری	37
دادرسیا	37
بوتگ‌اتنت	37
سنا	37
مزنی	37
دگران	37
سپاهیگ	37
دستان	37
رَستگ	37
آزار	37
سزا	37
مُرت	37
دریایا	37
کۆٹیا	37
گوازێنت	37
برئوێن	37
مُلک	37
آپَ	37
هاترا	37
لبز	37
تُهم	36
داتی	36
لوت	36
نِشتگێن	36
دئورَ	36
پَسّئوا	36
پَشت	36
بیست	36
هراب	36
بۆجیگئے	36
دابا	36
کَشّت	36
بێن	36
کَبرئے	36
یاتا	36
اَدل	36
بگوَشیت	36
نادْراه	36
گوشگا	36
پِرئونئے	36
جێلا	36
گپتگ‌اَت	36
مِهرئے	35
ساهتا	35
پریات	35
نبیا	35
پرستشگاه	35
دارگ	35
دریا	35
راهی	35
هُشک	35
اَجَبَّتێن	35
سکّێن	35
گوات	35
ترّێنت	35
وابے	35
اسراییلئے	35
براتانی	35
گْوات	35
بداریت	35
جنکان	35
گوَست	35
بُنا	35
جنکا	35
گوَشێت	35
بَس	35
ساها	35
هُکما	35
گرنت	35
جَلیلا	35
رومی	34
کمّ	34
بَهر	34
بابِلئے	34
شرپ	34
الیاسا	34
بئیگی	34
کُشگئے	34
رهبند	34
بندنت	34
مریدانی	34
راستیا	34
اِشکتگ	34
وهدئے	34
کنانا	34
مُلکئے	34
درکئومانی	34
دارنت	34
شپئے	34
دیوانئے	34
مئیار	34
مهمان	34
رئوگئے	34
کدێن	34
مِهرا	34
مُرید	34
کئیی	34
تنتنا	33
جنێنے	33
شادان	33
سپرا	33
رُژنا	33
اییدئے	33
وت‌مان‌وتا	33
برتنت	33
مُشت	33
مرت	33
سپاهیگان	33
پدّر	33
ایسّااِش	33
اُرْدُنئے	33
هئیالان	33
بَکشگ	33
بلۆٹیت	33
دروازگئے	33
ساهگا	33
شاهد	33
دَزبندی	33
کپتگ‌اَت	33
دژمنان	33
گندئے	33
بلّ	33
ماها	33
پناه	33
نبوتگ‌اَت	33
تچانا	33
ئے	33
بهرا	33
آاِش	33
واجها	33
مرواردا	33
ببارت	33
اۆدئے	32
مِسرئے	32
بران	32
شاهدی	32
آگاه	32
بسّ	32
مانَ	32
ایید	32
کپنت	32
ساپ	32
درگاها	32
رهم	32
وشّی	32
ڈگارئے	32
بجنت	32
شرتر	32
دیوانا	32
شتگ	32
سنگت	32
سَبک	32
برکّێن	32
سیاد	31
دیستِش	31
کَسێئے	31
اِسراییل	31
کَسا	31
را	31
دَمگا	31
شپانک	31
یوهَنّا	31
باگئے	31
نزانێت	31
برَکّێن	31
دلجم	31
هالا	31
واجهئے	31
مَرک	31
مۆلد	31
والی	31
منتنت	31
سرجمیا	31
نێکی	31
سِلّێن	31
آزارَ	31
پادَ	31
مهلوک	31
اۆشتاتنت	31
اِنّه	31
مَنت	31
چارِت	31
منیگ	31
سَلیب	31
شهران	31
گێتک	31
بێران	31
ساه	31
چُکّی	31
سُلئیمانا	30
رۆک	30
کُشگا	30
مَریما	30
برنت	30
اِبرانی	30
لۆٹێت	30
پَریسیان	30
برا	30
سرۆکانی	30
بانک	30
برجاهَ	30
پرێشتگان	30
آرگا	30
گرگا	30
هزمتکار	30
پادی	30
دئیێت	30
ببێن	30
تالیمَ	30
گاڑی	30
رئوا	30
گناهانی	30
پَدّرَ	30
چیزّا	30
نندۆک	30
بنند	30
رئونت	30
لَنگ	30
نێک	30
پاکشۆدۆکێن	30
گهار	30
کَسترێن	30
اینچک	30
رنگ	30
داشتنت	30
اورْشَلیم	30
سری	30
راستیئے	30
دْوایا	30
داکتر	30
همینچک	30
ترّتنت	30
رُژن	29
مستێن	29
وڑ	29
جُهد	29
ایسّایی	29
بُن	29
جنئے	29
باگا	29
مُردگانی	29
وپادار	29
گندێت	29
یکدگرا	29
دانا	29
شش	29
دومیا	29
بارنابا	29
زئوال	29
جنکئے	29
بزاننت	29
چم	29
کِساسا	29
بینا	29
اَرشئے	29
اێوکا	29
باسک	29
کایان	29
بوارت	29
شکار	29
اییدا	29
وارتگ	29
بَڈّا	29
کنئانئے	29
یَهودیَهئے	29
ایل‌آزَر	29
کَبر	29
جُستَ	29
سِتک	29
ڈگارانی	29
هست‌اِنت	28
سۆبێن	28
گریب	28
لۆٹاێنت	28
ائولا	28
پُترت	28
کِلیسائے	28
کُمکا	28
برابر	28
میراس	28
رئوێن	28
شاوولا	28
کپۆتئے	28
ورنت	28
اِهتیار	28
بَژن	28
مستاگا	28
همِدا	28
زمانگئے	28
نِشتنت	28
آپی	28
باورا	28
نکنئے	28
پُشت	28
رَندگیریا	28
لۆٹنت	28
زانتکار	28
راهَ	28
رُمبے	28
ترندێن	28
درکئوم	28
کارانَ	28
کناێنت	27
برئوان	27
زۆرا	27
پُچّ	27
سۆجَ	27
گنۆک	27
لۆٹتنت	27
وهدێا	27
تُرے	27
جندا	27
کِساس	27
بلۆٹێت	27
هچبرَ	27
کارنت	27
تئوارَ	27
بدی	27
پادا	27
سُلئیمانئے	27
جهلاد	27
زَرّ	27
داتَ	27
دئیگئے	27
رَکّێنۆک	27
مُردگ	27
سَهیگ	27
تچان	27
تْران	27
هۆریگا	27
گرانێن	27
پێدایش	27
بَچّ	27
گِرگ	27
دۆستێن	27
نانئے	27
زَکَریا	27
شرترێن	27
پکّا	27
رَکّێنیت	27
واهگانی	27
پرۆش	27
آمین	27
چمّی	27
برباد	27
اِلیاس	27
سامِری	27
مهلوکا	26
پێشا	26
مرتگ	26
ودی	26
هیرودیسا	26
رندگیریا	26
دْوایی	26
گم	26
دْرود	26
بنگێج	26
سئیێن	26
شئیتانا	26
اَلّما	26
کاسِدانی	26
کپۆت	26
گل	26
کنگی	26
ڈئولدارێن	26
آیانَ	26
مهربان	26
زِندَ	26
کۆنڈان	26
کپتگێن	26
لشکرئے	26
کئومے	26
بگندیت	26
دارێت	26
جنێنان	26
سبر	26
دَمگئے	26
نێمگے	26
گناهئے	26
بادشاهانی	26
اێمنی	26
بَکشیت	26
بازارا	26
نور	26
برزێن	26
پَجّاه	26
نبوتنت	25
شرابا	25
شانگ	25
زاننت	25
بمانیت	25
نپرتَ	25
داناێن	25
گندنت	25
هزمتا	25
سرۆک	25
بێگاها	25
هُدابُند	25
نوه	25
هستۆمند	25
هَند	25
پهرێزکارێن	25
استار	25
سۆری	25
گرم	25
بوتگێت	25
مُهرێن	25
جَبینا	25
بُت	25
آرۆس	25
باورمندان	25
تُرس	25
تُرسا	25
درکئومێن	25
راز	25
واهگا	25
جَهل	25
پئیگمبر	25
درچکئے	25
سێر	25
پِگر	25
درنیاما	25
رست	25
زَهر	25
لۆگی	25
اِد	25
ماهیگ	25
دێمئے	25
بزّگ	25
بَزّگ	25
آتکگ‌اَنت	25
سیلاس	25
بُرزاد	25
مۆسم	25
بُرزا	25
اسپێتێن	25
گال	25
شرمندگ	25
باندا	25
تلاه	25
هاسێن	25
لاهک	24
هیرودیسئے	24
اَپسۆز	24
مردمێئے	24
درکئومان	24
مِهرَ	24
جاهے	24
مَرکا	24
تهار	24
دئیۆک	24
سِزا	24
کلاتا	24
پسانی	24
نبشتگ	24
پیر	24
مدئے	24
برئونت	24
نئوکر	24
متُرسێت	24
زرتگ	24
پێشجاها	24
درچکے	24
کَش	24
کَسّ	24
پلیتێن	24
هئیرات	24
چپّێن	24
اسراییلا	24
وشّ‌آتک	24
کشّگا	24
رزا	24
دۆستی	24
آسر	24
پگر	24
پهِلّ	24
اِزّت	24
مبئے	24
دام	24
پَچَ	24
اَبدمانێن	24
دْرچکانی	24
کَنیسَها	24
دان	24
هِزمتا	24
ندنت	24
جمبر	24
یوهَنّائے	24
سِپَت	24
بزانت	24
شئیتانئے	24
توان	24
آیگی	24
رِدا	23
ترّ	23
مبنت	23
همینچُک	23
مَزَن‌گوَرمئے	23
نوهئے	23
دْراجێن	23
جۆن	23
تْرند	23
گێشێن	23
اِسْهاک	23
سرجمَ	23
چِل	23
بندگا	23
آرامی	23
سالۆنک	23
اَجَبێن	23
راهے	23
بیاریت	23
تُرست	23
دراجێن	23
آزمایش	23
سُنگ	23
ندیست	23
زاهرَ	23
بادشاهے	23
برگا	23
نکپت	23
گواهیَ	23
سنگ	23
شُبێن	23
وراکے	23
تهت	23
گپّان	23
شدیگ	23
مکننت	23
کاه	23
زمینی	23
مرۆچیگێن	23
آتکان	23
دْراهَ	23
مدت	23
ٹێکی	23
هاک	23
کاسِدان	23
پنجاه	23
زندگێن	23
کَشا	23
یکسد	23
مردێئے	23
کلات	23
سَتا	23
سکّیانی	23
البت	23
دادرسیئے	23
اۆبادگ	22
گارَ	22
هَکّ	22
ورناێن	22
مهلوکئے	22
هُکمی	22
شُگر	22
هُکمانی	22
بڈّا	22
مُزّ	22
مۆسما	22
پَس	22
چاتئے	22
کس	22
اینچُک	22
دنیایی	22
ماهئے	22
کباه	22
ڈئولدار	22
پرستشَ	22
کلاگ	22
پِرئونا	22
سِلّ	22
گوانکَ	22
شهماتے	22
بُتئے	22
زئیتونئے	22
بجنێت	22
ترس	22
مسترا	22
هبرِش	22
مسکرا	22
رِپک	22
ٹُکّر	22
ترّیت	22
شهار	22
اِشت	22
شهرێا	22
هپتاد	22
هۆنئے	22
گندان	22
آتکَ	22
زانگا	22
داما	22
نندیت	22
سورئے	22
دْرچک	22
جَت	22
پاکشۆدیَ	22
مێتگ	22
بگوَشێن	22
کۆهێئے	22
دُچار	22
آیگ	22
نئیئیت	22
بگرێت	22
گلام	22
همراهان	22
تئوکلَ	21
شهرے	21
هَبَکّه	21
انگورئے	21
شاوولئے	21
کتابان	21
بیاران	21
دمان	21
اِنساپ	21
کاری	21
مردمِش	21
پئیگمبرے	21
گارێن	21
سئوگندا	21
چئول	21
مستاگئے	21
زبانئے	21
پیلیپُس	21
داشتَ	21
هئیالَ	21
توپّان	21
کماشان	21
چُشَ	21
مالیات	21
هرچُنت	21
دوێنانی	21
جتنت	21
جاگهێا	21
شادمانی	21
نشانیے	21
مێش	21
آسودگی	21
جی	21
تهاریا	21
هزمتکارا	21
پکار	21
تئیابا	21
جۆهانا	21
چَکّ	21
یَهودائے	21
بلۆٹ	21
رۆچانی	21
زانۆگران	21
گوَرئے	21
رئوئے	21
گرێت	21
اۆشتاتگێن	21
نئیاورت	21
گرگ	21
رهبندانی	21
هلاسَ	21
رنج	21
گِرگَ	21
بندگ	21
جِنّی	21
شادهیَ	21
نێما	21
گێشترَ	21
سپرئے	21
دوپۆستێن	21
رکّێنیت	21
بستگ‌اَت	21
باورمندانی	21
بچکے	21
باوَر	21
دیوان	20
کسان	20
دستانی	20
جِسم	20
جنێنێا	20
بیارنت	20
اُمر	20
بکپیت	20
اِپِسُسئے	20
هستیا	20
کِشت	20
وراکا	20
چۆنَ	20
مُچَّ	20
کتابانی	20
کپتان	20
سۆریانی	20
مردمانَ	20
هوکّانی	20
بزورێت	20
شریکدار	20
اِنجیرئے	20
رُمب	20
کامیاب	20
مُچّیئے	20
آکبت	20
آپانی	20
پُرس	20
بهرے	20
زال	20
کبرئے	20
رسێنت	20
چاگرد	20
رۆچَ	20
کَشّگا	20
گلاێش	20
سُهر	20
پیرێن	20
هُداوندَ	20
لۆٹ	20
مَریمئے	20
کُشیت	20
گَم	20
شَمونا	20
رَکّێنگا	20
رُژنایی	20
راهیلا	20
ٹال	20
هزمت	20
نبیان	20
کپگئے	20
نکنێن	20
رَه	20
وپتگ	20
پَسّئوی	20
بگندنت	20
کئیسرئے	20
چاتا	20
سالئے	20
گردنا	20
تئییگ	20
گِندگ	20
دورَ	20
گامَ	19
وام	19
تلار	19
پجّاهَ	19
اَزاب	19
ڈئول	19
نیبگ	19
هُدابُندا	19
نالت	19
دێمترا	19
زێبا	19
اجازت	19
بچکا	19
شام	19
رئوانَ	19
جُهلێن	19
مئیاریگَ	19
آسے	19
اَجِکّایی	19
کرتی	19
پیلاتوسئے	19
سَلیبئے	19
گوَشتُن	19
هاس	19
شَمونئے	19
جنگَ	19
تاب	19
اِنجیل	19
واکا	19
چمّئے	19
هُدااِش	19
بێرانَ	19
اُستاد	19
واهندَ	19
مِسالے	19
جێلئے	19
سانگ	19
شهم	19
پرێشتگانی	19
ترسا	19
هالی	19
باورمندی	19
هئوار	19
نبوتگ‌اَنت	19
لَٹّ	19
سنّت	19
جِنّان	19
چارتی	19
سۆچگی	19
برگ	19
کئوش	19
هکّل	19
باورئے	19
درچکا	19
سلام	19
وت‌مان‌وت	19
گوَرمئے	19
بےتئوار	19
سرڈگارئے	19
پێسریگێن	19
ریشکند	19
ڈاه	19
دُردانگان	19
رندی	19
کپان	19
نجومی	19
دمگا	18
پیرێنان	18
رَکّێنگ	18
آسیائے	18
رُکست	18
دِلبڈّی	18
هۆش	18
کُپر	18
رِتک	18
ساد	18
تَهتئے	18
نانی	18
رهشۆن	18
تتک	18
شُرو	18
درد	18
زاری	18
مۆتک	18
ساز	18
اێمنیئے	18
چارگ	18
نگن	18
بندیت	18
چێرَ	18
سرۆکان	18
رهمتئے	18
نکپیت	18
جهان	18
باگپانان	18
دورا	18
رۆچگ	18
رُژناییا	18
تئوکل	18
تاوان	18
وپاداری	18
سَموییل	18
نگهپانیا	18
گُمراه	18
پلیت	18
بازارئے	18
دَمگان	18
شتان	18
نشان	18
وراکئے	18
رَدَ	18
گِپت	18
چارمی	18
بَه	18
تلاهێن	18
زۆرمند	18
دلی	18
مَسیهی	18
دئیگی	18
چاریت	18
یَهودیَه	18
شگری	18
پێشوایان	18
بادشاهیَ	18
کپتگ‌اَنت	18
رَدێن	18
مار	18
هئوا	18
وَرد	18
مردمێا	18
رئوگ	18
انسانا	18
پرواه	18
هِژم	18
دیستگ‌اَت	18
انسانی	18
ٹَگل	18
تئیارَ	18
زَهم	18
ارواه	18
هچّی	18
دوا	18
نه‌ائے	17
زوت	17
پئوج	17
بدکاران	17
چێرکایی	17
پَلگاری	17
همساهگا	17
هئیالانی	17
رۆکێن	17
نکرتگ‌اَت	17
گێگ	17
نرم	17
گواهیا	17
دگرے	17
مبارک	17
جارا	17
اِهتیارا	17
مالیاتگیر	17
دگرێا	17
رَزا	17
جاگهئے	17
پتَ	17
نداتگ	17
ڈیکّ	17
لۆٹۆک	17
لۆٹگ	17
دْرَهبات	17
سِست	17
نێمرۆچا	17
بادشاهان	17
لۆگان	17
هبرانَ	17
مئیارے	17
مُرگان	17
وارتنت	17
کبیله	17
بگرنت	17
سرڈگار	17
اربی	17
ورگئے	17
بگندئے	17
لوتئے	17
تئوبه	17
اۆپار	17
گُهار	17
بیاینت	17
بیمّ	17
هکّ	17
پێشوایا	17
روهے	17
هپتمی	17
پێشوائے	17
ورنایی	17
بگوَشنت	17
اَتی	17
اڈَّ	17
سێرَ	17
کَهر	17
بازَ	17
یَهودیَها	17
دوت	17
گرێوگا	17
لُنٹان	17
اۆشتاتگ‌اَنت	17
نپرت	17
تَهت	17
شمالی	17
مُنڈ	16
کۆپگا	16
اَرشا	16
آزاتَ	16
گۆشت	16
سُنگی	16
مُچّی	16
جاگهان	16
پرَ	16
جاگهَ	16
مێتگا	16
تباهی	16
شاما	16
هئیرانی	16
آشکار	16
دلَ	16
باهۆٹ	16
هِزمت	16
همراهَ	16
هشت	16
جام	16
شتێن	16
کئیسرا	16
گندم	16
نبان	16
مزنَ	16
درونا	16
هئورا	16
رسگا	16
ابراهێمئے	16
رَستگ‌اَت	16
سۆبێنَ	16
دارۆک	16
گۆشا	16
بِشکنت	16
گرۆک	16
سَری	16
نامے	16
سَموییلا	16
لشکر	16
جن	16
جمبرانی	16
زورگا	16
تچیت	16
گوَزگا	16
چِت	16
لۆٹتی	16
پهرێز	16
نگندێت	16
وراکَ	16
مسال	16
پریاتَ	16
بار	16
رومیانی	16
دێرا	16
اَربی	16
بئیت‌لَهِما	16
جَنا	16
هَکدیوانا	16
زورگ	16
اِسْهاکا	16
ندیستگ	16
تْرانگا	16
پرمانانی	16
باریگا	16
پهناتا	16
رۆچگَ	16
پُل	16
تاک	16
نداشت	16
لَبز	16
رکّێنگا	16
دپی	16
نزۆر	16
گوَزان	16
دادرسیَ	15
پێتی	15
تئواری	15
سَرکِچ	15
بَسّ	15
مستاگی	15
شپے	15
جارَ	15
پنچێن	15
وابی	15
پئیگمبرانی	15
پجّاه	15
کرتگ‌اتنت	15
گیابانان	15
روما	15
دۆد	15
نمریت	15
کَلّ	15
دُزّ	15
داشتگ‌اَت	15
هُکمَ	15
سلامتی	15
رئوگی	15
تهاری	15
ساهئے	15
باریگ	15
بوَر	15
رستگ	15
درپ	15
مردگانی	15
اَڈّ	15
شتگ‌اَت	15
نابود	15
جێل	15
جنا	15
پَرزۆنَگئے	15
نرسیت	15
گِران	15
نِزۆر	15
آتکگئے	15
پُشتی	15
بچاریت	15
جتگ‌اَت	15
برتگ	15
نبیسگا	15
مَنِّت	15
دۆشی	15
پُر	15
سات	15
هِلاپا	15
اَتر	15
جنوبئے	15
پیلاتوس	15
زلورت	15
اَنْتاکیَها	15
دێماتر	15
لَمبا	15
رمگئے	15
مُچّیا	15
تسلّا	15
تَمَه	15
اۆشتارێنت	15
کارێا	15
اَڑئے	15
گناهے	15
ماهلّه	15
تێلانک	15
کِردا	15
نه‌اتنت	15
مُپتا	15
شامئے	15
ڈۆک	15
نۆک	15
دْرۆشما	15
پیرێنانی	15
تُنّیگ	15
کۆشئے	15
مَنّیت	15
ششمی	15
الّما	15
مَتّا	15
هَسَدّ	15
پهرێزکارانی	15
درۆگ	15
کنۆکان	15
درۆگَ	15
اێرمۆش	15
واهگان	15
گوَستگێن	14
تمان	14
سوتّ	14
پهرێزکاران	14
مانایا	14
گُمسار	14
نپ	14
گِرگا	14
گُڈسرا	14
هِزمتکاران	14
پَسانی	14
دلجمی	14
راستَ	14
کِلیسا	14
پِرنام	14
پَسّئوَ	14
زانتی	14
درود	14
یکدومیئے	14
آورتی	14
اِنجیلئے	14
اِسْهاکئے	14
سلّێن	14
آدت	14
واز	14
سباها	14
نمَنّیت	14
لاوی	14
کماشانی	14
مجنێت	14
لۆٹتگ	14
سالے	14
پئیگام	14
پَهر	14
جنۆک	14
مێشا	14
بندنا	14
آباد	14
هئیالی	14
شپانکا	14
جادوگر	14
مدئیێت	14
زُلم	14
وَشّ	14
جاور	14
بندی	14
بدارنت	14
مُشگ	14
مهتل	14
ناهودگێن	14
بےائیب	14
دگرانی	14
ناپاک	14
ناسِرَها	14
بُرتگ	14
دَم	14
بندیجاها	14
بُنرِد	14
شرابئے	14
تَرّ	14
بَندیجاها	14
سُهرئے	14
سیاه	14
لانکا	14
کَشّ	14
نگهپان	14
نێمگ	14
شکارا	14
جۆنا	14
یونِس	14
گُلامیا	14
سُجده	14
اِشکنت	14
سرسبزێن	14
شر	14
نُنّک	14
دْرۆهیت	14
گوَشتگ‌اَتی	14
بیایان	14
گۆشی	14
نئوارت	14
پێدایشی	14
کَسان	14
پیلیپُسا	14
کسێئے	14
تئیاریا	14
رازیگ	14
دَرگوَز	14
بۆجیگێا	14
بدیا	14
گرێتی	14
کِرد	14
وابانی	14
هروهد	14
جنێنئے	14
جسما	14
چَکّا	14
گچێنی	14
باهێنیت	14
سَلیبا	14
ندئیئے	14
کۆٹی	14
بستنت	14
پُرسئے	14
دَروَر	14
سپرده	14
گنج	14
جسمی	14
جنجال	14
آرامَ	14
مَدَت	14
اۆشتاتگ‌اتنت	14
نمونه	14
گرئے	14
کوکّارا	14
بهرَ	14
یَهودیے	14
پال	14
ریشّگ	13
دیوال	13
واهگدار	13
پئیگمبران	13
چارتگ	13
وشّان	13
مَستر	13
چینچک	13
برز	13
تام	13
نامێنت	13
یَهودایا	13
آزاتی	13
پَلگاریئے	13
مُزّا	13
گوَستنت	13
زبانان	13
نمانیت	13
تالانت	13
کتابَ	13
چِلّ	13
متُرس	13
رُدیت	13
سبز	13
دئیێن	13
اشتاپ	13
نادۆست	13
رَدکار	13
زهم	13
شاباش	13
کَسّا	13
بُتان	13
دستَ	13
گۆشتا	13
اِنتزار	13
رِد	13
نلۆٹان	13
پێشی	13
پێشانیگا	13
نزّیکێن	13
لرزگا	13
پێشوایانی	13
گۆنَ	13
نئیاتکگ	13
جُهدا	13
سَبر	13
سرگوَست	13
کُنٹ	13
تێزێن	13
ابّا	13
کارێت	13
مُراد	13
ترّنت	13
پَجّاهَ	13
هاکمی	13
دلُن	13
نندۆکێن	13
بێگاهئے	13
وئیران	13
مێتگئے	13
بِلّێت	13
رَکّیت	13
ماهیگی	13
تئوارێا	13
کماشئے	13
بمانێت	13
منیگی	13
اسپ	13
سێسد	13
بێزار	13
کارمرز	13
کئیل	13
کئیسَریَها	13
جنَگئے	13
بامگواها	13
اِشکتنت	13
جنوبی	13
هِزمتکارے	13
ڈُکّال	13
کوکّاری	13
کباها	13
اێوک	13
رَسیت	13
کۆرێن	13
نبیے	13
هارونا	13
دانئے	13
نِشتگ‌اتنت	13
تَمبو	13
آتکگێت	13
کۆهان	13
لۆٹێن	13
گندمئے	13
یوهَنّایا	13
نمیران	13
شِزّ	13
کوکّارَ	13
رۆن	13
کَبرا	13
مَرتا	13
جێڑه	13
بادشاهیے	13
هُکمئے	13
شُگرا	13
نلۆٹت	13
گوَر	13
نزاننت	13
تهارۆکیا	13
دارا	13
جسمئے	13
گواه	13
شادمانیئے	13
پِرئون	13
اُمێتئے	13
بوتئے	13
نامئیگی	13
هئیوان	13
اشکت	13
رَکّێنگئے	13
کَشّیت	13
بندێن	13
بُنگێجا	13
برکتا	13
جُستا	13
سَنا	13
کپگا	13
هۆشگ	13
اسپێت	13
پرمانی	13
هشک	13
بمریت	13
جتگێن	13
هالان	13
سُدومئے	13
گُمان	12
گیشّێنتگێن	12
بجننت	12
مردمانا	12
گهتر	12
اشتاپی	12
سَمَر	12
رِتکنت	12
بےتئواری	12
هِژما	12
یکّا	12
بالادست	12
آسودگ	12
مالا	12
انگوری	12
نزانێن	12
پێدایشئے	12
هارونئے	12
دوسَد	12
آرگَ	12
کُدرتا	12
هِکمت	12
بۆشت	12
سێنگا	12
اُمێتوار	12
زِگر	12
دَمِشْکئے	12
جُستے	12
دْرێگتا	12
پئیسله	12
گپتگ‌اَنت	12
شِرّ	12
تهتا	12
شهمات	12
تُهپه	12
پیرُک	12
دَرّاێنت	12
گُٹّا	12
پیرُکان	12
کدرت	12
آپان	12
گوَنڈێن	12
تاجے	12
کُدرت	12
پیرُکانی	12
اَنگِرّ	12
چَکّاسگا	12
جَنئے	12
سئیل	12
دِلتپرکه	12
اَرواها	12
مُنڈێن	12
اَلّم	12
گُلاێش	12
سرزاهرا	12
زِندمانئے	12
گیابانئے	12
هستیئے	12
زمزیل	12
زنا	12
نگندان	12
نَدر	12
بچکان	12
بگندان	12
مَنّنت	12
شهرانی	12
چینچُک	12
بێکِبر	12
بێگواهَ	12
لُنٹ	12
درگتا	12
سِنگے	12
اَگْریپاس	12
همراهێن	12
سَلاه	12
جُهلانکێن	12
سردار	12
گوَشتَ	12
ایمانا	12
گێشترێن	12
پرمانان	12
زئوالَ	12
جاسوس	12
داتگ‌اتنت	12
چارسد	12
ناچ	12
باورمندێن	12
همراهانی	12
شَرّی	12
جۆڑَ	12
تئیاری	12
سۆریان	12
بزانتێن	12
نه‌اێت	12
چُنڈے	12
کِشارئے	12
نُهمی	12
نێزگار	12
گواتئے	12
کِشار	12
پُلّ	12
پَشَل	12
پرێشانی	12
مبات	12
کپگ	12
شۆر	12
هُدایانی	12
پَسان	12
ببرنت	12
بُرزتر	12
مسترئے	12
پرێشتگئے	12
نگوَشان	12
اِسپێت	12
هُدۆناک	12
پرۆشت	12
جِنّا	12
چات	12
دارانی	12
پُرواکێن	12
پرۆشَ	12
جنگلی	12
وار	12
سار	12
پَریسیانی	12
شتَ	12
جنێنانی	12
پرۆشیت	12
رسم	12
بِشکن	12
چَکّاسا	12
لاویان	12
بدیَ	12
پاکشۆدیا	12
یاگی	12
جانوَر	12
پۆشاکا	12
بانُک	12
چێرئے	12
سارت	12
یازدهێن	12
نُنّکا	12
بانگ	12
کبرا	12
گِند	12
مَندر	12
بدواه	12
شادمان	12
پندلَ	12
سَرِشتئے	12
رسنت	12
دنتان	12
کپ	12
کسترێن	12
پاشک	12
شپی	12
نادان	12
ایمانئے	12
دانگ	12
سَبکَ	12
هێل	12
نئیلیت	12
اَنْدْریاس	12
باتئے	11
چُنت	11
مِنَّت	11
نانا	11
سُرێنت	11
نێمرۆچئے	11
تُه	11
نێمگئے	11
سێرا	11
تهارۆکی	11
بانبَندێن	11
زَرّان	11
آدلێن	11
نۆکسرا	11
آدمئے	11
وداریگ	11
هالِش	11
دْراهی	11
نزُرت	11
دلان	11
سیمسران	11
مِسری	11
توما	11
گْران	11
نامِش	11
مبوتێن	11
دئیۆکئے	11
لانچ	11
کامل	11
تۆرے	11
مستران	11
سَد	11
وامدار	11
ترّگئے	11
ڈنّی	11
باورمندیئے	11
نئوانتگ	11
بُتانی	11
نکرتنت	11
دمانێا	11
گْرند	11
جنگئے	11
راج	11
چۆنکا	11
سُهرێن	11
ساپێن	11
چنکدر	11
آتکگ‌اتنت	11
ناسِریئے	11
مود	11
والیئے	11
کاگدے	11
کاییگر	11
ناسِری	11
مُپت	11
تئورات	11
اَندێم	11
تُرستِش	11
هالَ	11
رێکانی	11
بستگێن	11
کُنڈان	11
هرکَسئے	11
زوریت	11
سلیبئے	11
رَهچار	11
زِبْدیئے	11
نێزگارێن	11
اَسا	11
جامگ	11
مۆه	11
بَزّگی	11
کنۆکانی	11
اۆشتیت	11
کونزگ	11
ڈَڈّ	11
زَکَریائے	11
گمیگ	11
مکنئے	11
هزاران	11
شادانَ	11
رهمتا	11
نئوکران	11
تُهمانی	11
وراکی	11
نێکیا	11
ناپاکَ	11
هدایی	11
اَهدنامگئے	11
برگَ	11
برَکّێنیت	11
رو	11
کشّیت	11
دادرس	11
گوَرانڈ	11
جاری	11
برسات	11
اَهدئے	11
رَنگ	11
دئیانا	11
نرمی	11
کمَّ	11
کمّێن	11
رهمتانی	11
لۆنجان	11
سپاهیگانی	11
دریایی	11
لۆگے	11
مۆکلّ	11
کمتر	11
مردمَ	11
سَمَرا	11
جشنے	11
بوَرێت	11
دراه	11
سَرکِچَ	11
زِنا	11
درانڈێه	11
اَچه	11
لوکا	11
تهئے	11
بُهتاما	11
کارنده	11
اَرزش	11
دُردانگێن	11
هَکّل	11
شکل	11
اۆپارا	11
نگندیت	11
نکپتگ	11
گِرگئے	11
بوتێنان	11
بُنهِشت	11
نبشتگێن	11
چارئے	11
دیستگ‌اَنت	11
اپسۆز	11
دلِش	11
هلّێنت	11
وران	11
زانتگ	11
پابندی	11
هزمتکارانی	11
گُمسارَ	11
رَسێنت	11
نداریت	11
کۆشا	11
تُهمت	11
زمانگان	11
شُشت	11
وابَ	11
بلۆٹان	11
اَرمان	11
بهرئے	11
بگوازێنێن	11
بگوازێنێت	11
درمان	11
لۆٹِت	11
بێگاه	11
تُهمئے	11
مجن	11
دیستگێنانی	11
مست	11
نئود	11
نێمگان	11
مِسالئے	11
ایل‌آزَرئے	11
کشتی	11
ٹێل	11
نرئوت	11
سئون	11
چارپادێن	11
کُربانیگان	11
نادْراهانی	11
رُدان	11
پۆست	11
پئوجا	11
سئوب	11
زانۆگرانی	11
پورهَ	11
کَسانێن	11
بدئیات	11
ساهی	11
نادْراهیا	11
سَدوکی	11
شاهدیئے	11
گۆکانی	11
دُزّی	11
وپاداریا	11
منزلا	11
گیابان	11
آزاتیئے	11
بےاِزّت	10
گْوست	10
کُربانجاها	10
سئیا	10
رهشۆنی	10
هپتگ	10
مُرتگ	10
تَهتَرونئے	10
درچکێئے	10
باگپانانی	10
هپتگے	10
ماڑی	10
رکّێنگ	10
کاهانی	10
نَپرتَ	10
کدێنا	10
بَد	10
پیرُکی	10
مُهرَ	10
سرۆکیا	10
دْرچکئے	10
لگِّت	10
پهرێزکاری	10
رهمَ	10
جِنّے	10
واهُند	10
اۆشتگ	10
گیابانی	10
مَجْدَلیَه	10
دیستگێن	10
شئوکتئے	10
دهێن	10
نادْراهی	10
نزانئے	10
جنْگا	10
کئولا	10
اِشتاپ	10
زا	10
کارِش	10
پهک	10
دستے	10
دورێن	10
دستبندی	10
سامِرَهئے	10
گپتَ	10
مردان	10
مرتنت	10
بلّێت	10
الّم	10
زندَ	10
چارده	10
پێدایشا	10
لجّ	10
بجنان	10
کُربانیگا	10
گچێنَ	10
مالک	10
گیر	10
تیموتاووس	10
انگور	10
رۆنِندا	10
نمنت	10
دوتل	10
جۆنِش	10
دێرَ	10
بچکئے	10
منۆ	10
بندان	10
مُشتگ	10
نمنّت	10
مردی	10
بگوَزیت	10
جنۆزاما	10
بگوش	10
دیدارا	10
دْوائے	10
هَکّا	10
ماتی	10
هوشیانا	10
بچارێن	10
سئیدونئے	10
مُلکێا	10
لمب	10
یاتَ	10
جنْگ	10
ناراهێن	10
وارس	10
نئیاران	10
گوانکی	10
زانتا	10
ایمانَ	10
براتے	10
جاک	10
شاهدیا	10
کلیتدار	10
کَپَرناهوما	10
هاندان	10
رسِت	10
پرۆشگ	10
براتی	10
پَرزۆنَگ	10
جۆڑێنت	10
مکسدا	10
کشّان	10
مگرێت	10
هرابَ	10
کُشتگ	10
سام	10
مکنان	10
شۆدگا	10
نئیاورتگ	10
ماهیگئے	10
هئیالے	10
هئیالداریا	10
شاهدیَ	10
دیوالئے	10
برسێنان	10
ببرێت	10
دَزبندیَ	10
داد	10
زانتِش	10
گوَزیت	10
پشۆمانی	10
گوَرما	10
رُنۆک	10
وس	10
کَشّگ	10
وَدارا	10
برکّێنیت	10
نئیاریت	10
گوَستگ	10
گوَران	10
استادا	10
پرێشتگێا	10
زهرا	10
ناپاکێن	10
بادشاهَ	10
کِشاران	10
چِن	10
مئیاربار	10
شرپدارێن	10
مسترَ	10
دۆستان	10
پولُسِش	10
مئوج	10
نماسگ	10
وتسر	10
نئیلنت	10
تالیما	10
بکپ	10
پۆشاکی	10
بکُشیت	10
یونانئے	10
مگوَشێت	10
جاهان	10
چادر	10
ائیش	10
لۆٹگا	10
بَکشتگ	10
کۆٹ	10
مُزّے	10
زرّان	10
تلارئے	10
کِسّه	10
شاگرد	10
ایراز	10
نشانیان	10
سَهیونئے	10
گُنگ	10
جُهلانکیان	10
بزانان	10
پناهَ	10
بدئیێن	10
بدئیئے	10
زۆراکێن	10
باورِش	10
اَزابا	10
چۆناییا	10
ڈگاران	10
پجّار	10
کَستر	10
سَلیبی	10
رندگیر	10
داشتگ‌اَنت	10
همدلی	10
پنچمی	10
یکجاهَ	10
ملک	10
شمئیگی	9
ساهگ	9
دْرچکا	9
جَبین	9
ناهور	9
جِنّانی	9
چِراگا	9
جاندر	9
شَش	9
وَرَگ	9
جتی	9
شلّاک	9
شادمانیا	9
وتیگ	9
ورنایان	9
جتاێن	9
شُشتنت	9
ناهودگ	9
تْرانَ	9
شئیرے	9
تْرندێن	9
جنکێئے	9
وپاداریئے	9
وشّیا	9
جنۆزام	9
چُکّێئے	9
جنکێا	9
شئوکتی	9
شَتَلکاران	9
چاریگ	9
ڈَنّ	9
شیرا	9
جنێت	9
نه‌اِشت	9
شئوکتے	9
مئیاران	9
زَبورئے	9
رَستێن	9
بابِلا	9
سوریَهئے	9
هئورَ	9
سرگردان	9
پتئیگ	9
کُنٹگی	9
مئیگ	9
مئیاریت	9
کَنیسَهان	9
پتی	9
نَدرَ	9
منّۆک	9
نِهرّ	9
دلانی	9
گْوَر	9
باگے	9
سوتّا	9
پاتراپ	9
لبزئے	9
باپ	9
رۆدێنت	9
بارنابایا	9
هزمتکارێن	9
پَد	9
مارے	9
کُشنت	9
یاپائے	9
دِلێری	9
پِستوسا	9
سرزمینا	9
کِشکا	9
ماهیگان	9
رئوێت	9
پَلگاریا	9
مالئے	9
اِلهام	9
ماهیگا	9
هرا	9
هئیر	9
هَر	9
پدرێچئے	9
اَهدنامگ	9
لهتێنَ	9
پرُشت	9
کِلیسایا	9
پرۆشتنت	9
پرێب	9
پرک	9
لێٹێنت	9
پرمانا	9
گئیر	9
بُرزتئواری	9
هلاسیا	9
بُرزترێن	9
گُلامی	9
همش	9
گَلا	9
بُرّ	9
گریبێن	9
سُست	9
گوَشتگێن	9
بَرّ	9
هُمیر	9
مُهکم	9
بِشکننت	9
بزوریت	9
گِندگَ	9
درۆشما	9
بسگّیت	9
زَکّا	9
گواتا	9
سلامت	9
برگئے	9
مۆکل	9
بزانێن	9
گناهی	9
بَرے	9
درشان	9
رَکّێنت	9
بۆجیگے	9
بۆشتێت	9
رکّێنتگ	9
گپّئے	9
گپتگێن	9
بۆگ	9
بیارێن	9
باوری	9
کیلومیتر	9
رۆچی	9
هشتاد	9
رۆچیگێن	9
روهانی	9
نئیاتکگان	9
بدلَ	9
بُنپیرُک	9
هُکمے	9
بندَ	9
گوَشگی	9
نندگا	9
بوَرنت	9
رَکّێنتگ	9
هَنّانیا	9
روهانیێن	9
نِشتگ‌اَنت	9
کُٹّ	9
تامار	9
اَبدمان	9
راهِش	9
راهان	9
تاجا	9
مریت	9
آهِرا	9
مریدا	9
کت	9
آهری	9
کپۆتێئے	9
دئیۆکێن	9
کُربانجاهئے	9
اَتئے	9
اتئے	9
هپتگئے	9
مَرتایا	9
مرتگێن	9
سُهبئے	9
کَڈّن	9
کدێنَ	9
اتێن	9
سربُرا	9
دورو	9
توپّانے	9
مَسکرا	9
the	9
نپْرتَ	9
توپّانا	9
آدتئے	9
دَهێن	9
تهر	9
کارێن	9
سازنت	9
رێچگ	9
کاگدا	9
آسانتر	9
ترست	9
مریدے	9
تُرسیت	9
تچکێن	9
تچنت	9
سُبکّ	9
ترندی	9
نۆکی	9
دیستَ	9
تُرسے	9
نیبگَ	9
چَنڈگئے	9
اِسراییلیے	9
پهرێزکاریئے	9
اِشاره	9
زهمے	9
پَهم	9
رهچار	9
پۆستا	9
نادێنت	9
کسّ	9
اِسْتیپانئے	9
چێردستیا	9
یکدانگێن	9
مدارێت	9
نادانێن	9
کِشارا	9
مترس	9
مترسێت	9
اِشکننت	9
سَدوکیانی	8
اِنکارَ	8
بدکارێن	8
شرپدار	8
دژمنئے	8
اِسْکَریوتی	8
سرجمی	8
روهان	8
انسانے	8
سَلّه	8
آماچ	8
دنتانَ	8
بترّیت	8
مَلکه	8
گهارئے	8
بترّنت	8
شپانکی	8
گیشێنتگێن	8
دشت	8
انّوگێن	8
اِشکنێت	8
دْرتک	8
گوَشێن	8
بُتے	8
نرَستگ‌اَت	8
روهی	8
زار	8
مسترانی	8
برکتی	8
نشانیَ	8
آزارے	8
جۆنئے	8
چِراگ	8
بُرّگ	8
اِلیزابِت	8
همساهگان	8
برێت	8
ساهتے	8
مۆشئے	8
دئولتئے	8
آشۆپ	8
مکپێت	8
گوَشتگ‌اَنت	8
اِشتاپی	8
مرێت	8
ماڑیا	8
سررێچَ	8
همکار	8
دیوالا	8
ملامت	8
برتگ‌اَت	8
آتکێن	8
مالیاتگیرێن	8
شاهدیے	8
هێد	8
سربرا	8
سرمستر	8
اێری	8
لَرزێنگ	8
زر	8
رۆکَ	8
لاویئے	8
لۆگێئے	8
مُرّ	8
جنۆزامے	8
لۆگَ	8
مرز	8
مَنّگا	8
بارنابائے	8
ایمانِش	8
هیرّۆپ	8
ازل	8
مُرتگێن	8
اَزگارێن	8
اُمری	8
رۆنند	8
لۆٹتِش	8
جهمنندَ	8
اَزل	8
ایسایا	8
مِنّتوار	8
جنێنێئے	8
مردگان	8
چاگردئے	8
لگّتگ	8
یهودیانی	8
مُچّیے	8
هۆریا	8
ببندێت	8
ببَکش	8
ممَنّیت	8
جنگل	8
اَنْتاکیَهئے	8
جنَگَ	8
دینارے	8
نزانتگ	8
سُدوم	8
شتگێت	8
جَهلا	8
گێتکگ	8
مرنت	8
لاپئے	8
لاپی	8
چارنت	8
باشندَهے	8
چُپّ	8
اَپسرا	8
باشندَه	8
مَرکاسئے	8
یونِسا	8
ببر	8
مُرگے	8
باورمندیا	8
بانا	8
اَپسر	8
شانگَ	8
بستگ‌اَنت	8
پِگرا	8
کُشتی	8
پلگار	8
ٹێکیے	8
هُداتُرسێن	8
پکّاێن	8
نگپت	8
رَزایا	8
سۆچگَ	8
ناجۆڑ	8
پشۆمانیئے	8
زهما	8
چێرێن	8
کِرّے	8
پهرَ	8
نکنگا	8
شهارت	8
هچکَسێئے	8
شئورِش	8
شئورے	8
کسێا	8
پَندَل	8
کَسانیا	8
پِتْرُسی	8
پَٹّ	8
جاما	8
کُنّت	8
کناێنتگ	8
ورێت	8
پانچ	8
پایدگے	8
شمئیگ	8
پتات	8
سۆب	8
دارێن	8
هُدایان	8
کَلَما	8
ناتِپاکی	8
پسند	8
پَسّئوے	8
پرۆشتگ	8
شۆد	8
مئیئیت	8
کماشێن	8
پَرک	8
هَڈّ	8
ترسناکێن	8
نِپادانی	8
ترّگ	8
تَرّگ	8
کبرستانا	8
کَپَرناهومئے	8
تْرانَگا	8
هالیگ	8
کپُن	8
نجتگ	8
تچکاتچک	8
سبک	8
نامدارێن	8
توپّانئے	8
سازش	8
ڈۆلُک	8
وانت	8
وهشێن	8
چمّے	8
تلارا	8
کِبر	8
کباهئے	8
توانا	8
چیهال	8
پێتیا	8
پێتیئے	8
چیزّانَ	8
ٹِکّ	8
کُربانجاهے	8
وشّ‌آتکَ	8
پَهک	8
کِرم	8
کرزیت	8
ٹکّر	8
هَبَشی	8
تاج	8
ناسرپد	8
چئولان	8
ڈَنگر	8
هاندانا	8
وشبۆێن	8
کرار	8
والیا	8
ٹالانی	8
پئیگامئے	8
پْراهێن	8
کوکّارِش	8
هُکمان	8
بَندیجاهئے	8
رَکّێنۆکێن	8
درچکانی	8
بندێت	8
جِستنت	8
درشانَ	8
گرێوان	8
بماننت	8
بِندات	8
گرماگئے	8
زِمّه	8
هُشکێن	8
بوتێت	8
نندگ	8
نندگئے	8
هُشکیا	8
سامِریان	8
دِرت	8
هَکدیوانئے	8
بنۆشێت	8
مهمانی	8
ورگان	8
نبشتگ‌اَت	8
بَکشگَ	8
گناهَ	8
جَلیلی	8
دروازگانی	8
بکشیت	8
گَمیگ	8
بشۆد	8
نگوَست	8
نرَستگ	8
گنجے	8
بکرتێن	8
درون	8
رُمبا	8
بِلزَبول	8
هلاسی	8
بمانان	8
گرێوگ	8
شکّ	8
بگوازێن	8
گمان	8
رمگا	8
هلاسیئے	8
مِهری	8
رُمبئے	8
مێتگێا	8
کۆش	8
بێها	8
واجهان	8
بێمئیار	8
سَپت	8
بێشکّ	8
هست‌اَنت	8
رَکّتَ	8
هِزمتکاری	8
جاورا	8
جاهێا	8
دایمی	8
دێمپانیا	8
نبشت	8
کئومی	8
سپرَ	8
واهگئے	8
هژّار	8
کوکّارے	8
مێشئے	8
مێن	8
سنگسار	8
کئیسر	8
کئید	8
میراسا	8
جِتا	8
هشتمی	8
سگّگا	7
نێکیئے	7
سرکاری	7
چِستَ	7
نَپ	7
نه‌اێن	7
سوگ	7
داشتی	7
درگوَز	7
سهیگَ	7
دۆستیئے	7
سُتک	7
سیلاسئے	7
واجهێن	7
دۆستواه	7
درۆهگ	7
سینائے	7
دئوری	7
داکترے	7
سبزگے	7
دلگۆشا	7
دلسیاه	7
دلمانگ	7
چَکّاس	7
شانت	7
سُرێنگ	7
داب	7
سررێچێن	7
درپے	7
نێزگاران	7
دَنز	7
واپێنت	7
چرپ	7
سۆچیت	7
وارتگ‌اَت	7
دربێشی	7
چَپّێن	7
چَک	7
دارۆکان	7
دارگَ	7
نزّیکتر	7
دُزّے	7
دیستُن	7
دینئے	7
نجنت	7
نبێت	7
دادگاه	7
ندیستگ‌اَت	7
سئوبَ	7
دیستگ‌اتنت	7
شال	7
سئوگندی	7
وپتگ‌اَت	7
گِر	7
بنندیت	7
گِرّان	7
هَکدیوان	7
گڈی	7
بُنیاد	7
بُنڈا	7
گردێت	7
رکّێنۆکێن	7
مهمانانی	7
بُنگێجَ	7
مهمانان	7
زندگی	7
کهۆل	7
کیمّت	7
کۆهستانی	7
رسێنگا	7
زندگێنانی	7
هکّا	7
مهمانیا	7
گُدێا	7
هُشکَ	7
هُشکی	7
مهمانیئے	7
گَلے	7
زلور	7
گُمانَ	7
هلوَت	7
مِهرانی	7
بگندێت	7
بکپنت	7
بشارت	7
رَندترا	7
گمراه	7
گُمراهَ	7
بکپێت	7
هکومتئے	7
زمستانا	7
بمَنّێت	7
گُرک	7
بندگَ	7
مُهکمێن	7
بلد	7
گِل	7
زمانگ	7
گرێونت	7
هِلار	7
بلۆٹئے	7
بئیانَ	7
هُدابند	7
زَهما	7
کِرینیئے	7
پَلگارتگێن	7
هَدّا	7
رَدکارانی	7
پَشکا	7
نورا	7
پسئے	7
پُلّانی	7
کُشتنت	7
پَکار	7
پێلک	7
پێشگاه	7
پێشجاه	7
پْرشت	7
پئیگمبری	7
پئیگاما	7
پهرێزکاریا	7
رد	7
کرۆسا	7
کرتگ‌	7
پیلیپُسئے	7
رِتکگێن	7
مێشے	7
مێشانی	7
نندئے	7
هزانگ	7
هزانگئے	7
زورنت	7
رسێنتگ	7
بئیت‌اَنیایا	7
رسێنگ	7
هزمتکاران	7
هِزمتکاریا	7
نُگره	7
پرشئوکتێن	7
پُرسا	7
پرزۆرێن	7
پرێشانێن	7
رُژنئے	7
ناباوری	7
کِنزان	7
رُستنت	7
کنۆکے	7
هرابی	7
رُستگ	7
کمّکے	7
مۆلدئے	7
مانگ	7
رَهاب	7
رهبندان	7
مالدار	7
اَلئیک	7
یاپایا	7
اَریهائے	7
اِرِمیا	7
زانتنت	7
اِسْتیپانا	7
اِستار	7
اَریهایا	7
لێس	7
هئیراتی	7
انسانێئے	7
مَنّ	7
ائولیگا	7
مِمبر	7
نِگهپان	7
ماڑیئے	7
هئیرتے	7
مارت	7
هئیرانَ	7
اندۆه	7
مستریئے	7
آرت	7
آرامێن	7
مزنیا	7
آسودگیا	7
آرۆسا	7
خیانت	7
مُشتگێن	7
رێچگَ	7
رێش	7
مِسر	7
مِسریانی	7
آهِری	7
آهِرتئے	7
آه	7
اَبدی	7
آێت	7
مرئوت	7
آلِم	7
مَزَن‌گوَرم	7
مکپیت	7
آورتگ‌اَت	7
آورتَ	7
مریدی	7
اُرد	7
بَرَ	7
هَمله	7
بِڈّ	7
بُرجے	7
رومیان	7
برتِش	7
گۆشانَ	7
گهترێن	7
مودان	7
بدکاری	7
نمَنّنت	7
گوَنڈ	7
گواتے	7
مۆلدا	7
زِکّ	7
همراها	7
مۆلدے	7
همراهی	7
گوازێنتگ	7
گوازێنگا	7
زرّے	7
گوارێنیت	7
زَرّئے	7
همساهگ	7
اۆشتۆک	7
اۆشتنت	7
اۆشتارێنگ	7
منّنت	7
باراباس	7
لَجّ	7
اۆبادگان	7
لَنگێن	7
اُمرئے	7
اۆشتاتگان	7
اۆست	7
لَنکُک	7
گێتکَ	7
هۆرک	7
گێجیت	7
گیشّێنت	7
گیشّێنگا	7
گیمُّرت	7
رۆدراتک	7
مَنّۆک	7
لانچا	7
رۆچێا	7
بانئے	7
زرّانی	7
تَبا	7
هُبّ	7
رازان	7
وَسیلها	7
ترند	7
جمبرێا	7
تپیگ	7
هالیگێن	7
جتَ	7
کپێت	7
کبیلهانی	7
ٹَگلَ	7
ورئے	7
تالانَ	7
شرپَ	7
هاکمیَ	7
نُه	7
جهلانکیا	7
ڈۆکانی	7
تالیمئے	7
شُبێنا	7
تۆشگ	7
شئورا	7
نئوَرێت	7
وهدان	7
شُدا	7
جشن	7
کانٹئے	7
سَباها	7
کپتێن	7
شۆهازَ	7
تتکنت	7
جُریت	7
وَرنا	7
تَهتا	7
ٹێکیا	7
ترّان	7
کاهئے	7
ٹۆلیا	7
کَپَگ	7
کباهے	7
ساڑات	7
جه	7
تُک	7
ڈُکّالے	7
چارتنت	7
نبوتگان	7
ساهێل	7
شفا	7
شپنێما	7
کُچک	7
ڈَنگرانی	7
جُهل	7
جُهلانکی	7
شاهی	7
شئیتانی	7
کارمرزَ	7
هاجت	7
شپانکان	7
کدرتا	7
کُٹّا	7
ٹالے	7
کَٹّتگ	7
سامِرَه	7
جنوبا	7
نکرزیت	7
هاکمانی	7
تئیاب	7
گێجگا	6
همینکدر	6
گوَشنتی	6
گێجگَ	6
هۆشگان	6
دژمنے	6
بدنتی	6
وَرۆک	6
رۆچێئے	6
جانَ	6
دگر	6
شۆرێنتنت	6
گهارا	6
رۆچگئے	6
هۆرَ	6
جاگهی	6
گیشّێنگ	6
ڈگارے	6
شۆرشے	6
هوشَه	6
گۆکئے	6
زرتی	6
دگرانَ	6
گێجگ	6
ٹێلکاه	6
گوَم	6
ڈَل	6
بٹَگلێن	6
نَرێن	6
ببندیت	6
بچاران	6
جادوگری	6
بَرهَکّێن	6
سبزێن	6
سلامتیئے	6
تْرندی	6
گوارێنت	6
درۆهیت	6
شئیتانَ	6
ٹَپّی	6
نبوتنی	6
گوازێنیت	6
شِهم	6
دریاچه	6
بَرۆک	6
جۆڑێنتگێن	6
سْرێنا	6
رَندگیری	6
درۆگبند	6
دِرّۆکێن	6
بستی	6
گَندهێن	6
چُکّت	6
رهمتی	6
بزانئے	6
درۆگئے	6
سَلّهَ	6
درۆگبندے	6
تْرانی	6
نُرنڈگا	6
بربادَ	6
گوَستگ‌اَت	6
شئوکتَ	6
گوَزنت	6
ٹۆلی	6
گوَسک	6
بدیئے	6
دژمنی	6
گوَشتگی	6
رهمتان	6
دژمنا	6
مَرکیگ	6
ٹُنگ	6
مۆش	6
گوَرانڈئے	6
همشئور	6
بُرّگا	6
سگّیت	6
نگهپانی	6
همِشیا	6
دَزگٹّ	6
بُرزادَ	6
سکّیانَ	6
برزتر	6
جۆڑی	6
نمَنّۆک	6
اِنتزارا	6
مُردگئے	6
دْرۆشم	6
نێست‌اِنت	6
جِند	6
مَکْدونیَهئے	6
ماشما	6
اِلیزابِتئے	6
سردست	6
مالے	6
چت	6
مالدارێن	6
مالی	6
اَمبار	6
دْرۆهگی	6
نیمّۆن	6
اِنکار	6
جَمورنگێن	6
شَست	6
شرّیئے	6
لێٹ	6
چراگ	6
شرترَ	6
انچُش	6
جناێنت	6
انشپی	6
ساهتێا	6
اندێمێن	6
مَدان	6
شرابَ	6
زانۆگرا	6
اسراییلی	6
جنۆزامئے	6
اِسْتیپان	6
یکدار	6
مرتگ‌اَت	6
سرپرازَ	6
جَنے	6
یکشَمبِهئے	6
مگندنت	6
اَڑ	6
اَرس	6
ماهۆران	6
مبندێت	6
شرابی	6
مانێت	6
اِلیاسا	6
مانایی	6
ماننت	6
رهبندا	6
جنۆزامێئے	6
مگیپت	6
سرجما	6
اِدئے	6
مِلکت	6
رَهبند	6
چِرِکّ	6
باری	6
هۆنیگ	6
بازاران	6
زرّا	6
نزرت	6
مردێنے	6
لُٹّ	6
سرگوَستا	6
سَربُرا	6
اتێت	6
باراباسا	6
جِبراییل	6
زانتگ‌اَنت	6
واهگے	6
باندات	6
زانتگ‌اَت	6
بانُکێن	6
نئوکرئے	6
بانگا	6
گْرندئے	6
هۆنَ	6
باسکے	6
لالچ	6
چرگا	6
گْوَرا	6
یونان	6
شادمانَ	6
اُزْو	6
اُرش	6
زبانی	6
اُستایان	6
دلگۆشی	6
شادهیئے	6
اُشترئے	6
لۆگێا	6
اِهتیارے	6
اَچانَک	6
اجبّتێن	6
نلۆٹتی	6
رئو	6
لۆگانی	6
لگتمالَ	6
زِبهر	6
جَزیرها	6
شمال	6
ایل‌آزَرا	6
لگام	6
لگتمال	6
شَکّ	6
اُمێتواری	6
رۆنندی	6
دِلگۆش	6
واهندا	6
نُهێن	6
اُمێتے	6
ودار	6
پُرزۆرێن	6
ناگهان	6
مئیلێت	6
کمترَ	6
پرستشئے	6
مئیم	6
شانتُل	6
دارے	6
هُردێن	6
نگپتگ	6
تُرسناکێن	6
هاکیێن	6
رستگ‌اَت	6
سَهن	6
تتکگ	6
کلّ	6
رُژناگ	6
هُداێن	6
جهمنندێن	6
کَشّنت	6
رُژناگَ	6
پرۆشگَ	6
پُرکِبر	6
پُرشئوکتێن	6
پِرّێنت	6
رُژناییئے	6
پِریات	6
زۆراکیا	6
ندارنت	6
نالتَ	6
سوری	6
دۆستیا	6
نِگهپانێن	6
مزنیَ	6
مێشان	6
مزنیئے	6
هِزمتکارانی	6
پابُندی	6
پادے	6
هِزمتکارا	6
کۆرے	6
پُتریت	6
پُچّان	6
پَچّ	6
آزاتێن	6
زۆراکی	6
آرۆسئے	6
مستاگِش	6
وامانی	6
نگران	6
پتے	6
ترّگا	6
هاکۆٹ	6
نُنّکئے	6
داکتران	6
هالئے	6
پیلیکْسا	6
کَٹَّگ	6
سجّهێنانَ	6
دهمی	6
زیانَ	6
واکَ	6
کرتگێنانی	6
پیاله	6
سپا	6
آتِنئے	6
پیلّاشْکا	6
رپک	6
پیالها	6
چیزّێا	6
نارزا	6
پێشگۆییان	6
نازێنک	6
هبرُن	6
نۆشیت	6
تاپگا	6
نَکش	6
کُربانیگێن	6
کُربانیگئے	6
پێرۆز	6
شاهدے	6
کُدام	6
کُربانیگَ	6
زهمتے	6
رُدۆم	6
کَشّان	6
وتسرا	6
کِسّها	6
نِگهپانیا	6
رُدنت	6
پَلگارتگێنان	6
ناجۆڑیا	6
هُداناباورێن	6
وادئے	6
پَلگارَ	6
کُشتگ‌اَنت	6
هُدادۆستے	6
رَدکارێن	6
کرۆسئے	6
پۆل	6
پۆشتگ‌اَت	6
سئوبسازَ	6
ناسِرَهئے	6
نادْراهان	6
پۆشاکان	6
تالیمان	6
چۆناها	6
سَبائے	6
پۆش	6
جێڑهے	6
نۆش	6
تَهم	6
ریا	6
بمُشیت	6
گرمیا	6
کازیان	6
کازی	6
هلار	6
بلۆٹنت	6
بِلزَبولئے	6
نپادئے	6
مِهرے	6
تُهمی	6
کاروانا	6
کازیئے	6
چَلنڈێن	6
تهارێن	6
رکّێنۆک	6
تهارَ	6
گرانبهاێن	6
ڈۆکے	6
بندیگانی	6
چلّگ	6
سپرێا	6
تَهتَرونا	6
تَهتَرون	6
دردانی	6
دۆزهئے	6
دَرَگ	6
دَروازگئے	6
بَکشش	6
بَکشتگێن	6
همایانیگ	6
نئیلئے	6
گُمورَهئے	6
مئوَرێت	6
گِندنت	6
کاپار	6
رَندَ	6
بَکشان	6
دْرپشگ	6
رنجَ	6
سَپْت	6
دۆزه	6
نانِش	6
بگرێوێت	6
سالۆنکا	6
گُل	6
کارمستر	6
بگرێن	6
چَکّی	6
جُهدَ	6
تئیاریئے	6
بگران	6
سالی	6
کاربند	6
تمانێن	6
کیاپا	6
بێگناه	6
هابیلا	6
سِنگئے	6
دچار	6
بێمئیاریئے	6
کئیسَریَهئے	6
میزّ	6
هَستیێا	6
بیگاری	6
کایِن	6
بیمّا	6
رُکستَ	6
آسیا	6
تَل	6
تَلار	6
هزمتکارئے	6
کۆشارێنگا	6
بئیۆکێن	6
هِزمتکارێن	6
زِندمان	6
بێهئیال	6
بێنگ	6
بےاِزّتَ	6
تلاها	6
کۆهے	6
کئولئے	6
بوَران	6
تَنْتَنا	6
کاهان	6
بورنت	6
بوَرێن	6
دربارا	6
بورێت	6
گُدی	6
نگندنت	6
تئوراتئے	6
گران‌کیمّتێن	6
کانٹے	6
چَمّان	6
توانی	6
رَکّێنتی	6
نندنت	6
مَزَن‌شانێن	6
تنکێن	6
بُهتامان	6
سنگتان	6
نبیسۆک	6
بهتاورَ	6
سِنگا	6
بۆ	6
کائے	6
ساهگئے	5
نلۆٹیت	5
رێتک	5
زانتکاری	5
رێچیت	5
رَهم	5
سپاهیگئے	5
رسما	5
رسمان	5
ڈێه	5
زۆراکتر	5
زۆرَ	5
رستنت	5
رَسگا	5
رَکّێنتَ	5
سُپره	5
زمستان	5
نگندئے	5
سارَها	5
زِنهکارێن	5
ساڑایگ	5
رَکّگ	5
نۆشان	5
سُبکَّ	5
رتکگێن	5
رتکنت	5
نۆشگا	5
دئیۆکا	5
زێباییا	5
نۆشت	5
رزایا	5
رستاخیز	5
زۆرے	5
رازے	5
زهمت	5
زهمانی	5
راستێنا	5
رُدۆما	5
زلورتانی	5
دینار	5
نشُتگ	5
ساهِب	5
نِشتان	5
نمَنّت	5
دْوایانی	5
زِر	5
رۆشن	5
نُماسگان	5
رَهبَند	5
نیام	5
سبزگان	5
نگوَشیت	5
دیستگێنان	5
دْرپشۆکێن	5
رئوانی	5
رندترا	5
رَندے	5
دْرپشگا	5
زِرئے	5
رمێز	5
زَکَریایا	5
ڈَنگران	5
زَکَت	5
روه‌اُلکُدُس	5
ستایا	5
رۆتگ	5
زِرا	5
رُننت	5
روا	5
روت	5
زَردارێن	5
هسابدار	5
کئومێئے	5
بێهی	5
کئومَ	5
کۆشارێنیت	5
بئیت‌اَنیائے	5
کۆنڈانی	5
بێه	5
بیمناک	5
میلادا	5
گاری	5
کیمّتے	5
کهر	5
کیاپائے	5
کیلیکیَهئے	5
بئیت‌سئیدائے	5
کونزگے	5
هِزمتَ	5
پاسا	5
هَزانگئے	5
پُترتگ	5
هزارئے	5
پانزده	5
کۆران	5
هِزمتکاریئے	5
بئیت‌لَهِم	5
هِزمتکارئے	5
پابند	5
پادُن	5
پادمالَ	5
کۆرئے	5
بمَنّیت	5
بِلّی	5
بلۆٹێن	5
بن	5
هُکمران	5
گِرَگا	5
هکومتی	5
گَزب	5
گلّێنگ	5
هَلْپیئے	5
بُکّگی	5
مِهربان	5
هلک	5
بگێجیت	5
گُلاما	5
گَرک	5
بۆجیگان	5
بۆتک	5
گچێنیێن	5
بۆجێت	5
هِشت	5
گُبّا	5
گپّانی	5
مهمانیے	5
بندیگان	5
بندیجاهئے	5
هِکمتا	5
بندیگے	5
گُدئے	5
بنیاد	5
گرانا	5
پۆشاکئے	5
کسانُکێن	5
کسانیا	5
پئوجیانی	5
پهرێزکارا	5
کُرِنْتئے	5
پَهرَ	5
پندلے	5
هُداتُرسی	5
کُشتَ	5
پُلنت	5
کَسئے	5
کَسترێنئے	5
پنت	5
پناهێن	5
کُرنیلیوس	5
کُربان	5
پێشیَ	5
پێشوازیا	5
پئیگمبرئے	5
تابَ	5
پْریسْکیلا	5
کُدۆه	5
کربانیگ	5
نادْراهێن	5
کُرّگا	5
هَتّا	5
کرتگێنان	5
پێرے	5
پێچ	5
پیلیکْسئے	5
پرمانبرداریا	5
کمربندے	5
پرستشا	5
نابودێن	5
پَریسیے	5
کلیت	5
پَریسیا	5
پرزۆنگئے	5
پدّرَ	5
کنگِش	5
هَرے	5
پدرد	5
هرانی	5
هِرس	5
پَدَرْد	5
کُلئوئے	5
پُگ	5
کِشنت	5
پُشتپد	5
کَشّتنت	5
پَلگارێن	5
کِشتگێن	5
کشّتنت	5
کُشنتی	5
هُداوندئیگی	5
کَلَم	5
پرێبا	5
هُداوندئیگ	5
ناتوان	5
پَسّئوِش	5
کُشێن	5
همانگُر	5
مُلکِش	5
اِشکتگ‌اَنت	5
اِشکتگ‌اَت	5
اِشکنگ	5
اِلهاما	5
اَکس	5
اِشکنئے	5
مَتّائے	5
یکدل	5
اَڑا	5
مردِش	5
اَزگار	5
ملار	5
مجنت	5
مَڈّی	5
مَلنڈ	5
ممَنّنت	5
لێکیت	5
انگورانی	5
اِهتیاری	5
لۆت	5
مَنّان	5
اێردستَ	5
هئیراتے	5
مالان	5
اِمتهان	5
اَمبارَ	5
اَناگتێن	5
انسانانی	5
اِنساپئے	5
ماڑیان	5
مَکر	5
آسیایا	5
مِسالان	5
یَکسَد	5
آهِرزمانا	5
مریدانا	5
مریدئے	5
مِسالانی	5
آدِلێن	5
مُشتنت	5
قیام	5
مسترێنے	5
آزاران	5
آرگئے	5
مستری	5
مرئوێت	5
مَکْدونیَها	5
مردێنا	5
یوشَه	5
اِجازت	5
اِراده	5
اَرّابه	5
اِجازتی	5
مرسیت	5
مَرکاس	5
مکنێن	5
مرۆچیگا	5
اَپسرے	5
مَکْدونیَه	5
یونانیان	5
یونانیانی	5
بُرزادی	5
برزادا	5
بُرجئے	5
همُک	5
همرنگ	5
برسێننت	5
همِشیئے	5
بُرج	5
بدیے	5
گوَشتنتی	5
هَنّانیایا	5
هُمیرا	5
بَرتولوما	5
بُرّت	5
مۆجزهانی	5
بَرهَکّ	5
مئوارت	5
بشۆدێت	5
بسَّ	5
گِندُک	5
بکُشێت	5
هماییئیگ	5
گناهِش	5
بسگّێت	5
بزورنت	5
گنۆکے	5
گواتی	5
بزورێن	5
گندهێن	5
همدل	5
بَست	5
هۆنانی	5
مَنّگ	5
لٹّ	5
بازێنێئے	5
بانداتیگێن	5
لاپ‌پُرّ	5
لاٹری	5
اینیاس	5
هیرودی	5
لنکُکا	5
لَنگا	5
اۆشتاتگئے	5
لَرزگا	5
هئوارَ	5
هئوران	5
باهێنگ	5
بچارنت	5
گۆکان	5
مودانی	5
بچکی	5
مولّ	5
بچّێنگ	5
بچکێئے	5
هنۆش	5
گێتکنت	5
ببندنت	5
بباهێنیت	5
بپۆشێن	5
هورتَ	5
بتُرسێت	5
بتچنت	5
سورَ	5
دایما	5
جَزیرهئے	5
ندارگئے	5
سورا	5
واد	5
جتِش	5
سِنگسارَ	5
ورنایا	5
شُگری	5
نداشتگ	5
واجهانی	5
جَلیل	5
شَشا	5
جلشکگ	5
سۆجانی	5
وراکێئے	5
سۆتک	5
دامِش	5
شکایت	5
شِکل	5
ورگَ	5
داسا	5
شکارے	5
دردناکێن	5
ٹێلکاهئے	5
شئوک	5
جاڑێن	5
شۆرش	5
دُردانگ	5
نئینَوائے	5
دروازگی	5
وشنام	5
وشّ‌آتکا	5
درک	5
نانے	5
جاهی	5
جانور	5
جانُن	5
دراجیا	5
جُبّه	5
جاورانی	5
سَنٹ	5
جاگهێئے	5
شۆدیت	5
نباید	5
جاندرا	5
جامے	5
جمبرا	5
وَپْک	5
چئولانی	5
چاردیوال	5
چۆرئوانی	5
چۆنێنے	5
چاک	5
سَهت	5
جهنّم	5
نجومیان	5
چاپلوسی	5
جێڑگا	5
شائرے	5
سیاسی	5
چُنڈان	5
سَهْیونئے	5
چمّگا	5
چَکّاسان	5
سیاهگَ	5
وامان	5
وپادارێن	5
چۆٹێن	5
وامانَ	5
نبیسیت	5
چِتگ	5
ودیَ	5
جِندئے	5
شرپدارَ	5
داتِش	5
جنۆزامانی	5
شرپا	5
داتنتی	5
جُمَهئے	5
سۆجے	5
شَرتبندی	5
جنانا	5
جِنّانَ	5
جُهدِش	5
جئوهر	5
وجدان	5
سئوگندَ	5
جُهلترێن	5
چیلّێا	5
سئودا	5
چێری	5
جنۆکێن	5
سئوداگرانی	5
سئوداگر	5
جۆڑێنتگ	5
سگّگ	5
کبرانی	5
تَک	5
تِسالونیکیئے	5
نِزۆرێن	5
تَگار	5
هاکان	5
سرڈگاران	5
سرچمّگ	5
کُپّ	5
سَرُک	5
نزّیکی	5
دمانے	5
دِلتْرَکّ	5
تُنّیگَ	5
دلرنج	5
تورگ	5
کانون	5
کانونا	5
وظیفه	5
تماشا	5
هارا	5
سَرگوَست	5
سُرگا	5
دلگۆشَ	5
تاما	5
تالانتی	5
نشانیانی	5
نشانیا	5
هامۆش	5
تَبَکێئے	5
سجّهێنی	5
کُچکانی	5
هبرش	5
نشانیئے	5
کُٹُم	5
تاکی	5
تُرستی	5
کَپَر	5
نسلئے	5
دَوا	5
تَرّگا	5
هاکئے	5
سرپۆش	5
نیمّۆنے	5
تِپاک	5
تَرّان	5
تچگ	5
نێٹ	5
کامپۆل	5
تهرێن	5
وَنڈال	5
کارندهان	5
تهارترێن	5
نئیاتک	5
کاسِدِش	5
سکّیان	5
سکّیئے	5
نئیارنت	5
دژمنیَ	5
تئیابئے	5
تیموتاووسا	5
تئوراتا	5
کاگدانی	5
تئیارێن	5
مسالے	4
مبندیت	4
گیشّێنتگ‌اَنت	4
سُهبت	4
گیتّۆ	4
مۆجزها	4
زَرّانی	4
زات	4
مستاگے	4
سیلوهائے	4
گێشا	4
سئوگاتے	4
مُشیت	4
گێگێن	4
منیگا	4
مدئینت	4
سَنایا	4
مبکشێت	4
مۆجزهے	4
مُزّئے	4
مۆردانگ	4
سرپراز	4
نرم‌دل	4
مِلک	4
مَسیهیانی	4
زَرتورَگ	4
مگوَشنت	4
گۆج	4
رێسنت	4
مُش	4
موسّایی	4
مشتری	4
مترّنت	4
گوَشتن	4
مستریَ	4
سپرے	4
سِهر	4
مدنت	4
سَبکان	4
سَلاها	4
نشُت	4
مَدَگ	4
مِلکتا	4
نرَست	4
مبێن	4
ماهیگے	4
نزانتِش	4
لِلّێن	4
سِندگ	4
لَنکُکا	4
مرکَ	4
نِدارگ	4
سزائے	4
لشکرا	4
سۆتکنت	4
سپاهیگے	4
لگن	4
سرکچ	4
سنگتی	4
سَنگت	4
زاهری	4
سِنگێن	4
زانتُن	4
مارگ	4
نزۆرێن	4
لوکائے	4
مالٹائے	4
سرگردانَ	4
سندوک	4
لۆٹتگێن	4
مالیاتئے	4
سۆریے	4
ماهَلّه	4
مَکَن	4
منندجاه	4
مڑاه	4
گْواتے	4
زانتَ	4
منّیت	4
مَنَه	4
گْوانک	4
سگّت	4
منّگ	4
سَرِشت	4
سرِش	4
مالیاتگیران	4
مِرَگی	4
سۆچُکی	4
سَکّی	4
لبزا	4
مرتگ‌اَنت	4
مالیاتگیرے	4
منّگا	4
مریدِش	4
سێرلاپ	4
کُمکَ	4
سالۆنکئے	4
کارش	4
کَمرا	4
مئےشمئے	4
کناێنتگ‌اَت	4
کنانَ	4
کَمُّک	4
کاردار	4
کُمکّا	4
کلّگان	4
کُشئے	4
زهرناکی	4
زَهریچک	4
کَشّگئے	4
ناباورانی	4
کارمَستر	4
کلیتدارا	4
کارێئے	4
کاسِدی	4
کۆپگان	4
شئورَ	4
کوچه	4
شهری	4
مئیاری	4
شوانگ	4
شۆدگ	4
کۆدکانی	4
مێنَ	4
شۆرێنیت	4
کُنٹگان	4
کنتی	4
کاپارانی	4
کاپَر	4
کناێنگا	4
شَهم	4
مئیارێت	4
کِنزت	4
مئیاینت	4
مئیدان	4
کپن	4
کُرش	4
کِردان	4
زی	4
نکِشتگێنَ	4
کُرنیلیوسئے	4
کُرنیلیوسا	4
نادْراهِش	4
کُرّگئے	4
کُرّگێن	4
کَرارئے	4
کَرّ	4
ناسرپدێن	4
کجامیا	4
کدۆه	4
کُپّی	4
کرتگ‌اَتی	4
نکرزان	4
ژامبلێنت	4
کُربانجاه	4
کَباهے	4
کبران	4
کَسّێا	4
کبرستانے	4
کبرِش	4
کُشگی	4
کایِنئے	4
زَهریچکئے	4
کَشّکان	4
ناجۆڑیانی	4
کَپ	4
کِرّئے	4
نادێنیت	4
کرۆس‌بانگا	4
نکنگ	4
کستر	4
کَست	4
کَسانیئے	4
نالَت	4
نکنگئے	4
نبارت	4
سباهئے	4
شُبێنے	4
مئوجانی	4
شپانکَ	4
گُمانِش	4
زِکّان	4
گَنده	4
مۆهێئے	4
مۆهے	4
گندمی	4
شتگان	4
گلّێنتنت	4
گِلگ	4
مهربانێن	4
گُلامانی	4
گُمانا	4
شتگ‌اَنت	4
گمانا	4
گمانَ	4
ساهِل	4
گوَربام	4
نبیێا	4
گوَرانڈا	4
سبزگێن	4
زَرّے	4
سئیێنان	4
نِپادان	4
سْتادیُس	4
سْیَه‌گَرّ	4
سْیَه‌مارزادگان	4
گواتَ	4
مۆلدێا	4
سبزَ	4
گِندێن	4
گِندێت	4
گواهیئے	4
گواهیان	4
مۆلدان	4
گوازێننت	4
گواتێا	4
نکپنت	4
نبشتگ‌اَنت	4
میراسئے	4
میلادیا	4
کێنگ	4
گِپتگ	4
گُبّ	4
میتر	4
نگنانی	4
گامی	4
شمُشتگ	4
کئومێا	4
نبشتانک	4
کئولے	4
نگرئے	4
شمالا	4
مێتگان	4
شمبِه	4
زندگیَ	4
شَمبِهئے	4
زِمّهواری	4
گَرَز	4
شَرّیا	4
شریتئے	4
گردا	4
نبوتگێن	4
شُدیگ	4
شرابِش	4
مَهسوس	4
گرۆکئے	4
شُشتگ‌اَنت	4
گَت	4
سانگا	4
میانا	4
گپتگان	4
گردَ	4
گرانترێن	4
مهمانجاها	4
مهمانجاهئے	4
گُڈی	4
رێچنت	4
باگ	4
باگی	4
چیزُّن	4
واکئے	4
باسکان	4
بازارے	4
داتگی	4
دابێن	4
وارسانی	4
چهرگ	4
چمّگے	4
چمّگ	4
باورے	4
چَمدیستێن	4
چنڈ	4
چَهر	4
وامَ	4
چۆٹ	4
باورش	4
وادی	4
واترّ	4
درانڈێهیا	4
هۆنیگے	4
واترَّ	4
دراهی	4
اینکدر	4
وابێنگ	4
دَرپ	4
دربێشێن	4
درامدێن	4
دامے	4
دامن	4
دارگئے	4
بازارانی	4
وادۆک	4
باجَ	4
بادشاهێن	4
بارَ	4
دانَگ	4
جۆنَ	4
جۆڑێنۆک	4
جۆڑێنگئے	4
هموان	4
هُمیرئے	4
جهمنندان	4
وتیگَ	4
بَدواه	4
بدواهی	4
جۆڑێنتگ‌اَت	4
براتِش	4
براتێا	4
همکاسگ	4
بَرانی	4
بَرا	4
جۆڑێنان	4
ودارَ	4
جۆپه	4
جوابے	4
بدارێن	4
هۆڈ	4
چُکّگا	4
چکّدر	4
چَکّاسئے	4
بپُتریت	4
ببَکشیت	4
ببَکشێت	4
ببندێن	4
هۆرا	4
چَکّاسیت	4
هنکێن	4
چارێت	4
بجنێن	4
چارراهانی	4
چپّیگ	4
چَکّاسگ	4
چِراگئے	4
چراگئے	4
هَنکێنا	4
دردَ	4
یاتمانا	4
دَهل	4
دِهکانے	4
نیامتان	4
اِلهامے	4
دێریگێن	4
دیوانجاهے	4
دیوالے	4
یازده	4
دِهکان	4
نیکودیموس	4
هئیزران	4
اِنتی	4
دوازدها	4
اَمبارا	4
دۆستیَ	4
دۆسترَ	4
نیبگے	4
دوێنی	4
دێرێن	4
دْرۆشمئے	4
اِشتگ	4
اِشتنت	4
اَشرپی	4
اِشتاپیا	4
اِسْکَریوتیئے	4
نئورنت	4
دْوااِش	4
دْرَهباتَ	4
دْرچکان	4
دئینتی	4
اَگْریپاسا	4
دێمدرا	4
دێمپانی	4
اَکْویلا	4
دْرپشناکی	4
اِشکرانی	4
اَکایَهئے	4
دئیۆکے	4
دِرّیت	4
نئیارێت	4
درهبکشی	4
درهبات	4
هیرودیائے	4
اێمن	4
اُستادئے	4
اُشترا	4
اُگده	4
درۆهۆک	4
درُشنت	4
دَرشان	4
درُستیگێن	4
ایمانۆ	4
اۆشتگئے	4
اۆپارے	4
اۆشتاتگ‌	4
درۆگا	4
هیران	4
دِشتار	4
دَمگ	4
اِنکارئے	4
اَنگتَ	4
دِلئے	4
دَمگانی	4
اندێشگ	4
دَنتان	4
دمگئے	4
انسانان	4
دَلیلان	4
دِلتَپَرکَه	4
دلانَ	4
اێرِش	4
دگرا	4
اِهوتے	4
نێکیے	4
نێکیَ	4
ائولیَ	4
دلسِتکی	4
پولُسی	4
بیریَهئے	4
هستۆمندێن	4
پِنْتیکاسْتئے	4
هچکَسَ	4
پۆشاکِش	4
پۆشاکانی	4
پۆشاکَ	4
پۆستێن	4
پِنڈگا	4
بێسار	4
بێگانگ	4
هُدابُندئے	4
بێمئیارَ	4
پنجاها	4
بێرئے	4
پَند	4
پنچسد	4
پنجگانی	4
هُجّ	4
پێسریگێنا	4
بۆشتنت	4
هَپت	4
بُه	4
بوتێنئے	4
بوتنا	4
پئیسها	4
پێلگ	4
پێشیگێن	4
بَها	4
پهرێزکارئے	4
پئوجیان	4
بیایات	4
پۆه	4
بَهرا	4
پیلیپیئے	4
بهایا	4
بهایی	4
بَهتاورَ	4
پُرمِهرێن	4
پرمانبرداری	4
پانگ	4
پُرسیگَ	4
پاشکَ	4
پرێشتگَ	4
پرێشانیان	4
پرۆشێت	4
پرۆشنت	4
پتان	4
پَٹّئے	4
پچلی	4
پجّارگ	4
پجّارگا	4
پٹّ	4
پُرسَ	4
پرده	4
پُترتنت	4
پِتنه	4
پرێشتگی	4
پَگّاه	4
بےکار	4
بےکارێن	4
بےکِساسێن	4
پَلّ	4
پلیتَ	4
پُلّی	4
هُدادۆستیا	4
هُدادۆستێن	4
پشۆمانَ	4
پِستوس	4
بےهُمیرێن	4
هُداوندُن	4
پادِش	4
بےهساب	4
هژده	4
هُدائیگا	4
پُشتپَد	4
پِسَه	4
پئیوست	4
بزّگَ	4
ٹۆلیئے	4
ٹُکّرَ	4
ٹکّرَ	4
ٹێلئے	4
جاگهانی	4
جاڑۆ	4
بُرّیت	4
برئے	4
ٹپّیگێن	4
بکُش	4
وَشدل	4
بکشگا	4
بَکشگا	4
بکپان	4
همدست	4
بسگّان	4
همدَروَر	4
ٹالان	4
بَروَرد	4
جُلْجُتا	4
برسێنێت	4
جَلاوتن	4
جَل	4
برسنت	4
جَنَگ	4
جِندا	4
جناێنگ	4
جَمْبَر	4
جُگا	4
برَکّێنان	4
جبینا	4
جاوَر	4
جانوَرانی	4
جرّے	4
جُگ	4
جسمانی	4
جُستان	4
همسِتک	4
تُرسناک	4
تُرسِش	4
بَنّامی	4
بنبیسان	4
هُکّه	4
هاکمان	4
تَرّێنیت	4
بِلّیت	4
بمرێن	4
بُنجاهی	4
بُنگێجی	4
تاجرانی	4
بُنیات	4
هبریَ	4
تاکید	4
بِنداتا	4
تِپاکی	4
بندیگَ	4
تالانتے	4
بلندێن	4
بکۆشارێننت	4
تَهتال	4
بگندێن	4
تۆکی	4
بکنێتی	4
وَنڈ	4
تُهما	4
تهریک	4
تَهتێئے	4
تۆک	4
بلاهان	4
هلاکَ	4
تلاک	4
تکرار	4
بگێجێت	4
تومایا	4
توانے	4
بگێجنت	4
هابیلئے	4
اَبر	4
رَکّێنگَ	4
اَتری	4
نلرزان	4
رَکّێنتنت	4
آهِرَتئے	4
استاران	4
اَرسان	4
نَنگر	4
اَپسرئے	4
نلۆٹێن	4
ڈۆلُکئے	4
رَهبندان	4
آسانێن	4
رئوگَ	4
اَسَریون	4
رَسگی	4
نَل	4
رسێننت	4
نمَنّئے	4
اسراییلیانی	4
راهێا	4
رۆزیگا	4
رهشۆنیا	4
یَهودیا	4
یونانا	4
آمیدگِس	4
اسپانی	4
رگ	4
اَبدَ	4
آرامیا	4
آدْریاتیکئے	4
رَکّێنۆکے	4
آهِریَ	4
اَزلا	4
رَدکاران	4
نِندا	4
نلۆٹتگ	4
اَپولُس	4
آورتگ‌اَنت	4
رَدکارا	4
آدِل	4
رَدیے	4
اَریماتیائے	4
یَسّیئے	4
رۆتان	4
نونَ	4
نگهپانیَ	4
رکّگا	4
روهَ	4
رَکّتگ	4
ننگ	4
ننگار	4
یوهَنّااِش	4
نمرنت	4
رێتکنت	4
آب	4
آسودگیَ	4
رۆنندئے	4
نورئے	4
ریشکندَ	4
یونِسئے	4
نند	4
نِند	4
رَمز	4
رمگے	4
رَکّگئے	4
ننگارئے	4
رَکّگا	4
رِدئے	4
شۆرشِش	3
شَهماتے	3
یَسّی	3
گَندلی	3
گندێن	3
همدَپ	3
آورتِش	3
شۆرشَ	3
بَرّی	3
مریدێا	3
ٹَپّ	3
نگنئے	3
شَهمات	3
شهرێئے	3
ٹالێئے	3
بساڑاینت	3
وَسّیگ	3
آورتگی	3
ٹێلِش	3
گنۆکئے	3
ٹئیکس	3
ٹوهێن	3
بزُرتێن	3
شئوری	3
ٹێکه	3
گِنیسارِتئے	3
بَزّگا	3
ٹۆلیے	3
ٹێکیان	3
ناهَکّێن	3
بَژناک	3
ٹُکّیت	3
گُنگێن	3
زلزله	3
جاریَ	3
بژن	3
بَزتر	3
بزّگێن	3
گنۆکێئے	3
گنۆکانی	3
شۆرێنت	3
وَس	3
شیرگئے	3
بگرئے	3
کاشکی	3
کاسِدئے	3
گلّێنیت	3
گلّێنت	3
زرّی	3
زَرّی	3
هَلوتا	3
مڑاها	3
تهترونا	3
مهتاج	3
بُکّگ	3
تَهر	3
کاسِدا	3
بَگ	3
تهاریے	3
مُهتاج	3
کاسدان	3
گلامانی	3
بگیشّێنیت	3
کاهدانێئے	3
بگیشّێننت	3
گُلامان	3
گُلامَ	3
هلوت	3
وئیلانکی	3
کاێن	3
بگوَشی	3
مهربانیا	3
مکُشنت	3
کاملێن	3
کانایا	3
گلامیا	3
گُلامێئے	3
مَڑاهدارێن	3
گُلامے	3
بکَشّێت	3
مئوَر	3
تْرانا	3
کاپارَ	3
بکرتێننت	3
رنجے	3
وشنۆد	3
کارچئے	3
بکشان	3
مئوَرنت	3
تْرواسا	3
شێرا	3
گندلان	3
گَندلان	3
مئوجان	3
همتئوار	3
تْرانیَ	3
بکپئے	3
گَندگی	3
گَمناک	3
رنگے	3
مه‌اۆشتێت	3
مه‌اۆشتیت	3
نامێنتنت	3
گُمراهیا	3
گمراهێن	3
بَکشۆکێن	3
وَنڈا	3
بَکشتگ‌اَنت	3
گناهانَ	3
گناهێئے	3
بکُشان	3
آماچَ	3
تیموتاووسئے	3
وشّیان	3
تیوپیلُس	3
وشواهگی	3
شدیگَ	3
جولیوس	3
مۆجزهان	3
یوهَنّایی	3
جِنّئے	3
زمین‌چَنڈَ	3
شدیگێن	3
زمین‌چَنڈے	3
گوَشتگ‌اَتِش	3
جۆڑێنگا	3
نندگِش	3
شتگ‌اتنت	3
زمینّئے	3
بُڈّگ	3
رَکّێنان	3
شتگئے	3
جۆڑێنتی	3
رَکّێنۆکئے	3
جندئیگ	3
جُنزگ	3
همکارێن	3
جنجالَ	3
جنجالے	3
نبوتان	3
جِنجشکان	3
گوستگ‌اَت	3
جنۆزامی	3
جنۆکانی	3
جنی	3
یوییل	3
زمیر	3
اَبَد	3
جنَگی	3
براتئیگَ	3
گوَشتگِش	3
چارگی	3
وپتگێن	3
زندانا	3
زندِش	3
نبیسگئے	3
شاه	3
بُجیت	3
گۆشِش	3
بٹُکّێت	3
وپادارَ	3
شادهیے	3
شادهیان	3
چِراگجاهئے	3
زندکا	3
بٹاکَ	3
چِتگێن	3
بُتێن	3
بدواهیا	3
مُرگا	3
جُهدی	3
هَنّا	3
وجود	3
رکّیت	3
بدیستێن	3
بدیان	3
جهلادَ	3
وَت	3
گونڈێن	3
چادرِش	3
بچَنڈێت	3
مِرگا	3
جَهلگا	3
وتگَرَزی	3
جێڑگ	3
گواشئے	3
برگی	3
جُتک	3
جُتکا	3
شمونئے	3
آهِرَت	3
جانی	3
گوازێنێن	3
برَکّێنێت	3
ورگی	3
ورگِش	3
برکّێنان	3
گوَپتگێن	3
زمانت	3
رُمبێنت	3
جُزام	3
گواهیے	3
شومّان	3
جامگا	3
شِنِکے	3
شِنز	3
شۆدئے	3
جاگَها	3
برهکّ	3
ورێن	3
جامگے	3
برۆدێنیت	3
گوازێنتگ‌اَت	3
بَروَردَ	3
جانشۆان	3
جامگئے	3
بَرۆنکی	3
جاندَر	3
بُرّۆک	3
گوَپنت	3
برُدنت	3
شروهات	3
جناێنتگ	3
همکارانی	3
جُمپا	3
شریکدارێن	3
گوَرم	3
بُرزادا	3
زِمّهوار	3
گوَزگ	3
جِنتری	3
بُرتنت	3
گوَزگئے	3
شَرمناکێن	3
شَرم	3
برتی	3
شَرکِردیا	3
آییئیگ	3
بَرِش	3
جلاجۆش	3
جِلد	3
جُستئے	3
جَسَد	3
همسِتکی	3
شکارَ	3
آییئیگا	3
برزترێن	3
گوَرباما	3
گوَرت	3
شَریَتَ	3
جُلگُمێنگ	3
جُلگُمێنگَ	3
جَلیلیے	3
نبشتهان	3
ناجۆڑیے	3
بےاندازه	3
هسابدارا	3
بےاِزّتی	3
هُدادۆست	3
بےایمان	3
آرتِمیس	3
آرتِمیسئے	3
هُدادۆستی	3
پلّێس	3
بێمئیاری	3
پلێنڈ	3
کِشارانی	3
پلیتّێن	3
کَشّتگ	3
کُشتش	3
رَهسران	3
پلیتّ	3
کشیت	3
کُشۆکێن	3
پَشتَ	3
آدێنکئے	3
کِشیت	3
آچار	3
کَشّێت	3
مَشکا	3
پسُند	3
کئوشبندانی	3
بےسار	3
پِگرَ	3
آرتا	3
کِشگَ	3
زانتکارێن	3
پشۆمانیا	3
کئودا	3
کِشَگ	3
کسانُکێنان	3
پوسّگا	3
کئیسرئیگا	3
هچکَسِش	3
هستۆمندیئے	3
میلیتوسئے	3
بیمّے	3
هدااِش	3
میکا	3
زایگئے	3
نمرتگ	3
کرۆجنت	3
کْریتئے	3
نَمب	3
کئیلا	3
کِرّێا	3
نادێنگ	3
هجالت	3
هست‌اَتی	3
هست‌اِنتی	3
هُدابُندی	3
هُدابُندان	3
کشّ	3
پُلّے	3
کشارا	3
هُداتُرسان	3
رَهزنے	3
مستاگَ	3
پندل	3
آزاتیا	3
رهبندئے	3
هُدابُندَ	3
کیمت	3
بێزاری	3
رَهداریا	3
کَسترێنا	3
کمّیے	3
مئیگی	3
کُمکے	3
پُترێن	3
مئیارنامگے	3
پَدَگ	3
پُرارزش	3
هُرد	3
پتک	3
پتاتگێن	3
مئیارَ	3
هَزانگا	3
پالئے	3
کورَها	3
پردها	3
پَرزۆنگئے	3
پرستشگاهان	3
پرستشگاهے	3
پَجّاهِش	3
هُرم	3
پَجّارۆکی	3
پَجّارۆک	3
مئیارئے	3
کنزت	3
کُنڈێا	3
هِرمِس	3
کِنزنت	3
هرکت	3
پِتْرائے	3
پَدّری	3
پُتێنک	3
پُٹان	3
پَجّاهیَ	3
رێدگ	3
فِترت	3
هَرْدَل	3
کلّگے	3
پُرّێن	3
کلّگ	3
پادانَ	3
کلم	3
ناپرمانیا	3
کۆرَهئے	3
رُهێزگ	3
آتکئے	3
کلاتئے	3
پِرّێنیت	3
بئیت‌اَنیا	3
کَلّا	3
کۆشِش	3
ناتِپاک	3
پادِ	3
کۆشارێنت	3
کۆشارێننت	3
مَشرِک	3
ناباور	3
پاکوَنڈێن	3
پاکشۆدیئے	3
پاکیزگیئے	3
ناآرام	3
پاکێنا	3
کمال	3
پرُشگ	3
پارِس	3
کُلئوی	3
پارٹیێئے	3
کلئوا	3
کۆرانی	3
زاریے	3
هُدۆناکی	3
پرۆشگا	3
کۆرا	3
نادْراها	3
تَدّا	3
نمَنّگ	3
ناشَرێن	3
بنبیسیت	3
کپگی	3
ناشَری	3
بندانی	3
رۆد	3
تچکی	3
هکومتێئے	3
گُروناک	3
هکومتے	3
گرۆکێئے	3
بنبیس	3
ناکار	3
مکر	3
کُپرَ	3
گرمی	3
کَٹّت	3
تالارا	3
مهمانا	3
مهمانَ	3
کَٹّتَ	3
کَٹی	3
رۆدێنیت	3
گراێنت	3
گراێنتگ	3
آشوریان	3
گُرکانی	3
کَپُنئے	3
بندن	3
بندنے	3
تاوانَ	3
تباهیا	3
یَهودایِ	3
تبعیض	3
گَرّئے	3
روهێئے	3
هلاک	3
آکوبِ	3
نالتے	3
زرتگ‌اَت	3
مزانێت	3
هاکمَ	3
کبرستان	3
مُهرتر	3
مزّ	3
تمه	3
هَلک	3
کَباهی	3
تلاک‌نامَهے	3
تلاکان	3
گِسَر	3
تَلاوگا	3
تُرکیَهئے	3
کپانا	3
کپات	3
ترُندێن	3
نالاهکێن	3
آشورئے	3
مکرتێننت	3
رۆٹکّ	3
گَرّی	3
کبیلهان	3
کبیلها	3
آشۆپا	3
کَبرے	3
بمُشنت	3
زرتَ	3
کِبْرِسا	3
هَکّێن	3
کبیلهئے	3
بهادُرّی	3
پینگَ	3
زبانے	3
پێرۆزی	3
رئواج	3
بُهتامَ	3
کرد	3
بهاییَ	3
پیلسوپان	3
هُشکیئے	3
بوچّ	3
پێشگۆییَ	3
آسودگێن	3
بۆجگا	3
هشدار	3
بۆجگئے	3
نمنّان	3
گپتێن	3
کُرّگِش	3
گالا	3
کُرّگ	3
کُرشی	3
نادْراهیان	3
آسمانَ	3
پهلوگا	3
گارێنانی	3
بَهتاوری	3
گایوس	3
بُهتامے	3
هپتگێا	3
هَشت	3
بُهتامئے	3
پهنات	3
پیالهئے	3
کِردئے	3
گاما	3
کَدر	3
کدر	3
آشُپێنگ	3
تاچێنتنت	3
کُدرتے	3
گُڈّگ	3
نازرکێن	3
هَکدیوانانَ	3
بنیادا	3
گَرّان	3
بِنند	3
گرانتر	3
رۆزیگ	3
تاکَ	3
گِراسیانی	3
نازێنیت	3
بنندنت	3
بنندارێنێت	3
گَداریانی	3
پئیادکا	3
گُدان	3
نگوَشتی	3
بوتێننت	3
پێشوایی	3
هبکّه	3
رۆگنی	3
بوتێنێت	3
پئیگمبرێا	3
گُدێئے	3
پئیگمبرێئے	3
پئیمانکاری	3
نازانتی	3
آسێن	3
مهمانیان	3
بوتگ‌	3
هکدار	3
دپَ	3
داوودِ	3
دژمان	3
مُلکے	3
سوچنئے	3
دَپ‌جاک	3
نداشتگ‌اَنت	3
سواس	3
لَبزی	3
سواسان	3
لِبزی	3
نۆشێت	3
سوریَها	3
دامئے	3
سادان	3
دُژمنان	3
لۆٹتگ‌اَت	3
مارِت	3
ماهیگانی	3
اَندۆهان	3
مردمانیگ	3
ماهیگِش	3
دانان	3
مُنشیا	3
زۆرانسریَ	3
اِسپێت‌پۆشێن	3
یاسون	3
اِنجیر	3
باتِن	3
دُزّێن	3
مَگرِب	3
هیرودیایا	3
باپاری	3
دیوانجاها	3
دُزّیا	3
دراجَ	3
لَٹّان	3
رَستگ‌اتنت	3
نرئوان	3
لِپتُن	3
اِسپێتێن	3
لۆٹتش	3
اَلّمَ	3
سَپَرا	3
اِنجیلا	3
سنگین	3
لَٹّے	3
نێزگارانی	3
نۆشانی	3
زورێت	3
داتش	3
رستێن	3
سُبکتر	3
مبان	3
نُها	3
زِووس	3
سۆچنت	3
سۆچۆکێن	3
مُلکی	3
لالِچ	3
دفاع	3
چێرگێجان	3
دَستی	3
وارنینگ	3
باسکا	3
دستبندیَ	3
اێمنیَ	3
لالچا	3
نداتگ‌اَت	3
سَرچمّگ	3
سۆچگا	3
سِزایا	3
اُردو	3
استادانی	3
سۆبے	3
اُتاگ	3
دارێئے	3
نرئونت	3
دنتی	3
ماهیگیریا	3
لاویا	3
بارگاه	3
لاهکی	3
سۆجان	3
اِکُنیَهئے	3
بارے	3
دادگرئے	3
اِجارئے	3
سُبکّێن	3
ائیب	3
سَپا	3
اَگلمند	3
نئیاتکگ‌اَت	3
استادے	3
لگتَ	3
دۆزها	3
دۆستا	3
نیکودیموسا	3
سَمات	3
سلامَتی	3
سِلاه	3
اِلیزابِتا	3
اۆشتێت	3
زێور	3
سلامتێن	3
اُمێتی	3
دَریگئے	3
ندیستی	3
اُمێتَ	3
ایلام	3
رَبّی	3
لکّانی	3
دورتر	3
نیامی	3
دئوریَ	3
رَدیان	3
سُچگا	3
سَربَتَگ	3
لَمبی	3
لَمبان	3
نورے	3
دوریا	3
سَلاهئے	3
سَرّاپانی	3
مالواریا	3
نکێنکێن	3
اۆپارئے	3
اۆژناگ	3
درۆگے	3
لِلّک	3
مالیاتگیرئے	3
لِلّ	3
درونّا	3
اۆشتارێنتی	3
منتگ‌اَت	3
سِلاهبند	3
سَلاهِش	3
سلیبا	3
اَزابان	3
درۆت	3
منتگێت	3
واپس	3
سِنگ‌مَرمَرێن	3
دزّ	3
ندیستِش	3
دینارئے	3
دربێش	3
اییدَ	3
زۆری	3
زۆرمندترێن	3
زَهمَ	3
نۆشگی	3
مردم‌شماری	3
دُزّبازارے	3
زۆربُرد	3
مانێن	3
رُدۆمَ	3
دِرّان	3
نَنگرِش	3
دیوالێئے	3
دیوانان	3
ننۆشان	3
دُزّان	3
لَرزت	3
نُنُّکانی	3
ملگّیت	3
درستیگێن	3
سنایا	3
دِرْبِهئے	3
درسَ	3
اَدّیرهَ	3
هئوارێن	3
لِسْتْرَها	3
سَگّگا	3
مگرێوێت	3
لولُک	3
لِسْتْرَه	3
سَگّتگ	3
مانگی	3
مَلگۆران	3
مانمئیاتک	3
رَستِش	3
نَشُت	3
رُژنے	3
رَسِت	3
وابێا	3
درچکان	3
سُنّتَ	3
بپرۆشنت	3
وانگَ	3
نِپادئے	3
هئیراتیێن	3
مَنِّتَ	3
گیمُّرگ	3
نئوَشّ	3
رسێنیت	3
چِلّگَ	3
چِلّگ	3
ساهَ	3
گیشّێنگَ	3
اَنّوگێن	3
سئیمیا	3
سرگوَستان	3
دْرهبکشیَ	3
سرگوَستِش	3
دْرهبکشیا	3
چَگل	3
بپرۆشیت	3
دلجمێن	3
سرگوَستئے	3
ببُرّیت	3
مترّیت	3
نکرتگێن	3
نپَسگیر	3
گێجێت	3
ببران	3
مُردارێن	3
نُکّا	3
زنگ	3
زَنک	3
ڈۆلکا	3
دْرۆهۆک	3
سَرمچارێن	3
زِندمانا	3
ڈۆل	3
زِندمانَ	3
زِندی	3
ببرێن	3
نزوران	3
دُمکا	3
سرمچارئے	3
ببَکشی	3
نبئیگ	3
دَلوت	3
بتَرّێنیت	3
مگوَش	3
وانئے	3
مُچّی‌ای	3
اِپراییم	3
سْیَه‌گَرّا	3
بترێنیت	3
سْیَه‌گَرّئے	3
گیابانانَ	3
ڈۆکێا	3
چَرگا	3
رَکّت	3
نکرتگ‌اَنت	3
سَرکش	3
سرکش	3
مچّیئے	3
زندگا	3
شادکامی	3
نئوارتگ‌اَت	3
ائولاد	3
ساکن	3
نئوَران	3
مَچّانی	3
ڈُبَّها	3
هئیراتان	3
اِسْکَنْدَر	3
هوکّ	3
گیشّێنتگ	3
سرزۆر	3
اهتیارے	3
لێکَگ	3
لیترا	3
سالێا	3
هئیراتَ	3
بتَرّێن	3
رکّت	3
ممانیت	3
سْراچگ	3
اپسرا	3
اِهتبار	3
مگوَشیت	3
نئوارتگ	3
چِهرگا	3
ردَ	3
چِهرگ	3
دِلبڈّیا	3
نگرهێن	3
چِهرگئے	3
سرهالئے	3
اَریسْتَرکاس	3
بانداتا	3
اِنشپی	3
یوشَهئے	3
چئولی	3
رسێنتی	3
دِلبڈّیے	3
بانزُلانی	3
چورگ	3
سرۆکے	3
دمگان	3
نُگرهێن	3
چئوَٹ	3
هۆشمندێن	3
نجننت	3
مَنّۆگران	3
باگپانانَ	3
باگپانئے	3
اِشکنگَ	3
ساڑایان	3
چێراَندری	3
دَمْک	3
زیان	3
رَسێت	3
یاگیَ	3
لۆٹۆکێن	3
مِلکتے	3
مادرزادێن	3
نجومیانی	3
نه‌اِشکتگ	3
هیلّتے	3
دَگا	3
سئوگات	3
اِشکُتی	3
زیارتجاهئے	3
اێرَهتی	3
دُکّانان	3
گْرێتی	3
لۆگواجه	3
دلپرۆش	3
اَشرپیا	3
بانۆرئے	3
چَنڈتنت	3
دَمَگا	3
اێرانی	3
یونانیے	3
باورمندے	3
چَنڈگا	3
زیادهێن	3
نَتْناییلا	3
اِشتگ‌اَنت	3
نشَهارت	3
دْرِکّے	3
نَتُرسی	3
رِچنت	3
مَنّێت	3
اِشتی	3
چمّێا	3
نتُرسیت	3
چَنڈت	3
نَتْناییل	3
بۆجیگِش	2
آسودگیئے	2
اَریوپاگوسئے	2
اَندێمێن	2
ماتارا	2
بَهتاورے	2
مزورێت	2
مگربئے	2
بُهتِنَسْرا	2
اَمیناداب	2
بواننت	2
ماران	2
لیکاوونیَهئے	2
میسّێنتی	2
انجیرئے	2
اَنْدْریاسئے	2
کئینان	2
یکراه	2
انجیر	2
کئینانِ	2
هُشکا	2
گُدِش	2
بوتگ‌ات	2
مارانی	2
اَرَم	2
مالانی	2
هِسْرون	2
هِسْرونِ	2
آسنی	2
اَنگرێزی	2
میراسے	2
اَرَمِ	2
اَنْتاکیَه	2
هئیزرانَ	2
مزنێنانی	2
بۆگے	2
بۆشتیت	2
گپتگ‌اتنت	2
اندۆهانی	2
مهمانیَ	2
بۆَ	2
میاینت	2
مُرتگ‌اَنت	2
بوَرئے	2
اَمینادابِ	2
اَرواهانی	2
هئیرت	2
آسِش	2
گِدان	2
ماد	2
بیائے	2
کْریتا	2
اَرواهِش	2
میترئے	2
بیاجی	2
بِهِشتا	2
آسوسئے	2
گالوارا	2
گارت	2
مرتگێنانی	2
هئیزرانیَ	2
لێٹَ	2
لێٹێنگ	2
هِزمتِش	2
پاسان	2
مَسیهَ	2
پاکَ	2
مێه‌کُٹّ	2
یایْروسی	2
کۆرَ	2
مَتّاتیا	2
مسیه	2
مَتّاتیایِ	2
کۆتکگێن	2
پاکوَنڈ	2
اِشتگ‌اَت	2
مئیاتکێنان	2
کونزگان	2
مێهانی	2
پاکترێن	2
اشکتگ	2
پاکشۆدی‌ای	2
پاکشۆدیے	2
اِشکنگئے	2
کۆرێئے	2
اِشکتُن	2
ملَکُشیت	2
اِشکتگێن	2
اِکُنیَها	2
بئیت‌پاجی	2
استادئے	2
بْرَهدارَ	2
اِشئیایا	2
اِستارئے	2
یایْروس	2
پارس	2
مَتّات	2
مَتّاتِ	2
مپرۆش	2
کۆرێا	2
متّا	2
in	2
یایروس	2
پالَ	2
مَچکدگ	2
آپبندانی	2
مداتێننت	2
اِسْکَریوتیا	2
پَجّارا	2
مَسیهئیگی	2
پتۆ	2
پتێن	2
مچَکّاس	2
هَرْدَلئے	2
مَچِّت	2
مداتێن	2
مئیاریگی	2
پَجّارێنت	2
پجّارێنگا	2
یکتاێن	2
اِسْپنجے	2
مَچّئے	2
اَسَل	2
کِنزیت	2
کورُشئے	2
اِشارهَ	2
آپِش	2
خریدار	2
پتانی	2
مَلاکی	2
آپۆ	2
مُج	2
مئیارا	2
اِشارها	2
یکپئیما	2
مَجْدَلیَها	2
اِسْکَنْدَریَهئے	2
اِسْکَنْدَریَها	2
پتکگێن	2
کِنْکْریَهئے	2
مئیارباریئے	2
اِسْهاکی	2
اِسْهاکِ	2
مَسیهئیگ	2
کیمّتی	2
مُرادا	2
کیمّتا	2
آرۆکی	2
مگرێو	2
مُرادانی	2
مَگرور	2
بێزارَ	2
اِلیاکیم	2
یَهیایی	2
بێگواهی	2
اِلی	2
آرتئے	2
کَهۆل	2
بێمئیارا	2
مامانگ	2
مشۆدان	2
کیلیکیَه	2
یَهْوے	2
یارِد	2
هئیمَه	2
هئیّا	2
مالیاتگیرانی	2
آسان	2
مُرادیگ	2
مِسالا	2
مَلنڈِش	2
بیتینیَهئے	2
آسته	2
مِسالی	2
بیگانگێن	2
بیمار	2
اِلیاکیمِ	2
کێنگے	2
بێرگیری	2
بیگار	2
کئیسَریَه	2
بیگانگ	2
اِلیشا	2
مشۆدنت	2
اِلهامئے	2
مُلکێئے	2
مشمۆشێت	2
مُشگا	2
ماهیگیری	2
بےمئیار	2
اَگْریپاسئے	2
کئوشی	2
کئوشانی	2
آرامجاه	2
هژدهێن	2
مِسریے	2
بےهئیال	2
بئیانا	2
مبرێت	2
مگندیت	2
اَگلمندی	2
کۆهێا	2
کۆهستگانی	2
اَکْویلایا	2
بےوس	2
اِلویی	2
بێهُرمتیا	2
ماهَ	2
بے‌آرامی	2
بے‌اِزّت	2
کَهرَ	2
یازدهمی	2
بێمئیاریا	2
آرتێا	2
کَهتَ	2
ماهیگَ	2
بےپسّئو	2
بےتْرِکّ	2
بےزبانێن	2
اِلاجا	2
اسپیَ	2
اَلّمێن	2
ماهکانیَ	2
بےائیبێن	2
اِسپێتی	2
باکَسئے	2
باسکانی	2
همساهگئے	2
گواهی‌اِش	2
برَگ	2
گْوَست	2
گوَتر	2
گْوَم	2
باگپانا	2
باگپان	2
همساهگانَ	2
مِنندجاه	2
یوشائے	2
گوازێنتنت	2
گوازێنتگ‌اَنت	2
منند	2
بُرّنت	2
منندیت	2
گواشا	2
گواش	2
بِرنیکی	2
برسیتی	2
گْوازێنتگ	2
بانانی	2
برسئے	2
بالادستی	2
گْواتو	2
گوَرگانی	2
گوَرگان	2
بُرزترَ	2
گوَرانی	2
آییئیگَ	2
مرئونت	2
بالادا	2
گْوَزان	2
برَکّنت	2
اَتردانێئے	2
گوَرامبازی	2
گوَراگان	2
مَنَهَ	2
اَتردانێا	2
مرئوان	2
مکنات	2
لپاشنت	2
بادشاهێا	2
بادپان	2
بَژناکا	2
گواتِشَ	2
بادگیرئے	2
بَزّگَ	2
لبزِش	2
هۆنیگێن	2
باتێت	2
مۆهَ	2
مِنزلا	2
بشارتا	2
بِشکُتێن	2
باپاریێئے	2
مَنَسّی	2
گِندیت	2
یَسّیِ	2
بستگ‌اتنت	2
مریدیا	2
لانکیگا	2
هۆنڈ	2
آهِرت	2
همراهیئے	2
گواریت	2
لانکبندانی	2
باریگئے	2
اجازتی	2
گواز	2
بِرئوێت	2
گوارگا	2
هۆنیگانی	2
بارا	2
بُزان	2
اَجب	2
لَبزا	2
هۆنی	2
لاویانی	2
بارتیماووس	2
لاویِ	2
بُرّێت	2
برزاد	2
گوَنڈترێن	2
بداتێن	2
بتچیت	2
گونڈ	2
بِتچ	2
هنرمندان	2
هَوال	2
گوَهتگێن	2
بتچێت	2
بَچّئے	2
بتچ	2
بدرۆهیت	2
گوَشگئے	2
هولیگ	2
مۆتکَ	2
بدکاریا	2
بداشتێننت	2
بدتر	2
اَپسرێا	2
بدترَ	2
بدرنجنت	2
گِهتر	2
بُتک	2
بَتَلانی	2
گۆنگ	2
گَهِتگێن	2
بتکێنێت	2
هَنکێنان	2
گهارے	2
گهارزاتک	2
گهاران	2
هَنّوه	2
بَچّا	2
هَنشۆنے	2
مِرَگ	2
هَنشۆن	2
بچَکّاسێت	2
هنکێنا	2
بٹُکّیت	2
گۆکرت	2
بجَلّ	2
بجَلّیت	2
بُرّان	2
مۆردانگے	2
هۆشگِش	2
باورمندَ	2
برپئے	2
گوَسکی	2
براتێن	2
منّێن	2
بَران	2
باورۆ	2
برتگ‌اَنت	2
هۆشمندان	2
بانگَ	2
بانُکئے	2
اَترَ	2
مُرواردا	2
گێگَ	2
باوران	2
گْراک	2
گْراکانی	2
هۆشمند	2
گیشّێنیت	2
گیمّرتگ	2
گیمّریت	2
گوَشتگِت	2
گینسارتے	2
بدکاریان	2
بدکاریانی	2
همینچُکا	2
مۆتکئے	2
اِبرت	2
همۆدئے	2
ببَکشات	2
گێجنت	2
مۆجزهانَ	2
مَنّێنت	2
ببُرّێت	2
گوَشتگ‌اتی	2
هۆرے	2
اَپسرێئے	2
اِبرانیئے	2
گوشتِش	2
گَندُمئے	2
گُروناکێن	2
گُرور	2
اێمنێن	2
اێمِن	2
مردانی	2
بنادێنیت	2
اُزرے	2
گریبیا	2
اُرشَ	2
لۆٹتگ‌اتنت	2
اێریَ	2
بنداتی	2
اێرنندا	2
بندِش	2
اێرگواتا	2
لۆگ‌واجها	2
بُنپیرُکان	2
منّان	2
بِنداتَ	2
اێرَهتئے	2
گرَگا	2
مزاننت	2
اُگدَهدار	2
بلۆٹتێن	2
بلۆچانی	2
بَلیامئے	2
اُمێتوارَ	2
اُمێتِش	2
مُهرترَ	2
لوکیوس	2
گِستاه	2
بلّیت	2
گِرێت	2
اَرزُنێئے	2
اُستادان	2
گَرّیێئے	2
گرّیێئے	2
بِلّێتی	2
گرێوانَ	2
بمانئے	2
بمرنت	2
لۆٹاێنگ	2
اَرسے	2
لهم	2
مهماندارا	2
مهمانهانه	2
لیبیائے	2
گِرام	2
بنۆشێن	2
مهماندار	2
اِهتیاردارانی	2
لهتێنئے	2
بُنێن	2
لیتر	2
لیدیَهئے	2
بِنْیامینئے	2
اَرکِلاووس	2
گُدے	2
لیترئے	2
لیدیَه	2
لیدیَها	2
گُڈسری	2
یَهودیانَ	2
اێرش	2
بُنڈے	2
بُنرِدا	2
گراێننت	2
بُنگَ	2
بندنئے	2
گَردئے	2
گردئے	2
هُکمانَ	2
بندیگێن	2
آشتی	2
بُنمال	2
بُنمالا	2
هئیالداری‌ای	2
اِهتیارئے	2
بنندێت	2
اَیّوبئے	2
اَهمکێن	2
لۆنج	2
اَهمک	2
هَکّلان	2
لَنگے	2
یوانّا	2
مُردگے	2
مکنَ	2
بَکشگئے	2
بکُشنتی	2
بَکشت	2
بَکشتَ	2
بکشتگ	2
بَکشتنت	2
بکشگَ	2
گَموار	2
لَکّانی	2
گُمراهیئے	2
منّتوار	2
یَکوهد	2
هئوز	2
مَهارا	2
ایماندار	2
لکّ	2
گمناک	2
بَکشۆک	2
بشۆدان	2
همتئواری	2
اَدنا	2
مئوپسێت	2
بُکّ	2
بِشکُن	2
مُنڈِش	2
لَرز	2
گندمان	2
گندمَ	2
لرزگ	2
آموس	2
بَکشاتگ	2
همبل	2
اینچُکێن	2
گنترَ	2
گَندگیان	2
یَکجاه	2
مئور	2
گِندُکا	2
همبلان	2
هَلوت	2
گلامے	2
اۆپارَ	2
اۆبئیدِ	2
بگیشّێن	2
گِلَگے	2
بگوَزێت	2
اۆشتاتگێت	2
لِما	2
مهربانیئے	2
بگیشّێنان	2
اَرزشے	2
گَلاتیَه	2
مزّا	2
مزان	2
مزانت	2
لُنکه	2
مِنّتگیری	2
اۆبئید	2
منتگ‌اتنت	2
گلاما	2
بکنی	2
مِرْگیئے	2
مکَشّیت	2
گُم	2
بکۆشارێنیت	2
بکُشێن	2
گُمبُد	2
آگاهِش	2
منتگێن	2
ایتالیایا	2
لَگت	2
بگپتێننت	2
بگُڈّی	2
بگُڈّیت	2
یکّێنا	2
بگوازێنیت	2
اۆلاکا	2
بَکْشگَ	2
آگابوس	2
اَڈّی	2
اَرّابهئے	2
نرَکّتگ‌اَت	2
جِتْسیمانیئے	2
رُپت	2
جِست	2
شِگانَ	2
جُزامئے	2
نبشتانکانی	2
جتایی	2
نبشتانکان	2
شماله	2
وَرنایا	2
نرمَ	2
نبشتگُن	2
ورد	2
جَلّگ	2
نِبشتنت	2
وراکۆ	2
جمبرێئے	2
دینارا	2
زیمّ	2
جُستیَ	2
جُستُن	2
وَرگ	2
نبشتنت	2
جَشن	2
جاگهانَ	2
سِلترێن	2
زَهمے	2
جامگِش	2
جامگان	2
درۆهگَ	2
دیمیتْریوس	2
شۆرێنگ	2
وسا	2
جارے	2
شۆرشا	2
رِپکے	2
شُمئیگی	2
نبُرّیت	2
نبُرّان	2
نبجّان	2
رُپتگ	2
جایداد	2
ورۆک	2
جانسۆچَ	2
وَرۆکێن	2
شمئیگا	2
شمۆشیت	2
زَهمئے	2
جانشۆ	2
جمبورێن	2
جۆپَه	2
نِهرّان	2
ژامبلێنگ	2
درۆگبندَ	2
نبوتێت	2
ساتا	2
وَدار	2
جِنّیانی	2
جنۆزامێن	2
نبوتگێت	2
جنْگانی	2
جنْگَ	2
نِبوکَدْنَسَرا	2
جئور	2
وجدانا	2
نشُتگان	2
رامَهئے	2
جئوێن	2
شپێا	2
ساٹتگ	2
شَتَلکار	2
جۆڑێنتگ‌اَنت	2
جۆنی	2
جۆڑێنیت	2
شتگ‌اتان	2
نئیاینت	2
نکَشّت	2
نرسیتی	2
جنتری	2
زئیتون	2
نبکشیت	2
جُمپ	2
شَریَتی	2
شَریَتے	2
جُمپێئے	2
نبشتهئے	2
نشُتگ‌اتنت	2
نبندگ	2
سَپیرَه	2
جنگلے	2
نِشتگ‌اتێن	2
شرابواریئے	2
جنۆزامان	2
شرابیے	2
رَبێدگ	2
جِنجشک	2
جِنترئے	2
جنکی	2
جِنکا	2
شرپی	2
وَشنۆدیا	2
کارکِرد	2
کارکِردا	2
رَستی	2
وَشنۆدَ	2
دَزلَٹّے	2
زورێن	2
دَزمال	2
کارِنده	2
وشّیے	2
کارمَسترَ	2
وشّیَ	2
وَشنۆد	2
تْراشگ	2
دِرْبِه	2
تئییگا	2
کاپادوکیَه	2
سگّگی	2
تْراکێنیت	2
نُرنڈان	2
تئیابی	2
نانانی	2
تئییگَ	2
رَستگێن	2
وشنامی	2
تَهدید	2
رسێنگئے	2
زندگێنا	2
نَگَن	2
زنگَ	2
نندۆکے	2
تَهتی	2
رَسێنێت	2
تَهتگی	2
کازیانی	2
دُژمانَ	2
کازیے	2
سکترێن	2
نِندیَ	2
نامێنتگ‌اَت	2
سکّیا	2
دَزمالێا	2
نامێنگَ	2
نامێنتگێن	2
تهلێن	2
سجّهێنَ	2
زنگا	2
تهمبُلئے	2
تُهمان	2
دزّے	2
کابیل	2
درهباتَ	2
درَهگا	2
شهرَ	2
ٹُکّگا	2
شُهبه	2
ٹُکّرانَ	2
رُژناییَ	2
دریایان	2
وشّ‌آتکی	2
ٹُکّران	2
رُژناییے	2
زَهرَ	2
ٹگل	2
ٹێکیَ	2
ٹێکیانی	2
شئوران	2
نۆشَ	2
رَجۆکێن	2
نَهْشون	2
رَزائے	2
رِزک	2
ٹَگلنت	2
سِلاهان	2
رَدکارے	2
رَدے	2
تْروپیموس	2
تْرواسئے	2
تْرکّنت	2
وشّاتک	2
شیرمِچێن	2
شیری	2
شئیس	2
سَگّگی	2
نَنگار	2
تْرُپشێن	2
تْرپشێن	2
سگّگئے	2
شیالتیالِ	2
زۆرمندان	2
دیستگی	2
وشّا	2
ٹپّی	2
ٹَپّا	2
زۆرمندترَ	2
ناهُدا	2
شهید	2
شیالتیال	2
شَهماتان	2
شَهماتِش	2
ٹالێا	2
نچَشنت	2
دْرچکێئے	2
سئوگاتا	2
سَنایان	2
سئوداگریا	2
نچَشیت	2
واکی	2
چیزّانے	2
سپاهیگێا	2
ندیستُن	2
وازمند	2
سَباه	2
دْرتکِش	2
سُنگا	2
چێردستَ	2
درپانی	2
چێرێنانَ	2
دْرپشیت	2
سئوبساز	2
چێراَندێم	2
دْرپشێنیت	2
نچُکّت	2
سئوبێا	2
دَرجت	2
سُنّتی	2
نه‌اِشتگ‌اَت	2
سَهْیون	2
وامدارا	2
ساهێلَ	2
چُنڈی	2
نه‌اِشتنت	2
دُرکاس	2
ساهگێا	2
سیلاسا	2
سَمَرَ	2
سیاهگا	2
ساهل	2
سَهیگَ	2
سُهرا	2
دێه	2
چوسّگا	2
واکے	2
سئونان	2
سئونئے	2
چنَگ	2
چَنڈێنت	2
چنڈێنت	2
نهال	2
دْرشگَ	2
چِنَگَ	2
سۆرێن	2
نشُتنت	2
سِنگدل	2
سواسا	2
دپتر	2
واجهی	2
نِشتگێت	2
داوا	2
دانگے	2
درانڈێهَ	2
دَپ‌جاکا	2
سوتَّ	2
داوریَ	2
دَپئے	2
دئینکار	2
سنگسارَ	2
درآمدێن	2
سِنگدلیا	2
دئیگر	2
سِنگدلیئے	2
دِرّ	2
سُبکّی	2
دُچارَ	2
سَبَکْتَنی	2
ندرّیت	2
دئینکارا	2
وادهان	2
نشُشتگێن	2
دْرپشناکێن	2
دْرپشت	2
دارنتی	2
دْرپشناک	2
داتگێنان	2
سۆدت	2
وارتگ‌اَنت	2
وادهانی	2
دارتراش	2
سپاهیگی	2
دْرپشان	2
دامان	2
سوهار	2
نداتی	2
سُبک	2
دامُنا	2
نِدارگا	2
سپاهیگِش	2
وادهَ	2
واتَرّ	2
وادۆکَ	2
دئیانِش	2
داشتێن	2
شانے	2
ڈۆکان	2
دروَر	2
دروازگَ	2
نئینوائے	2
ڈۆکا	2
وَپْکئے	2
سپران	2
چارچۆبهے	2
چاردهمی	2
سالِمئے	2
دَروَرانی	2
وپتگان	2
شاگردان	2
درنجگ	2
چَٹّتنت	2
ڈگارێا	2
وَبا	2
چراگان	2
ڈونڈ	2
شامے	2
ڈونڈوارێن	2
ڈنگران	2
چالاکی	2
شامِش	2
شبێنگ	2
راستیے	2
رام	2
جُهلی	2
ڈیلّئے	2
جَهلی	2
وتیگیَ	2
شپانکیا	2
جَهلَ	2
جَه	2
جِهَگا	2
شپانکانی	2
ڈیلّێئے	2
درونئے	2
جێلَ	2
ساڑاینت	2
چارچۆبه	2
ڈۆکێن	2
چاتێا	2
شاوولی	2
نئیلان	2
ڈئولِش	2
نرَسِت	2
ڈئولدارَ	2
جهمنندیئے	2
واهندئے	2
دێمپانیئے	2
سێسَد	2
سێنگ	2
چَلّه	2
چلۆپگا	2
چِلّگیئے	2
وانۆک	2
وانۆکان	2
درکئوما	2
ساهتانی	2
چَگلی	2
واننده	2
سێد	2
نپوسّیت	2
چمدیدا	2
ساهتئے	2
چمشانکا	2
چَمزاهرا	2
نَپْتالیئے	2
دْرۆهگَ	2
سیێن	2
سُمبل	2
چَمّانی	2
سُمبلئے	2
دْرۆهگ	2
سْیَه‌گواتان	2
چکّاسگا	2
سامِریانی	2
چُکّتی	2
درمانا	2
دْریک	2
چِستی	2
چِراگے	2
دْوایانَ	2
دْواهئیر	2
واهگِش	2
شادکامیانی	2
سْرێن	2
سانگَ	2
دْرهبکشیئے	2
چُکّگان	2
وانێت	2
ندْرپشیت	2
چُکّێا	2
دێمپان	2
سامی	2
نکپتگ‌اَت	2
چُکّگ	2
نِپادا	2
وانێنتگ‌اَنت	2
پَمْپیلیَهئے	2
رهبندے	2
دلگیر	2
هُدابندئے	2
کَسّے	2
پَنّام	2
رَهبندئے	2
کَشّتَ	2
کَشتر	2
هُداتُرس	2
پلێنڈی	2
پِلّێسا	2
پناهے	2
دلگۆشداریا	2
پَندلا	2
هُدابندا	2
زاهرا	2
دلگاها	2
سرکشیا	2
پُنتوس	2
ناچار	2
دلگۆشِش	2
نگهپانا	2
کَسّی	2
پُنتیوس	2
ناجۆڑی	2
کشّگَ	2
کِشگ	2
پِگریگ	2
پِگری	2
هُداناباوران	2
پُگان	2
سَرِشتَ	2
پشۆمانی‌اِش	2
دِلوشّ	2
پُگانی	2
کَشّگَ	2
پلاران	2
کُشتِش	2
نِشار	2
پَلگارتگێنانی	2
رَهداری	2
زانگی	2
نلۆٹێت	2
کَشّتگ‌اتنت	2
ناجۆڑێن	2
کَشّتگێن	2
دَلوتانی	2
زانتێن	2
کَشّتگ‌اَت	2
دلستکی	2
رۆدرآتکا	2
رۆزیگَ	2
هپتێنان	2
پهلوگی	2
پَهرے	2
سَرگوَز	2
کرۆجان	2
رۆگنِش	2
نمَنّان	2
پهرێزکاریَ	2
پهرێزکارَ	2
پهِلّی	2
پیرانسریا	2
نادْراهیے	2
کرزنت	2
پیسیدیَهئے	2
کِردارئے	2
سرگوَستانی	2
زِرباری	2
پهِلّیئے	2
هپتمیا	2
سران	2
کُرسی	2
پهِلّیَ	2
هچکسئے	2
رۆنئے	2
دودل	2
پورچێنک	2
پورّ	2
کسانی	2
سُرگ	2
نادراهی	2
نمرتگ‌اَت	2
پِنْتیکاسْت	2
رئواجانی	2
کسانێنان	2
هچکَسێا	2
کرۆجێت	2
پۆلنگے	2
زِبولون	2
کرۆجۆک	2
کرۆجیت	2
دلسیاهی	2
پوسّیت	2
نمُشت	2
رۆنِند	2
پۆشێن	2
پۆشتگ‌اتنت	2
نادلگۆش	2
نگهپانێن	2
پردهے	2
دنیاییے	2
کُمک‌کار	2
پَرزۆنَگا	2
نێست‌اَنت	2
ریشکندے	2
سردارئے	2
پُرانی	2
زاتا	2
هرابێنان	2
هرّانا	2
پرستشِش	2
دَمِشْکا	2
کُمبے	2
سَرجاهے	2
رَهمدل	2
سِرّت	2
محاصره	2
کَمتر	2
پرستشگاهی	2
دَمکی	2
پُرسے	2
کُمپێن	2
پُرسیگ	2
نَسلا	2
کَندان	2
نێزگاری	2
مئیدانجاها	2
هرکَسێئے	2
هرکَسے	2
رێچان	2
کُنڈے	2
کنزان	2
کُنڈا	2
کُنڈانی	2
رێپێنت	2
سَرجَم	2
پدگ	2
پَدّریَ	2
پدرُمبێن	2
کَمُّکێن	2
دَنزان	2
هُردُکێن	2
هرکَسَ	2
رێک	2
پُچّی	2
کناێنتگ‌اَنت	2
کناێنتنت	2
پدردَ	2
دوپۆستی	2
کَلدار	2
رهگوَزان	2
زانتگی	2
رَهشۆنان	2
زانتگ‌اتی	2
زانتکاریئے	2
کلّگێا	2
پرێشتگێئے	2
زانتکارے	2
زانتکارێئے	2
ناتِپاکَ	2
نێکیان	2
پَسیلی	2
پَسّئوان	2
پِستوسئے	2
هُدائیگ	2
پُشتپَدا	2
پَسئے	2
پِرْگَهئے	2
کَلات	2
پِرّێننت	2
پژما	2
نِگهپانا	2
هُداوندی	2
ناباوران	2
پُرمڑاهێن	2
پرمانئے	2
زانتکارانی	2
کم‌اَرزش	2
پُرمِهر	2
پرُشگا	2
کُمب	2
رهمتے	2
هڈّے	2
کماشِش	2
دمانُکێا	2
ناباورێن	2
پریشک	2
هُدۆک	2
پریسیێئے	2
ناتان	2
نێکنامێن	2
رهمتانَ	2
پرۆشتَ	2
پرۆشان	2
پرواهیَ	2
پریاتئے	2
زانتکارتر	2
پرۆشتگ‌اتنت	2
کِبْرِسئے	2
ترونّا	2
هاکمێن	2
تَرونا	2
کِبْرِس	2
کِبْرِسیے	2
هاکمئے	2
دستگٹّ	2
تِرتولُسا	2
هاکمے	2
زمزیلان	2
زمزیلا	2
کَبرانی	2
هاکما	2
تَرْسوسئے	2
تکانسر	2
نندارێنتنت	2
دستِش	2
کُبل	2
هاکمیئے	2
تَرّێن	2
کِبرے	2
سَڑَگ	2
کَبز	2
سرے	2
دگرئے	2
ناشتا	2
تَپی	2
هالش	2
تچکَ	2
کپنَ	2
کپۆدرانی	2
دومیگی	2
تَبیتا	2
تَپَر	2
زَگر	2
رَمێزَ	2
کپتئے	2
کپر	2
هالتا	2
رُگورُگو	2
دِکاپولیس	2
ترّتگێت	2
رُمبیت	2
دِکاپولیسئے	2
ناشَریا	2
ترّتگ‌اَت	2
ناکارَ	2
ترانَگا	2
دَستانی	2
رُکستی	2
سزایانَ	2
تئوارِش	2
وهدانی	2
نامِشَ	2
کاگدُن	2
توپّانێن	2
کانائے	2
توپّانی	2
کامیابی	2
توسکێن	2
نگنان	2
کاسِدیئے	2
دیدارئے	2
سُچیت	2
تَهتانی	2
وهدَ	2
کاسِدیا	2
تَهاریا	2
نندۆکان	2
نِندۆک	2
ناموس	2
رکّتَ	2
کاشئے	2
توانئے	2
کَباها	2
نام‌کپتێن	2
دۆستانی	2
تَمَرْد	2
زمیندارے	2
تَمبوا	2
سِزائے	2
کبرَ	2
تَگارێئے	2
سِزاوار	2
تَلَگ	2
رکّێنگئے	2
وئیرانیئے	2
زنائے	2
وئیرانێن	2
توانَ	2
تَنْکێن	2
وئیرانی	2
تنک	2
رَکّنت	2
کاییگرێن	2
کاهِم	2
نرێتک	2
تَنگئو	2
زِروبابِلِ	2
زِروبابِل	2
کُرازینئے	2
کِرا	2
پئیگامِش	2
نمَنّێت	2
پێشواێئے	2
پێشگام	2
پێشش	2
نارَزایی	2
نارَزا	2
زرنگ	2
پئیی	2
پئیمانهێا	2
سَرّاپ	2
کدرتئے	2
نازُرکێن	2
پْرِتک	2
پئیگمبریَ	2
هَبَشَهئے	2
پئیگمبرانَ	2
زرّئے	2
نازانتیا	2
نمنّئے	2
پێتک	2
پینیکْسئے	2
پینیکیَها	2
کرتِش	2
نادْراهے	2
زرتگێن	2
هپتادێن	2
پیلّاشک	2
پیشّ	2
پینیکیَه	2
پیلیکْس	2
پیلیپُسی	2
پێسریگێنان	2
کربانیگان	2
نمنّۆک	2
پێشزانتی	2
رُنئے	2
پێش‌رُمب	2
کُربانیگے	2
پێر	2
رۆباهان	2
زردارێن	2
نگوَشتگ	2
پێسرَ	2
پْریجیَه	2
کَٹیئے	2
کَٹّێت	2
کَٹّێن	2
دِلبڈّیئے	2
تاکِش	2
کُٹّیت	2
نِزرا	2
تاسے	2
دلپَسند	2
تاکا	2
دِلپاکی	2
ناسرپدان	2
تاگتے	2
نَگَنئے	2
دوسد	2
رَنجێنگا	2
دِگه	2
رُنان	2
تِبِریَهئے	2
کتابِشَ	2
تالیمانی	2
تالار	2
سَرهالان	2
هبرانِش	2
تالیمی	2
زِکّا	2
رُنَگئے	2
تابان	2
دلجمَ	2
کُچکان	2
تارَه	2
نگوَستگ	2
نزورگ	2
ملۆٹتێن	1
نَهشونِ	1
نیمّۆنێئے	1
یاسونئے	1
نیّتے	1
یادداشتے	1
یاسونا	1
نهیگا	1
یازدهێنان	1
ملۆٹێت	1
مِلکئے	1
هئیزرانے	1
نِشارا	1
نیریِ	1
نیکانور	1
نشانی‌اِش	1
مُلوکئے	1
نَسندۆکێن	1
یادگارێن	1
نیمّۆنا	1
نَهیگے	1
نیری	1
مُلور	1
نیادَ	1
نهالے	1
هئیرتێا	1
نهَلّگی	1
نَهْشونِ	1
ملۆٹی	1
مَلیا	1
هئے	1
یارِدِ	1
ملۆٹ	1
نَیزهَ	1
نیاپولیسئے	1
هئیکے	1
نیکولاس	1
نشانیانَ	1
نِشتگان	1
نگوازێنیت	1
یَک‌گْواپ	1
نگوَزیت	1
نمونهئے	1
نمَنِّتنت	1
نمێچێنتگ	1
مکناتئے	1
نمیرانَ	1
نَگَنے	1
مَکَنَ	1
یَهود	1
یَهودایارا	1
نمنّنت	1
نگوَشتگ‌اَت	1
نگوَشتگُن	1
یَل	1
نگوَستنت	1
مکُشێن	1
یَنّا	1
یَنّایِ	1
نگِندگا	1
مکنێتی	1
نندِش	1
نندارێنئے	1
نندارێنیت	1
مَکْدونیے	1
یونائے	1
مَکْدونی	1
یوهَنان	1
یوهَنانِ	1
نگِندێن	1
یَتیم	1
نگنی	1
نَگنی	1
ننبشتگ	1
یۆنیَن	1
نگِندێت	1
مکناێننت	1
نندارێنت	1
یئوم	1
نمنتگ‌اتنت	1
alphabet	1
مَشک	1
discipline	1
ficus	1
نلَکُشیت	1
نلۆٹتگۆ	1
نِگهپانانی	1
نِگهپانِش	1
یِهوشاپاتِ	1
ێن	1
نِگهپانی‌اُن	1
نِگهپانیے	1
خلیج	1
خْریسْتُس	1
صرعَ	1
نگێجنت	1
letter	1
نِگهپانئے	1
sycomorus	1
نگهپانی‌اِش	1
یَهودیێا	1
مَشیاهَ	1
نمُرتگ	1
نماننت	1
یَهودیێن	1
نمَنّتگ‌اَت	1
نگوَشتنت	1
مکپان	1
نگوَشنت	1
نگوَشێت	1
یَهْوێا	1
یِکونیا	1
یِکونیایِ	1
یِهُشوا	1
یِهوشاپات	1
نمانان	1
نلۆٹئے	1
یَهودیێئے	1
یَهودیَ	1
نلۆٹنت	1
یونانیا	1
نئوَرێن	1
مگێجیت	1
نکپتگێت	1
نُکتهێئے	1
نکُٹّیت	1
نه‌اتێت	1
مَلَڈّێن	1
ملاران	1
مَلار	1
نئوَشّی	1
نکرتگ‌اتنت	1
نۆمان	1
مگوَزیت	1
مگندێت	1
نُکسانَ	1
نئوانتگۆ	1
مگوَزێت	1
یکجان	1
نکرتِش	1
نئوارتگی	1
نه‌اۆشتاتگ	1
یاگیے	1
یانکه	1
نشُشتنت	1
نشۆدنت	1
مَلکیِ	1
مَلکی	1
نه‌اۆشتاتگ‌اَنت	1
نِشتێن	1
یاگیێن	1
نشۆرێنتگ‌اَنت	1
نِشه	1
یایْروسئے	1
نه‌اِشتگ	1
نه‌اتێن	1
مِلکتئے	1
نه‌اِشکنگا	1
نه‌اِشکُتِش	1
نه‌اِشکت	1
یایْروسا	1
مگندان	1
یورامِ	1
یوریم	1
یوریمِ	1
یوستوس	1
نگپتگِش	1
یلهیَ	1
یوتام	1
یوتامِ	1
یوتوکوس	1
یورام	1
نندێت	1
یوشَهِ	1
نِندی	1
نندۆکئے	1
یونانِ	1
یوسیا	1
یوسیایِ	1
یوسْتوس	1
یوشا	1
ننِشتگ‌اَت	1
نَکشبند	1
نۆشِتَ	1
یکدلیا	1
نکِشتگ	1
نۆشِت	1
نۆشنت	1
نُکسانے	1
یکدگرِش	1
یکدگرئے	1
نۆشتگ	1
نکَشّیت	1
نۆشا	1
نَوَهکێن	1
نوهِ	1
نگپتِش	1
نکَشّتگ	1
نکِشتگ‌اَت	1
نکَشّتگ‌اَنت	1
مَگَدَنئے	1
یکشَمبِها	1
هاکشانی‌اِش	1
هاکمی‌اِش	1
هاکمیا	1
هاکَ	1
هَلاس	1
نالنت	1
مُهکمتر	1
هالپُرسی	1
هالپُرسی‌اۆ	1
هُکومتئے	1
مُهکمَ	1
هالانی	1
مهربانیَ	1
نامداریَ	1
وئیلانک	1
هَلوَتے	1
هلوَتا	1
هلوتا	1
هلاکتئے	1
نالی	1
هارمَل	1
وئیلانکێن	1
مُهربند	1
هَلّتنت	1
هالتێا	1
هَکِلْداما	1
مهمانجاه	1
هبرانیگی	1
هانوار	1
مهلّیت	1
هَبر	1
هبرزانتے	1
هَکدیوانانی	1
هبرزورێن	1
هبرانئیگی	1
هبرِت	1
هَکرَسیا	1
هالرَسانی	1
هالیا	1
هِکمتئے	1
هکومتانی	1
مَهَلالیل	1
مَهَلالیلِ	1
هِکمتَ	1
ناسورِشَ	1
هانواده	1
هِکمتے	1
هالیئے	1
هامۆرئے	1
وَهد	1
همدرد	1
ناهُدائے	1
وشتامی	1
مۆهێا	1
همدرۆشم	1
ناهَکّ	1
وشدِل	1
مئوَرات	1
وشنامَ	1
وشتامیا	1
همبند	1
نانۆ	1
همراهانا	1
وَسّیگئے	1
ناهَکّئے	1
وسوَسها	1
وسّیگ	1
وَسّیگا	1
همدِل	1
ناهَکّی	1
وشّ‌آتکِش	1
همدْرۆشمێن	1
همدْرۆشم	1
همدیوان	1
وشنامێن	1
مَهَتِ	1
همانگُرَ	1
هَما	1
وَنڈالِش	1
مَهَت	1
وَنڈالی	1
نامهربانێن	1
نامۆ	1
هَلّیت	1
هم‌مُلکیئے	1
وَنڈے	1
نامیێن	1
وشنۆدیا	1
وکیلێا	1
وَلوَلهے	1
نانوار	1
نانَ	1
همباورَ	1
مهارِش	1
همایانیگی	1
مَهپل	1
وَلوَلَهے	1
نامێنتگ‌اَتِش	1
وَنڈالَ	1
هِزمتکارێئے	1
هُداوندئیگیَ	1
هزمتکاریا	1
ناتِپاکیے	1
هزمتے	1
ناتِپاکیا	1
ناپرمانی‌اِش	1
ناپاکیئے	1
هزمتکارَ	1
هِزمتکارِش	1
ناتانِ	1
ناپهرێزیانَ	1
هسابدارے	1
هُداتُرسئے	1
هسابداریا	1
هسابی	1
هسابِش	1
هسابدارئے	1
مێڑی	1
مێڑیے	1
هِزمتے	1
مێچێنتگ	1
هُداناباورانی	1
ناجۆڑتر	1
ناپادار	1
هرپ	1
مئیارنامگئے	1
هِرْمِس	1
هزاری	1
مئیارنامگ	1
مئیلیت	1
مئیایان	1
هَرێا	1
هُرمئے	1
مئیاریگِش	1
هرکَسِش	1
هَرێئے	1
نااُمێت	1
مُخبر	1
هِزِکیایِ	1
هِزمتان	1
ناباوریا	1
مئیاتکێن	1
هزانَگا	1
مئیارانَ	1
مئیارباریے	1
مئیاتکێنێت	1
هِزِکیا	1
مئێگ	1
هُداترسی	1
نادْراهێا	1
میترَ	1
میتیلینیئے	1
نادْراهئے	1
هپتا	1
هُشتگێن	1
نادْراهانِش	1
میدیانئے	1
میر	1
نادْراهیانی	1
هَسْلیِ	1
هَسْلی	1
نارهبندێن	1
نارئوا	1
نارَزاییئے	1
نازرکتر	1
نازانتیئے	1
نارَهبندێن	1
هشکی	1
مُهیمّا	1
ناراستی	1
هُشکێنا	1
مهمانے	1
مُهیمّ	1
هَتائے	1
مینا	1
هُدابَکشتگێن	1
مینان	1
هستۆمندان	1
میلیون	1
میلیُن	1
مێتگَ	1
مێتگانَ	1
مێتگانی	1
مینانِ	1
هُدابندَ	1
ناچاریا	1
میسیَها	1
میسیَهئے	1
هچَ	1
هَسَدّئے	1
میرَهئے	1
هَتَرئے	1
هستۆمندانی	1
نادراهێن	1
هُداباوریا	1
نادلکَشّی	1
هچکَسی	1
میکاییلا	1
هئوال	1
ندیستنتِش	1
وابجاهے	1
هئوَسناکی	1
نرِتک	1
ندئیێت	1
مُندریک	1
مُندریکی	1
ندرّێن	1
مِنّتی	1
ندیستنت	1
مَندرا	1
نئیایان	1
مِنّتگیریئے	1
نئیزَهے	1
نرسێنیت	1
نرسێت	1
مِنّتگیریا	1
مِنّتگیریَ	1
هیرانان	1
نَظم	1
هیرودیا	1
نرَستی	1
نرَستنت	1
مُنڈێئے	1
مَنّگئے	1
هۆنچَکَ	1
نداتگی	1
مَنگَل	1
منّگی	1
نداتنت	1
منۆشێت	1
هۆن‌آپ	1
مَنۆگر	1
هۆنچک	1
وادهی	1
وارتیَ	1
مَنَسّیِ	1
ندِرتگ‌اَت	1
مَنِشَ	1
منُرُنڈێت	1
نَدریگے	1
نَدریگێن	1
نِدارگئے	1
هۆنیگێا	1
هۆنوار	1
واجهیَ	1
ندرَ	1
ندارێت	1
مِنّتگیری‌اِش	1
ممنّیت	1
نِزۆریان	1
نێکێنا	1
هئیراتانی	1
نزّیکَ	1
ممریت	1
هئیالِشَ	1
نێمزَدگ	1
نِزۆری	1
نێکێنئے	1
نِزۆری‌ای	1
نێمتمان	1
نێست‌	1
مَلیایِ	1
نێستا	1
نێزگاریئے	1
نسُرێنێت	1
نسُرێننت	1
نێک‌کارێن	1
مَلْکی	1
مَلْکیِ	1
نزّیکیے	1
نێک‌کار	1
مَلْکوس	1
نێمگانَ	1
نرۆپیت	1
نُرُنڈگ	1
مِنّتا	1
نئیاتکگ‌اَنت	1
نئیاتکنت	1
مَنبیسان	1
مَنّتگ	1
هیرودیان	1
مَنّتگۆ	1
مِنّتِش	1
نرنجێنگا	1
هیرودیانی	1
هێلدار	1
مَناسون	1
نزانتگی	1
نزورنت	1
نێمگێا	1
هئیالانَ	1
نَرێنگ	1
مَناهین	1
مَنبیس	1
هیرّۆپا	1
نزانتگۆ	1
نزانتکاری	1
همینچُکَ	1
وجدانے	1
نبۆجیت	1
هنّانیایا	1
نبی‌ای	1
وتیگانی	1
هَمگُٹّ	1
نبوتگێنان	1
همکۆپگ	1
هَملَسون	1
همگرَنچێن	1
همگرنچ	1
هنرمند	1
هنرا	1
وت‌کُشیا	1
نبیسگی	1
هنرے	1
نبیسان	1
مونجا	1
هَنّائے	1
وَتی	1
هَنّایا	1
وَت‌مان‌وَتا	1
وتکُشی	1
نبوتگ‌اتێن	1
وَرنت	1
مۆکلَ	1
نایین	1
نبشتِش	1
وَرنائے	1
همساهگی	1
ناهورِ	1
مۆلِدان	1
وسوَسهَ	1
ناواننده	1
ناهومِ	1
ناهوم	1
نبِشتی	1
وَراک	1
مۆسمَ	1
ودارِش	1
همکارِش	1
نبکشێت	1
نبشتگێنانی	1
همستکی	1
وَرنااِش	1
وراکانَ	1
وراکِشَ	1
نِبشتهان	1
وَپکئے	1
نَتْناییلی	1
منیگیَ	1
نتُرسی	1
نِجاتا	1
هۆشگئے	1
نٹهتنت	1
نپرۆشتنت	1
نَپرَت	1
وامدارئے	1
نَپْرتی	1
نپْرتِش	1
نپرۆشگا	1
منۆگرے	1
مَنّۆگرے	1
نجۆڑێنتگ	1
نچنت	1
واڑئے	1
مَنّۆگرانی	1
هۆشمندی	1
نَجّایِ	1
نَجّای	1
وازیَ	1
هۆشی	1
نجنان	1
وامِش	1
واوئیلا	1
هنکێنان	1
نبیسێن	1
هنکێنے	1
مودے	1
واهندانی	1
وپتگێت	1
وَپک	1
نبیسنت	1
نبیسۆکئے	1
نبیسۆکے	1
وپتگ‌اتنت	1
هوکّی	1
هوشیانائے	1
مَنْدر	1
وانتنت	1
نپُتریت	1
نِپادی	1
هَنّوهِ	1
نبئیۆکێن	1
واهگدارتر	1
مودانَ	1
نِپاد	1
هوزا	1
ترّێنئے	1
تَرّێننت	1
تَرّێنگئے	1
تَرّێنتنت	1
تسلّا‌یی	1
تِسالونیکیا	1
تِسالونیکی	1
تَرّێنئے	1
تُرسێنگ	1
تُرسی	1
تُرسگا	1
ترسِش	1
تریشکُکے	1
ترَمپے	1
ترَمپانی	1
ترَکّت	1
تَلگ	1
تَلاوگے	1
تلاوگا	1
تَلاوگ	1
تماشائے	1
تَلیتا	1
تَلوَسگا	1
تلگێن	1
تکێنێن	1
تَکبّر	1
تَکان	1
تُسنت	1
تِلاه	1
تلاکانَ	1
تلاکَ	1
تَگارئے	1
تُرستگ	1
تَباهیئے	1
تَب	1
تاییتان	1
تاییت	1
تَبیتایی	1
تبلیگ	1
تَبَکا	1
تِبِریَها	1
تامدار	1
تالیمیَ	1
تالانتا	1
تاسئے	1
تاوانبارێن	1
تاوانبارَ	1
تامۆ	1
تامدارتر	1
تَرّتنت	1
ترّتگ‌اتنت	1
ترانا	1
تراشتگ‌اَتی	1
ترَدّان	1
ترجمان	1
ترتیب	1
تِرتولُس	1
تپی	1
تِپاکیا	1
تَپا	1
تَپ	1
تَچکی	1
تَچک	1
تچانَ	1
تَپێا	1
تُمپێا	1
تئیاریَ	1
تئیارجۆڑیئے	1
تئیارجۆڑیا	1
تئیارجۆڑی	1
تْرانگی	1
تْرانِش	1
تْراشتگێن	1
تئیل	1
تێزاستِر	1
تیوداس	1
تیوپیلُسئے	1
تیمون	1
تئیابِش	1
تئیاب‌گوَرئے	1
تئیاب‌گوَر	1
تئیاب‌دَپا	1
ٹَگَل	1
ٹِکّے	1
ٹُکّێت	1
ٹُکّرانی	1
ٹۆران	1
ٹگلێنیت	1
ٹَگلێنگَ	1
ٹگلیت	1
تْروپیموسا	1
تْرُنست	1
تْرندیا	1
تْراهونیتیسئے	1
ٹُکّت	1
ٹپّیگیَ	1
ٹَپّیگ	1
ٹانگان	1
تیماووسئے	1
تئورێنتگ‌اَنت	1
توسْک	1
تورگے	1
تودئے	1
تهاردێم	1
تُهَ	1
تئوک	1
تئورێنیت	1
تنّیگَ	1
تنگئوئے	1
تَنگئوانی	1
تَمَها	1
توپّانَ	1
توانمندێن	1
تَنْکَ	1
تَنْک	1
تیاتیرَهئے	1
تیاتِر	1
تُهیَ	1
تهنکا	1
تیکیکوس	1
تیرانوس	1
تیتیوس	1
تیبِریوس	1
تَهتگێن	1
تهتانی	1
تَهتان	1
تُهپَها	1
تُهمے	1
تُهِش	1
تَهرێن	1
تهتێئے	1
پَزّۆرۆ	1
پَزّۆر	1
پِڑ	1
پِرْگَها	1
پُشتِش	1
پَسێئے	1
پژمرده	1
پَژم	1
پرێبی	1
پرێبَ	1
پَریسیئے	1
پَریسیێئے	1
پِرّێنگ	1
پِرّێنتگ	1
پِرّێنان	1
پرێشانِش	1
پُلِتگ	1
پُلتگ	1
پُلِت	1
پِلان	1
پِلّێس	1
پلیتی	1
پَلگارتگێنانَ	1
پَلَشتی	1
پشۆمانێن	1
پَشّگا	1
پَشکێا	1
پَشک	1
پُلّا	1
پِگرِش	1
پگار	1
پکّایی	1
پَریسیێا	1
پدانکانی	1
پدانکان	1
پَچێن	1
پُچّانی	1
پُرَ	1
پَدمُزّئے	1
پَدلێن	1
پَدّرِش	1
پجّارے	1
پَجّارێنیت	1
پَجّارێنتگ	1
پَجّارێنانی	1
پَچّا	1
پجّاهیَ	1
پَجّاهی	1
پجّاهی	1
پُرسِشَ	1
پرستشگاهانی	1
پُرزۆرتر	1
پردهێا	1
پَرواهِش	1
پرماییت	1
پرمانِش	1
پرمانانَ	1
پُربرکتێن	1
پُراِهتبار	1
پُراَزابێن	1
پُرارزشێن	1
پردهَ	1
پردگ	1
پُرتئوار	1
پُربرێن	1
پَمپیلیَهئے	1
پیرێنے	1
پیرّوسئے	1
پیرک	1
پیرَ	1
پێتکگێن	1
پێتکگ‌اَت	1
پیلیپیا	1
پیلسوپ	1
پهرێزے	1
پهرێزێت	1
پَهرِش	1
پۆلے	1
پهناتان	1
پهِلّیا	1
پهِلّی‌اِش	1
پهلوگئے	1
تابی	1
پْریسْکیلایا	1
پْرۆشنت	1
پْرۆشگا	1
تاسێئے	1
تارَهِ	1
تاچێنێت	1
تابیرے	1
پئیادگێن	1
پێشواییئے	1
پێرا	1
پێداکَ	1
پْروکورُس	1
پئیمانه	1
پئیگمبری‌اِشَ	1
پئیگمبرِش	1
پۆلِشَ	1
پِنڈگے	1
پِنڈگی	1
پَندلانی	1
پَندَلا	1
پوبْلیوسئے	1
پَنوییل	1
پِنڈۆگرے	1
پنڈۆگریئے	1
پَنت	1
پَنّامی	1
پَمْپیلیَها	1
پَمْپیلیَه	1
پنچشَمبِهئے	1
پنچا	1
پنجاهئے	1
پُنتوسئے	1
پۆشاکۆ	1
پوهار	1
پولوکْس	1
پولُسَ	1
پۆلا	1
پۆلَ	1
پۆشی	1
پۆشت	1
پوجگلانی	1
پوجگِل	1
پوتیولیئے	1
پوتّار	1
پوگلیچ	1
پوسّتگێن	1
پورکیوس	1
پوچ	1
ٹۆلیێا	1
درانڈێهێن	1
درانڈێهی	1
درانڈهیئے	1
دراجکَشّ	1
درتکگ	1
دَرپانی	1
درباری	1
دراَنگازے	1
دَپ‌جاکِش	1
دانَگے	1
دانَگێا	1
دانگی	1
دپجاک	1
دَپتر	1
دَپبندێن	1
دَپادَپێن	1
دَروازگِش	1
دروازگپانێن	1
دِرنت	1
درمُلکی	1
درۆگانی	1
دَروَرے	1
دَروَران	1
دَروازگێئے	1
دُرکاسا	1
درکار	1
دردانَ	1
درچکِش	1
دَرَگئے	1
دَرَگے	1
دِرَگی	1
درکئومی	1
دانِش	1
چیهالیَ	1
چیهالان	1
چیلّے	1
چیلّکا	1
چێردستێن	1
چێردستانی	1
چێراَندریَ	1
چیهالے	1
چی‌اِت	1
چِهرگے	1
چَهرَ	1
چۆهان	1
چیزّئیے	1
چیزێا	1
چیزانی	1
چیزانَ	1
دارتراشئے	1
دادا	1
داتُن	1
داتگێنئے	1
داماریس	1
داشتگ‌اَتی	1
دارو	1
دارتَهتَگے	1
دابێا	1
دابِش	1
چێریَ	1
چێردَستێن	1
داتگێنانی	1
داتگێنا	1
داتگنت	1
داتگ‌اَنتی	1
درۆگبندا	1
دَمگی	1
دمگی	1
دمگانی	1
دَمکێا	1
دَنتانا	1
دَمْکانی	1
دَمْکَ	1
دَمگے	1
دَلیلے	1
دَلیلانَ	1
دَلیل	1
دِلوشّی	1
دَمِتگ	1
دَلْمانوتَهئے	1
دِلێر	1
دلیَ	1
دورویی	1
دورچاری	1
دودلێن	1
دودلی	1
دۆتکگ‌اتنت	1
دوئے	1
دوێنِش	1
دویی	1
دوازدهێنان	1
دنیایے	1
دنیائیگ	1
دنتِش	1
دودلان	1
دوپۆستیئے	1
دوپۆستیا	1
دوازدهێنانی	1
دلوشّی	1
دستِ	1
دُژمنے	1
دژمنێا	1
دژمنَ	1
دِلبڈّیَ	1
دِلبڈّی‌اِش	1
دگابازێن	1
دَشتئے	1
دِرهَم	1
درۆهۆکا	1
درۆگێنے	1
درۆگِت	1
دژمانَ	1
دِرْهَمئے	1
دریَ	1
دریت	1
دلشات	1
دِلِش	1
دلسیاهَ	1
دِلسِتکێن	1
دَلوتئے	1
دِلمانگ	1
دلگرمی	1
دلکَشّیانَ	1
دِلدُزّی	1
دلداری	1
دلجمیَ	1
دِلجمی	1
دلسِتکیے	1
دِلرێش	1
دلڈَڈّی	1
دلڈَڈّ	1
جَمورنگ	1
جَمو	1
جُمپانَ	1
جُمبگا	1
جنکَ	1
جنجالا	1
جناێنگا	1
جُمَه	1
جَلّگئے	1
جَلّگا	1
جلشکێنگ	1
جلشکۆک	1
جُمبان	1
جَلیلَ	1
جَلَندَرئے	1
جَلَندَر	1
جئوزا	1
جۆهان	1
جۆنے	1
جۆڑێنێت	1
جُهلی‌اِش	1
جَهلترَ	1
جُهلَ	1
جهانَ	1
جنَگێا	1
جَنَگا	1
جنِکی	1
جنکُک	1
جۆڑێنتگێنَ	1
جۆپهانی	1
جِنّێا	1
جِنّیان	1
جلّادی	1
جاندَرا	1
جان‌سۆچێن	1
جاگَهانی	1
جاگَه	1
جَبّاتا	1
جایز	1
جاوَرَ	1
جانێا	1
جادوگرے	1
جادوگرێن	1
ٹێلدانانی	1
ٹێلان	1
جاسوسِش	1
جاڑے	1
جاڑیگ	1
جارِشَ	1
جَزیرهێا	1
جَزیره	1
جَڑَشکێنیت	1
جُرم	1
جلّاد	1
جُگے	1
جزیرهئے	1
جَزیرهێئے	1
جتاییَ	1
جتاییئے	1
جُپتے	1
جُپت	1
جِرگها	1
جدالَ	1
جتگێنان	1
جتگ‌اَنت	1
جهمنندانی	1
چکّاسا	1
چَشَگا	1
چَشتگ	1
چَشِت	1
چُکّزاتک	1
چَکّاسگَ	1
چکّاسگ	1
چَکّاست	1
چرپَ	1
چِراگێئے	1
چراگێئے	1
چِراگِش	1
چِستیَ	1
چَری	1
چرگ	1
چَرپَ	1
چَنڈۆک	1
چمّۆ	1
چمّانِش	1
چَمّ	1
چۆرئوَ	1
چِنۆکئے	1
چننت	1
چَنڈێن	1
چَگلجاهئے	1
چَگلَ	1
چُکّئیگی	1
چُکّئیگ	1
چُلّی	1
چِلّان	1
چِلا	1
چُلّ	1
چِراگجاها	1
چاتی	1
چابُک	1
جێلیانی	1
جێلانَ	1
چارسدے	1
چارراهئے	1
چاردارانی	1
چارا	1
جێڑت	1
جیک	1
جهمنندئے	1
جهمنندی	1
جێڑهئے	1
جێڑهانی	1
جێڑهان	1
جێڑها	1
چراگا	1
چِچّ	1
چانیگان	1
چالاکێن	1
چَراگاهے	1
چَراگاها	1
چِراگانی	1
چِراگان	1
چارێنگ	1
چاریگی	1
چارمیئے	1
چارکلداری	1
چال	1
چاکے	1
چاشێنت	1
چارێنۆک	1
پَجّارۆکان	1
اَنْتیپاس	1
اَنْتیپاتْریسئے	1
اَنْتیپاتْریس	1
اَنوشِ	1
اِهتباری	1
اِهتبارَ	1
ائولیگێنان	1
اَنْدْریاسا	1
اَندۆهێا	1
اِنجیلی	1
اِنجیلانی	1
اِنجیرَ	1
اَنوش	1
انسانێا	1
اَندێمَ	1
اندۆهے	1
اێرگواتێن	1
اێرکپئے	1
اێرکپ	1
اێردست	1
ائینونا	1
اێمِنیئے	1
اێرمۆشَ	1
اێرگواتئے	1
اهمکَ	1
اَهدنامگا	1
اِهتیار‌دارێن	1
اِهتبارے	1
اێرِ	1
اِهوت	1
اهوال	1
اَهمکی	1
اَناگتَ	1
اِلهامی	1
اِلمی	1
اِلمودامِ	1
اِلمودام	1
اِلیازَر	1
اِلیازرِ	1
اِلیازر	1
اِلهامێا	1
اِشکنۆکے	1
اِشکنۆک	1
اِشکتی	1
اِشکتگی	1
الکاپی	1
اَگلی	1
اِکُنیَه	1
اَشْدودئے	1
اَمبارئے	1
اَمبارِش	1
اَمبارانَ	1
اِماووس	1
اَمْپیپولیس	1
امێتوار	1
اِمبری	1
اَمبازا	1
اِلیماس	1
اِلیزابِتی	1
اِلیاسَ	1
اِلیازَرِ	1
اِمانوییل	1
اِلیهودِ	1
اِلیهود	1
اِلیماسئے	1
اُزّیا	1
ببجّنت	1
باورمندانا	1
باورِت	1
باهێنتگ‌اتنت	1
ببندنتی	1
ببندان	1
ببند	1
ببُرّان	1
باگێئے	1
باشندَهێا	1
باشندَهی‌اِش	1
باشندَهانا	1
بانے	1
بانکلێنکئے	1
بانداتِشَ	1
بامئے	1
بُتپرستی	1
بتاپێت	1
بَپْتیسْمَه	1
بپهرێزێت	1
بتُرسێنێن	1
بترسێنیت	1
بتَرّات	1
بترّ	1
بپُترێت	1
ببۆجان	1
ببوتێننت	1
ببو	1
بپۆش	1
بپرۆشێت	1
بپرۆشان	1
بپُترئے	1
بازووان	1
ایرازگِر	1
ایتالیایی	1
ایتالیائے	1
اۆشتارێننت	1
ایل‌آزَری	1
ایسُّپارا	1
ایسّائیگی	1
ایرازگیری	1
اُمێتواریئے	1
اُگدَها	1
اُستانے	1
اُزّیایِ	1
اۆشتارێنتنت	1
اۆشتاتگ‌اتان	1
اۆشتاتِش	1
اوریائے	1
بارتیماووسا	1
بارانی	1
باران	1
باراباسئے	1
باریَشو	1
باریگے	1
باریگَ	1
بارتیماووسئے	1
اینچُکَ	1
ایمانی	1
ایمانُن	1
ایمانِشَ	1
بادشاهێئے	1
اییدے	1
اییدێا	1
اینچُکا	1
آکایا	1
آشۆپئے	1
آشۆپیان	1
آشۆپِش	1
آگوستوسا	1
آکیمِ	1
آکیم	1
آکِلتر	1
آسْک	1
آسوسا	1
آسودگیے	1
آسایِ	1
آشِرئے	1
آشُپێنتنت	1
آشُپێنتگ‌اَت	1
آشُپێنت	1
اَبَدی	1
اِبادتئے	1
آیانیگی	1
آهے	1
اِبلیسے	1
اِبرتے	1
اِبراهێمِ	1
اِبرانیا	1
آمونِ	1
آمون	1
آموسِ	1
آلودگَ	1
آهِرتا	1
آهازِ	1
آهاز	1
آمیێن	1
آس‌پئیمێن	1
آتکێت	1
آتکگێنان	1
آتکِش	1
آپیَ	1
آدَمئے	1
آدمے	1
آچارِش	1
آجوییئے	1
آبیلینیئے	1
آبیاتارئے	1
آبادیان	1
آاِت	1
آپیوسئے	1
آپسَرے	1
آبێرِ	1
آبێر	1
آزمایشان	1
آزمایشَ	1
آزارِش	1
آڑَهۆر	1
آسَ	1
آزورِ	1
آزور	1
آزمایشانَ	1
آرگوریا	1
آرزوَ	1
آرتێن	1
آدێنکا	1
آرۆکێن	1
آرۆک	1
آرۆسے	1
آرۆسێا	1
اِبلیسئے	1
اَریوپاگوسا	1
اَریوپاگوس	1
اَرواهێا	1
اَرمانا	1
اَسپ‌سوار	1
اِزّتمندیئے	1
اَرْپَکْشادِ	1
اَرْپَکْشاد	1
اَرزانترێنا	1
اَرَب	1
اَرّابها	1
اَدْرامیتینئے	1
اِرَسْتوس	1
اَرسَ	1
اَرزشی	1
اَرَزبند	1
اِشکتِش	1
اَشرپیے	1
اِسْهاکێن	1
اِسْکیوا	1
اِشکتگِش	1
اشکتگ‌اَنت	1
اِشکتگ‌اَتِش	1
اشکتگ‌اَت	1
اَسیر	1
اِسراییلیئے	1
اسپنجے	1
اسپ‌سوارێن	1
اِسْتیپانش	1
اِسْتوییکی	1
اِسْپنج	1
اَسیران	1
اَدّیِ	1
اِپیکوریانی	1
اِپیکوری	1
اَپولونیَهئے	1
اَپولُسا	1
اَتردان	1
اَتّالیَهئے	1
اَتّالیَها	1
اَتّالیَه	1
اَبیهود	1
اَبیایِ	1
اَبیائے	1
اَبیا	1
اِپِسُسا	1
اَپسرانی	1
اَپسرَ	1
اَبیهودِ	1
اَدَبَ	1
اَدَب	1
اَجکّه	1
اَجِکّاییے	1
اِدّیایا	1
اَدّی	1
اِدومیَه	1
اَدَبیَ	1
اَتِش	1
اَترئے	1
اتری	1
اَتردانا	1
اَجکّایی	1
اِجازتا	1
اِجازتَ	1
اِتوریَه	1
بترّێننت	1
بۆشتاتێنان	1
بۆسه	1
بۆسۆچئے	1
بۆجیگَ	1
بُهتامِش	1
بهاری	1
بۆهێریئے	1
بۆم	1
بورّ	1
بود	1
بوتێنێن	1
بوتگێنے	1
بۆجیت	1
بۆتکِش	1
بۆازّ	1
بوستگے	1
بیریَها	1
بیاتکێننت	1
بیاتکێن	1
بَهورئے	1
بیناییئے	1
بیگانگانی	1
بیگانگَ	1
بیستمی	1
بهتاوری	1
بَهتاورتر	1
بَهتاوران	1
بُهتان	1
بهمانگی	1
بهشت	1
بَهرے	1
بَهران	1
بوتگێنان	1
بَندی	1
بندهَ	1
بندنێا	1
بندنان	1
بندیگێا	1
بندیگِش	1
بندیگا	1
بندیکَّ	1
بُنجاه	1
بنبیسێن	1
بنبشتێنان	1
بَنّامێن	1
بندگی	1
بَندا	1
بَنجاهانَ	1
بُنجاها	1
بُنیادئے	1
بنیادی	1
بُنهِشتے	1
بُنهِشتانی	1
بوتگ‌اتان	1
بوَپسیت	1
بوازِ	1
بواز	1
بُنَگانی	1
بُنَگا	1
بُنرِدی	1
بندے	1
بنۆشانی	1
بنۆش	1
بنندارێن	1
بُنگێجئے	1
بێپَسّئو	1
پاسپانی	1
پارو	1
پارمیناس	1
پارِسِ	1
پاکشۆدی‌اِش	1
پاکا	1
پاک‌نامێن	1
پاشگ	1
پاتراپان	1
پاتارائے	1
پاپوسئے	1
پاپوسا	1
پادونان	1
پادمالیا	1
پادانُن	1
پادارَ	1
پُترێت	1
پترتگئے	1
پُترتگ‌اَت	1
پاییزی	1
پَجّار	1
پَٹَکّ	1
پُتێنکانی	1
پُتولِماییسئے	1
پالَجِ	1
پالَج	1
پالَپاش	1
پاکونڈی	1
پایدارێن	1
پایداری	1
پایدارَ	1
پانزدهمی	1
پابندترێن	1
بےاِزّتیَ	1
بے‌وتَ	1
بێهئیالَ	1
بێهُرمتی	1
بےتاهیر	1
بےبَرێن	1
بےائیبیَ	1
بےاَسر	1
بێگاهَ	1
بێگانگَ	1
بێسُدّ	1
بێساری	1
بێهُرمت	1
بێنگَ	1
بێل	1
بێگواهیئے	1
بئین‌النهرئینا	1
بئین‌النهرئین	1
بئیگیێن	1
بئیت‌هَسْدا	1
بْلاستوس	1
بْرَهدارێن	1
بْرَهدار	1
بخار	1
بےمئیاریئے	1
بےگناه	1
بےکرار	1
بےرهمیَ	1
بئیت‌سئیدایا	1
بئیت‌سئیدا	1
بئیت‌پاجیئے	1
بےهمیرێن	1
بُرزادیا	1
بَرد	1
برُد	1
بُرتِش	1
برسێنئے	1
بَرسابا	1
بُرزین	1
بُرزگا	1
بَڈّے	1
بُڈّیت	1
بُڈّگی	1
بُڈّتگێن	1
بُرّاێنت	1
برانزا	1
برابری	1
برّ	1
بَرهَکّی	1
بُرئو	1
بُرّۆکے	1
بُرّۆکێن	1
بَز	1
بَرْسابا	1
بَرئے	1
بَری	1
برَکّێت	1
بَرَکیائے	1
برکتئے	1
برِش	1
بِرنیکیئے	1
برُمبیت	1
بُرّگئے	1
برَکّێنیتی	1
بُڈّت	1
بچکِش	1
بچَکّاسیت	1
بچکّاسیت	1
بچَکّاسنت	1
بَدَ‌ل	1
بد‌دْوایی	1
بِچیلّے	1
بچُکّیتی	1
بُتکنت	1
بتُسنت	1
بَتُس	1
بتَرّێننت	1
بٹگلێن	1
بَٹاکَ	1
بَتَلا	1
بَتَل	1
بَدواهی	1
بدواهان	1
بَدَلا	1
بَدلا	1
بَڈّ	1
بدْرۆهیت	1
بدْرنجنت	1
بدئےای	1
بدِرّیت	1
بدچمّی	1
بدترێن	1
بدانَ	1
بدگۆیی	1
بَدکِردێن	1
بدکِردێن	1
بدُزّنت	1
بَزّگان	1
بگیشّێنیتی	1
بگوشێت	1
بگوَشنتی	1
بگوَجێن	1
بلچّێت	1
بلاهے	1
بگێچیت	1
بگێجان	1
بکْشان	1
بکۆشارێنان	1
بکننتی	1
بکِنزان	1
بگوَج	1
بگوَپێن	1
بگوازیننت	1
بگراێننت	1
بمنّیت	1
بمُشتێن	1
بلێکیت	1
بَلیامی	1
بَنّامَ	1
بَنّام	1
بمنّێن	1
بمنّێت	1
بلڈّێت	1
بلَڈّیت	1
بلدێن	1
بَلد	1
بلوایے	1
بِلّنت	1
بلگّتێن	1
بلَڈّێن	1
بکِنز	1
بسِندیت	1
بَستکا	1
بستِش	1
بستَ	1
بشکنێن	1
بِشکنان	1
بسینگارێت	1
بسۆچیت	1
بَزێن	1
بَزّگے	1
بَزّگێن	1
بَزّگیَ	1
بسَبز	1
بساینت	1
بساچ	1
بَژناکے	1
بکَشّێن	1
بکشّێت	1
بکَشّیت	1
بکِشیت	1
بکناتئے	1
بکّگی	1
بکُشێنی	1
بَکشێن	1
بکُرتێن	1
بکَٹّێت	1
بُکّت	1
بشۆدئے	1
بَکشندگیا	1
بَکشتگ‌اَنتی	1
بَکشتگ‌اَت	1
بَکشاتگێن	1
کوکّارِشَ	1
کوسامِ	1
کوسام	1
کوڑَهێن	1
کۆچنت	1
کۆچان	1
کۆپگ	1
کونزگِش	1
کَنئانی	1
کَنئانا	1
کنێتی	1
کنیسهئے	1
کوڑَه	1
کوچهان	1
کوچها	1
کَنْداکَهئے	1
کَهبَگ	1
کئوشبندان	1
کۆهَ	1
کۆنسگان	1
کیپور	1
کَهۆلی	1
کَهۆلا	1
کَهبَگی	1
کۆردلان	1
کۆڈال	1
کۆچَنڈگا	1
کۆچَنڈان	1
کۆنسگ	1
کۆشارێنگئے	1
کۆرَه	1
کۆرِش	1
کَنیسَهے	1
کُمبارئے	1
کُمبارێئے	1
کُمبار	1
کُمب‌پئیمێن	1
کُمک‌کاران	1
کُمکّ	1
کَمَک	1
کُمپی	1
کُم	1
کَلْدانیانی	1
کِلّێت	1
کِلیسایانی	1
کماشی	1
کماشانا	1
کم‌اِزّتی‌ای	1
کم‌اَرزشَ	1
کِنزتنت	1
کِنزتگ‌اَت	1
کَنڈیل	1
کَنڈ	1
کنیسهے	1
کنۆکئے	1
کنۆکێئے	1
کُننده‌کاری	1
کُنّتا	1
کمنهادێن	1
کُمَکا	1
کَمَکا	1
کَندگان	1
کَندانَ	1
کُنٹگێن	1
کُنٹبند	1
کیسئے	1
گرانبار	1
گُرّان	1
گِراسینائے	1
گِراسا	1
گِرِپت	1
گراێنئے	1
گراێنۆک	1
گِراێنگَ	1
گَدرۆشگا	1
گِدانے	1
گِدان‌دۆچ	1
گَچ	1
گَرّا	1
گُڈَّگ	1
گُڈّیت	1
گُدشۆدے	1
گرێتگ	1
گرێتِش	1
گَرّیئے	1
گَرّیان	1
گستاهێن	1
گُزران	1
گرێوێت	1
گِرێوگ	1
گُرّگَ	1
گَرَزان	1
گردێن	1
گِرِپتارَ	1
گرۆکانی	1
گرّمارے	1
گِرگی	1
گِرگِسیانی	1
گَجّان	1
کئیدیێن	1
کئیدیانی	1
کئیدی	1
کئیپائے	1
کْریسپُس	1
کْریتی	1
کئییگَ	1
کئیلێا	1
کیهُرّ	1
کیوسئے	1
کیمّتئے	1
کیلوئے	1
کئیپا	1
کێنگان	1
کێنگا	1
کێنگَ	1
گُپتارا	1
گایوسا	1
گامئے	1
گامالیَل	1
گَجّ	1
گُٹلۆپ	1
گِپتنت	1
گپتگێت	1
کْلیوپاسئے	1
کْلیوپاس	1
کْلئودیوسئے	1
کْلئودیوسا	1
گامالیال	1
کْویرینیوس	1
کْوَهنێن	1
کْنیدوسئے	1
کَبرێئے	1
کَبرێا	1
کَبران	1
کبرانَ	1
کُپران	1
کپتگ‌اتنت	1
کپتَ	1
کبیلهێئے	1
کاهدان	1
کانالئے	1
کانا	1
کاگدِش	1
کباهی	1
کَباهِش	1
کباهِش	1
کاهُکانی	1
کُٹّئے	1
کَٹّئے	1
کُٹُمئے	1
کَٹّیت	1
کَدرِش	1
کُدامَ	1
کجامی‌اِت	1
کجااِت	1
کپنا	1
کُپرئے	1
کُپرے	1
کَپَرناهوم	1
کتابِش	1
کتَ	1
کُپّێنگ	1
کَپُنا	1
کاشا	1
شْوانگان	1
شئیسِ	1
شئیرئے	1
شَهمے	1
کاردارئے	1
کاردارے	1
کارداران	1
کاردارا	1
شهارتی	1
شئوکتێا	1
شئورِت	1
شۆنَ	1
شهمانی	1
شُهم	1
شهمَ	1
شَهروند	1
کازیێا	1
کازیا	1
کارۆ	1
کاروانسرائے	1
کاسئے	1
کاسگا	1
کاستُر	1
کازیَ	1
کارمَسترا	1
کارگێج	1
کارِشَ	1
کارزانتیا	1
کاروانسراێا	1
کارِندهئے	1
کارندهێا	1
کارِندهان	1
کَدَمَ	1
کَشّتی	1
کَشّتگێنانی	1
کَشّتگ‌اَتی	1
کُشتگ‌اتنت	1
کِشۆک	1
کِشگی	1
کَشَگا	1
کشّکان	1
کَسترَ	1
کَسب	1
کسانیئے	1
کَسّارا	1
کِشتگ‌اَت	1
کَسّێئے	1
کِسّهانی	1
کَستری	1
کُلئوے	1
کُلئوانَ	1
کُلئوا	1
کلۆنڈان	1
کِلیسایان	1
کلیساێا	1
کلیتان	1
کُلئوِش	1
کَلداران	1
کَلدارا	1
کلاگیَ	1
کلاگِش	1
کِلّنت	1
کلمه	1
کَلدارئے	1
کَلدارُن	1
کَرْزاَرواهی	1
کُربانجاهُن	1
کربانجاها	1
کَرّانی	1
کِرّانی	1
کردا	1
کُرتِش	1
کُربانیگێا	1
کُربانیگِش	1
کَڈّنَ	1
کِدْرونئے	1
کُدْرَنتِسئے	1
کَدێن	1
کَرارے	1
کرارے	1
کرّاچ	1
کَڈّنی	1
کرۆ	1
کُروس	1
کُرِنْتا	1
کُرِنت	1
کِرێه	1
کَرّێن	1
کِرینی	1
کرینژگے	1
کُرّگی	1
کِردێئے	1
کِردی	1
کِردار	1
کَرنائے	1
کَرنا	1
کُرّگے	1
کُرّگێا	1
گَسڑا	1
مانااِش	1
مالیَ	1
مالیاتا	1
مالیاتَ	1
ماهیگانَ	1
ماهۆرێئے	1
مانمئیاتکێن	1
مانگێن	1
ماڑیانی	1
ماڑیانَ	1
ماتِش	1
لێکَگَ	1
مالۆ	1
مالدارے	1
مالٹا	1
مالَ	1
مَتّاتا	1
مُتابکا	1
متا	1
مپرُشیت	1
متَرّ	1
مَتّانِ	1
مَتّان	1
مَتّاتایِ	1
مباهێنێت	1
ماهیگیرئے	1
ماهیگیریئے	1
ماهیگیر	1
مپُتریت	1
مپُتر	1
مبوتێننت	1
مبرنت	1
لێزگی	1
لِوارَ	1
لَنگێا	1
لَنگان	1
لنَگا	1
لۆٹتِت	1
لۆپرێن	1
لۆپ	1
لوکایا	1
لِلّکا	1
لِلّانی	1
لَکّێن	1
لَکُشیت	1
لنگ	1
لَنکُکی	1
لَنش	1
لَمبانی	1
لیسیاسئے	1
لیسیاسا	1
لیسیاسَ	1
لیسانیاس	1
لێٹێنیت	1
لیگیونا	1
لیگیون	1
لیکیَهئے	1
لۆٹۆکا	1
لۆٹۆکَ	1
لۆٹگَ	1
لۆٹتِن	1
لهما	1
لهتێنی	1
لهتێنانی	1
لۆگ‌واجه	1
مَتوشالَه	1
مِڑَ	1
مِڑ	1
مِرْگی	1
مَریمی	1
مزن‌راهئے	1
مزن‌اُمر	1
مزانتێن	1
مَڑاهدار	1
مِریت	1
مرۆچیگ	1
مُرواردے	1
مروارِدان	1
مَریمِش	1
مریدیئے	1
مریدانِش	1
مریدانَ	1
مسترے	1
مسترێنانی	1
مسترێنَ	1
مستاگِشَ	1
مَسیهیَ	1
مَسیهُن	1
مِسری‌ای	1
مستیا	1
مَزَن‌گوَرمی	1
مَزن‌شانێن	1
مزن‌شانێن	1
مزن‌زۆر	1
مُسام	1
مُساپرجاه	1
مُزّی	1
مزنی‌اُن	1
مُروارد	1
مُچّیانی	1
مُچّیان	1
مچّی	1
مچِکّیت	1
مدئیان	1
مَدتا	1
مدافع	1
مُدامَ	1
مِتْرِتِس	1
مَتّیاسئے	1
مَتّیاس	1
مَتوشالَهِ	1
مچارێت	1
مچاریت	1
مُجێن	1
مجلسا	1
مَرکاسا	1
مرسێنیت	1
مَردێن	1
مردم‌شماریئے	1
مِرمِرانْک	1
مِرمِرانکێن	1
مَرکێا	1
مرکێا	1
مَڈّیئے	1
مَڈّیا	1
مَڈّی‌ای	1
مدئیێن	1
مرتگ‌اتنت	1
مَرتائے	1
مرتائے	1
مرادانی	1
گوارێنتگ	1
گواجارگا	1
گواجارگ	1
گواتگ	1
گوَجگَ	1
گواهی‌ای	1
گوازێنتگێن	1
گوازَ	1
گندهکاریان	1
گَندهتر	1
گندهَ	1
گنده	1
گِنیسارِت	1
گنۆکی	1
گُنگێئے	1
گُنگَ	1
گوَشتگ‌اتنتی	1
گوَشتگ‌اَتُن	1
گوشتگ	1
گوشتش	1
گوَشئیگا	1
گوَشۆک	1
گوَشگیَ	1
گوَشتێن	1
گوَرمێئے	1
گوَرمۆش	1
گوَرایی	1
گوَجگئے	1
گوَشتانکا	1
گوَسکا	1
گوَسک‌پئیمێن	1
گوَستَ	1
گَندلانی	1
گلّێنتگ	1
گَلّیوئے	1
گَلّیو	1
گِلی	1
گَما	1
گُلئے	1
گلّێنی	1
گَلّێنگ	1
گلاێننت	1
گُلاێشی	1
گلامی	1
گَلاتیَهئے	1
گَلّهێن	1
گِلگے	1
گِلگدار	1
گلاێنیت	1
گِندُکئے	1
گَند	1
گنجئے	1
گَنترێن	1
گِندگئے	1
گَندگێن	1
گَندگیَ	1
گِندگی	1
گُمراهی	1
گمراهَ	1
گُمبُدا	1
گُمانی	1
گناهِن	1
گُمورَه	1
گَمواریا	1
گَمناکێن	1
گوَنڈتر	1
لِبزا	1
لاوی‌ای	1
لاهکیا	1
لاهکَ	1
لپاشان	1
لبزے	1
لبزُن	1
لبزانی	1
لانچی	1
لامَکِ	1
لامَک	1
لالِچَ	1
لانکیگے	1
لانکبندئے	1
لانکبندی	1
لانکَ	1
لَرزِت	1
لرزِت	1
لرزت	1
لَرزانا	1
لَکُشت	1
لُک‌کَدّے	1
لِسْتْرَهئے	1
لَرزنت	1
لُچّ	1
لَچ	1
لَج	1
لٹّے	1
لَڈّێت	1
لَڈّت	1
لچّێنتی	1
لَچێا	1
لاکارتگِت	1
گێجان	1
گیشّێننت	1
گیشّێنتگ‌اَت	1
گیشّنت	1
گێشترِشَ	1
گێشترا	1
گێچێت	1
گێجگی	1
گُهاران	1
گۆکی	1
گۆریچانی	1
گوَنڈترێنے	1
گیشّت	1
گیرت	1
گیابانێن	1
گِهبودی	1
لاپ‌رِچێا	1
لاپ‌پرّی	1
گْوَسک	1
گْوَرما	1
لاسیَهئے	1
لاتینی	1
لات	1
لاپ‌سێرا	1
گْرامبَند	1
گِّرێننت	1
گێشی	1
گێشترێنانی	1
گْوَرم	1
گْوازێنگا	1
گْرێوێت	1
گْرانبرَ	1
شۆشِنگ	1
ریسا	1
ریپانئے	1
ریاکاریئے	1
ریاکاری	1
ریشّگَ	1
ریشگ	1
ریش‌کماشێن	1
ریسایِ	1
رهسرانَ	1
رَهسرا	1
رهزنے	1
رَهزن	1
ریاکاران	1
رَهمدلی	1
رهمتێن	1
رهگوَزێن	1
زبانانی	1
زُبانا	1
زباددانِش	1
زانۆگرے	1
زَدَگ	1
زِبْدیا	1
زِبْدی	1
زُبانُک	1
زارَهِ	1
رێگیومئے	1
رێپێنیت	1
رێپێننت	1
زانتێا	1
زانتگ‌اَتِش	1
زانتکاریا	1
زانتکارترَ	1
رَهدَربَریَ	1
رۆدا	1
رۆچ‌مُزّ	1
رۆتی	1
رۆباها	1
رۆزیگئے	1
رۆدَراتکئے	1
رۆدرآتکی	1
رۆدایا	1
رُنۆکانی	1
رُنگئے	1
رَندگیری‌ای	1
رَندگیر	1
رومیَ	1
رودِسئے	1
روپُسئے	1
رُنیت	1
رئوۆک	1
رئووِ	1
رئوو	1
رئوانێن	1
رَهبندِش	1
رَهبریا	1
رِهُبامِ	1
رِهُبام	1
رئواجَ	1
رۆنکارانَ	1
رۆنا	1
رۆکِش	1
رئوانِش	1
رئواکیانی	1
رئواجکا	1
رئواجان	1
زربتے	1
زَهمێا	1
زَهمی	1
زهمتوار	1
زهمت‌کَشّان	1
زیرَّگئے	1
زیارتجاها	1
زیادَهی	1
زهمئے	1
زَهریچکانی	1
زَهریچکان	1
زهررێچ	1
زَهراپا	1
زَهمانی	1
زَهمان	1
زَهم‌کۆش	1
زَهرے	1
سالامیسئے	1
سازگ	1
سازِت	1
ساده	1
سالومَها	1
سالگِرَها	1
سالگِره	1
سالانِت	1
زێوری	1
زێملئے	1
زێبایی‌اِش	1
زیمّے	1
ساچۆکێن	1
ساچۆک	1
ژامبلێنیت	1
زئیتونی	1
زۆرمندانی	1
زَکرَیائے	1
زَکَتان	1
زَکَتَ	1
زَکّائے	1
زمانگانی	1
زلوریێن	1
زلورتان	1
زَلور	1
زَرگرے	1
زِرکِرّان	1
زَرداران	1
زَرپرست	1
زِکّانی	1
زِکّانَ	1
زَرْتورَگئے	1
زَرْتورَگا	1
زِنهکاریا	1
زِنهکاران	1
زنگِش	1
زَنگَ	1
زۆراکا	1
زِووسئے	1
زِنهکارے	1
زِنهکاریئے	1
زمینّا	1
زمین‌چَنڈ	1
زِمّهواریا	1
زمزیلی	1
زِنایی	1
زِنائے	1
زمیندارئے	1
زمیندارێا	1
دْرهبات	1
دْرۆشمی	1
دْرۆشُم	1
دْروسیلائے	1
دْوااِن	1
دْرَهگا	1
دْرهبکشی‌اُن	1
دْرَهباتان	1
دْرُشێت	1
دْرُشیت	1
دْرُشگا	1
دْرشگا	1
دْرنزگ	1
دْرنجنتی	1
دْرَنجگ	1
دْرِکّ	1
ڈۆلُکێئے	1
ڈۆلُکا	1
ڈۆکێئے	1
ڈۆکی	1
راستێنئے	1
راستُن	1
راجئے	1
راج‌دپتر	1
ڈگارُن	1
ڈگارِش	1
ڈکّالی	1
ڈاهے	1
ڈۆکِش	1
ڈنگرانی	1
ڈنگر	1
ڈَنڈۆر	1
دْرچکے	1
دیکی	1
دیستێن	1
دیستگێنِش	1
دیستگۆ	1
دیوانجاه	1
دینارێا	1
دین‌دۆستێن	1
دیمیتْریوسئے	1
دۆستے	1
دۆستِش	1
دۆران	1
دۆچگ	1
دیستگُن	1
دیستگِت	1
دیستِت	1
دِهکانانی	1
دْرپشناکَ	1
دْرپشِت	1
دْرَپشان	1
دْراهیَ	1
دْرتکگ‌اتنت	1
دْرَتکِش	1
دْرپشێنگ	1
دْرپشنت	1
دێمپانے	1
دێمپانی‌ای	1
دیونیسیوس	1
دیوتْریپیس	1
دْراش	1
دئیۆکی	1
دئینکارانَ	1
دێمگیر	1
رامگ	1
رَکّتگ‌اَنت	1
رکّتگ	1
رسێنیتِش	1
رسێنگی	1
رَکّێن	1
رکّێن	1
رَکّێت	1
رَکّتئے	1
رسێنان	1
رسێت	1
رسمی	1
رَسَگا	1
رسێنگَ	1
رسێنتگ‌اَنت	1
رَسێنتگ	1
رسێنتِش	1
رَمگِش	1
رمگِش	1
رَمگ	1
رُمبێنتَ	1
رَندِش	1
رنجێا	1
رمێزا	1
رَمێز	1
رَکّێنۆکا	1
رَکّێنۆکَ	1
رَکّێنتگێن	1
رَکّێنتگ‌اَنت	1
رُمبگئے	1
رگبندا	1
رگبند	1
رَکّێنێت	1
رَسَدے	1
رَجۆکێا	1
رَجۆک	1
رَبێدگئے	1
رَبێدگانی	1
رَدکاریان	1
رَدکارِش	1
رَدکارتر	1
رَدکارانَ	1
ربّال	1
راهۆ	1
راهُن	1
راهِشَ	1
ربێدگانی	1
رَبێدگان	1
ربێدگا	1
رَبّونی	1
رَستگاری	1
رَستگ‌اَتی	1
رَستگ‌اَتان	1
رُستگ‌اَت	1
رستَها	1
رَستگِش	1
رستگان	1
رستگاریَ	1
رُزّ	1
ردی	1
رُدۆمی	1
ردۆم	1
رَسِتگ	1
رُژناترێن	1
رزائے	1
رزامند	1
سالیگ	1
سینگار	1
سیمسری	1
سیم	1
سیلوانوسئے	1
سێرێنی	1
سیَه‌رۆچیے	1
سیه‌گواتێا	1
سینگارتگِش	1
سیراکوسئے	1
سیاهَل	1
سیاهگئے	1
سیاهگانی	1
سیلوانوس	1
سیلاسی	1
سیزارئے	1
سیرتیسئے	1
سْیَه‌گواتێا	1
سْیَه‌گَرّیێن	1
سْرێنی	1
سْرَپئے	1
شاگردا	1
شارونئے	1
شادمانیے	1
شاتۆرێن	1
سئیمی‌اِش	1
سئیلا	1
سئیدونی	1
سێنگان	1
سْتوییکی	1
سْتاتِر	1
سئیئے	1
سئیێنانی	1
سیاهگان	1
سۆرێئے	1
سۆجا	1
سۆتکگێن	1
سوێز	1
سئوداگری	1
سئوبئے	1
سئوادا	1
سۆهانَ	1
سوریه	1
سودُمّی	1
سوتّانی	1
سوتّان	1
سوگیَ	1
سوسْتینِس	1
سوسن	1
سوریَه	1
سُهُنگۆ	1
سُهلئے	1
سَهل	1
سُهرزِرئے	1
سیاهگ	1
سُهئیلیگَ	1
سهیگیا	1
سهیگی	1
سئوگندِش	1
سئوگاتِش	1
سئوداگرێئے	1
سئوداگریَ	1
سُهرزِر	1
سُهرچکێن	1
سَهدارێئے	1
سُهبتی	1
شاگردِش	1
شِکێمئے	1
شکایتَ	1
شِکارا	1
ششێن	1
شَلّاک	1
شگرِش	1
شکّئے	1
شکّے	1
شریکداری	1
شروهاتا	1
شَرمندگَ	1
شَرکِردێن	1
ششتنت	1
شُشتگێن	1
شِرّے	1
شَرّێنے	1
شۆدگَ	1
شِنا	1
شِمیِ	1
شِمی	1
شۆرشی	1
شۆرِشگریئے	1
شۆدۆکێن	1
شۆدگئے	1
شمُشتگ‌اَت	1
شمبِهی	1
شَمبِها	1
شمایی	1
شمۆشکارێن	1
شَمونئیگ	1
شَمونِ	1
شمُشتگی	1
شَرکِردی	1
شائران	1
شاهدی‌اِشَ	1
شاهدِش	1
شاهدانی	1
شَتّ	1
شُبێنگا	1
شُبینگ	1
شاوولِش	1
شانتگێنانی	1
شامُن	1
شالَهِ	1
شالَه	1
شاهدان	1
شاهدَ	1
شاهانگێن	1
شانگێن	1
شَرَپ	1
شرابێن	1
شرابیان	1
شِرّا	1
شرتری	1
شرپے	1
شرپێا	1
شرپدارترَ	1
شَتَلکارێن	1
شَتَلکاری	1
شَتَلکارانی	1
شُتگئے	1
شِدّتئے	1
شَتئے	1
شتئے	1
شتێت	1
سرپدیا	1
سرپدِشَ	1
سربلندَ	1
سرباز	1
سرداران	1
سرچمّگَ	1
سُرِت	1
سَرَپَها	1
سَدوکیان	1
سَدوکِ	1
سَدوک	1
سَداپ	1
سَرّاپان	1
سُر	1
سِرّ	1
سَدئے	1
سرکَشّێن	1
سرکَشێن	1
سرکچَ	1
سرکپ	1
سرگْرانَ	1
سِرگیوس	1
سَرگوَستا	1
سرگردانێن	1
سرزاهری	1
سردیانی	1
سردارے	1
سَردارزادگے	1
سرشَکون	1
سَرِشَ	1
سَرزنشئے	1
سرزنش	1
سجّهێنِش	1
سباهَ	1
سبارگ	1
ساهرانی	1
ساهدارانی	1
سَبکا	1
سبزیَ	1
سبزگا	1
سبزگَ	1
سامِریئے	1
سامِرَها	1
سامانِش	1
سامِ	1
ساهدار	1
سانکلان	1
ساموسئے	1
ساموتْراکیئے	1
سِتکَ	1
سَتایا	1
ستادیا	1
سَپْتے	1
سُجده‌اِش	1
سُجّا	1
سُجّ	1
سِتمَ	1
سَبکُن	1
سَبکِشَ	1
سَبَکانی	1
سَبکانی	1
سَپیرَها	1
سِپُردهَ	1
سِپُرده	1
سَپتانی	1
سَرمچار	1
سَماتَ	1
سَلْمونِ	1
سَلْمون	1
سُلئیمانِ	1
سَمَرانی	1
سمرا	1
سمبهێنێت	1
سَمبالۆک	1
سِلّی	1
سِلوکیایا	1
سلواتِش	1
سَلمونَهئے	1
سَلیبِش	1
سَلیبانی	1
سَلیبَ	1
سِلّیانی	1
سُنگئے	1
سِنگێئے	1
سنگینی	1
سُنگیانی	1
سوپاتِروس	1
سواریا	1
سوارِن	1
سِنْگپَرْشَ	1
سنگا	1
سندوکے	1
سَنایی	1
سنایان	1
سَنگرَ	1
سَنگتئے	1
سِنگانی	1
سِنگان	1
سَلمونِ	1
سرێن‌پرُشتگێن	1
سَریَ	1
سَرهالانی	1
سرهالانی	1
سَڑتگ	1
سَرْشَکونَ	1
سِرّێنیت	1
سُرێنگا	1
سرونان	1
سُروجِ	1
سُروج	1
سروتمندیئے	1
سرهالان	1
سرهال	1
سرۆکێن	1
سرۆکا	1
سَلاهکاران	1
سگّێت	1
سگّتنت	1
سگّتگ	1
سَلمون	1
سِلکاریئے	1
سِلکاریانی	1
سِلکاریانَ	1
سِزایی	1
سِزاوارَ	1
سَڑیت	1
سَڑگ	1
سِکونْدوس	1
سَکترێن	1
سُکّانے	1
سُکّانِش	1
