# Word	Count
﻿እት	5375
እብ	5301
ዲብ	4875
እንዴ	4479
ምን	3671
እሊ	2947
ህዬ	2465
ክም	2166
ናይ	1743
እለ	1634
ሰበት	1509
ቱ	1476
እተ	1456
ሰነት	1214
ዐለ	952
አስክ	952
እግለ	918
ኤረትርየ	912
ክምሰል	899
ምስል	876
ምነ	859
እበ	819
ገብእ	784
ዲበ	764
ለዐለ	761
ሀለ	699
ላኪን	679
ሸዐብ	672
ሰኒ	648
ዮም	599
እቱ	591
ዲቡ	587
ክሉ	575
ኢኮን	553
ዶል	521
ሐቆ	519
ተ	515
ሚ	504
ሐቴ	501
ህለ	501
ሕርየት	498
ገብአ	454
ይት	442
ወክድ	442
ክል	441
ደረጀት	438
ለሀለ	432
ወለ	420
እሎም	406
ናይለ	404
ወድ	398
እግሉ	396
አነ	394
እሉ	388
ዐለት	387
ገጽ	382
ምኑ	371
ወጠን	362
ማይ	356
እቡ	355
በሐር	354
ህሌት	352
አዜ	345
ወእብ	344
ገበይ	340
አዳም	335
ወቅት	334
እምበል	334
አቅሊም	329
ሌጠ	327
ቤለ	325
ልብል	322
እትሊ	321
ርኢስ	296
እንተ	293
እትለ	293
ሽቅል	292
ልግበእ	291
ምድር	290
ሐርብ	286
ሰኣል	283
ለህለ	282
ህለው	279
ዕልብ	275
ምዴርየት	274
ይ	270
ዐድ	269
ዲብለ	260
አሰይድ	259
ቀደም	256
እድሪስ	254
መድረሰት	254
ለዐለት	253
ዝያድ	252
ሕነ	252
አርቡዕ	251
ደንጎበ	250
እንቱ	250
ሸባብ	250
ምናተ	249
አው	248
ምስለ	248
ክምቱ	244
ክልኤ	243
ኩሉ	243
አዋልድ	241
ክምሰልሁመ	240
ቡ	240
ላቱ	240
መ	238
ገሌ	237
ውላድ	235
ቤለዩ	229
ፈሪቅ	227
አምዕል	225
ፍንቱይ	222
ሰብ	221
ክእነ	220
ኢገብእ	219
አካን	219
ለትፈናተ	219
ቶም	216
ተዕሊም	216
አንፋር	215
ጀብሀት	214
ወዲብ	214
ሐርስ	214
ሕኩመት	213
መሐመድ	212
ዐለው	211
ሕመዳይ	211
መደት	210
ለዐለው	210
አለቡ	208
ሕድ	207
ዓፍየት	206
አስመረ	205
ወብዕድ	204
ህሌነ	204
ድወል	203
ምግብ	202
ንቅጠት	200
ነፈር	200
በራምጅ	200
ብዕድ	199
ቀድር	199
ዎሮ	198
እግልነ	197
ዓመት	196
ወእግል	196
ጸሓይ	194
ዐማር	194
ከአፎ	194
ምንገብእ	194
ዕጨይ	193
ሰለስ	193
ልትበሀል	193
መዲነት	189
ግብለት	186
ደረሰ	186
ብዙሕ	186
መንጠቀት	186
ዶር	185
ትብል	184
ለገብእ	183
ሰኔት	182
ወ	181
ብዞሕ	181
ህቱ	180
መልክ	179
ዎሮት	176
አንሳት	176
ምንመ	176
ሄራር	175
ከደማት	173
በሊስ	173
እዲነ	172
መርሐለት	171
ለህሌት	171
ወደ	170
ትቤ	170
ዐሊ	169
ለገብአ	169
ማዮ	168
ሕበር	168
ዐለም	167
ከም	167
እብለ	164
እቅትሳድ	163
እብሊ	162
ነቅፈ	160
ዴሽ	159
በህለት	159
ሐቆለ	159
ፍረቅ	157
እግልሚ	157
ዐባይ	156
ገብአት	155
ዒድ	155
ክፈል	155
ወራታት	154
አዜመ	154
ብነ	154
ክመ	153
ሰላም	153
አልፍ	152
ለልብል	152
ክምሰለ	150
አባይ	150
ጅግረ	149
ወእት	149
ቤት	149
ቅዋት	149
ለህለው	149
ዐቢ	148
ታሪክ	146
ቀበት	146
አማን	145
ሐዲስ	145
እዳረት	143
ውዛረት	141
ወሬሕ	140
ክፋል	139
ሱዳን	139
መሕበር	139
ለቡ	138
ሰበብ	137
ሀዬ	136
ንዳል	135
ቀየሕ	135
ረቢ	135
ኦሮት	134
መሻክል	134
ወምን	132
አሜርከ	132
ቅያስ	132
አፍሪቀ	131
ሓለት	131
ላመ	131
ደንደን	130
አክል	130
በክት	129
ቅብለት	129
ጄሽ	128
ለልትበሀል	128
ካስ	127
ክልኦት	126
ለሀይ	126
ላሊ	125
ዓዳት	124
ባካት	124
ፍንጌ	123
ካርጅ	123
እናስ	123
ለህሌነ	123
ለዲብ	122
ቶከር	121
እለን	120
አስክለ	120
በዐል	120
ላተ	120
ህሌኮ	120
ዝያደት	119
ነብረ	119
መስል	119
ለሀሌ	119
ዓሰ	118
ዐቦት	118
ስያሰት	118
ዐውቴ	117
አግቡይ	117
መጽእ	117
ኖሱ	116
ቃኑን	116
መቅደረት	114
ኢሰያስ	113
በዲር	113
መጃል	113
እግሎም	112
ሸርሐ	112
ለመስል	112
ጀላብ	111
እንቀድር	111
መናሰበት	111
ሐበረ	111
ሶማል	109
ሳልሕ	109
ምኖም	109
መስኡል	109
ወናይ	108
ንዋይ	108
ትግራይት	108
ለናይ	108
ክሎም	107
አቶብየ	107
ትልህየ	107
ሕሽመት	107
ሕማም	107
ልብሎ	107
ከረ	106
ርዝቅ	106
አረፋይኔ	105
ንዛም	105
ገቢል	104
መሰል	104
አሳስ	103
ሞት	103
መስር	103
ማርስ	102
ሐልፈ	102
ረዪም	101
ዲመ	100
ክለ	100
እተይ	100
ጅህድ	99
እግልዬ	99
ትቀድር	99
ሐር	99
ዐውል	98
ኣድም	98
መአሰሳት	98
ሒለት	98
ሐድ	98
ፈርዑን	97
ጋር	97
ይዐለ	97
ወለዐል	97
ሰልፍ	97
ምትር	97
ሐብሬ	97
ደውለት	96
እሊመ	96
አተ	96
ዐድነ	95
ወዴ	95
ሳምን	95
ሰዳይት	95
ረአስ	95
ማል	95
መጽአ	95
ለአለቡ	95
ውሕደት	94
ትግበእ	94
ጅግራታት	93
ደም	93
ዒራቅ	93
እጅትማዕየት	93
ኤረትርዪን	93
ስሌማን	93
ጣቀት	92
ወሐር	92
ቅሩብ	92
ሶዳን	92
ጋብእ	91
ብቆት	91
መዳርስ	91
ዐጀላት	90
ዐባዪ	90
አቡሁ	90
በርናምጅ	90
ሸቃለ	90
ሀሌት	90
ጀሪደት	89
ወዚር	89
አሰይደ	89
ሳዐት	89
ምእታይት	89
ለእብ	89
አምር	88
ሐዳስ	88
ፍዕል	87
ካልኣይ	87
እግር	87
እግልከ	87
ትገብእ	87
በ	87
ህያብ	87
ሀደፍ	87
ወያኔ	86
እሲት	86
እም	86
አርዛቅ	86
ተሕሪር	86
ሳልም	86
ምስሉ	86
መንባዬ	86
ለእናስ	86
ህሌከ	86
ሰውረት	85
ዓም	84
ዑስማን	84
ክእኒ	84
አስባብ	84
ለዐል	84
ለሀ	84
ጌሰ	83
ጃንዋሪ	83
ተቅዪር	83
መነዘመት	83
ጅንስ	82
ፍንቲት	81
ምውዳቅ	81
ጀሀት	80
ድፈዕ	80
ተእሪክ	80
ሰበቡ	80
ምህም	80
ለከስስ	80
ህለየ	80
አጅያል	79
ተሀሌ	79
ብዝሓም	79
መሻረከት	79
ሐያት	79
ዕላቀት	78
ወለት	78
ክምእለ	78
ረአሱ	78
ምዕል	78
ልብ	78
ከሊመት	77
ትርበት	77
ሻብ	77
ሸዕብየት	77
ለቀድር	77
ለ	77
ሑድ	76
ልተላሌ	76
ለትብል	76
በጽሐ	75
ሚልዮን	75
ድዋራት	74
ደብር	74
ወራር	74
ኮበሪት	74
እዴ	74
ብዕዳም	74
በርከ	74
ሸክ	74
ምፍጋር	74
ምንዲ	74
ሐንቴ	74
ግረ	73
ዕምር	73
ሓይስ	73
ገብአው	72
ዋጅብ	72
ወእሊ	72
ኣፕሪል	72
ሮረ	72
መርከዝ	72
ህተ	72
አግደ	71
አብካት	71
ተጠውር	71
ተለፎን	71
መስኡልየት	71
ልግባእ	71
ልትረኤ	71
ፌብርዋሪ	70
ድራሰት	70
አካናት	70
ርያደት	70
ረአይ	70
ህቶም	70
ፈርሐት	69
ገይስ	69
ዐልኮ	69
ከደን	69
አስማጥ	69
ነብር	69
ትሩድ	69
በልሰ	69
ቀሊል	69
ሰእየት	69
መቃበለት	69
ለበዝሐ	69
ፈንቅል	68
ዔማት	68
እቶም	68
ኖዕ	68
ለጸንሐ	68
ለልትረከብ	68
ፈን	67
ወደው	67
ክርን	67
አርድ	67
ቤለየ	67
ክድመት	66
አውመ	66
አክትበት	66
ተየልል	66
ቤለው	66
መስኡሊን	66
ፈጅር	65
ፈሬዕ	65
ጎል	65
ብዝሔ	65
ህቱመ	65
ወዲ	64
አየ	64
ትበሀለ	64
ስታት	64
ሰፊር	64
ማስል	64
ማሌ	64
ፍገሪት	63
ጽበጥ	63
ዐመልየት	63
አቅበለ	63
አርበዕ	63
ቃሊ	63
ስካን	63
ምህነት	63
ጋሽ	62
ድራሳት	62
ዐለየ	62
ከፎ	62
ኢብራሂም	62
አሽቃል	62
ተረት	62
መክተብ	62
ለሔሰ	62
ጠቢዐት	61
ካልእ	61
ከእግል	61
እስትዕማር	61
አወላይ	61
ቅያደት	61
ሰባተት	61
ሰር	61
ምጅልስ	61
ሕዱድ	61
ዐዲ	60
ክቡድ	60
ክምተ	60
ካልኣይት	60
አዲን	60
ቻይነ	60
ቴለል	60
ተእሂል	60
ብንየት	60
ሚቱ	60
መዓወነት	60
ለገብአት	60
ለእግል	60
ደሐን	59
ዐዱ	59
ወእግለ	59
ኪሎ	59
አንበተ	59
ልጅነት	59
ልትሸቄ	59
ውቁል	58
ሸሬሕ	58
ምህሮ	58
መጅልስ	58
ለሐልፈ	58
ጀሀቱ	57
ደማነት	57
ወአስክ	57
አሜሪከ	57
አሕድ	57
አ	57
ቲቢ	57
መዋጥኒን	57
ሐቅ	57
ህግየ	57
ዝያረት	56
ዘርእ	56
እጅትመዕ	56
ፈግረ	55
ጸንሐ	55
ዛየ	55
ወእብሊ	55
አጀኒት	55
ብከ	55
ስቅራት	55
ሰኖታት	55
ልትረከብ	55
ለምን	55
ፈሀም	54
ደሀብ	54
ዐንሰበ	54
ዋዲ	54
ወእተ	54
እሰልፍ	54
እምቤ	54
አከይ	54
ተን	54
ቅወት	54
ቀላል	54
መደረት	54
ሕርያን	54
ሐምስ	54
ህጁም	54
ግድም	53
ክቱብ	53
ኬንየ	53
ኒበል	53
ሻምፕዮን	53
ሲቲ	53
ምናድል	53
ሐቴመ	53
ሐል	53
ሊቨርፑል	53
ጠወሮት	52
ዲቦም	52
ደማር	52
ዘበን	52
ዐብደለ	52
ዐስር	52
ወጅብ	52
ክሱስ	52
እንክር	52
አዪ	52
ባጽዕ	52
ሽፍር	52
ሳወ	52
ላቶም	52
ሀለየ	52
ይዐለት	51
ዝክረት	51
አፍካር	51
ተጃርብ	51
ለአተላሌ	51
ፈስል	50
ጀሃት	50
ዕልም	50
ወምስል	50
ከረን	50
እኪት	50
አቃሊም	50
አሚር	50
ቦርዲን	50
ሳሕል	50
ሐበን	50
ፕሪመርሊግ	49
ገጹ	49
ጅነ	49
ዐመል	49
ክለን	49
ኢጣልየ	49
ብርጌድ	49
ሰ	49
ለዐለየ	49
ለመልክ	49
ሀለው	49
ገሮብ	48
ጀነራል	48
ድቁብ	48
ወዴት	48
ክላፋት	48
ኪሎምትር	48
ከእብ	48
እንቶም	48
ኢትገብእ	48
ኢሀለ	48
አሰልፍ	48
አለበ	48
ቦም	48
በሰር	48
ቅራን	48
ሽቁል	48
ስሜት	48
ሰንበት	48
ሰምዐ	48
ሐሺል	48
ልእከት	48
ለዐበ	48
ለእለ	48
ዶሉ	47
ድድ	47
ዕ	47
ዐልነ	47
ከለ	47
እድንየ	47
እሙ	47
አለብነ	47
ስኒን	47
ሰዐይ	47
ሑሁ	47
ፖሊስ	46
ጠለበት	46
ደደፍ	46
ወደሐ	46
ካፊ	46
ከልብ	46
አትፋቀደ	46
አትሌት	46
ኑር	46
ትወዴ	46
ትርድት	46
ትሉሉይ	46
በረ	46
ሜዳን	46
ሕርየትነ	46
ሕል	46
ግንራሪብ	45
ዕላቃት	45
ወጠንያይ	45
ወዱ	45
እነ	45
እስትሽሃድ	45
ኢትቀድር	45
አትለ	45
አተው	45
ናዩ	45
በቃዐት	45
ረክበ	45
ምዴርያት	45
ማሕበር	45
መዋሰላት	45
ሓክም	45
ልርከብ	45
ፈርሀት	44
ጌማም	44
ደዋዬሕ	44
የምክን	44
ዕፌ	44
ከጥ	44
ከእሊ	44
እዬ	44
አድሕድ	44
አከዶት	44
ትመስል	44
ስለሕ	44
ማሚ	44
መጃላት	44
መዳይን	44
ሐሊብ	44
ልትአመር	44
ወቀይ	43
ወልዬ	43
ኮሎኔል	43
ከርስ	43
እቼ	43
አድብር	43
አይወ	43
አምን	43
ንየት	43
ነያረት	43
ትትበሀል	43
ተሐት	43
ስወር	43
መአሰሰት	43
ሓጃት	43
ሐሬ	43
ሐልፈት	43
ለመጽእ	43
ለሐልፈየ	43
ለልትረኤ	43
ድፋዕ	42
ካድም	42
እክል	42
ንኢሽ	42
ነስአ	42
ተንዚም	42
ተመ	42
ሻፍግ	42
ረያም	42
ምስትንክር	42
መታክል	42
ለመጽአ	42
ለሐልፈት	42
ለህሌከ	42
ፈድል	41
ጥዉር	41
ገአ	41
ጀራይም	41
ደቂቀት	41
ዑመር	41
ወእበ	41
ክታብ	41
ከዲብ	41
እሲቱ	41
ኤማን	41
ኣላፍ	41
አማነት	41
ኒዴ	41
ብእቱ	41
ቀድያት	41
ሸፋግ	41
ሸቄ	41
ርሑ	41
ሒን	41
ሐሰን	41
ሊትማን	41
ለገይስ	41
ለነብር	41
ግድለ	40
ዕትማን	40
ዐስከሪ	40
ውሕዳት	40
ክምለ	40
ከስስ	40
እትከ	40
ኢቀድር	40
አፈወርቂ	40
አብርሀ	40
ኖሰ	40
ነፈዕ	40
ትበገሰ	40
ብሩድ	40
ቃእድ	40
ቃልየት	40
ቀደር	40
መንበረት	40
ሐረከት	40
ለቦም	40
ለበ	40
ህዳይ	40
ፍክር	39
ጎማት	39
ገለድ	39
ጃምዐት	39
ዱለት	39
ደሚር	39
ደለ	39
ዐደድ	39
ወእለ	39
ኩረት	39
ከበር	39
እንብል	39
እብል	39
እምበለ	39
አፍወርቂ	39
አክለ	39
ቶተንሃም	39
ትግራይ	39
ቮሊቦል	39
ብዕደት	39
ቅብላት	39
ሽዑር	39
ስያደት	39
ስካብ	39
ምንዬ	39
ምለዐል	39
ሙዲር	39
ሕፍዘት	39
ልቡ	39
ለህለየ	39
ጀው	38
ደአም	38
ወሸዐብ	38
ክንፌ	38
ኤ	38
ኢነት	38
አፍሀመ	38
አወላይት	38
አናመ	38
አብ	38
ኖሶም	38
ንቀጥ	38
ትከረ	38
ብትሮል	38
ሳልሳይ	38
ሰልዐ	38
ረአ	38
ምንለ	38
ሕሩይ	38
ለእት	38
ለአትሐዜ	38
ለሐዜ	38
ሀበ	38
ዩናይትድ	37
ዝላም	37
ክልኢቶም	37
እድንያይ	37
እዴሁ	37
እዳራት	37
እብራሂም	37
ኣመረ	37
አርእስ	37
አርሰናል	37
ተቅሪር	37
ተርጀመት	37
ቀድሮ	37
ቀዋኒን	37
ሻም	37
ሰብር	37
ሰራይር	37
ረአሰ	37
ረሕመት	37
ምግባይት	37
ሜርሐት	37
ሙእተመር	37
መጽአት	37
መራቀበት	37
ሕክምነ	37
ሕስር	37
ሕማማት	37
ሐጪር	37
ሐመደ	37
ሌጣ	37
ለትቀድር	37
ለመድ	37
ህድግ	37
ጋራት	36
ጀማሂር	36
ዶላር	36
ድኢኮን	36
ዕን	36
ዕርፍ	36
ዕሉም	36
ወዴነ	36
ወዐዳለት	36
ወሚ	36
ወህቱ	36
ከብቴ	36
ከሰለ	36
ከረም	36
እንወዴ	36
እትለን	36
ትቀደመ	36
ትሰአለዩ	36
ብርሃኔ	36
ቀድረ	36
ስስ	36
ር	36
ረዕ	36
ምስሎም	36
መጅተመዕ	36
ልትዐወት	36
ለሔሰት	36
ጀርቤ	35
ዕንታት	35
ዓይለት	35
ዐሰብ	35
ዋልዴን	35
ወደረሰ	35
ወኬን	35
ወአማን	35
ወልዱ	35
ክምሰልቱ	35
እስብዳልየት	35
እሳት	35
እሊቱ	35
ኢትዮጵየ	35
አውለውየት	35
አሮበ	35
ንትሃጌ	35
በዐለ	35
ቅስም	35
ረክብ	35
መካይን	35
ልትርኤ	35
ለአግደ	35
ለትገብእ	35
ሄኖክ	35
ፋጥነ	34
ፋዬሕ	34
ፈደሬሽን	34
ግሩም	34
ዳዊት	34
ደዓም	34
ዓደት	34
ዐቅል	34
ወደየ	34
ወብዕዳም	34
ወርሕ	34
ወልደ	34
ኩሎም	34
እቦም	34
እሕትፋል	34
አዶብሐ	34
አሀምየት	34
ኒውካስል	34
ነዳፈት	34
ትሸቄ	34
ትልህያታት	34
በደል	34
ስናዐት	34
ሰፋረት	34
መዓድን	34
መትኣታይ	34
መትነዛም	34
ሓምድ	34
ሐልየት	34
ለትወቀለት	34
ህሌኩም	34
ፍድኢት	33
ፈዛዐት	33
ድግም	33
ድዋር	33
ወክም	33
ወካርጅ	33
ወሰላም	33
ክራም	33
ካርጅየት	33
ኦሮ	33
እድንያይት	33
እትገብእ	33
እቤ	33
እስትስማር	33
አፍ	33
አጊድ	33
አድግ	33
አከደ	33
አብሳር	33
አርወሐቱ	33
ነኣይሽ	33
ትተላሌ	33
ታመት	33
ሸርሕ	33
ስልጠት	33
ሰልጠት	33
ምራረ	33
መዋጥን	33
መአንብታይት	33
መትባድረት	33
ሕፍዝ	33
ለእሲት	33
ለእሉ	33
ለነብሮ	33
ሀበዩ	33
ሀሌነ	33
ድጌ	32
ዳንኤል	32
ዛድ	32
ወምኑ	32
ክምሰልሁ	32
ከምን	32
እጅትማዕ	32
እትነ	32
ትፋነ	32
ቴክኖሎጂ	32
ቲዴ	32
ተዐሊም	32
ተውሳክ	32
ቦጦሎኒ	32
ቅድየት	32
ሸክል	32
ሳብት	32
ሩስየ	32
ምኒነ	32
ምስዳራት	32
ማንቼስተር	32
መጅተማዕ	32
መዳልያይ	32
ሕላይ	32
ሐጫር	32
ሐልፈየ	32
ልትከደም	32
ለሸዐብ	32
ግም	31
ዶ	31
የማኔ	31
ዛይደት	31
ወዐማር	31
ኬን	31
እንግሊዝ	31
እምእደኔ	31
እሙር	31
አሳስለ	31
ንርኤ	31
ትግባእ	31
ትም	31
ተቃሪር	31
ተሌ	31
ብሪጣንየ	31
ባቡር	31
በቅዳድ	31
በሀለት	31
ቅድረት	31
ቀር	31
ሰፈር	31
ሰመ	31
ሮያን	31
ምንማቱ	31
ምስልነ	31
ሙደርሲን	31
ሙሰ	31
መስኡለት	31
ሕጻን	31
ሐን	31
ሐምዴ	31
ለወደየ	31
ፍሬ	30
ጥያራት	30
ገባይል	30
ገማል	30
ዳሳት	30
ዲበን	30
ዩስፍ	30
ዘካት	30
ዓዳትነ	30
ውቅል	30
ኩለ	30
ኦክቶፖስ	30
እንርእዩ	30
ኤርትርየ	30
አቴት	30
አብያት	30
አርወሐት	30
ንኡሽ	30
ሸዐብነ	30
ሸባብነ	30
ሳዋ	30
ሱርየ	30
ራድኢት	30
ሞተ	30
መዳልየት	30
መናበረት	30
መሰለን	30
መሪር	30
ሖል	30
ሕናመ	30
ለዐቤ	30
ለእተ	30
ለአክድ	30
ለቢብ	30
ለምድር	30
ፉልሃም	29
ፈግረት	29
ጸብጠ	29
ገአት	29
ገሮቡ	29
ጀማል	29
ደገጊት	29
ደረሳይ	29
ዛይድ	29
ዕምሩ	29
ዐስከርየት	29
ውርስ	29
ኩልየት	29
ከይነት	29
ከ	29
እከ	29
እንቱም	29
ኤታን	29
አካኑ	29
አሰር	29
ትግሬ	29
ትርእዩ	29
ታዕሊም	29
ተበሰም	29
ብድረ	29
በርሀት	29
ሸምሰዲን	29
ሰምበል	29
ምእት	29
ምስጢር	29
መንጠቀትነ	29
መትጃግረት	29
ልኡክ	29
ሌጣቱ	29
ሊግ	29
ሊዴ	29
ለቤለ	29
ፓላስ	28
ጌሰው	28
ጋብአት	28
ዲብነ	28
ደርብ	28
ዕጨት	28
ዕያደት	28
ውላዱ	28
ክልኢተን	28
ኩለን	28
ኢሳይያስ	28
አፍሪቅየ	28
አጣል	28
አሰናይ	28
አርደት	28
ኖስነ	28
ነፍስከ	28
ትረአ	28
ተዐወተው	28
ተሐዜ	28
ተሐበረ	28
ብእተ	28
ቀይሕ	28
ቀርበት	28
ሽብህ	28
ምግባይ	28
ምነን	28
ሚን	28
መዳሊት	28
ሕኔት	28
ሕሳብ	28
ሕልም	28
ሐንገል	28
ሐንቴለ	28
ልባስ	28
ለእግለ	28
ለአምር	28
ለትፈግር	28
ለሐብር	28
ህንዲዶ	28
ፍራስ	27
ፈግር	27
ጽርግየ	27
ገብአነ	27
ደዋሒ	27
ደወ	27
ወደዩ	27
ወዐቦት	27
ወእንዴ	27
ወእብለ	27
ወምነ	27
ወሕኩመት	27
ከድም	27
እንቲ	27
እምብል	27
አፍረዮት	27
አስመዐየ	27
ኖስ	27
ንዙም	27
ናይረት	27
ነፍሱ	27
ነዘሞት	27
ትመጽእ	27
ተውዴሕ	27
በጽሕ	27
ቅሰት	27
ቀደመ	27
ቀበትለ	27
ቀራር	27
ሸዐብየት	27
ስገ	27
ሰቦዕ	27
ሰላሰ	27
ሰለሙን	27
ርከብ	27
ምስንዮት	27
ማጽእ	27
ማን	27
ሚነት	27
ሙጅተመዕ	27
መዳፈዐት	27
መሓሪ	27
ሓይሳም	27
ሐበረት	27
ልትሀየብ	27
ለረከዘ	27
ለሐይስ	27
ለልትሐመድ	27
ሀውየት	27
ፈዳብ	26
ጬወ	26
ጎነ	26
ገጸ	26
ጅምሁርየት	26
ጃርዲን	26
ደርስ	26
ዐጂብ	26
ወጠነ	26
ወዓዳት	26
ወኢኖ	26
ወሰብ	26
ወመስኩበት	26
ወሕሽመት	26
ክስአት	26
ከርቱም	26
ከላስ	26
እደይ	26
እንቤ	26
ኣክር	26
አፎ	26
አድመኖት	26
አንስ	26
አቅርደት	26
አሕመድ	26
ቼልሲ	26
ትወለበ	26
ተመህ	26
ብዝሓት	26
ብናእ	26
ቤለዮም	26
በን	26
ሽቅየት	26
ሽቅሉ	26
ሹሀደ	26
ሳምንቱ	26
ራቴዕ	26
ራሄል	26
ምስልዬ	26
ምራድ	26
መሕሙድ	26
ሕብር	26
ሔዋን	26
ሐረስ	26
ሀይአት	26
ሀይሌ	26
ሀለዮት	26
ፍክረት	25
ጋድም	25
ዶክቶር	25
ድሁር	25
ዲ	25
ደያነት	25
ደማን	25
ዘዐት	25
ወጠንየት	25
ወድዩ	25
ወዲበ	25
ወወጠን	25
ወሐቆ	25
ከምሰልሁመ	25
እዋን	25
አፍዐበት	25
አትመመ	25
አምዔላት	25
ነፍስ	25
ትፈናተው	25
ትርኤ	25
ትሕትየት	25
ብሩር	25
ባር	25
ሽኡን	25
ሸቁ	25
ሰማን	25
ርሒብ	25
ሙጅተማዕ	25
መጽአው	25
መተልህያይ	25
መቅሬሕ	25
መስተቅበል	25
ሐየት	25
ልሰዕ	25
ሊደው	25
ለዐልነ	25
ለእግሉ	25
ለሀይብ	25
ሀበየ	25
ፊራሮ	24
ፈርዕ	24
ጸጋይ	24
ጸንሐት	24
ጨበል	24
ግዲደ	24
ገይሶ	24
ገበአ	24
ዲኢኮን	24
ደረጃት	24
ዝሕረት	24
ዘመን	24
ዕዉታም	24
ዐውቴታት	24
ዐሳክር	24
ዋይዲባት	24
ወግም	24
ወጅቡ	24
ወደዉ	24
ወአዜ	24
ወሳይቅ	24
ወመትሰባል	24
ከርሀበት	24
ከህረበት	24
እንሸቄ	24
እተየ	24
እማት	24
ኤሪነ	24
ኣላት	24
አድረሶት	24
አደቀቦት	24
አተላላይ	24
አሻይር	24
አመት	24
ንሽቄ	24
ናይነ	24
ነኣምር	24
ትትሃጌ	24
ቴሉ	24
ታጅር	24
ተዐየደ	24
ቤቱ	24
በኪተት	24
ቀይም	24
ቀባይል	24
ሰበትቱ	24
ሰላዲ	24
ረአስለ	24
ምክር	24
ምስምሰ	24
መዐልም	24
መታብዐት	24
መርበይ	24
ሕር	24
ሒለቱ	24
ላዝም	24
ለጸንሐት	24
ለገአ	24
ለከምክም	24
ለብእቱ	24
ፋክስ	23
ጽልመት	23
ግዋሬ	23
ገሌሁ	23
ዲብዬ	23
ደዋይሕ	23
ደርሶ	23
ዘህረ	23
ዓያድ	23
ዐዳለት	23
ወፍድ	23
ወድሐ	23
ወሰኒ	23
ወሐቴ	23
ወለፍ	23
ካምል	23
ከድሞ	23
እኩይ	23
እኩም	23
እእግል	23
እንረኤ	23
እትሳል	23
እምዬ	23
እማነት	23
እላተ	23
ኢዐለ	23
አትካራም	23
አትአመሮት	23
አቅመተ	23
አስነደ	23
ናዲ	23
ናትናኤል	23
ነቲጀት	23
ነባሪ	23
ተአተላሌ	23
ተሀየበ	23
ቀዳምያም	23
ሽሂድ	23
ሸይ	23
ሸርሐት	23
ሱልጣን	23
ሰነብት	23
ምንከ	23
ምናድሊን	23
ምስተንክር	23
መጦር	23
መለሀይ	23
ሐሰት	23
ሐ	23
ልግብኦ	23
ልብለ	23
ልርከቦ	23
ልሄርር	23
ለገብኦ	23
ለዐቤት	23
ለአለበ	23
ለትትበሀል	23
ለትመስል	23
ለትሐዜ	23
ለሻረከው	23
ለሰዴ	23
ለሐዙ	23
ህታመ	23
ፈጅራተ	22
ግርማይ	22
ጋምል	22
ዕዉት	22
ዕሙማይ	22
ዐዶታት	22
ወዴከ	22
ወዐለ	22
ወክል	22
ወአርተዖት	22
ክሪስታል	22
ከእበ	22
እጅትማዒ	22
እላመ	22
አውካድ	22
አካነ	22
አትፋዝዖት	22
አትሌቲክስ	22
አቡዬ	22
አርቦዕ	22
አርቦ	22
ትትአከድ	22
ትርበትነ	22
ተጠውራት	22
ተድሪብ	22
ተውዝዕ	22
ብሕቶት	22
በጽሐው	22
በደ	22
በዕ	22
በስ	22
ሽቅሎም	22
ሸንከት	22
ስያሐት	22
ሬድዮ	22
ራክብ	22
ረመዳን	22
ምዲር	22
መጅሙዐት	22
መኪነት	22
መንፈዐት	22
መትሰባል	22
መሻርከት	22
መስለ	22
ሕዱግ	22
ሕላየት	22
ሕሊል	22
ሐረስቶት	22
ልዕቤ	22
ልእቴ	22
ልትደቀብ	22
ልትዐዴ	22
ልብጸሕ	22
ልሽቄ	22
ለይኣውት	22
ለእበ	22
ለትጠ	22
ለልትአመር	22
ፔሌ	21
ፓልሲ	21
ፍጉር	21
ፍርድ	21
ፈሲለት	21
ፈርግ	21
ጽብሕ	21
ጨቅጥ	21
ጢሾ	21
ጠረፍ	21
ገብኦ	21
ዳፍዖት	21
ዲቪዝዮን	21
ዕንታቱ	21
ዓለም	21
ዐዶም	21
ዐዳዋት	21
ዐዙመት	21
ዐረብየት	21
ዐመሲ	21
ዊልያም	21
ወድየ	21
ወበዐል	21
ክምሰልሀ	21
ክልቀታት	21
ከጥወት	21
ከእግለ	21
ከእት	21
እዕላም	21
እንዲኢኮን	21
ኣቤ	21
ኣመሮት	21
አውለውያት	21
አወል	21
አትሌታት	21
አብሐሪሽ	21
አርካን	21
ነስአው	21
ትወድዩ	21
ትወቀለት	21
ታት	21
ተፍኪር	21
ተዕዲን	21
ተዋብ	21
ተረቱ	21
ተማም	21
ብዝሕት	21
ብዕዳት	21
ብካይ	21
ብነእ	21
ብሬንትፎርድ	21
ቢልዮን	21
በጥረ	21
በሪኽ	21
ቅዱስ	21
ቅደይ	21
ቅወዕ	21
ቀልበዎም	21
ቀልበው	21
ቀሉቦም	21
ስታድዩም	21
ምስዳር	21
ሙናድሊን	21
ሙስተቅበል	21
መደርሲን	21
መነፍ	21
መትዳላይ	21
መሻሬዕ	21
መስኩበት	21
መስለኒ	21
መሳፈት	21
መረት	21
መምህር	21
ሐበረው	21
ሐቆሀ	21
ልተልሄ	21
ልምጸእ	21
ሊድስ	21
ለፈግረ	21
ለአቴ	21
ለአማን	21
ለትረአ	21
ሀበይ	21
ፍቲ	20
ፈርያት	20
ጠቢዒ	20
ግርመት	20
ጋሸ	20
ጀኔታይ	20
ዱሉይ	20
ዕዳገ	20
ዕንጃረዕንጃረ	20
ዋዴሕ	20
ወጠኑ	20
ወዲብለ	20
ወንዳል	20
ወልደኣብ	20
ኮከብ	20
ክልዶል	20
ከዋክብ	20
ከሰበት	20
ከልቅ	20
እግለን	20
እተሓድ	20
ኣደሚ	20
አዋይን	20
አንበተት	20
አተላለ	20
አቡከ	20
አሽየእ	20
አስተብደ	20
ነሃየት	20
ትሰአለ	20
ትርከብ	20
ቲበል	20
ተዐወተ	20
ተሐይስ	20
ብራይቶን	20
ብለቅ	20
በጽሐነ	20
በሐስ	20
ሼክ	20
ሸባባት	20
ስሙድ	20
ሳምንታይት	20
ሳልሳይት	20
ሰኣላት	20
ሰሩ	20
ሰረጣን	20
ሩቶ	20
ረአዩ	20
ምሽክለት	20
ምሴ	20
መደቲት	20
መተልህየት	20
መብዳእ	20
መራዐየት	20
ሕቅፍ	20
ሔዋናት	20
ሐዘን	20
ሐዘ	20
ልትሸራሕ	20
ሊብየ	20
ለገበይ	20
ለጅነት	20
ለአስትህል	20
ለሻብ	20
ለሳድፍ	20
ለሀሌት	20
ለሀለየ	20
ሀረም	20
ፍጥር	19
ፍስሃዬ	19
ፈተ	19
ፈረንሰ	19
ጥልያን	19
ጠለብ	19
ገብአየ	19
ገመ	19
ዳገመ	19
ደቀምሐሬ	19
ደሚሩ	19
ዝክርያት	19
ዝልም	19
ዘብጥ	19
ዓሙድ	19
ዓመተን	19
ውቅልት	19
ወዲቡ	19
ወዝያድ	19
ወዚረት	19
ወአቶብየ	19
ወአምዕል	19
ወሰከ	19
ወላሊ	19
ወለቱ	19
ወለመስሉ	19
ኾሚኒ	19
ክርስትያን	19
ከሳር	19
ከራይ	19
እገር	19
እበን	19
እስትራተጅየት	19
እምበልሁመ	19
ኣምነ	19
ኡስታዝ	19
አፍጋንስታን	19
አጅል	19
አስል	19
ኖስከ	19
ናይር	19
ኒል	19
ነፍሒ	19
ነድአ	19
ነስአት	19
ትግርኘ	19
ትከበተዩ	19
ትትረከብ	19
ትሸቀ	19
ትሰርገለ	19
ትላከ	19
ተዕቢኣት	19
ተዐብ	19
ተብዐት	19
ተርፈ	19
ተሕትየት	19
ብዬ	19
በደለ	19
በኑ	19
በር	19
ቀርበ	19
ሻፍገት	19
ሸዐበ	19
ሸሀሪ	19
ሰሮም	19
ረኤነ	19
ረሐ	19
ሙዲርየት	19
መናጥቅ	19
መትር	19
መስከብ	19
መርከብ	19
መራክዝ	19
ሕርየቱ	19
ሕላሌ	19
ሐፋነት	19
ሐኪም	19
ሐባብ	19
ሐቆሁ	19
ሐርማዝ	19
ልክደሞ	19
ልትበገስ	19
ልትሸረሕ	19
ልትሀየቡ	19
ልብሎም	19
ልሰሐቅ	19
ለወክድ	19
ለአተላለ	19
ለአምጽእ	19
ለትቀደመ	19
ለብእቶም	19
ለህሌኮ	19
ህመም	19
ሄራርነ	19
ጠባዬዕ	18
ገበዩ	18
ገርሰት	18
ጅምዕ	18
ጀርቤታት	18
ጀለ	18
ድቅብት	18
ድማን	18
ዳፍለ	18
ይእንቀድር	18
ዩናን	18
ዜድ	18
ዐስተር	18
ዐሚም	18
ዐልከ	18
ዋዕለ	18
ዋሽንግቶን	18
ወዮም	18
ወክዱ	18
ወአምን	18
ወተጠውር	18
ወመቅደረት	18
ወላመ	18
ክምሰሌሁመ	18
ከዛናት	18
ከምክም	18
እህትማም	18
ኤፍሬም	18
ኣደም	18
ኣክረቱ	18
ኢጋድ	18
አትመመው	18
አቴነ	18
አቅበልነ	18
አስኩ	18
አማንተ	18
ናየ	18
ነስእ	18
ነ	18
ትከሬት	18
ትምኔት	18
ተክኖሎጂ	18
ተንፊዝየት	18
ተርቲብ	18
ባብ	18
በዲሩ	18
በዓል	18
በታተን	18
ቅዱም	18
ቀደመው	18
ቀበተ	18
ሸንሀት	18
ሸትል	18
ሸባብሸባብ	18
ሸቀ	18
ሸርሐው	18
ስዑድየ	18
ስቲ	18
ሳድፍ	18
ሳድስ	18
ሳውዛምፕተን	18
ሱግ	18
ሱረት	18
ሰአየት	18
ሰብዐት	18
ሮሻን	18
ሪም	18
ረአየ	18
ምስክነ	18
ምሉክ	18
ሜጀር	18
ሚተ	18
መደርስ	18
መትሃግየት	18
መሽሮዕ	18
መራክብ	18
መሐመድዐሊ	18
ሐዜ	18
ሐቆመ	18
ሐማይም	18
ልሙድ	18
ላተን	18
ሊከ	18
ለከድም	18
ለአምሮ	18
ለትበገሰ	18
ለቴለል	18
ለሐርብ	18
ለልትጻበጥ	18
ህንድ	18
ህሌኪ	18
ሄራሩ	18
ፋግር	17
ፈግረው	17
ጸገም	17
ጸላም	17
ጎዳይፍ	17
ግንዳዕ	17
ግርዝ	17
ጋድሞታት	17
ጋቦን	17
ገአነ	17
ገብር	17
ጅኑድ	17
ጀርመን	17
ዲን	17
ዲሰምበር	17
ደውረት	17
የዐለ	17
የም	17
ዐገል	17
ዐጄ	17
ዐጃይብ	17
ዐድል	17
ዐዳወት	17
ዐብዱ	17
ዎልቭስ	17
ወግብለት	17
ወዶል	17
ወኪል	17
ወእንተ	17
ወእንሰር	17
ወቅቱ	17
ወስክ	17
ወምስሉ	17
ወማይ	17
ካልኢት	17
ከይናት	17
ከብድ	17
እንሰር	17
እነብር	17
እበየ	17
እርሃብ	17
ኣውለት	17
ኢረክበ	17
አዳለዮት	17
አደሐ	17
አክተመ	17
አንሳይት	17
አስከ	17
አስቶን	17
አሴራር	17
አልበስረ	17
አለብዬ	17
ኖቲንግሃም	17
ናዮም	17
ነሐዜ	17
ትነብር	17
ቴለቱ	17
ታሪካይ	17
ተአቴ	17
ተምም	17
ተመት	17
በዋቢር	17
በቲክ	17
በሀል	17
ቅራአት	17
ቃረት	17
ሺ	17
ሹም	17
ሹሀዳነ	17
ስሜቱ	17
ሲቶ	17
ምጀርሒን	17
ምልሃሁ	17
ማንሲቲ	17
ማርያም	17
መፍርየት	17
መጺጸት	17
መንደር	17
መኔዕ	17
መትከምካም	17
መትባድራይ	17
መብዝሑ	17
መራሕል	17
ሕቁቅ	17
ሓርነት	17
ሐያቱ	17
ልሽቀው	17
ለወዴ	17
ለካህን	17
ለአምረ	17
ለትነዘመ	17
ለትበሀለ	17
ለቡቱ	17
ለበጽሐተነ	17
ለሸቄ	17
ለሐዲስ	17
ለልትሸቄ	17
ለልትሀየብ	17
ለለሀይብ	17
ህጁማት	17
ሀሌኮ	17
ሀለዮትነ	17
ግበእ	16
ግራሁ	16
ገዲም	16
ገብሬሂወት	16
ጅን	16
ጀዛይር	16
ጀምሁርየት	16
ጀሀቶም	16
ድግማን	16
ድገለብ	16
ድካን	16
ዳይም	16
ደባባት	16
ደበሳይ	16
ደረዕ	16
ደ	16
ይህሌት	16
የሀው	16
ውልዋል	16
ዌስትሃም	16
ወጀብሀት	16
ወድራሳት	16
ወዴሕ	16
ወዓፍየት	16
ወትርበት	16
ወተሐት	16
ወቅዋት	16
ወሐበን	16
ክእሉል	16
ክምሰሌሁ	16
ካህን	16
ኪደት	16
ከእለ	16
ከበሰ	16
ከቅራአት	16
ከለጥ	16
እግልኩም	16
እንታመ	16
እትፋቅየት	16
እስትቅላል	16
ኤቨርቶን	16
ኣሱር	16
ኢቀድረ	16
አፍዓል	16
አግረዕ	16
አጅናስ	16
አክባር	16
አንበተው	16
አብረሀ	16
አምበተ	16
አማውር	16
አልሐሰን	16
አለቦም	16
ንክደም	16
ነብሮ	16
ቻይና	16
ትገሰ	16
ትሽቄ	16
ትራፊክ	16
ተፋሲል	16
ተኣምርተ	16
ቦርኔማውዝ	16
ብቅል	16
ቤተ	16
ቀናብል	16
ሽባን	16
ሽርከት	16
ሸቲል	16
ሸህሪ	16
ስላሕ	16
ሳረዮት	16
ሳልስ	16
ሰገን	16
ሰይድ	16
ሰዋትር	16
ሰከን	16
ሰንበል	16
ሰለት	16
ርቱብ	16
ርቦዕ	16
ሩእየት	16
ረክበው	16
ረክበት	16
ረስሚ	16
ምሒጥ	16
ምሉእብርሃን	16
ምህምቱ	16
ሜዛን	16
ሜርሓይ	16
መዐስከር	16
መዋዲት	16
መንገፎ	16
መንደፈረ	16
መትጋረሚ	16
መትነፍዖት	16
መስለሐት	16
መርከዚ	16
መልሂቱ	16
ሓድረት	16
ሐፈሻዊ	16
ሐጺን	16
ሐዮት	16
ሐልፈው	16
ልውዕል	16
ልትዳሌ	16
ልትአከድ	16
ልትሐረክ	16
ልትሃጌ	16
ልበ	16
ለወደዩ	16
ለኣምሩ	16
ለአነብት	16
ለትፈናተው	16
ለትዳለ	16
ለትሸቀ	16
ለታጅር	16
ለተለ	16
ለብነ	16
ለቀድሮ	16
ለሽቅል	16
ለሸርሐ	16
ለሓለት	16
ለሐበረ	16
ለሐልፍ	16
ለልብሎ	16
ለሀሉ	16
ህተን	16
ሄክታር	16
ሄለል	16
ሀደፉ	16
ፎሬስት	15
ፍቱይ	15
ፍርስነት	15
ፈሸል	15
ጸዕደ	15
ጸንሐዩ	15
ጸሊም	15
ጋርቱ	15
ጋሪት	15
ገአው	15
ገብአከ	15
ገሮብነ	15
ጂል	15
ዳስ	15
ዲዲ	15
ዲሙቅራጥየት	15
ዱሊት	15
ደርህም	15
ዮናስ	15
ይይ	15
ይሀለ	15
ዛህር	15
ዘይድ	15
ዘማቴ	15
ዘመዴ	15
ዕንቱ	15
ዔለ	15
ዓይላት	15
ዓበዮት	15
ዓማር	15
ዐደ	15
ዐቢሁ	15
ዐበ	15
ዐርሽ	15
ውቁላም	15
ውላደ	15
ወጠኖም	15
ወደወ	15
ወአከይ	15
ወአት	15
ወቻይነ	15
ወርያደት	15
ወለውቀት	15
ወለትፈናተ	15
ክልነ	15
ከዮም	15
ከዛን	15
እፈቴ	15
እንዶ	15
እተን	15
እቀድር	15
ኤሪቴል	15
ኢኖ	15
አፍገረ	15
አጅህዘት	15
አደብ	15
አዋምር	15
አካነት	15
አበ	15
አርበዐ	15
አምበል	15
አመተ	15
አሐ	15
አል	15
ኖር	15
ንትዐዴ	15
ንትነፈዕ	15
ንርከብ	15
ናፈ	15
ነፍሰ	15
ነዐር	15
ቶን	15
ትወቀለ	15
ትትዐየድ	15
ትበገሰት	15
ትረከበ	15
ትሄርር	15
ታርፍ	15
ተዐደ	15
ተወልዴ	15
ተኽሌ	15
ተስፋይ	15
ተሐድያት	15
ተለ	15
ተሀይብ	15
ብዕራይ	15
ብሻውሮ	15
በነ	15
በርሄ	15
በልስ	15
ሸቃላይ	15
ስሕቅ	15
ስለል	15
ሰብተምበር	15
ሰበብለ	15
ሰሚናራት	15
ረፍዐ	15
ረዕኾፍ	15
ረክቦ	15
ረክበየ	15
ሜርሒት	15
ሚናት	15
ሙሽተርከት	15
መጃሜዕ	15
መካትብ	15
መከናይዝድ	15
መትዐደዪት	15
መስፍንቶ	15
መርመረ	15
መረብ	15
መሐመድስዒድ	15
ሓርቅ	15
ሓሪት	15
ሑ	15
ልትዐወተ	15
ልትወቀል	15
ለዲበ	15
ለዘት	15
ለዐባዪ	15
ለወደ	15
ለእንቀድር	15
ለአቅብል	15
ለአለቦም	15
ለትከተበ	15
ለትትረከብ	15
ለትትሐመድ	15
ለትረከበት	15
ለትረከበ	15
ለምለም	15
ለሙፈትሽ	15
ለለአክድ	15
ለሄራር	15
ፋርስ	14
ፈዓልየት	14
ፈነ	14
ጽሓይ	14
ጸጸራት	14
ጴጥሮስ	14
ጠልብ	14
ጎይትኦም	14
ጌሰት	14
ጋነ	14
ገብአኮ	14
ጀዚረት	14
ጀዋብ	14
ጀሪመት	14
ዶሮም	14
ዶርነ	14
ደግመ	14
ደዓያት	14
ደቅጥ	14
ደቂ	14
ደራይብ	14
ዙር	14
ዕጹፍ	14
ዕዱ	14
ዕንሬት	14
ዐዛብ	14
ዐቢቱ	14
ዐረቢ	14
ዐለቦት	14
ውዳይ	14
ዋድያም	14
ወጠኒ	14
ወግሬት	14
ወዚሩ	14
ወዐውቴ	14
ወስያሰት	14
ወሳልሳይ	14
ወረቀት	14
ወመዓወነት	14
ወመሻረከት	14
ወሐብሬ	14
ወለቼ	14
ወህተ	14
ክዳማት	14
ክዙን	14
ክብት	14
ክምሰልተ	14
ክሊነ	14
ኬር	14
ካቲመ	14
ካልአይት	14
ከዲብለ	14
ኦን	14
እዴከ	14
እትሳላት	14
እምበልሁ	14
እማም	14
ኣረፋይኔ	14
ኣመርነ	14
ኢተርፍ	14
ኢሳቅ	14
አፌት	14
አግዳም	14
አትላንቲክ	14
አስተሽሀደ	14
አሳሲ	14
አሲድ	14
አምኣት	14
አሚን	14
አልዐስር	14
ኖሼ	14
ንቃጥ	14
ንሳል	14
ነሻጣት	14
ትወለደ	14
ትከለቀ	14
ትትረኤ	14
ትሸረሐ	14
ትረክብ	14
ትልህያታቱ	14
ተአመረ	14
ተማሙ	14
ተማመ	14
ተመር	14
ብጉስ	14
ብድሆ	14
ብዙሕቱ	14
ብሕተ	14
ቤሌኒ	14
ቡሽ	14
በጽሐት	14
በጼሕ	14
በዝሐ	14
በረድ	14
ቃዐት	14
ቁርፈት	14
ቀድየት	14
ቀደሙ	14
ሽዒር	14
ሸር	14
ስዱድ	14
ስርጉል	14
ሰዐር	14
ሰምዕ	14
ሰማእታት	14
ርሳለት	14
ራትዐት	14
ራቀቦት	14
ረደ	14
ምሴት	14
ማንዩናይትድ	14
መፈወድየት	14
መካሪት	14
መናፍዕ	14
መብነ	14
መባኒ	14
መስሉ	14
መራቶን	14
መሕገዝ	14
መሓዛት	14
መለሀዩ	14
ሕዘው	14
ሕሙም	14
ሓድር	14
ሑዳም	14
ሐትሐቴ	14
ሐምሌ	14
ሐልሐል	14
ሐላይ	14
ልትበደል	14
ልትሰርገል	14
ልብጠር	14
ልርኤ	14
ሌሴስተር	14
ሊጊስ	14
ለፍጉር	14
ለዐቢ	14
ለእንብሉ	14
ለአቀምት	14
ለነስአ	14
ለትወቀለ	14
ለሰልፋይ	14
ለሐድረው	14
ለሐቴ	14
ለልትርኤ	14
ለለአትሐዜ	14
ለለሐዜ	14
ሀበሮ	14
ፍዘ	13
ፋእደት	13
ፊሊጶስ	13
ፈግረየ	13
ፈቴ	13
ጽበጥለ	13
ጸንሐው	13
ጸብጥ	13
ጥዑም	13
ጥባዐት	13
ግሱይ	13
ገደም	13
ገኖበት	13
ገቢእ	13
ገርሀት	13
ገለብ	13
ጆርጅ	13
ጀዋእዝ	13
ጀበእ	13
ጀራዲን	13
ዴንማርክ	13
ዳይ	13
ደያናት	13
ደርግ	13
ደምቤ	13
ደሙ	13
ዩክሬን	13
ዘረ	13
ዐጣል	13
ዐንሰባ	13
ውድየት	13
ውሕደትነ	13
ዌልካም	13
ወገለብ	13
ወጀዶት	13
ወዶልመ	13
ወዴኮ	13
ወደማነት	13
ወዐቅል	13
ወውሕደት	13
ወውላድ	13
ወካይል	13
ወእዲነ	13
ወእስትቅላል	13
ወእምበል	13
ወአድረሶት	13
ወአምር	13
ወንዋይ	13
ወብዕዳት	13
ወሽቅል	13
ወራት	13
ወሕላይነ	13
ወልትነፈዕ	13
ኹፉ	13
ክፋለ	13
ክልኢቱ	13
ክልቀት	13
ካሰ	13
ካርደ	13
ካልቅ	13
ከብዱ	13
ከሰፍሐት	13
እግልሚቱ	13
እገሩ	13
እዴነ	13
እዴሀ	13
እዝን	13
እንተን	13
እንቀድም	13
እስባት	13
እምለኩም	13
ኤረትሪ	13
ኣቲ	13
ኢገብአ	13
ኢወዴ	13
ኢህሌት	13
አግሩዝ	13
አዲስ	13
አውቃት	13
አከድን	13
አንበትነ	13
አተየ	13
አቡሀ	13
አሸረ	13
አስመረት	13
አረይ	13
አህዳፍ	13
ንጉሴ	13
ናይብ	13
ነፍስነ	13
ነጃት	13
ነዲፍ	13
ነሐሬ	13
ትፈግር	13
ትገይስ	13
ትጃረት	13
ትንፋስ	13
ትበሀለው	13
ትቀየረ	13
ታምም	13
ተዐወተየ	13
ተእሲር	13
ተስፋማርያም	13
ተሰነይ	13
ቬኒዝዌለ	13
ባሕሲን	13
በድረ	13
በዳሪት	13
በያን	13
በኪት	13
በርከት	13
በርናምጃት	13
በርሀ	13
በልሰት	13
ቃይድ	13
ቃብል	13
ቀዳሚት	13
ቀደሜሁ	13
ቀደመት	13
ቀዬሕ	13
ቀብር	13
ሻርኮ	13
ሸበህ	13
ሸርሖ	13
ሸሀር	13
ሸ	13
ስጋድ	13
ሴዕ	13
ሰነዋት	13
ሰብለ	13
ሰሪት	13
ሰምዐት	13
ሰልፋይ	13
ርእሶም	13
ራብዓይ	13
ምጅተመዕ	13
ምራድከ	13
ምህናት	13
ሚስተር	13
ሙናድል	13
ሙሲቀት	13
መጥ	13
መጆብ	13
መዳፍዐት	13
መዳንን	13
መይት	13
መከለሲ	13
መንባሁ	13
መንበሮ	13
መንበር	13
መነዘማት	13
መትመዳድ	13
መት	13
መቅበረት	13
መስርዪን	13
ሕፍረት	13
ሕዳቅ	13
ሐጋት	13
ሐያትነ	13
ሐካይም	13
ሐት	13
ሐሰብከ	13
ሐሩቀት	13
ሐረካት	13
ልግበአ	13
ልድረሶ	13
ልውዐል	13
ልንበር	13
ልትወረስ	13
ልሳዕ	13
ልርከቡ	13
ልምጻእ	13
ለዐልኮ	13
ለወዱ	13
ለወዚር	13
ለአግደዉ	13
ለአዳሌናሁ	13
ለአካን	13
ለአንበተ	13
ለአብጸሐዉ	13
ለትትበደል	13
ለብዕድ	13
ለብእተ	13
ለቃይድ	13
ለቀደም	13
ለሸሬሕ	13
ለመጽአው	13
ለልትዳሌ	13
ለልብለ	13
ለልቡሉ	13
ህግያነ	13
ሀድገ	13
ሀብቶም	13
ፎርቶ	12
ፈግሮ	12
ፈናኔን	12
ጼነ	12
ጻብጥ	12
ጸብጠው	12
ጸሩ	12
ጥዕም	12
ጥብ	12
ግራም	12
ገዳይም	12
ገብረማርያም	12
ጅንስየት	12
ጅኑን	12
ጅቡቲ	12
ጃልየት	12
ጀላል	12
ዴዲት	12
ዲሞቅራጥየት	12
ደብዐት	12
ዛያ	12
ዘሚካኤል	12
ዕያሉ	12
ዕንታተ	12
ዕላመት	12
ዓድል	12
ዑቅባይ	12
ዐግሎ	12
ዐቤት	12
ዐሬርብ	12
ዐረባት	12
ዐመልያት	12
ዋርሳይ	12
ወጅበነ	12
ወክልኤ	12
ወክሉ	12
ወእስትሽሃድ	12
ወእሉ	12
ወአነ	12
ወበሐር	12
ወመሻክል	12
ወሐርስ	12
ወህቱመ	12
ኹነ	12
ክምቶም	12
ኬወ	12
ካፍየት	12
ካርቱን	12
ከሊማት	12
እጅትማዓት	12
እዮብ	12
እንረክብ	12
እብሎም	12
እቤሉ	12
እሻረት	12
እስትፍተእ	12
እሙርቱ	12
እመ	12
እ	12
ኣተየ	12
ኣብሪል	12
ኢፋሉ	12
ኢቀድረት	12
ኢመስለኒ	12
ኢልትቀደር	12
አፈልበ	12
አኪድ	12
አንክር	12
አቤት	12
አበው	12
አስዑድ	12
አሰናይነ	12
አልጀዛእር	12
ኖሰን	12
ንትበገስ	12
ናስር	12
ኑርአዲን	12
ነድ	12
ነበሪት	12
ትፋነው	12
ትዕስ	12
ትወድየ	12
ትከበተ	12
ትነስእ	12
ትብሉ	12
ትበገሰው	12
ትሸርሐ	12
ትሰአለየ	12
ትርሓስ	12
ታእሪክ	12
ተጅርበት	12
ተጃረት	12
ተወልዴመድህን	12
ተአክድ	12
ተስፋጽዮን	12
ቪታሚን	12
ቪለ	12
ብዕድመ	12
ቤሎም	12
ቤለዉ	12
ባጽሕ	12
በይኑ	12
በይነ	12
በራአት	12
ቅድረቱ	12
ቅያር	12
ቅባል	12
ቅሳነት	12
ቀንጸ	12
ቀልበ	12
ሽዕብ	12
ሹሀደእ	12
ሸፍ	12
ሸክዋት	12
ሸረክ	12
ስድ	12
ስዒድ	12
ስሙም	12
ሴድያይ	12
ሰጃይር	12
ሰሚናር	12
ሰሕፊ	12
ሰልፋይት	12
ሰለመዩ	12
ርሽመት	12
ርሕም	12
ረውደት	12
ረከብነ	12
ረሀየት	12
ምድርነ	12
ምራዱ	12
ሜሮን	12
ሙሽ	12
መፋሀመት	12
መጽአከ	12
መጃገረት	12
መዕነት	12
መዓርክ	12
መክሐደ	12
መክሉቅ	12
መትሻቀዪ	12
መባደረት	12
መስለከ	12
መሳኔዕ	12
መሳሌሕ	12
መርዓት	12
መሓዝ	12
መሓብር	12
ሕጉዛም	12
ሕድት	12
ሕመድ	12
ሓጅ	12
ሓዚ	12
ሓሬና	12
ሓለቱ	12
ሐግለ	12
ሐድገ	12
ሐዳይስ	12
ሐዝ	12
ሐዜከ	12
ልትፈከር	12
ልትቀደም	12
ልምዓት	12
ሌጣተ	12
ላብድ	12
ለገጹ	12
ለዶል	12
ለድቁብ	12
ለይዐለ	12
ለዐድ	12
ለክልኤ	12
ለካልኣይ	12
ለእቱ	12
ለኢተአትካርም	12
ለኢለአትካርም	12
ለአዳም	12
ለአቀብል	12
ለአመመ	12
ለትፈናተየ	12
ለተንከበ	12
ለበርናምጅ	12
ለመጽአት	12
ለሓኬ	12
ለለአስፍ	12
ለሀለው	12
ህግያሁ	12
ህጅክ	12
ፕሪመር	11
ፍንጌለ	11
ፍርቀት	11
ፍላንሰ	11
ፋይሐት	11
ፈሪቁ	11
ፈረስ	11
ጾር	11
ጌሹ	11
ጋሻይ	11
ገቢልነ	11
ጅግራሆም	11
ጅማዐት	11
ጅላብ	11
ጃእዘት	11
ጂንፒንግ	11
ጀሬት	11
ጀህ	11
ጀሀተ	11
ዶልከ	11
ድሩስ	11
ዳሕየት	11
ዲግሪ	11
ዱር	11
ዱሉያም	11
ደባበት	11
ደርሰ	11
ዮውሃንስ	11
ይዐለው	11
የዐለት	11
ዝያረቱ	11
ዛህረት	11
ዘማን	11
ዕጹፋት	11
ዕንቦበ	11
ዕስረ	11
ዔለበርዕድ	11
ዓፌት	11
ዐዋዲ	11
ውዘረእ	11
ውራቅ	11
ዋድሕ	11
ወፈጅር	11
ወግራሁ	11
ወግረ	11
ወገበይ	11
ወገሌ	11
ወጅህድ	11
ወዘማቴ	11
ወዐውል	11
ወዐለም	11
ወክመ	11
ወክሎም	11
ወእባሁ	11
ወኤረትርየ	11
ወአግቡይ	11
ወአዳም	11
ወአዋልድ	11
ወአስነዮት	11
ወታሪክ	11
ወብሪጣንየ	11
ወቀሎት	11
ወሰዳይት	11
ወሰብር	11
ወርኢስ	11
ወምድር	11
ወምስለ	11
ወመቅሬሕ	11
ወላሂ	11
ክጡጥ	11
ክብድት	11
ክርንቱ	11
ኬመ	11
ከዋድር	11
ከክም	11
ከርከበት	11
ከሕነ	11
እግሩ	11
እገይስ	11
እጃዘት	11
እንሰ	11
እትሓድ	11
እብነ	11
እሸቄ	11
እሮተ	11
እመን	11
ኣሳር	11
ኢተአመረት	11
ኢህለ	11
አፕሪል	11
አፍሱል	11
አፍራድ	11
አዱሊስ	11
አዝመ	11
አካነቱ	11
አከደው	11
አብደዮት	11
አባሻውል	11
አበበ	11
አቅበለት	11
አስቤኮ	11
አስራር	11
አርወሐቶም	11
አምጸአ	11
አማክን	11
አልቃህረ	11
ንጉስ	11
ንእሽ	11
ንእሹ	11
ንትነፋዕ	11
ንርአዩ	11
ኔርስ	11
ነሀር	11
ትትዐወት	11
ትትበገስ	11
ትበገስነ	11
ትሰሐቀ	11
ትረከበት	11
ቲራቮሎ	11
ተድለ	11
ተክሌ	11
ተኪኤ	11
ተኣምር	11
ተአስትህል	11
ተአምሮ	11
ተናዚም	11
ተሓበረ	11
ተሓልፍ	11
ተለው	11
ብእሰ	11
ባጽሓም	11
በጥ	11
ቅነጽ	11
ቄርአት	11
ቃድር	11
ቃዊ	11
ቀድረው	11
ቀደርተመህ	11
ቀትለዩ	11
ቀልብ	11
ሽእ	11
ሽቅልዬ	11
ሻርክ	11
ሻረከው	11
ሸዕቢ	11
ሸርከት	11
ሸማል	11
ሸሃደት	11
ሶቬት	11
ስኒት	11
ስነት	11
ስታቲብ	11
ስሳታት	11
ስሙ	11
ሴድየት	11
ሴቲት	11
ሳደፈ	11
ሳሙኤል	11
ሳሊና	11
ሰዴ	11
ሰክብ	11
ሰነ	11
ርያል	11
ርኩብ	11
ርኤነ	11
ርኢሰት	11
ረአዮም	11
ረአው	11
ምዶል	11
ምክያድ	11
ምንኩም	11
ምንተሐት	11
ምስልከ	11
ምሔርበት	11
ማሲ	11
ሙደርስ	11
ሙዋጥኒን	11
ሙሳ	11
መጽኦ	11
መጽአዩ	11
መጽአኮ	11
መጀለት	11
መዕየ	11
መዓል	11
መዐየ	11
መኮነን	11
መክሩህ	11
መካይድ	11
መንዴረት	11
መን	11
መኒነ	11
መቃወመት	11
መስኪናይ	11
መሰምስ	11
መመቅረሓይ	11
መሐድ	11
ሕግላን	11
ሕዳን	11
ሕዝብ	11
ሕክም	11
ሕሩባት	11
ሕልፍ	11
ሔሳስ	11
ሓክመት	11
ሑዬ	11
ሑር	11
ሐጀር	11
ሐዞት	11
ሐዜት	11
ሐቂቀት	11
ሐረስታይ	11
ሐምዴሁ	11
ሐሙስ	11
ልትዐወቶ	11
ልትሀደግ	11
ልብዬ	11
ልሽቀየ	11
ልሻርኮ	11
ሊኢኮን	11
ሊበል	11
ለፈግር	11
ለጀረ	11
ለወድዉ	11
ለወድ	11
ለወዴቱ	11
ለክልኦት	11
ለኣምር	11
ለአቱ	11
ለአተላሉ	11
ለትሰርገለ	11
ለትመጽእ	11
ለተሌ	11
ለሸቁ	11
ለማይ	11
ለመሕበር	11
ለሐስብ	11
ለልቡለ	11
ለለአርኤ	11
ለሀይቦ	11
ህታተ	11
ሀድፍ	11
ሀደፎም	11
ፕሮቲን	10
ፋጥና	10
ፈዳብያም	10
ፈዳቢት	10
ፈናኒት	10
ፈናታይ	10
ፈተች	10
ፈራሰት	10
ጽምእ	10
ጸብጠት	10
ጭቅመት	10
ጨቢብ	10
ጥውር	10
ጠቢዐቱ	10
ግርም	10
ግረህ	10
ጋብሆት	10
ገድም	10
ገአከ	10
ገብኣቱ	10
ገበአት	10
ገሮበ	10
ጅምዐት	10
ጅማዐቱ	10
ጀዲድ	10
ጀብሃት	10
ጀለቦት	10
ጀሃድ	10
ጀሀትነ	10
ድሙ	10
ዴሽነ	10
ዳይመት	10
ዲናር	10
ዲብሚ	10
ደነግብ	10
ደሪስ	10
ዮመቴ	10
የለ	10
ዕዛል	10
ዕሬ	10
ዓጭሞታት	10
ዓዲ	10
ዓኢላት	10
ዐነጺት	10
ዐብደልቃድር	10
ዐስሮታት	10
ዐራቱ	10
ዐረብ	10
ዐልቀት	10
ዎሮቶም	10
ውፋቅ	10
ውዴ	10
ውዘራእ	10
ዋርድየት	10
ዋልድ	10
ዋልዴኑ	10
ዋልዳይ	10
ዉዛረት	10
ወፈሀም	10
ወጅህ	10
ወጂብ	10
ወድዉ	10
ወዴሽ	10
ወዐድ	10
ወዐባዪ	10
ወዐቢ	10
ወዐስተር	10
ወውላዱ	10
ወእትሊ	10
ወእቅትሳድ	10
ወእሙ	10
ወኤማን	10
ወአንፋር	10
ወብቆት	10
ወቀደም	10
ወሸቃለ	10
ወሰኮት	10
ወርቅ	10
ወመንገፎ	10
ወመስኡል	10
ወመስኡሊን	10
ወሓለት	10
ወሐቆሀ	10
ወሊድ	10
ክብሮም	10
ክስሔ	10
ክሱስለ	10
ክሩይ	10
ክምኩም	10
ክምእኒ	10
ካጥየት	10
ከእትሊ	10
ከብደ	10
ከምቱ	10
ከመ	10
ከልሹም	10
ኦክቶበር	10
ኦሜገ	10
እዴሆም	10
እንከድም	10
እንርእየ	10
እትፋቅ	10
እብሊቱ	10
ኤረትርያ	10
ኣምር	10
ኢቀድሮ	10
አፍያት	10
አፉሁ	10
አግዋል	10
አግመሎት	10
አድሁይ	10
አደቃብ	10
አይ	10
አዕዳእ	10
አውረሐት	10
አትናያት	10
አትሓያስ	10
አተላለው	10
አበለ	10
አቅዳር	10
አስቦሕ	10
አርዌ	10
አርአየ	10
አምጸኦት	10
አማንቱ	10
አማኑኤል	10
አልባብ	10
አላህ	10
ንቁስ	10
ንስአት	10
ናሆም	10
ኒጊስ	10
ነብረው	10
ነቢር	10
ነቅመ	10
ትፍገር	10
ትፈረረ	10
ትዳለ	10
ትወዱ	10
ትከድም	10
ትንበር	10
ትነዘመ	10
ትትወቀል	10
ትትአመር	10
ትበህለ	10
ትቀተለ	10
ትርእየ	10
ትርሐስ	10
ትምሳል	10
ታክያት	10
ታሪካይት	10
ተዐወተት	10
ተአከደ	10
ተአመጽእ	10
ተቅዪም	10
ተስዲር	10
ተላይ	10
ብርጌዳት	10
ብራይተን	10
ብሔረት	10
ብለዕ	10
ቤተን	10
ቤለዎም	10
ባዶብ	10
ባልዒን	10
ባልሖት	10
በጽሐየ	10
በጥር	10
በገ	10
በኬ	10
በል	10
በህለትቱ	10
ቅብብ	10
ቅራመት	10
ቀዳም	10
ቀደመየ	10
ቀበቱ	10
ቀራራት	10
ቀመም	10
ቀልባሀን	10
ሾከን	10
ሽቅልከ	10
ሼደሊ	10
ሸዋሬዕ	10
ሸቄነ	10
ሸቀው	10
ሸሪከት	10
ሸምሰ	10
ሸሐርታይ	10
ሶማልዪን	10
ስድት	10
ስትራተጅየት	10
ስርየት	10
ስርቅ	10
ስራይ	10
ስመዕ	10
ሴት	10
ሴም	10
ሴላት	10
ሳዖታት	10
ሰፍረ	10
ሰንዱቅ	10
ሰብዓታት	10
ሰቡዕ	10
ሰርገል	10
ሰሬራይ	10
ሰረብራል	10
ሰልፋያም	10
ሰልፈት	10
ሰልአስ	10
ሰለብራል	10
ሮሪብ	10
ርዋንደ	10
ርእያም	10
ርእሲ	10
ርሒቡ	10
ራክባም	10
ራትዕ	10
ረፍዐው	10
ረከብኮ	10
ረህየት	10
ምድሩ	10
ምትክራሩ	10
ምስኩናም	10
ምሔርባይ	10
ማጽኣም	10
ሚራቦ	10
ሙአሰሳት	10
ሙሴ	10
መፍሁም	10
መጽአየ	10
መጸት	10
መድሐራት	10
መዳልያይት	10
መዋድ	10
መንሰዕ	10
መናበረቱ	10
መትፈንጣር	10
መትፈንታይ	10
መትፈርጀት	10
መትሐሳር	10
መበገስ	10
መቅጠን	10
መርየም	10
መምሬሕ	10
መሓግዝ	10
ሖርመት	10
ሕጡጥ	10
ሕዲነ	10
ሕዩር	10
ሕውዝ	10
ሕኩማት	10
ሕሩም	10
ሔልየት	10
ሓፈሻዊ	10
ሐጋይ	10
ሐድረው	10
ሐይለት	10
ሐበት	10
ሐቃይቅ	10
ሐቁ	10
ሐራስ	10
ሐረ	10
ሐምድ	10
ሐለ	10
ሎሀይ	10
ልድረስ	10
ልውዴ	10
ልትዐጀብ	10
ልትዐየድ	10
ልትከሬ	10
ልትበሀሎ	10
ልትሐዜ	10
ልቦም	10
ልብሉ	10
ልቡሉ	10
ላሊሀ	10
ለጋሪት	10
ለጅነ	10
ለጀሬት	10
ለደርሰው	10
ለዕንታቱ	10
ለዓል	10
ለዎሮ	10
ለከስሶም	10
ለእንቤሉ	10
ለእምበል	10
ለኢዐለ	10
ለአትሐዝዩ	10
ለአስመነ	10
ለአምሩ	10
ለትከለቀ	10
ለትበሀል	10
ለትሸረሐ	10
ለቤት	10
ለሸምል	10
ለሰበብ	10
ለምህም	10
ለማሕበር	10
ለሐድግ	10
ለሐብሮ	10
ለልውዕል	10
ለልትበሀሎ	10
ለልትረከቦ	10
ለልትረከበ	10
ለሄርር	10
ህግያለ	10
ህኮት	10
ሃድል	10
ሂገ	10
ሀገጊት	10
ሀደፍነ	10
ሀይቲ	10
ሀብቴ	10
