awo	1317
kam	894
laa	801
na	641
bi	484
dio	462
cǝdi	461
duwon	459
curo	386
cadi	331
kura	329
jauro	327
am	323
kalma	318
kǝla	317
ingi	280
tia	256
tada	245
adǝ	245
gǝni	236
nangaro	234
so	232
lǝman	219
naptu	213
kǝska	213
gai	213
waldu	211
ci	206
yaye	205
jiɍi	202
tilan	195
kida	187
ti	181
bawo	178
sa	171
dioma	170
ku	156
kamu	155
kada	155
kǝmbo	154
tǝngǝɍi	151
kare	148
bare	148
fal	147
ngǝwu	146
wo	145
mana	143
cakke	140
se	136
ledu	136
tiro	135
ngawo	134
bawoa	134
tǝdǝna	133
su	132
yindi	130
tiyi	130
ye	129
dǝgana	127
wuldi	126
si	126
lardu	123
kunguna	117
kamba	117
karwun	115
koro	114
fado	112
jau	109
wulji	107
kannu	107
fero	102
laaye	101
bul	101
bǝrni	99
kawu	98
kuttu	96
sala	94
mbeji	94
ngǝlaro	93
mukko	93
fi	93
kǝji	91
yim	90
gana	90
da	90
kǝndawu	88
bikke	88
ngǝla	87
kime	87
kasuwa	87
kambe	86
ngudo	85
tuluwo	84
kuruwu	84
cidi	84
cakki	84
saa	83
fando	82
sai	81
kalwo	78
kalu	78
cǝdana	78
katte	77
gade	77
laaro	76
kambo	76
bǝla	76
tǝdi	75
cǝlǝm	75
ngodu	74
yalla	72
jawal	72
cǝde	72
fǝr	71
wua	70
dioro	70
casakki	70
ngǝwuro	69
bune	69
sawi	68
adǝa	67
ta	65
lǝmanna	65
gǝna	65
ya	64
samma	64
ingiye	64
lokkol	63
kǝɍi	63
kuɍi	63
kojǝna	63
argǝm	63
leji	62
karaaye	62
sim	61
leje	61
laan	61
kǝra	61
kiluwo	61
kanduɍi	61
kajǝmu	61
bǝri	61
buni	60
awima	60
ngǝwua	59
dioye	59
wu	58
je	58
cǝdanni	58
njo	57
lamba	57
duwama	57
cǝne	57
tǝgarǝna	56
kido	55
suwa	54
gadero	54
dunia	54
cunju	54
cu	54
leyeno	52
kibbu	52
jaman	52
bǝlaa	52
luwo	51
kǝlan	51
kuruwua	51
ilmu	51
diye	51
kiaddin	50
alama	50
nambu	49
kǝrye	49
kur	49
dawu	49
shawa	48
rakce	48
larusa	48
karwu	48
kanji	48
kakkadu	48
yakku	47
sammaa	47
ngoje	47
madaro	47
jǝkka	47
duno	47
Afǝrika	47
njakko	46
kekko	46
yakkǝme	45
yakko	45
soro	45
mewu	45
kǝrga	45
kau	45
duwan	45
diwi	45
culuwuna	45
tǝlam	44
tima	44
tadanju	44
karawi	44
kamuwa	44
kajim	44
dadu	44
cǝladi	44
tuwandi	43
napkada	43
kiam	43
kasam	43
isǝna	43
culuwi	43
nodu	42
kǝri	42
kwa	42
kalaktu	42
dau	42
bo	42
baktu	42
walyeno	41
isi	41
saniaro	40
mai	40
fǝkka	40
buji	40
balo	40
awi	40
uwu	39
sanana	39
nga	39
nawi	39
lejǝna	39
kǝlanju	39
kalkallo	39
fudu	39
bu	39
Ala	39
aji	39
wuldu	38
nanju	38
madu	38
kǝnǝm	38
kǝl	38
ise	38
ganga	38
batta	38
yindia	37
mota	37
kom	37
kodu	37
kalwu	37
ka	37
camun	37
wadu	36
ngǝwul	36
ngoji	36
lawar	36
kulo	36
kadi	36
dunoaro	36
dewu	36
cǝk	36
cai	36
buwu	36
asem	36
ambo	36
adǝye	36
adǝn	36
yeno	35
taman	35
kalanga	35
hal	35
cade	35
yala	34
wuɍi	34
sawani	34
ngawuɍi	34
manda	34
kǝngal	34
kǝmǝne	34
kuraa	34
koldu	34
kadio	34
defartemaye	34
dadaji	34
curonjun	34
bǝɍin	34
ngalduram	33
kǝnde	33
kuroro	33
kuraro	33
kaino	33
fuwu	33
fe	33
dǝlawu	33
dikki	33
curon	33
cinna	33
ro	32
kǝɍiɍijo	32
kamdu	32
kadawu	32
gǝnia	32
cǝdǝna	32
cakkǝna	32
yadi	31
tiyiye	31
suno	31
silla	31
nema	31
nasara	31
mushe	31
kure	31
gǝnaduwu	31
garasan	31
cǝdiwawo	31
cǝdane	31
cure	31
ɍiji	30
tilo	30
ngǝwuso	30
ngim	30
nangǝɍi	30
mukkon	30
malǝm	30
kə̀la	30
kani	30
cǝdai	30
cakko	30
bǝɍi	30
tiyin	29
suwur	29
ruwu	29
maara	29
lǝmanne	29
kǝna	29
kuro	29
kolji	29
kidaram	29
juwu	29
hangal	29
goro	29
findi	29
cuwandǝnni	29
bǝlawuro	29
budu	29
bawoalan	29
anǝm	29
amba	29
ɍiwulla	28
tǝdandǝna	28
tiloa	28
tawa	28
nojǝnni	28
lawala	28
ko	28
kasuni	28
inji	28
gomnatiye	28
fǝrnju	28
foto	28
feye	28
fannju	28
fandu	28
burwoye	28
bowu	28
bowada	28
Alaye	28
tiyen	27
njǝddo	27
ngai	27
luwuran	27
kuyen	27
kowo	27
ingiro	27
argǝmbe	27
wunduma	26
tokokor	26
sawa	26
sameye	26
ladoma	26
laayen	26
kǝrma	26
kǝlanjun	26
katti	26
kamunju	26
har	26
gǝmaje	26
gaia	26
fǝrdu	26
fin	26
fijagai	26
fandoro	26
cǝraanni	26
cǝraana	26
cadǝna	26
bikka	26
allo	26
Alan	26
yindiro	25
yindin	25
wayeno	25
sǝgǝri	25
ngǝmǝri	25
lamar	25
kaɍimo	25
kasuwu	25
juwe	25
jama	25
isiya	25
gǝnadu	25
gairo	25
fidu	25
baworo	25
bawoaro	25
amma	25
suye	24
sango	24
ngulondo	24
ngoyeno	24
ngaye	24
mukkoye	24
luwa	24
lowotor	24
kǝnja	24
kori	24
kajǝm	24
jur	24
jarapta	24
gomna	24
fiduwu	24
fanji	24
falnin	24
cǝdiya	24
cǝda	24
collo	24
cidu	24
cidiya	24
barwu	24
banna	24
adinnam	24
yindiye	23
yanju	23
waljǝna	23
wadaro	23
tulo	23
tilon	23
tam	23
ser	23
ngǝwusoro	23
nguson	23
mewun	23
maiye	23
kǝwu	23
kǝrkǝm	23
kuwui	23
kurwowu	23
kitawu	23
kidama	23
kal	23
dimi	23
daraja	23
daada	23
cǝddi	23
cuwuɍi	23
cuwandi	23
curoye	23
bara	23
yojiwawo	22
yal	22
wanjamma	22
tǝdiya	22
tussǝna	22
silan	22
sania	22
niya	22
ngaji	22
karwunju	22
karta	22
kamben	22
kalkal	22
kajiri	22
fijiye	22
fallo	22
fadoye	22
dasaana	22
boji	22
yayero	21
yange	21
wundu	21
walji	21
tayi	21
sǝmo	21
njuworo	21
nja	21
ngǝrǝm	21
ngawon	21
masǝna	21
maji	21
lemǝn	21
kǝrgawo	21
karwuye	21
kari	21
kannua	21
kala	21
jauji	21
iso	21
gala	21
dagǝl	21
cije	21
cidin	21
cammo	21
bǝɍinno	21
biwu	21
ambe	21
aiya	21
adin	21
tin	20
taram	20
sǝni	20
nojǝna	20
noduro	20
ngamjǝna	20
ngambadu	20
mongoɍo	20
masammanno	20
lekki	20
laaa	20
kedo	20
kaɍiyi	20
karaaro	20
kange	20
jǝgǝri	20
joɍi	20
fandi	20
faldu	20
dewua	20
cilan	20
ce	20
cane	20
cadiya	20
bowodu	20
baɍi	20
baram	20
yado	19
wuro	19
wuljai	19
tiyilan	19
taramba	19
tangaada	19
tando	19
sinju	19
shekku	19
sam	19
rungo	19
rouge	19
radiyo	19
napkadanju	19
moji	19
lele	19
lejai	19
kǝskaye	19
kolyeno	19
kiwando	19
kidǝnniya	19
katako	19
kaiwo	19
kagǝlma	19
gadegade	19
ga	19
fuwuro	19
fannjuro	19
fangeno	19
faidaa	19
faida	19
dǝga	19
curonju	19
ciro	19
cidiye	19
cerǝna	19
bǝlayen	19
bafǝna	19
akko	19
wakkaji	18
wajiya	18
wada	18
tǝlala	18
siye	18
shingawa	18
shayi	18
sananaro	18
nuwa	18
Nijerre	18
ndol	18
mǝradu	18
mowo	18
metǝr	18
kǝjia	18
kwanga	18
kawi	18
karmo	18
kamuye	18
jande	18
jajai	18
isanoduwu	18
ingiyen	18
fǝde	18
ferowa	18
fele	18
fakki	18
dǝɍyi	18
ca	18
bodu	18
anǝmbe	18
yani	17
wunduye	17
tuno	17
tuldu	17
runju	17
ngaware	17
mia	17
lado	17
kǝrwu	17
kǝldu	17
koroma	17
koji	17
kirunniya	17
kalan	17
kadu	17
jire	17
jene	17
jaumaro	17
jalap	17
jakkada	17
fǝrre	17
fatiya	17
falle	17
dunoa	17
diwino	17
dango	17
dagar	17
cǝdǝnni	17
cuwando	17
cuwande	17
ciyen	17
burwon	17
ani	17
andi	17
Afǝrikaye	17
waina	16
tǝgǝra	16
tiyiro	16
tiyinju	16
timi	16
sǝrdu	16
siriri	16
sawur	16
same	16
ngǝro	16
ngojǝna	16
ngawoye	16
ngamdu	16
naro	16
nankuruwu	16
leduro	16
larduye	16
kǝskaro	16
kǝndo	16
kǝlwu	16
kurnum	16
koyeno	16
kolje	16
kidaro	16
keyera	16
kaso	16
karuwa	16
karaan	16
kanadi	16
jawui	16
goni	16
giwo	16
gero	16
gaden	16
fǝleduwu	16
fǝlada	16
fuwun	16
falma	16
dalo	16
caraana	16
caluwuna	16
bǝlǝm	16
bulu	16
boro	16
barga	16
bakce	16
ase	16
yangenju	15
wusku	15
taro	15
tamanna	15
sǝddi	15
sapkadan	15
njuwo	15
ngayi	15
nganji	15
motaye	15
mbal	15
mananju	15
lǝmannen	15
kǝmuwu	15
kǝlaye	15
kuruwuro	15
kungunanju	15
kiwo	15
kidǝkko	15
kidawu	15
kiano	15
kauro	15
kasuwuro	15
karenju	15
karawiye	15
kanuri	15
kamuwaye	15
kadǝm	15
jǝmma	15
jǝgai	15
juwi	15
jawa	15
fǝdeye	15
fuwuma	15
fula	15
fanjiwawo	15
fadoro	15
dondi	15
cinju	15
casakke	15
caddi	15
burodi	15
ba	15
yer	14
wowom	14
tǝmatǝm	14
tuwumbo	14
tama	14
soji	14
samsu	14
nia	14
ni	14
ngǝlaji	14
ngimbe	14
nganjin	14
ngal	14
ngaa	14
natte	14
napkeno	14
mandaa	14
lǝp	14
leyekko	14
lawasar	14
kǝmurjo	14
kǝmo	14
kulonjun	14
kulonju	14
koroye	14
koronju	14
kojiya	14
kinaji	14
kidanju	14
kejo	14
kausu	14
kasuwun	14
kannuye	14
kangadi	14
kaaji	14
jǝmǝla	14
juwuiwawo	14
juwui	14
jena	14
jar	14
jamaro	14
isane	14
gǝnaji	14
fǝlai	14
fasal	14
fannjuyen	14
dǝlwu	14
dunon	14
deri	14
dawi	14
dasaa	14
cǝrawo	14
cǝm	14
cǝdo	14
cijǝna	14
cidiyen	14
cerǝnni	14
ceri	14
caja	14
bǝlaye	14
bǝlaro	14
bulla	14
bikkando	14
bakcai	14
badiyeno	14
ɍiwura	13
yejo	13
tǝlamba	13
tuwui	13
tustu	13
turui	13
tiyero	13
tadakǝska	13
sheda	13
sawul	13
sawo	13
samenna	13
sadaa	13
ruwuwada	13
nalan	13
mukkolan	13
mashin	13
mada	13
lowotordiro	13
litǝr	13
lekke	13
lakka	13
ladoye	13
laasoye	13
kǝndoye	13
kǝmboye	13
kǝlaro	13
kǝjiro	13
kusa	13
kuruwun	13
kuloye	13
kikkero	13
kibbua	13
kekema	13
karǝn	13
karwudi	13
karaa	13
kandira	13
kamuro	13
kambǝɍi	13
kambu	13
kalwusan	13
kadaro	13
jawu	13
jadu	13
garu	13
fǝledu	13
fuji	13
findin	13
fandǝkko	13
fallan	13
dudo	13
doya	13
dimiya	13
dal	13
dabdu	13
cǝk	13
cuwude	13
cuwandǝna	13
cuttuluwi	13
cot	13
cidiro	13
ceji	13
capce	13
candǝnni	13
cakkeri	13
cadiwawo	13
buwucci	13
burwu	13
bas	13
bakci	13
arawu	13
yime	12
yen	12
wuma	12
wa	12
turuiwaworo	12
tulur	12
tuloye	12
tujagai	12
teku	12
tattu	12
tasiwi	12
tambǝna	12
sura	12
suktu	12
simbe	12
sanianju	12
roji	12
redu	12
njeroram	12
njambo	12
Nijer	12
ngaworo	12
ndaran	12
nda	12
nanlewa	12
moduwa	12
manga	12
maduro	12
lawalaro	12
larduwa	12
lardunden	12
kǝskayen	12
kǝriwu	12
kǝnnari	12
kuloro	12
kudo	12
kokcai	12
kiado	12
kaɍangi	12
karea	12
kanna	12
kango	12
kamje	12
kambi	12
kalǝm	12
kalwunju	12
kalala	12
kakani	12
kaji	12
kai	12
kadǝmben	12
kadawua	12
jǝktu	12
juwuna	12
jakturam	12
jaktu	12
jakci	12
jaje	12
ingia	12
gǝniro	12
gursu	12
gomnati	12
gari	12
fuwuye	12
fiyeyeno	12
fijiyi	12
feronju	12
fenju	12
fat	12
fanjǝna	12
dǝgǝl	12
dime	12
dejai	12
dangoye	12
dama	12
cǝni	12
cǝlǝmba	12
curoro	12
curonjuro	12
ciji	12
carandi	12
buye	12
bejiya	12
bawanju	12
bawa	12
Alaa	12
ɍijǝna	11
yenniya	11
yanjuye	11
yaktu	11
wuri	11
wayekko	11
wande	11
wakkil	11
wakkajǝna	11
tǝrǝm	11
tǝlalaro	11
tǝdǝnaye	11
tududǝna	11
tiyinjun	11
tasa	11
tadawa	11
suwurra	11
sulan	11
shara	11
seno	11
saptu	11
samero	11
roa	11
rawo	11
radu	11
nuna	11
Nijerren	11
ngalo	11
ngagǝna	11
ngada	11
nankuruwuye	11
nado	11
mǝkkada	11
mukkonju	11
majai	11
lewa	11
lenǝmiya	11
laaso	11
laanja	11
kǝre	11
kǝngalle	11
kǝma	11
kureye	11
koriro	11
kor	11
kirwon	11
kimea	11
kiluwunniya	11
kidiye	11
kiari	11
kesakko	11
kattendon	11
karwukǝji	11
kaninju	11
kalunju	11
kallo	11
jandeji	11
isana	11
gǝrdu	11
gǝram	11
garunju	11
gargada	11
ganaa	11
fuludu	11
fok	11
fiakku	11
fannjuye	11
fannjun	11
falla	11
faidadi	11
dǝwu	11
diodǝ	11
dinari	11
deje	11
dawuye	11
dangaɍi	11
cǝsange	11
cunodi	11
culuwe	11
cokkol	11
ciyeno	11
ciwi	11
ciwe	11
cattuluwi	11
cassai	11
cado	11
bǝlandeye	11
bǝlanden	11
bǝlan	11
bǝlaaro	11
bullam	11
bule	11
boma	11
barejai	11
bano	11
bana	11
bakkeno	11
akkonju	11
afu	11
wasǝɍiyaye	10
walawala	10
tǝn	10
tǝmmaro	10
tǝgam	10
tukukur	10
todǝro	10
tiloaye	10
tikkero	10
takkǝna	10
tadani	10
sudan	10
sisi	10
shingawaye	10
sedo	10
samdu	10
ruwudu	10
rodu	10
pǝt	10
niro	10
ngǝrǝmgeno	10
ngǝrwu	10
ngulondon	10
ngimnju	10
ngawoyen	10
ngaworam	10
ngalte	10
nasha	10
nangi	10
namdu	10
naduwu	10
maana	10
lǝgar	10
lowotordi	10
lokkollan	10
lok	10
leduyen	10
layaye	10
laya	10
lailan	10
ladan	10
kǝnǝmlan	10
kǝnnasar	10
kǝmanda	10
kǝlda	10
kurgada	10
kojǝnaro	10
kettuluwo	10
keda	10
kasattu	10
kareye	10
kareya	10
kanuriya	10
kansi	10
kanjiro	10
kangale	10
kamboi	10
kambero	10
kadinniya	10
jǝptu	10
juluma	10
jelan	10
jandejai	10
ingilan	10
gǝnajai	10
gǝnajagai	10
ganan	10
fǝleji	10
fǝladaram	10
fujǝna	10
fit	10
fallen	10
faidu	10
fafaji	10
dǝlam	10
duwu	10
duniaye	10
dedu	10
dauro	10
dapkada	10
cǝgasi	10
cǝdoro	10
ceje	10
casai	10
captane	10
caladi	10
bǝrǝm	10
bǝriye	10
bǝnaram	10
bunejiya	10
boyeno	10
bilma	10
bawodǝ	10
bawoaye	10
bakturo	10
awowa	10
asar	10
arsiyi	10
ambadi	10
aman	10
algaida	10
yuro	9
yakkua	9
wulduwu	9
wotiya	9
wakkajiya	9
tuyeno	9
tuwaada	9
tussi	9
tulje	9
taye	9
tarwuna	9
tamiya	9
tame	9
tambo	9
sillowu	9
sanuna	9
samman	9
samelan	9
rumiya	9
njaro	9
njakkoro	9
nima	9
ngǝri	9
ngǝlai	9
ngurumngurum	9
ngulondonju	9
ngam	9
namgadan	9
masarmi	9
lowotordin	9
leyenniya	9
landu	9
laji	9
kǝɍia	9
kǝskalan	9
kǝryenden	9
kǝnsio	9
kǝnjo	9
kǝndǝgai	9
kǝnda	9
kǝmullo	9
kǝmaski	9
kǝmagǝnne	9
kǝlji	9
kǝlas	9
kuye	9
kuwu	9
kuttua	9
kuralan	9
kul	9
kowu	9
kojai	9
kittuluwo	9
kiro	9
kidadǝa	9
kibburo	9
kiamba	9
kero	9
kaɍimoye	9
kawuɍi	9
kastu	9
kasarga	9
kantima	9
kanti	9
kannuro	9
kamgada	9
kamboia	9
kajǝmunju	9
juwuye	9
justu	9
jaudu	9
jatto	9
gǝrji	9
gǝnin	9
gǝnayeno	9
gure	9
gudowom	9
guda	9
ganaro	9
gadeye	9
fǝɍe	9
fiji	9
figǝme	9
fatǝla	9
fardu	9
fankasu	9
fanje	9
fandǝmi	9
falwu	9
faldǝ	9
faidaiwawo	9
dur	9
dikko	9
defartema	9
darajaa	9
dala	9
dajiwawo	9
daje	9
daden	9
cǝmbarǝna	9
cǝlǝmbo	9
cǝdidǝ	9
cuwudi	9
curuna	9
cuduri	9
cotto	9
ciyenniya	9
ciye	9
chameau	9
catti	9
casakkǝna	9
caraanni	9
capkada	9
cani	9
cadde	9
cadai	9
caa	9
bǝlayero	9
buwubuwu	9
burwoyen	9
buniye	9
buldu	9
bowuye	9
bowadanju	9
bonbo	9
bewo	9
bawoyenniya	9
batalla	9
bareji	9
asǝr	9
are	9
acca	9
ɍio	8
yassa	8
yapkeyeno	8
yambo	8
yallaye	8
yallanju	8
yakkuro	8
yakkun	8
wullǝmi	8
wasǝɍi	8
wardu	8
waje	8
uwuye	8
tǝngǝɍiro	8
tuwo	8
tiyiyen	8
tiloro	8
taryeno	8
tamaɍi	8
takko	8
tai	8
soronju	8
sillo	8
sheɍi	8
sedan	8
salaa	8
rijǝna	8
nodo	8
njakkoram	8
Nijeriyaye	8
ngǝwuyen	8
ngǝwuye	8
ngǝlaronju	8
ngonǝme	8
ngojai	8
ngimba	8
ngasayi	8
napciwawo	8
napci	8
nanngǝwu	8
nankurwowuye	8
mǝsǝlǝm	8
mǝktu	8
musa	8
mukkonna	8
mui	8
maso	8
manaye	8
mamadu	8
maanaa	8
lǝmanno	8
lǝmannanju	8
luwuranne	8
lowo	8
lokkolwu	8
lokkollo	8
lokkolle	8
lene	8
lejiya	8
latǝrik	8
larusaye	8
lardunde	8
lai	8
ladu	8
laayero	8
laasoyen	8
kǝradu	8
kǝnyindiye	8
kǝnyakkuye	8
kǝniwu	8
kǝmagǝn	8
kǝluwu	8
kǝledu	8
kǝldaye	8
kǝlayakku	8
kǝlanjuro	8
kusotto	8
kurwowua	8
kungunaye	8
kumbal	8
kulum	8
kudu	8
koyoa	8
koyo	8
korkori	8
kongwa	8
kirukko	8
kinja	8
kimero	8
kidaye	8
kidan	8
keddo	8
kattenja	8
katakoye	8
kasuwulan	8
karo	8
karekalu	8
kanuriye	8
kano	8
kannani	8
kamjai	8
kambiwu	8
kaku	8
kajai	8
kaanǝm	8
kaanju	8
kaala	8
jǝrwunju	8
jǝrwu	8
juwane	8
jut	8
judu	8
jetko	8
janejanea	8
jamburta	8
jamaye	8
jakcai	8
jaji	8
jaduma	8
isǝnni	8
isaye	8
gǝre	8
gǝnaada	8
gureji	8
goroye	8
gigǝro	8
ganji	8
gaji	8
gadea	8
fǝl	8
fujai	8
fiyada	8
fili	8
feyanju	8
feya	8
fetetel	8
fet	8
feroni	8
fer	8
farai	8
fangekko	8
faidadai	8
dǝmba	8
dǝgai	8
dungokkada	8
dondije	8
dion	8
dinarre	8
deyan	8
deyada	8
deji	8
daptuwu	8
dapcuwo	8
dangolan	8
dangoa	8
daji	8
daa	8
cǝwurde	8
cǝdidǝro	8
cuwuna	8
curui	8
cua	8
coccoɍi	8
ciwuna	8
cinǝme	8
cinjiyi	8
cindu	8
casakkarai	8
cambo	8
cadandi	8
bǝɍiyer	8
bǝr	8
bǝp	8
bǝlandero	8
bǝladeyan	8
bowuro	8
bir	8
bido	8
baramlan	8
bafiya	8
asudu	8
argǝmnju	8
amben	8
alitta	8
Alayen	8
alau	8
akki	8
ajabba	8
Afǝrikayen	8
ado	8
adinma	8
ɍiwu	7
ɍeke	7
yodu	7
yimiya	7
yeiya	7
yedu	7
yando	7
yallaro	7
yakkǝkke	7
waljoro	7
walje	7
uwuro	7
tǝdǝnni	7
tuwur	7
tuwuiwawo	7
tussǝnni	7
tusa	7
tumari	7
tulon	7
tiya	7
tirer	7
timiaro	7
timia	7
tikkerǝna	7
tewur	7
tattawar	7
tatase	7
tassu	7
talla	7
tajirwa	7
sǝɍiwodu	7
sǝniya	7
sǝmoye	7
sǝdde	7
sǝbdu	7
suyen	7
sud	7
siwo	7
siro	7
singe	7
sindu	7
simintiye	7
simalo	7
shadda	7
sawanju	7
sammaro	7
samen	7
salat	7
sadu	7
saalan	7
reda	7
rawoma	7
rakka	7
nuktu	7
njuwoye	7
njukkuro	7
njoma	7
njassayi	7
njakkoye	7
nijerlan	7
ngǝwuan	7
ngǝroma	7
ngǝlailan	7
ngojiwawo	7
ngoda	7
ngayeno	7
ngairo	7
newo	7
ndǝwu	7
nasaran	7
nankam	7
nanguyeno	7
nalle	7
naira	7
mǝsǝlǝmbaye	7
mǝnde	7
mukkoyen	7
motalan	7
minti	7
mieux	7
mewuye	7
mayawa	7
maraba	7
manadu	7
malǝmma	7
malǝmbe	7
makki	7
maduwu	7
madi	7
lokkolma	7
leniye	7
lejiwawo	7
leduwuram	7
laason	7
kǝskan	7
kǝrmai	7
kǝnjǝna	7
kǝnduwo	7
kǝnaa	7
kǝn	7
kǝllada	7
kǝlduwu	7
kǝlanǝm	7
kǝlanjuye	7
kǝlanji	7
kuyedǝ	7
kuwuri	7
kuwuiye	7
kuru	7
kursasi	7
kurdu	7
kosolan	7
koskoso	7
kolta	7
koko	7
kiyi	7
kiwukko	7
kilometǝr	7
kilo	7
kiddo	7
kidaramnjan	7
kesa	7
kedǝnniya	7
kaɍiyia	7
kaɍi	7
kayau	7
kawudi	7
kawara	7
kawar	7
kaudi	7
kaskasi	7
karwukutta	7
karwi	7
karjǝm	7
karenǝm	7
karawilan	7
kandin	7
kamuni	7
kamji	7
kamgeno	7
kamcǝlǝmbe	7
kamcǝlǝm	7
kambǝɍiro	7
kalekale	7
kakke	7
kakkadulan	7
kaje	7
kaisu	7
kadiye	7
kadikko	7
kaada	7
jǝrǝt	7
jǝpturam	7
jawawi	7
jaua	7
jat	7
jane	7
jabǝɍma	7
jabiya	7
jaawu	7
isǝp	7
isafanduwu	7
hangalnin	7
gǝrdama	7
gǝptu	7
garyeno	7
garuro	7
gar	7
gapco	7
gapci	7
ganayen	7
gagner	7
fǝrro	7
fǝledama	7
fǝdǝk	7
fiyadan	7
fijagane	7
ferjagai	7
fel	7
fefedoa	7
fatto	7
fatatal	7
farjai	7
falnju	7
fallero	7
fala	7
fak	7
fadon	7
dǝla	7
dudu	7
dolero	7
doi	7
diwiro	7
diwinoye	7
diwia	7
dinar	7
dikke	7
dewuye	7
dejane	7
dawudi	7
daryen	7
dandal	7
daldu	7
dagardu	7
daduram	7
cǝdiro	7
cuwandoro	7
curi	7
culuwiya	7
cukkure	7
cuduriya	7
cududi	7
ciwawo	7
cit	7
ciri	7
cinjagai	7
cingeno	7
cejo	7
cap	7
canja	7
caldu	7
cadana	7
bǝrǝmbe	7
bǝrki	7
bǝlanjaro	7
bǝlandeyen	7
buwo	7
burwoyelan	7
burwo	7
bujin	7
bina	7
bikkeye	7
baɍimi	7
bawoyeno	7
barambo	7
banda	7
bam	7
balballan	7
bakta	7
bakkenniya	7
badidi	7
arakku	7
ajiro	7
aja	7
afuno	7
adǝro	7
adinnambe	7
ada	7
ɍiman	6
yuwo	6
yiyilji	6
yindiyen	6
yimi	6
yilayen	6
yero	6
yaudiya	6
yatto	6
yalaye	6
wujǝna	6
wassi	6
wargada	6
waljiwawo	6
tǝɍin	6
tǝrok	6
tǝmbaɍi	6
tǝmbaldu	6
tǝma	6
tuwandǝna	6
tumoduwu	6
tuluworo	6
tudu	6
timin	6
tayia	6
tawaye	6
tawama	6
tanjani	6
taldu	6
takturo	6
takkǝni	6
tadaye	6
tadanjuye	6
sǝnǝm	6
sǝddo	6
suwu	6
sojiya	6
sodǝ	6
siyen	6
siyel	6
sini	6
simba	6
sida	6
shetima	6
shawaro	6
sawawanju	6
sawawani	6
sananaa	6
saan	6
ruwuyen	6
rungoro	6
rukkǝni	6
roye	6
rowada	6
rijǝnni	6
rijana	6
riduro	6
rangǝme	6
raktu	6
raakko	6
ra	6
nur	6
no	6
njǝn	6
njǝmbǝɍo	6
njudu	6
njaye	6
njado	6
nilan	6
ngǝwujiya	6
ngǝrǝmdu	6
ngǝroro	6
ngumnju	6
ngimnjuyen	6
ngimnjun	6
ngayiya	6
ngawasi	6
ngarwuma	6
nganjiye	6
ngamji	6
ngaloye	6
ngaldu	6
ngaje	6
ngainin	6
ndara	6
nasarawa	6
nanǝmbo	6
nankuruwunju	6
namdǝna	6
namburo	6
nambarwu	6
najǝgǝna	6
mǝsǝlǝmma	6
mǝsǝlǝmba	6
muɍi	6
motaro	6
maɍin	6
mawu	6
masidiro	6
mali	6
malade	6
makkalan	6
lǝmannaye	6
lǝgari	6
lumbu	6
lon	6
loloji	6
lokkollen	6
leyera	6
leyekkǝniya	6
leyeiye	6
lejidǝ	6
lejana	6
landǝna	6
lambi	6
kǝɍin	6
kǝɍijuwo	6
kǝskaso	6
kǝsai	6
kǝrǝnjai	6
kǝrǝndu	6
kǝridu	6
kǝrajai	6
kǝmande	6
kǝlanga	6
kuwa	6
kutturo	6
kuri	6
kuraye	6
kui	6
kowodo	6
kosoro	6
kongo	6
kombe	6
kolol	6
kollǝme	6
kojǝnni	6
koiwu	6
kinda	6
kimowo	6
kidando	6
kesakesa	6
kaɍea	6
kaye	6
kawe	6
kawaktu	6
katten	6
katkun	6
kashagar	6
kartip	6
kartaye	6
karas	6
karama	6
kannulan	6
kannuaro	6
kangeye	6
kangea	6
kanduɍia	6
kambǝɍima	6
kalwuni	6
kaluye	6
kalji	6
kaldu	6
kakkaduyen	6
kakkadunju	6
kakamje	6
kakamgada	6
kakamdu	6
kaja	6
kaiwa	6
kaasu	6
kaan	6
kaa	6
jǝgǝre	6
jussi	6
juduye	6
jerida	6
jawuna	6
jawar	6
jawallo	6
jaraptalan	6
jandedu	6
jambo	6
jakkeno	6
isangaduwuro	6
ingin	6
haram	6
hangalsango	6
hangalnju	6
hangallan	6
hamma	6
gǝrgajǝna	6
gǝpkeno	6
gaye	6
gawara	6
gambo	6
galajana	6
gaiye	6
gadangaɍe	6
fǝrnjuro	6
fǝleduma	6
fǝleda	6
fuwurawa	6
fuwura	6
fudǝr	6
fiyeno	6
fida	6
feronjuye	6
fefedo	6
fattuwu	6
faransa	6
fanni	6
fandǝkkǝni	6
fandǝkke	6
faldi	6
fajar	6
faidadu	6
fafajiye	6
dǝlawuye	6
dǝgamma	6
duwor	6
dunoye	6
dunonju	6
doro	6
dondiyenniya	6
dina	6
dayeno	6
dawuyen	6
dara	6
dapkeyeno	6
damagǝrǝmben	6
daloma	6
daadanju	6
cǝp	6
cǝkko	6
cǝgari	6
cǝdde	6
cuwuɍia	6
cuwandiwawo	6
cumoyi	6
citteri	6
cirǝnni	6
cira	6
cinji	6
cinduram	6
cina	6
cijiya	6
ceriwawo	6
casakkeri	6
carui	6
carawo	6
captu	6
captana	6
canji	6
cambǝna	6
caluwi	6
cakkiwawo	6
cakkarai	6
caduyen	6
cadu	6
cadane	6
bǝɍinmi	6
bǝrinju	6
bǝrbǝr	6
bǝna	6
bǝlawuroro	6
bǝlaana	6
buro	6
buneye	6
bundi	6
buduro	6
bojai	6
biyadu	6
beɍi	6
baramben	6
balballa	6
bakcane	6
bak	6
bada	6
aɍiawu	6
aɍi	6
ayawa	6
ayau	6
askǝra	6
asemlan	6
amin	6
amari	6
alamaye	6
adǝma	6
adinnamdaji	6
ɍiwuram	5
ɍiwa	5
ɍittu	5
ɍisiwu	5
ɍijana	5
yukkuro	5
yiro	5
yirdu	5
yindidǝ	5
yimbaro	5
yestu	5
yeiyani	5
yayen	5
yaptuwu	5
yallanjuro	5
yalan	5
yalaadinnam	5
yakkuyen	5
yakke	5
wurawa	5
wuluye	5
wul	5
wuduwa	5
wayera	5
was	5
warasa	5
warak	5
waljai	5
waldi	5
wajǝna	5
tǝwur	5
tǝrǝk	5
tǝlǝs	5
tǝlamyindia	5
tǝgǝriwawo	5
tǝdiro	5
tǝde	5
tuɍu	5
tuttu	5
turuiwawo	5
turuiro	5
turi	5
tujai	5
tudǝdǝna	5
tok	5
tiye	5
timide	5
timalnju	5
timalle	5
tayiro	5
tayir	5
tassi	5
tasiwinju	5
tasawa	5
taptu	5
tandu	5
tandoma	5
tamsuwu	5
tamanju	5
tadaro	5
tadaa	5
tacci	5
sǝram	5
sǝkkal	5
sǝgǝrinju	5
suwana	5
suso	5
sunonju	5
sunoni	5
sungori	5
sukci	5
soroyen	5
sinjuye	5
sinjulan	5
sinji	5
shayiye	5
sel	5
sawaro	5
sawania	5
sasi	5
sardu	5
sarai	5
santimetǝr	5
samsuro	5
sameyen	5
salaro	5
sagawu	5
sadǝman	5
rǝmbo	5
rukku	5
ruiye	5
rokko	5
ridu	5
rashidu	5
raakkǝni	5
pompo	5
nǝmu	5
nukci	5
nokkǝni	5
njǝddoro	5
njuro	5
njoye	5
njero	5
njango	5
nin	5
niamelan	5
ngǝlaiye	5
ngudowa	5
ngucci	5
ngojane	5
ngimnjuye	5
ngeemeyen	5
ngayiwawo	5
ngarmu	5
ngalwo	5
ngalji	5
ngaima	5
nawu	5
nasaraye	5
napturo	5
napcai	5
nanǝmlan	5
nansǝni	5
nansamsu	5
nankuranju	5
nanjun	5
nangǝɍiram	5
nana	5
nadǝn	5
mǝs	5
mǝndǝlma	5
mukkoa	5
moyen	5
moto	5
mewua	5
mer	5
menna	5
mayeno	5
masar	5
maryi	5
marasin	5
manǝmi	5
manama	5
mamaduye	5
makkaro	5
mainde	5
maidiyen	5
maidin	5
maidi	5
madama	5
lǝtǝɍin	5
lǝptu	5
lǝmannaro	5
luwukki	5
losu	5
lolodu	5
lesaye	5
lenǝmi	5
lenǝme	5
lema	5
layayen	5
layaro	5
lawule	5
lawu	5
larduro	5
lardundeye	5
larawa	5
lan	5
lamarren	5
lamarra	5
lam	5
lakkanden	5
laje	5
kǝɍiɍijoye	5
kǝrkǝmyakku	5
kǝristaye	5
kǝrawo	5
kǝranju	5
kǝndǝga	5
kǝnaye	5
kǝmoye	5
kǝmboro	5
kǝmaɍi	5
kǝljane	5
kǝlawo	5
kǝlasso	5
kǝlado	5
kwanju	5
kwangaye	5
kwangawa	5
kuttuaro	5
kuroma	5
kuren	5
kuradǝa	5
kuraaro	5
kunjo	5
kungiya	5
kun	5
kuloyero	5
kulon	5
kua	5
koɍomi	5
koronjuye	5
korokoro	5
koria	5
kop	5
kolyera	5
kolwoɍi	5
kollo	5
koljǝnni	5
koljǝna	5
kolduwu	5
koktu	5
kokcǝna	5
kojiwawo	5
koje	5
kitawuwa	5
kistuwu	5
kinjayen	5
kinjaro	5
kindo	5
kina	5
kimekime	5
kikkuro	5
kidaada	5
kiawu	5
kiarije	5
kiamlan	5
kerǝnniya	5
kel	5
kekkǝnniya	5
kekelan	5
keke	5
keddǝnniya	5
kaɍimonju	5
kaɍga	5
kauri	5
kattuwu	5
kattun	5
kattu	5
kattia	5
kasusu	5
kasulu	5
kasu	5
kassǝme	5
kaset	5
kasaldu	5
kasaldi	5
kasala	5
karǝnjiya	5
karwukuttanǝm	5
karwui	5
karjǝmbe	5
kareyanju	5
kareso	5
karedǝa	5
kardǝna	5
kardu	5
karawin	5
karau	5
karaala	5
kaptuwu	5
kannuyen	5
kanjinju	5
kanduwal	5
kandinna	5
kandana	5
kandan	5
kamuwaso	5
kamua	5
kamgadan	5
kamerun	5
kameme	5
kamduro	5
kamde	5
kamanjua	5
kalwusanne	5
kalwolan	5
kalmawa	5
kale	5
kalaktuwu	5
kajǝmuye	5
kajiya	5
kadǝnniya	5
kaduye	5
kaduro	5
kadaa	5
kaadaa	5
jǝrwuye	5
jǝrwunjun	5
jǝpci	5
jǝmada	5
jǝjǝktu	5
juye	5
juwadu	5
jussǝnni	5
juji	5
joɍiyeno	5
jiɍiro	5
jenenju	5
jenaso	5
japonlan	5
janna	5
jamburtanju	5
jambi	5
jambadu	5
jamba	5
jamanne	5
jamala	5
jairowa	5
jagǝri	5
jagariwawo	5
jagai	5
isawua	5
isaboduwu	5
injilan	5
ingiya	5
ingiingiro	5
inabbe	5
hangallayen	5
halal	5
gǝnde	5
gǝnanju	5
gǝnajǝgǝna	5
gǝnaje	5
gǝnaduram	5
gǝm	5
gonda	5
gofa	5
giyediye	5
giwa	5
gewo	5
gapto	5
gandu	5
gama	5
gado	5
gadeyero	5
fǝrǝmdu	5
fǝrso	5
fǝrren	5
fǝrgan	5
fǝrdunju	5
fǝraduram	5
fǝlejiyi	5
fǝladaye	5
fǝkkan	5
fuwunna	5
fuwunjuro	5
ful	5
fukko	5
firo	5
fima	5
fidi	5
fiakkun	5
ferje	5
faɍi	5
farsamlan	5
farji	5
farakko	5
fanǝmi	5
fanduro	5
faldǝn	5
fakkǝna	5
faidadǝme	5
fadoyen	5
dǝrdu	5
dǝmbǝr	5
dǝmbo	5
dǝgǝm	5
dǝganaro	5
dǝdǝktu	5
duwun	5
duwa	5
duro	5
dunolan	5
dunian	5
dungoktu	5
dungokti	5
dungokkadaa	5
dojǝna	5
dirijane	5
diridu	5
dioram	5
din	5
dimiye	5
diminju	5
dim	5
deyaro	5
dawuro	5
dawia	5
dawari	5
daptu	5
dandiro	5
danau	5
dalnju	5
daljai	5
dalil	5
dak	5
dagaryeno	5
dadadu	5
dabduji	5
daadan	5
cǝttane	5
cǝr	5
cǝnjǝme	5
cǝneyi	5
cǝmbǝɍǝna	5
cǝgasiye	5
cǝdin	5
cǝdima	5
cuwudo	5
cuwandǝnnidǝ	5
cuttuluwuna	5
cuku	5
cuduriwawo	5
cidiyaro	5
cidilan	5
ceyesi	5
ceriya	5
cere	5
cawudi	5
cawandi	5
carune	5
camunno	5
cadidǝ	5
bǝɍiwu	5
bǝrninju	5
bǝrebe	5
bǝl	5
buwudu	5
busa	5
burwoyero	5
bunduwu	5
bullo	5
bullan	5
buldǝa	5
bujiyen	5
buduma	5
bua	5
bowojai	5
borwo	5
bel	5
bayin	5
bawando	5
batǝr	5
barwunoa	5
barwuno	5
bannadu	5
bani	5
bambusu	5
bagara	5
bafǝnni	5
bafe	5
awoa	5
awiro	5
asemben	5
asembe	5
ardiya	5
ardidu	5
amwurawa	5
amusu	5
amulette	5
alwasi	5
alewa	5
alamdu	5
alam	5
alade	5
agwagwa	5
agogo	5
agadassen	5
adǝyedǝ	5
adǝgai	5
adinnamnjun	5
adal	5