ки	1093
и	880
х̌анд	755
яв̌	746
а	718
х̌ы	645
йәм	629
дә	589
я	579
цә	471
бә	394
х̌ати	344
жы	332
ту	331
в̌уз	309
йәт	300
подщо	279
в̌ост	265
э	263
царт	217
да	199
чиз	193
рв̌ор	192
рәшт	187
тәр	176
ға	167
нив	166
дәйт	161
х̌ат	158
в̌изит	156
туәтк	155
вити	139
наст	139
ти	137
наг	126
та	123
подщобача	122
х̌анән	119
кәрти	114
ранг	114
дәм	112
бар	111
х̌ә	111
в̌оз	110
ди	110
ҷай	109
дра	108
сар	107
маж	105
царән	103
з̌ай	102
нәй	100
ца	100
ра	97
яв̌и	97
ар	96
кы	95
хун	95
мар	94
ныв̌ызд	94
әч	91
сә	90
то	90
бу	88
пә	88
црәнг	88
ранд	82
спо	82
ац̌и	81
сак	81
шх̌ән	81
тә	79
юпк	79
яр	78
тат	77
цум	77
в̌әзди	73
куй	72
нан	72
ян	72
в̌узәм	70
пәтр	70
прәйзод	70
рәӵән	70
ив̌	66
тав̌	66
әт̈	65
в̌оцән	65
кәнд	65
сари	65
дырзд	64
прыт	64
дгар	63
прчод	62
ска	59
дәст	58
юнд	58
ящ	58
в̌остәт	57
тар	57
гар	56
з̌әғ̌д	56
рәғ̌ди	56
в̌ахт	55
витк	55
ғ̌ат	54
жынән	54
луп	54
цәм	54
яв̌ән	54
дрәм	53
тра	52
тру	52
х̌ан	52
тәм	51
яв	51
амо	50
чирмит	50
щач	50
бәт	49
айрон	49
карт	49
врыт	49
ме	48
саищ	47
дидиғ̌д	46
дурбону	46
кәмпирзан	46
даст	45
рәӵ	45
яв̌ищ	45
дәт	44
див̌	44
нағ̌д	44
ив̌ки	43
карти	43
баф	42
в̌әзйән	42
қла	42
рост	42
трәм	42
халг	42
юндәм	42
бәч	41
в̌әрәшт	41
дәйти	41
мажи	41
нә	41
ав̌қот	40
рәӵәм	40
симырғ	40
тәй	40
тум	40
ымыт	40
в̌зир	39
дрё	39
нйәшти	39
руй	39
сакән	39
фар	39
цар	39
цәй	38
цбас	38
в̌ызымд	37
дам	37
инык	37
лой	37
Хәдо	37
ғ̌атән	36
рә	36
бән	35
гизд	35
хыщ	35
цартәт	35
ғ̌аш	34
ё	34
кәмпир	34
нәғәрдум	34
тинән	34
царәм	34
кум	33
кыли	33
қыв̌	33
сол	33
хай	33
қландар	32
св̌ор	32
х̌әч	32
в̌әзи	31
гох̌ән	31
ғ̌ати	31
динән	31
туәт	31
юти	31
ящи	31
каш	30
бади	30
нәтуәтк	30
кәрк	30
х̌ыйнан	30
рухн	30
ӵит	30
чил	30
гох̌т	29
вдәк	29
зиндагӣ	29
дәжди	29
йәтищ	29
роз	29
пыд	29
скәм	29
саарӣ	29
в̌зирдыхтар	28
марәк	28
пәрсими	28
ҷам	28
в̌азирбача	27
в̌уч	27
кәрт	27
ко	27
мала	27
оста	27
ыб	27
дырз	26
витиәт	26
палыв̌	26
нәв̌ост	26
пийдо	26
хәщруй	26
тқи	26
яви	26
хуб	26
пак	25
ғ̌ирд	25
тав̌ән	25
скам	25
чәрни	25
хашт	25
юндән	25
ҷон	25
алд	24
әчәк	24
бынд	24
ғ̌уз	24
сакәр	24
хлос	24
шкорӣ	24
ага	23
агар	23
в̌ызым	23
гох̌ти	23
дынё	23
мис	23
нақл	23
подщои	23
соф	23
фақат	23
халгищ	23
цанән	23
чут̈	23
чырт	23
щозодалал	23
боғ	22
ав̌з	22
гәзди	22
дрәт	22
гушт	22
дырзән	22
кат̈ән	22
дырздәт	22
х̌атәв	22
явәр	22
шар	22
бози	21
ам	21
врытищ	21
в̌ызмән	21
дасти	21
йәми	21
ит	21
қриби	21
лав	21
молви	21
нағ̌дәт	21
нгинаи	21
пәтри	21
подщоәт	21
тоқа	21
пырк	21
х̌атәм	21
хбар	21
царәнәт	21
шкор	21
цәрак	21
бари	20
дилов̌ар	20
зинда	20
зман	20
йәти	20
лай	20
подщоән	20
рәм	20
рәти	20
хингар	20
хунәр	20
щарт	20
в̌ыш	19
ай	19
гох̌әм	19
кәртәй	19
йәтви	19
ны	19
нунг	19
ӵәжм	19
щбын	19
ҷәнгал	19
ба	18
дәйтәт	18
кәндәр	18
куи	18
қриб	18
римит	18
туәш	18
х̌әтк	18
хингари	18
х̌ый	18
ц̌и	18
ҷайән	18
бәт̈	17
айлоқ	17
в̌зирбача	17
в̌х̌ән	17
гап	17
дидиғ̌	17
заищ	17
драхт	17
ив̌и	17
ила	17
йәмищ	17
кат̈	17
кәртиәт	17
ку	17
пуп	17
руз	17
рәв̌әзд	17
санд	17
сәв̌догар	17
скорд	17
тёр	17
ярк	17
х̌атән	17
бозор	16
бояд	16
буй	16
в̌әзг	16
вит	16
витәй	16
в̌ыдырт	16
ғал	16
дәр	16
дуст	16
ёманән	16
з̌әғ̌ди	16
камәк	16
кумәр	16
нәту	16
писти	16
подщоәр	16
прчоди	16
рандәм	16
рәв̌әзди	16
рәтк	16
тағ̌ди	16
хәндунӣ	16
цәт	16
ҷв̌они	16
шух	16
в̌оц	15
банд	15
в̌оцәм	15
ғ̌ар	15
дыйым	15
қар	15
ир	15
мажән	15
мә	15
нанҷон	15
саки	15
сәк	15
тоза	15
сдо	15
хдорг	15
хила	15
ҷанг	15
ярәк	15
ҷрав	15
ав̌ыл	14
аждаор	14
алмәстӣ	14
би	14
бой	14
ванд	14
в̌узәт	14
в̌шыкән	14
дйәтк	14
зур	14
нәцарт	14
ныв̌ыз	14
пист	14
пищ	14
подщодыхтар	14
пщит	14
рәӵәв	14
санән	14
сарәк	14
сәйым	14
споцән	14
сырат	14
т̈ази	14
тәя	14
тыша	14
цбыр	14
ӵав̌ән	14
ҷондор	14
щәхәст	14
щитк	14
бәр	13
в̌оцәнәт	13
в̌удг	13
в̌ыдыр	13
гәрдан	13
ғ̌атәт	13
данән	13
диқон	13
дор	13
инот	13
кәндән	13
қбыл	13
майрамәк	13
мәрдымищ	13
мусфид	13
них̌ти	13
ныв̌д	13
пыди	13
рәдән	13
рәх̌к	13
скәт	13
тав̌и	13
там	13
тарәк	13
тәт	13
трәт	13
туй	13
хунән	13
чәрмән	13
юпки	13
алән	12
ǝч	12
ара	12
аспи	12
бонди	12
в̌ашти	12
в̌әрәӵән	12
витәв	12
в̌озомди	12
в̌шык	12
з̌ир	12
дәрв̌оза	12
змистон	12
кәрд	12
кык	12
қлам	12
қоф	12
мирит	12
мирохыр	12
мукт	12
ныв̌дәт	12
нәйни	12
прәйзодви	12
пырзәр	12
рандән	12
сав	12
скиди	12
сфар	12
х̌атәр	12
цумо	12
щбынӣ	12
шапт	12
в̌әск	11
бәт̈ви	11
вранг	11
ғ̌атывд	11
ғ̌ирди	11
дашт	11
диёр	11
дищ	11
дищт	11
зафар	11
з̌әғ̌дәк	11
зманищ	11
йәх̌к	11
кумҷай	11
кумән	11
мол	11
мый	11
мылк	11
нәбасв̌изит	11
олам	11
пидо	11
пуд	11
рәғ̌дәм	11
саро	11
сир	11
тобистон	11
татәт	11
хайч	11
халқ	11
х̌анәм	11
хв̌ос	11
хили	11
чархи	11
чәрт	11
шкургәм	11
шышк	11
щәхәстәт	11
эй	11
ящән	11
юндәв	11
в̌азд	10
в̌әздәв	10
вул	10
гизән	10
гот	10
з̌айи	10
йәмви	10
қрыт	10
ләцәр	10
мәрз	10
мои	10
молищ	10
нәдищт	10
нәсәтк	10
нәх̌анд	10
них̌вән	10
них̌ывд	10
нфар	10
охирон	10
палав̌он	10
пәрст	10
пәс	10
подщобачаәт	10
пырз	10
рәғ̌дәв	10
рәт	10
рәштәт	10
рицн	10
сарищ	10
сохт	10
сыр	10
туғ̌	10
туйӣ	10
хәдов̌анд	10
холӣ	10
хормниҷ	10
ц̌әқлай	10
цәрәр	10
чәнор	10
чизәр	10
чой	10
ҷалд	10
ҷв̌он	10
ҷравән	10
щәт	10
щит	10
щозодалаләт	10
явән	10
яв̌әш	10
яйч	10
ящви	10
ав̌о	9
алба	9
алди	9
аҷоиб	9
в̌ахтәт	9
в̌әзд	9
в̌изитәт	9
в̌нәр	9
в̌озомд	9
воч	9
выр	9
ғәйри	9
дастән	9
даштәт	9
дәв̌лат	9
доим	9
иғ̌уни	9
йәтәр	9
кат̈әв	9
кәртәв	9
мак	9
мәқсад	9
мәрдым	9
мидғ̌анц̌	9
моигир	9
мырда	9
нәвитк	9
нйәнг	9
нозюн	9
ныв̌зән	9
пәтрәр	9
пәтрищ	9
планг	9
прытән	9
рәғ̌д	9
рәғ̌дән	9
рәстывд	9
рухщона	9
саарәк	9
савәр	9
савз	9
сәндуқ	9
с̌ит	9
солои	9
сырати	9
сырӣ	9
татәр	9
тит	9
трам	9
труй	9
цәқлай	9
цәракәр	9
цуск	9
чуғз	9
шафш	9
щарти	9
щәхсән	9
юпкән	9
ярәр	9
ал	8
азоб	8
алдәт	8
бад	8
бландӣ	8
блоқ	8
бозәргон	8
в̌ағ	8
в̌әздәм	8
в̌әзйәм	8
в̌ыздяк	8
в̌ыши	8
гов̌бонәк	8
готән	8
гох̌	8
гушти	8
ғ̌атәв	8
ғ̌ирывд	8
ғ̌иш	8
дав	8
дари	8
диги	8
дидиғ̌ән	8
ёр	8
ирәт	8
зәм	8
итәт	8
ити	8
камаз	8
кафш	8
книзәк	8
кт̈әтк	8
куәт	8
қап	8
мәрдина	8
моләт	8
мрод	8
мумҷон	8
мыщт	8
нагәш	8
нағ̌динӣ	8
нашт	8
нашти	8
о	8
оҷиз	8
пар	8
пәрсти	8
помир	8
прәйзоди	8
пут̈	8
сати	8
рандәт	8
соат	8
татән	8
тәзәрӣ	8
тиз	8
тилоӣ	8
тири	8
тумәк	8
х̌анәв	8
хишӣ	8
хур	8
хыщӣ	8
цам	8
царәв	8
шафши	8
шах	8
шинҷв̌ал	8
шкурд	8
шнов̌арӣ	8
штик	8
шый	8
щак	8
щәхәсти	8
ютк	8
щлах	8
ав̌қоти	7
айни	7
амраищ	7
аҷаб	7
бази	7
барәт	7
бәор	7
билчаи	7
бробари	7
вандән	7
в̌әздән	7
в̌әрәх̌к	7
в̌зирбачаәт	7
винд	7
винди	7
в̌инди	7
в̌ызмак	7
в̌ызмәтк	7
готи	7
гох̌тәт	7
ғ̌әф	7
дарбор	7
дарс	7
дәжд	7
дег	7
дидғ̌әм	7
дидиғ̌дәт	7
дидиғ̌ди	7
дингакәр	7
дищти	7
доно	7
друкш	7
зан	7
зманви	7
ив̌әр	7
йәмәр	7
кал	7
кат̈әм	7
кәмпирзани	7
кәртәм	7
ктич	7
қиёмат	7
қисмат	7
мәктаб	7
мәцар	7
мир	7
мисынг	7
млунг	7
молвән	7
нанән	7
нәвити	7
нәв̌кар	7
нәгот	7
нәйәт	7
нәцарәм	7
нгина	7
нола	7
обод	7
ошно	7
пәйдо	7
пзыв	7
пирвит	7
подщорәк	7
прәй	7
пщәв̌ән	7
раҗ	7
рәлт	7
рв̌орәт	7
руйи	7
рыхниг	7
сарәт	7
сәв̌догарӣ	7
сиат	7
сив̌ы	7
соиб	7
тав	7
тағ̌дән	7
татнан	7
тах̌к	7
тахт	7
тахтәт	7
торинҷ	7
трав	7
фанд	7
фләк	7
флон	7
х̌ак	7
хамд	7
хизмат	7
хубруй	7
хунәт	7
хуш	7
х̌ыйнанән	7
хыщиән	7
чап	7
чнор	7
ҷони	7
шкорән	7
щахс	7
яйчи	7
ящәт	7
аләв	6
азроил	6
аләм	6
амра	6
амсанг	6
аскарӣ	6
афта	6
әстар	6
барән	6
бахт	6
бәдаращ	6
бёбони	6
бихләв̌	6
бланд	6
бродәрхон	6
бҷәй	6
былбылмингас	6
васти	6
в̌ашк	6
в̌әлоав̌л	6
в̌әщки	6
вдәки	6
в̌зирән	6
в̌инд	6
в̌индәт	6
в̌одорти	6
в̌озомдәв	6
в̌рәх̌к	6
врытән	6
в̌узәш	6
в̌ундр	6
в̌ызмәм	6
в̌ыр	6
гарм	6
гдой	6
гиз	6
гирди	6
го	6
готәм	6
гыли	6
ғ̌атовди	6
ғ̌ир	6
дав̌ра	6
дами	6
дәв̌латәт	6
даштоәт	6
дәв̌лати	6
дидиғ̌дәм	6
дингак	6
дод	6
драәт	6
дрёән	6
ёдән	6
жолх	6
зави	6
з̌айән	6
зар	6
зах̌	6
з̌ит	6
исп	6
иҷозат	6
кәртән	6
кәрту	6
кбун	6
кокылзарин	6
кумёр	6
қав̌л	6
қофән	6
қсам	6
қул	6
марәр	6
мәлтиқ	6
мәртк	6
мәх̌ан	6
мирзосалмон	6
моли	6
мощин	6
мродәт	6
навобод	6
наҗмон	6
нанәр	6
нани	6
нәв̌карвән	6
нәк	6
нәранд	6
нәрандәм	6
нәсти	6
норинҷәт	6
ншонви	6
нсиб	6
ныв̌ыздәт	6
одами	6
ощық	6
пиғом	6
подщогиғ̌	6
прәйзодәр	6
прчодәк	6
рандәв	6
руғ̌н	6
рыхсат	6
самосам	6
сарән	6
сәрв	6
скид	6
слом	6
стыйд	6
сыст	6
таф	6
тәлқони	6
тәш	6
той	6
траф	6
ха	6
хашти	6
хингарән	6
хиш	6
х̌урс	6
хырмо	6
цәмән	6
чизи	6
чин	6
чләк	6
ҷайи	6
ҷда	6
ҷзир	6
ҷыр	6
шитхарв	6
шыв̌	6
щәхсәв	6
щот	6
ымый	6
юпкәт	6
якым	6
яв̌әр	6
ав̌оӣ	5
ав̌лӣ	5
ақи	5
аләнәт	5
афт	5
барви	5
бёбон	5
бика	5
бләк	5
бробарнағ̌д	5
бынән	5
в̌азир	5
в̌азмин	5
в̌әзәй	5
в̌әздәй	5
в̌әлоқыв̌ат	5
в̌әрәғ̌ни	5
в̌әрәштәт	5
в̌әрди	5
в̌зирәр	5
в̌зири	5
витән	5
войн	5
врытви	5
врытинищ	5
в̌ыдрак	5
в̌ыдыртәт	5
в̌ыздйәм	5
в̌ыздыйтәт	5
в̌ызмәв	5
в̌ызымдәт	5
гләциғ̌	5
гох̌әв	5
гох̌тиәт	5
гуштән	5
ғ̌атәнәт	5
ғ̌атвәм	5
ғ̌атвән	5
ғ̌ашән	5
ғ̌ирән	5
ғлоф	5
дан	5
дар	5
дарбонищ	5
дәв̌ра	5
дәждиәт	5
дәйтиәт	5
дәрв̌озаи	5
дәркор	5
див̌ән	5
диг	5
дищтәт	5
дыкон	5
дынёи	5
дышманән	5
ёд	5
җарҗ	5
зики	5
з̌әғ̌дви	5
зугванд	5
з̌ын	5
иғ̌унәк	5
илоҷ	5
иныкәт	5
иҷро	5
йәмән	5
йәтән	5
касал	5
кбит	5
куфорподщо	5
кынәм	5
қав̌ләт	5
қлаи	5
қламәт	5
қса	5
лавәт	5
ләцәрт	5
лупёр	5
мал	5
мәләцәр	5
мәлтиқи	5
мәрйәм	5
мәслат	5
мәчанг	5
мингас	5
моиндар	5
нақли	5
нәбасв̌әзд	5
нәв̌даи	5
нәв̌карищ	5
нәит	5
нәкәцрәм	5
нәхчир	5
нәымыт	5
нәюнд	5
них̌вәм	5
нлаг	5
ов̌изон	5
он	5
осмон	5
оҷраи	5
палыв̌и	5
паризод	5
пәдам	5
пәдн	5
пәрс	5
пити	5
подщобачарәк	5
пошт	5
прчодәр	5
пырынд	5
раакӣ	5
рәни	5
рв̌ори	5
савән	5
рои	5
сарәр	5
саргызащти	5
саридав̌	5
сәйл	5
сәтк	5
соли	5
сыратән	5
сыриән	5
тағ̌дәв	5
т̈ах	5
тило	5
тмощо	5
тов	5
торик	5
тпар	5
тухм	5
фарс	5
флонӣ	5
халқи	5
хамән	5
хаш	5
хашән	5
х̌әнакәр	5
хәндуниәт	5
хил	5
х̌нәткәв	5
хоркащ	5
хуни	5
х̌ынән	5
цәтән	5
ц̌ин	5
ц̌уғ̌	5
чәғ̌әк	5
чәғ̌и	5
ӵәжминәк	5
чәрмакәр	5
чәрха	5
ӵкәр	5
чуғзи	5
чырг	5
ҷв̌об	5
шаптәт	5
шахән	5
шкәндывд	5
шкорәт	5
шкургән	5
штыри	5
щад	5
щайән	5
щити	5
щыкр	5
ыш	5
эло	5
ют	5
яркви	5
ящищ	5
яшк	5
аждәор	4
аждаори	4
айнәк	4
ақл	4
алдәм	4
анар	4
асқолбача	4
атёт	4
бафәт	4
бафӣ	4
бәзд	4
бәнәт	4
бәндаи	4
бәорӣ	4
бичкам	4
бичора	4
биыш	4
бод	4
боди	4
бондәв	4
бораи	4
бра	4
бробар	4
бынәв	4
быф	4
вастиәт	4
в̌әздиәт	4
виткәв	4
в̌озомдәт	4
врыти	4
в̌танәр	4
в̌ундрви	4
в̌х̌әни	4
в̌шик	4
гәряәт	4
гәст	4
гур	4
гыё	4
ғам	4
ғ̌анц̌ән	4
ғ̌ари	4
ғаш	4
ғ̌ашәт	4
ғ̌дим	4
ғ̌ирәм	4
ғ̌ирәтк	4
ғ̌ирдәт	4
ғ̌ишпәрги	4
ғор	4
ғоратгарищ	4
ғул	4
давән	4
дастәт	4
дафәт	4
дәйтән	4
дәнёи	4
дәо	4
дәстән	4
дәстәт	4
диәв	4
диәт	4
див̌ищ	4
дичор	4
дищән	4
дойра	4
домәт	4
дона	4
думодви	4
дыкондор	4
дымқан	4
дырзәв	4
дырзәм	4
дычор	4
дыщынби	4
ёлт	4
җарҗи	4
завәр	4
занг	4
з̌әғ̌дәт	4
з̌әғ̌дищ	4
зв̌ор	4
зиғ̌н	4
зик	4
змин	4
зминви	4
змон	4
ив̌ән	4
з̌ур	4
илой	4
ине	4
иноти	4
инсон	4
иныкәш	4
ич	4
ищн	4
кам	4
капч	4
кәмпири	4
кишт	4
кпаәк	4
крәст	4
куйбищ	4
кшун	4
кыдак	4
кынд	4
кынд̈а	4
қәщлоқ	4
қв̌ат	4
қлаән	4
қландари	4
қләғбод	4
қолиб	4
қсаи	4
ләцрән	4
ләшкар	4
лв̌орч	4
майда	4
малым	4
мәгох̌	4
мәғ̌ат	4
мәйда	4
мәныв̌ыз	4
мәрәӵ	4
мәрдымви	4
мив̌а	4
мирпричищ	4
мисәт	4
млол	4
молфрәнҷ	4
мусфидәш	4
мылкән	4
нагәт	4
нағ̌ди	4
нәбасв̌әзйәм	4
нәв̌карән	4
нәв̌оцәм	4
нәғ̌ат	4
нәкәрк	4
нәкәцәрт	4
нәләцәрт	4
нәләцрән	4
нәор	4
нәрәӵән	4
нәст	4
нәстәв	4
нәяв̌ән	4
них̌инд	4
нйәнгәт	4
нйәшкәм	4
нпыс	4
нунги	4
ншәтк	4
ныв̌закәр	4
ныв̌зәм	4
ов̌оза	4
охир	4
ощықәт	4
падари	4
пас	4
пәрвәтәй	4
пәрсән	4
пәтрәт	4
пәтрҷон	4
пищәт	4
планги	4
подщобачаи	4
подщодыхтарищ	4
подщоӣ	4
посбон	4
прәйзодәш	4
прәйзодищ	4
принда	4
пудәт	4
пумустәт	4
пырзынгӣ	4
рәмәти	4
рақс	4
рәтиәт	4
рәӵак	4
рәштаи	4
рв̌орән	4
ростәт	4
рыхнигәт	4
саар	4
садсола	4
сәв̌до	4
с̌әтк	4
симырғәр	4
скән	4
соло	4
стар	4
сый	4
сындуқ	4
тағ̌д	4
тапывд	4
тарәр	4
татәш	4
татвәр	4
татнанищ	4
тахти	4
тәлқонәв	4
тика	4
тмыс	4
трафән	4
туәткәв	4
туғ̌и	4
фарсәр	4
фарси	4
фукс	4
халгви	4
халги	4
хат	4
хати	4
хашәв	4
хәдогәфта	4
хәдоё	4
хәдой	4
х̌әнак	4
хёл	4
х̌ик	4
хокӣ	4
хоҷагӣ	4
хтар	4
хто	4
хурән	4
х̌ыйнанищ	4
хыщсдо	4
хяр	4
цбаси	4
ӵакт	4
чарғ	4
ӵат̈ви	4
ӵәжмәт	4
чәх̌тәт	4
чизән	4
члажм	4
ҷайәр	4
ҷәл	4
ҷиғ̌	4
ҷлав̌и	4
ҷои	4
ҷом	4
ҷомәк	4
ҷонән	4
ҷонәт	4
ҷыма	4
шаптищ	4
щачән	4
щәхсывд	4
щир	4
щирзманиищ	4
щозодалалән	4
щозодалаләр	4
щои	4
щундр	4
ыкм	4
ютәв	4
ютәм	4
яв̌әм	4
яв̌әнәт	4
янәм	4
ярки	4
яркән	4
ав̌	3
ав̌әл	3
ав̌рат	3
агаәм	3
аёл	3
аждәори	3
ази	3
айронәм	3
айронәт	3
алак	3
алар	3
алдән	3
амонати	3
амсоя	3
андом	3
арк	3
афру	3
ахмақ	3
аҷал	3
әм	3
әш	3
бадсдо	3
бандаи	3
баня	3
барәв	3
барәм	3
бас	3
бахш	3
бәдарав̌	3
бәрбод	3
бәсмилло	3
бәчән	3
бёбонви	3
биғам	3
бихләв̌әт	3
бичками	3
бов̌ар	3
боз	3
бозәргонәр	3
бори	3
борӣ	3
брик	3
бродарви	3
буйвәр	3
бын	3
бынәм	3
бынәтк	3
бырҷ	3
в̌ақ	3
в̌ахттәр	3
в̌ашкәт	3
в̌әзгәв	3
в̌әзмин	3
в̌әрәғ̌нәв	3
вәрз	3
вдәкән	3
в̌зирбачаәш	3
в̌зирдыхтарәт	3
в̌зирдыхтари	3
в̌инәв	3
виндән	3
виндәт	3
в̌индиәт	3
виткәт	3
вищывд	3
вищывдәт	3
в̌од	3
в̌одорт	3
в̌озомдәм	3
воқиа	3
в̌оцак	3
в̌оцакәр	3
врытәт	3
врытвәр	3
в̌тан	3
в̌уӵ	3
в̌шики	3
в̌ыдрәткәт	3
вырәт	3
ганд	3
гәздиәт	3
гәрданәт	3
гиздәт	3
гоз	3
готәт	3
гуйбозӣ	3
ғаҗд	3
ғ̌анц̌	3
ғарқ	3
ғ̌атовдәй	3
ғафч	3
ғәлбил	3
ғ̌әтакәр	3
ғбор	3
ғ̌дими	3
ғ̌ирдәм	3
ғ̌ишпәргищ	3
дамәт	3
дард	3
дастви	3
дастищ	3
дастрымоләт	3
дашти	3
дәждәм	3
дәйтәм	3
дәштакәк	3
дгарәт	3
дгари	3
див̌әт	3
диқонәр	3
дилов̌ари	3
димәм	3
дисвәм	3
дищәм	3
дищәмәт	3
доман	3
доноәт	3
дорыв̌	3
драв̌ак	3
дранг	3
дрәк	3
дроз	3
дрыв̌ак	3
дрын	3
дрыпт	3
дрыптәт	3
дурбонуи	3
дышман	3
ёлтән	3
ёман	3
ёмани	3
ёрч	3
җарҗамоч	3
җарҗән	3
җитр	3
за	3
з̌айәр	3
з̌айәт	3
зарт	3
зартпарӣ	3
з̌әғ̌дән	3
з̌әғ̌дәр	3
зәмдма	3
з̌әнг	3
зәндон	3
з̌әш	3
з̌ириән	3
з̌ицәм	3
змани	3
зминәт	3
ив̌әрк	3
ив̌әш	3
иғ̌ун	3
иқрор	3
ило	3
ирәш	3
ирв̌ищнӣ	3
ирзни	3
их̌	3
иҷинән	3
йәтәт	3
каби	3
камтәр	3
кандәт	3
канди	3
картәв	3
картәт	3
каршас	3
кат̈ки	3
кашәк	3
кәж	3
кәнди	3
кәт̈акәр	3
кәчкул	3
кәштӣ	3
кв̌от	3
кинән	3
китоби	3
клапой	3
книзәкищ	3
коти	3
кряр	3
куән	3
куз	3
куйәш	3
куло	3
куфор	3
кыча	3
қад	3
қарән	3
қәстинг	3
қила	3
қилагӣ	3
қлым	3
қнис	3
қосым	3
қсаищ	3
қфас	3
қылф	3
ланг	3
ләцрәв	3
ләҷоми	3
ләшкари	3
лич	3
лупәт	3
магам	3
мажәв	3
мактаб	3
малави	3
малим	3
малима	3
марг	3
маҷбур	3
мащуқ	3
мәй	3
мәрәй	3
мәрдымвән	3
мәрзәм	3
мәрзиән	3
мәрт	3
мәскаән	3
мәч	3
мәҷбур	3
мәяв̌	3
мидонад	3
мимон	3
мих	3
мощти	3
мсофир	3
мум	3
мыжда	3
мылкәр	3
мылкәт	3
мылки	3
мырдаән	3
нағ̌дән	3
нағ̌дәш	3
нақләш	3
наста	3
нәәм	3
нәәш	3
нәв̌әрәх̌к	3
нәв̌әрәшт	3
нәв̌да	3
нәв̌даән	3
нәвитәй	3
нәв̌ишит	3
нәв̌оцән	3
нәготән	3
нәгох̌т	3
нәдәйт	3
нәдищәм	3
нәдищти	3
нәкәрт	3
нәкәцәр	3
нәкимит	3
нәләкәрти	3
нәныв̌ызд	3
нәрәӵәм	3
нәтуәту	3
нәх̌ан	3
нәцарән	3
нәцартәт	3
нбәсн	3
нидывд	3
нико	3
нйәштиәт	3
нмоз	3
ноилоҷ	3
ноымид	3
ноябр	3
ныв̌н	3
обәт	3
ободӣ	3
оинаи	3
оли	3
оҷиза	3
ощәт	3
панц̌	3
панҷ	3
пари	3
паризоди	3
пахч	3
пацт	3
пәдни	3
пәр	3
пәрсәм	3
пәтрәк	3
пәтрән	3
пәтрвәр	3
пәшта	3
пистән	3
пит	3
пицывд	3
плингәшт	3
плингәшти	3
подщобачаән	3
подщоҷон	3
полизбон	3
пошкәста	3
приндави	3
приндаищ	3
прчодән	3
прчодәт	3
прытәв	3
пуқ	3
пумағ̌ни	3
пщәв̌акәр	3
пщәв̌әм	3
пщәт	3
пщәти	3
пщыв̌д	3
пыркищ	3
пыхта	3
рангәт	3
рандәнәт	3
рано	3
рәғ̌дәй	3
рәғ̌диәт	3
рәстовд	3
рв̌он	3
руғ̌нәт	3
рузән	3
рузи	3
руи	3
румоләки	3
рых̌пәтк	3
сабын	3
саветӣ	3
савзпариәт	3
сави	3
сакәш	3
самдәла	3
сарәм	3
сәйли	3
сәндуқән	3
сәндуқви	3
с̌әткин	3
св̌орәт	3
сдыйд	3
симырғи	3
сирюпкӣ	3
сици	3
скав	3
снәтк	3
соиби	3
сооби	3
соя	3
с̌ыв̌	3
сыйи	3
сындуқи	3
тав̌әш	3
тав̌ил	3
тағ̌дәм	3
талхәт	3
тан	3
тахтән	3
тәйәт	3
тәлқон	3
тборви	3
тёқ	3
тилои	3
т̈ифти	3
тка	3
тна	3
торкиғ̌	3
трақ	3
транҷд	3
туән	3
туәту	3
туйи	3
тумәр	3
тыла	3
тымбун	3
тышаәт	3
участка	3
фарсәк	3
фләки	3
фойда	3
халгән	3
х̌анәнәш	3
хашәм	3
хәшпай	3
хдоргви	3
хдорги	3
хизматгорищ	3
хокиищ	3
хуби	3
хунәрк	3
хурвән	3
хы	3
х̌ыйи	3
х̌ыйҷон	3
хышаищ	3
хыщруй	3
ҳисор	3
цавән	3
ц̌әқлайёр	3
цәтви	3
чанори	3
чәғ̌ви	3
чәғ̌ищ	3
ӵәжми	3
ӵәжмищ	3
чәндрикән	3
чәрәм	3
чәрәмд	3
чәрмәм	3
ӵәтк	3
чәх̌ән	3
чәх̌т	3
ӵәшма	3
чв̌ан	3
чв̌уркви	3
чизәт	3
чизәш	3
чут̈и	3
чыпән	3
ҷайәв	3
ҷайви	3
ҷангән	3
ҷәли	3
ҷәнв̌ар	3
ҷв̌ононищ	3
ҷиб	3
ҷлав̌ищ	3
ҷомӣ	3
шафшән	3
шәв̌дор	3
шәғ̌д	3
шик	3
шики	3
шкәндвән	3
шкург	3
шкургак	3
шкурдәм	3
шум	3
шышки	3
щадым	3
щачәр	3
щачи	3
щәпкви	3
щәхәстиәт	3
щвәнәт	3
щвәни	3
щирруғани	3
щлахәт	3
щов	3
щовәт	3
щозодалали	3
щояд	3
щробдор	3
щыр	3
ымйән	3
ымр	3
юмҷәт	3
юндәт	3
янглән	3
янгли	3
ǝт̈	2
абрәт	2
абри	2
авғонәстон	2
авғонищ	2
ав̌зәт	2
ав̌зи	2
ав̌қотәв	2
ав̌қотәни	2
ав̌қотв̌орӣ	2
ав̌лиәт	2
ав̌ои	2
ав̌ола	2
аждаорәв	2
аждаорән	2
азобәш	2
азоро	2
азорсола	2
айи	2
айлоқән	2
аләт	2
алқ	2
алқи	2
ало	2
алоид	2
амид	2
амравәр	2
амсинф	2
андарчищ	2
армон	2
аска	2
асқолбачаәв	2
асосан	2
аспәк	2
ат	2
афғонәстонән	2
аштыр	2
әт̈әт	2
әчиз	2
бадсәдо	2
базиищ	2
байд	2
бандән	2
бандәт	2
барищ	2
басв̌әзи	2
бафтәр	2
бахшәш	2
бачамард	2
бачкач	2
баҷ	2
бәдәв̌лат	2
бәқв̌ат	2
бәнән	2
бәндӣ	2
бәт̈вән	2
бәт̈и	2
бәчәш	2
бәчпәтр	2
бәштәр	2
бив̌әфо	2
биё	2
бизара	2
бимор	2
бимур	2
биоләт	2
биурматӣ	2
бихәйр	2
бихән	2
бландиән	2
бләфта	2
блоән	2
блоқәв	2
боғән	2
бозәргонӣ	2
бойәт	2
бонг	2
бош	2
бринви	2
бробарнағ̌дәт	2
бродар	2
бродәрхонәр	2
бродәрхондорӣ	2
бромад	2
брыт	2
бувдәкӣ	2
бҷандым	2
бынәткәт	2
бындәт	2
бынёди	2
быт	2
бя	2
в̌ағас	2
в̌азән	2
в̌азирән	2
в̌айронӣ	2
вайчәк	2
вандәнәт	2
вандәт	2
в̌ахонән	2
в̌ахонәр	2
в̌ахтәр	2
в̌ахти	2
в̌ахто	2
в̌аштиәт	2
в̌әзгәвәт	2
в̌әздәт	2
в̌әзйәв	2
в̌әзйәнәт	2
в̌әрәғ̌н	2
в̌әрәфсти	2
в̌әрәх̌ту	2
вәршәмқла	2
в̌әскиәт	2
в̌әфодор	2
в̌әшти	2
в̌әщк	2
вдәкви	2
в̌зирищ	2
винәм	2
в̌инәм	2
в̌инән	2
винәнәт	2
виндәм	2
витәм	2
вич	2
в̌ишитәш	2
внукут	2
в̌одортәй	2
в̌одортиәт	2
в̌оздойти	2
в̌озомдәй	2
в̌оскат̈	2
в̌оскат̈и	2
в̌оста	2
вочәт	2
врәв̌	2
врытәв	2
врытинви	2
в̌ундри	2
в̌х̌әнәт	2
в̌шәткән	2
в̌ыдракәр	2
в̌ыдрән	2
в̌ыдрәтк	2
в̌ыдырд	2
в̌ыздйәв	2
в̌ыздйән	2
в̌ыздый	2
в̌ызмакәр	2
вындәтк	2
вындәткин	2
вырәв	2
в̌ырыв̌	2
в̌ышәр	2
в̌ышәт	2
в̌ыштәк	2
гала	2
гармиәт	2
гәзг	2
гәздәм	2
гәрдани	2
гәсогәс	2
гәфсогәфс	2
гдойәр	2
гизәв	2
гиктар	2
гов̌бонәкәр	2
гов̌бонәкәш	2
гозәт	2
гозхунәт	2
готәй	2
гох̌әнәт	2
гох̌и	2
гох̌тәй	2
грәза	2
гуштәт	2
гуштәш	2
гылабон	2
гынагор	2
гынд̈ос	2
гыно	2
гытакәт	2
гытәтк	2
ғ̌а	2
ғами	2
ғ̌атәй	2
ғ̌атәм	2
ғ̌атвәв	2
ғ̌атывдәт	2
ғәлбиләт	2
ғәт̈	2
ғ̌ишриҗгәт	2
ғлофән	2
ғорәт	2
ғоятән	2
ғриб	2
ғ̌ув	2
ғ̌узәр	2
ғ̌ытакәр	2
д	2
дǝ	2
дав̌	2
дав̌раи	2
дарсәнәм	2
даршай	2
дастәш	2
даствән	2
даструй	2
даштви	2
дәв̌раән	2
дәждәв	2
дәйтәнәт	2
дәқәш	2
дәмән	2
дәнё	2
дәрави	2
дәрбор	2
дәрв̌озабон	2
дәрв̌озави	2
дәрёән	2
дәрхтов	2
дәтән	2
дәтви	2
дәхтәрови	2
дгарән	2
дгарәр	2
дев̌ищ	2
див̌ол	2
дигар	2
дигза	2
дидғ̌әмәш	2
дидғ̌ән	2
дидиғ̌дән	2
дидиғ̌диәт	2
диёрән	2
диёри	2
диқондыхтар	2
диқонӣ	2
дисәв	2
дисовди	2
дма	2
дорад	2
дорыв̌әш	2
дорыв̌и	2
драқ	2
дрәвд	2
дрәмәт	2
дрәст	2
друғ	2
друкши	2
дрыпак	2
дукондор	2
дур	2
дури	2
ды	2
дыв̌озда	2
дыв̌оздасола	2
дыйымбора	2
дыкондорәр	2
дындыкищ	2
дынёән	2
дыо	2
дырзак	2
дырзәт	2
дысола	2
дышмандор	2
ёманәр	2
ёрәт	2
ёрдам	2
ёри	2
ёрӣ	2
ёщ	2
жав̌әт	2
жә	2
жын	2
җав̌	2
җитрән	2
зай	2
з̌айәв	2
з̌айәш	2
з̌айрәк	2
зарби	2
зарин	2
з̌ах̌	2
з̌әғд	2
з̌әғ̌дәкән	2
зәмән	2
з̌әнги	2
зәст	2
зәт	2
зикән	2
зикәт	2
зима	2
зинәт	2
зинор	2
з̌итәш	2
з̌ити	2
зрәғ̌ни	2
зрич	2
зурдәх	2
зынгырт	2
з̌ырәм	2
з̌ырд	2
ив̌әрки	2
игуни	2
изра	2
имык	2
инотәт	2
иныкән	2
ирзн	2
ирк	2
ирцрах	2
исар	2
исоб	2
истин	2
истинәт	2
итәв	2
итиәт	2
итк	2
ихдон	2
ихуни	2
ищқи	2
ищнән	2
йәмвәр	2
йәмёр	2
йәтвәр	2
йәтрәк	2
кадоми	2
кандән	2
карим	2
картәнәт	2
картәш	2
картиәт	2
кат̈әнәт	2
кат̈к	2
кашәр	2
каши	2
кәжәт	2
кәмпирәк	2
кәмпирән	2
кәмпирзанәр	2
кәндак	2
кәртәмәт	2
кәцәрти	2
кбоб	2
кбунәт	2
кв̌отәк	2
китканәк	2
китоб	2
кифч	2
ких̌н	2
кла	2
книзәквән	2
книзищ	2
козвәш	2
кона	2
крәж	2
крәсти	2
крярән	2
ксак	2
кт̈әткәт	2
кт̈әткин	2
куәш	2
куйән	2
куйәт	2
куйи	2
кут	2
кучәк	2
кшәнг	2
кшыйән	2
кшыйд	2
кыәв	2
кыдаки	2
кынд̈аи	2
кырәнәт	2
кых̌т	2
кых̌тән	2
кых̌тәр	2
қала	2
қалам	2
қаламзан	2
қаср	2
қатл	2
қәтхәз̌ой	2
қәщлоқән	2
қбаләв	2
қв̌атән	2
қдам	2
қдимән	2
қибла	2
қилагиғ̌	2
қинӣ	2
қинҷға	2
қищлоқ	2
қлаәв	2
қлави	2
қмар	2
қмоч	2
қрав̌ыл	2
қрав̌ыли	2
қрақчиви	2
қрибӣ	2
қрибтәр	2
қрор	2
қфасәт	2
қщлоқ	2
қыв̌әм	2
қыв̌әнәш	2
қырсәт	2
лавән	2
лаковд	2
лакывд	2
лал	2
ларзд	2
ларздәш	2
ләй	2
ләндәрк	2
ләрза	2
ләцәртәт	2
ләч	2
ләҷом	2
лоща	2
луқ	2
луптәр	2
магазин	2
магазинчӣ	2
мағз	2
мад	2
мажәм	2
мажәш	2
май	2
майдон	2
мактаби	2
мақсад	2
малаән	2
мамиз	2
манқәлавән	2
марамхона	2
мард	2
маро	2
мащуқви	2
мәв̌оцәм	2
мәв̌ыдыр	2
мәктабәш	2
мәлтиқәш	2
мәлтиқдор	2
мәнқила	2
мәранд	2
мәрдинаищ	2
мәрзәт	2
мәртәй	2
мәртәм	2
мәрти	2
мәрткәй	2
мәска	2
мәтапыв	2
мәх̌анәв	2
мив̌аәт	2
мидғ̌анц̌әт	2
мидғ̌анц̌ищ	2
мизгәт	2
минат	2
мирзосалмонәрк	2
мисәм	2
миср	2
модари	2
мой	2
молән	2
мощинән	2
муктәр	2
мумәт	2
мҷоидищ	2
мыборак	2
мырәт	2
мырдаи	2
мыслат	2
мыщ	2
мыщхул	2
н	2
нагәв	2
нагәм	2
нағ̌дин	2
наё	2
нақләв	2
нақләм	2
нақләт	2
наштәв	2
нәбасв̌әздәй	2
нәбасв̌әздәм	2
нәбасв̌әзйән	2
нәв̌әзди	2
нәв̌изит	2
нәв̌инән	2
нәвинәтк	2
нәвиндия	2
нәв̌карәр	2
нәв̌карви	2
нәв̌кари	2
нәв̌одорт	2
нәв̌одорти	2
нәғәрдумән	2
нәғәрдумвән	2
нәғәрдумзманӣ	2
нәғәрдуми	2
нәғәрдумищ	2
нәғ̌ирд	2
нәдәжту	2
нәдидғ̌әм	2
нәдидиғ̌д	2
нәдищ	2
нәздән	2
нәздәнәт	2
нәйки	2
нәйниәт	2
нәкәцрәв	2
нәкәцрән	2
нәнйәшк	2
нәныв̌ыз	2
нәрандән	2
нәрәти	2
нәрәшт	2
нәрәштәт	2
нәсдыйд	2
нәсйәнәт	2
нәстәт	2
нәстиәт	2
нәтапән	2
нәх̌анән	2
нәх̌ати	2
нәх̌нәтк	2
нәхчирәт	2
нәцар	2
нәш	2
нәшон	2
нәюндәм	2
нәя	2
нв̌ищән	2
нв̌ищәтк	2
нв̌ыкәш	2
нивәм	2
нисит	2
ниситәт	2
них̌вәв	2
них̌вәткәв	2
них̌овди	2
них̌ыв	2
нйәшкәв	2
нйәшкәт	2
нйәшт	2
нйәштәй	2
нйәштәм	2
нйәштән	2
нмәк	2
нмози	2
нмырзг	2
ноақ	2
нобат	2
нобыд	2
нов̌ди	2
нодви	2
нодон	2
нозанин	2
нозәт	2
нозюнәв	2
носв̌ор	2
носв̌орғ̌арәм	2
ностәв	2
нсынг	2
ншонищ	2
ныв̌	2
ныв̌акән	2
ныв̌зак	2
ныв̌зәнәт	2
ныс	2
нысәм	2
ныст	2
оанин	2
общәжит	2
обы	2
ои	2
омин	2
ороста	2
орыс	2
осил	2
осоищ	2
от	2
охун	2
ощ	2
ощи	2
падар	2
палав̌они	2
палав̌онӣ	2
палас	2
палыв̌әт	2
парви	2
парг	2
паргищын	2
паризодән	2
паропар	2
паст	2
пахта	2
пацти	2
пәнданәв	2
пәрвәтк	2
пәрвйән	2
пәрстәт	2
пәшт	2
пәштиәт	2
пидист	2
пипри	2
питәт	2
питиәт	2
питов	2
пицвак	2
пицвән	2
пицыв	2
пич	2
пиш	2
пищин	2
плангәт	2
подшобача	2
подщоәм	2
подщоәш	2
подщобачаәш	2
подщогиғ̌ән	2
пойтахс	2
порс	2
посбони	2
прәйви	2
прәйищ	2
принг	2
проги	2
проқ	2
прчодәв	2
псави	2
псам	2
псәм	2
пт̈ок	2
пувән	2
пувәнәт	2
пумуст	2
пунәт	2
пут̈әк	2
пут̈әм	2
пуфа	2
пшта	2
пщәв̌	2
пщитәт	2
пы	2
пыдви	2
пыдищ	2
пыз	2
пыл	2
пырзәт	2
пырки	2
рангәш	2
ранги	2
расм	2
рәв̌зән	2
рәмйән	2
рән	2
рәнәв	2
рәстовди	2
рәстыв	2
рәтәв	2
рәтәй	2
рәту	2
рәтум	2
рәхниг	2
рәхнигән	2
рәӵәнәт	2
рәштаән	2
рв̌орищ	2
рв̌ун	2
рдов̌н	2
рикобән	2
рипән	2
рипи	2
рқосӣ	2
ру	2
руғ̌нәм	2
руйәв	2
руск	2
рушон	2
рысқ	2
рых̌пәту	2
са	2
сан	2
сарәш	2
саргәрдон	2
сард	2
сардәрчырт	2
сарнәгым	2
сәв̌догариән	2
сәкри	2
сәрвәт	2
сғир	2
сдоәт	2
сдойди	2
симырғ̌	2
синав̌бар	2
сини	2
синфи	2
сири	2
сироқ	2
сият	2
скамәр	2
сломат	2
соати	2
соз	2
солаәв	2
солдатищ	2
сохти	2
сох̌ти	2
сояәв	2
спрәғ̌	2
срад	2
стәтк	2
стәх̌әр	2
стхон	2
сур	2
с̌ыв̌д	2
с̌ыв̌дәт	2
сыратви	2
сырс̌ин	2
сыстәт	2
сых̌т	2
тав̌әв	2
тав̌әт	2
тағ̌диәт	2
таин	2
талаф	2
тана	2
тапывдәт	2
тарбызви	2
тарихиәт	2
татнанән	2
татнани	2
т̈ахиән	2
тах̌кәв	2
тах̌кәт	2
тәйа	2
тәлхаи	2
тбиб	2
тбор	2
тёқән	2
тёқи	2
тёрӣ	2
тиёр	2
тизәт	2
тилоән	2
тилопуш	2
тқиәт	2
тлаб	2
тнаәт	2
тоқамыр	2
тоқахыри	2
транги	2
тратәр	2
трафи	2
туәткәй	2
туәткәт	2
туғгоз	2
тумәрк	2
туф	2
тухмдингакызг	2
тыхмғ̌ар	2
тышак	2
урмати	2
уч	2
фандәв	2
фанди	2
фәрбӣ	2
фәрдәй	2
форд	2
фохта	2
хало	2
хамдәв	2
хамдәм	2
хамдәт	2
хамдәш	2
хамди	2
хамовдәв	2
х̌андәт	2
х̌андәш	2
х̌ани	2
харбыза	2
х̌атәй	2
х̌атәт	2
х̌атәш	2
х̌ашт	2
хаштәт	2
хәдов̌анди	2
хәдов̌андо	2
хәмакәр	2
хәнҷари	2
хәрпайәт	2
х̌әткәв	2
х̌әчәв	2
х̌әчән	2
х̌әчәт	2
х̌әчәш	2
хәшакәр	2
хәщруйәт	2
хдоргән	2
хдоргәт	2
хдоргвунви	2
х̌ид	2
хизматәм	2
хизматгор	2
хизмати	2
хла	2
хлаәт	2
хлосәт	2
хок	2
хонаи	2
хоҷагиән	2
хрид	2
хужг	2
хунәк	2
хунви	2
хунищ	2
хшәтк	2
хщомад	2
х̌ыйәк	2
хырда	2
хыщән	2
хыщәт	2
хыщиәт	2
хыщсәдо	2
ҳу	2
ц̌ақәки	2
цан	2
цари	2
цәқлаӣ	2
ц̌әқлайәк	2
цәқлайән	2
цәқлайӣ	2
цәқлайищ	2
цәракәт	2
цбасән	2
цбасәт	2
цил	2
црәнгәш	2
црәнгин	2
ц̌уғ̌и	2
цуми	2
цыв̌	2
ӵав̌акәрәт	2
чақ	2
чанг	2
чапәт	2
чарх	2
ӵат̈	2
чәғ̌	2
ӵәжмви	2
ӵәжминәки	2
ӵәжмнағ̌дӣ	2
чәрн	2
чәртәв	2
чәх̌	2
чв̌уркәт	2
чв̌уркищ	2
чилгазмуй	2
чинән	2
чләкәт	2
чорбоғ	2
чорда	2
чукти	2
чут̈әт	2
чыпак	2
ҷав̌р	2
ҷайәт	2
ҷайови	2
ҷәзо	2
ҷәлҷәлон	2
ҷәнгаләт	2
ҷәон	2
ҷәонамо	2
ҷәрзас	2
ҷибән	2
ҷлав̌	2
ҷлав̌ви	2
ҷойд	2
ҷойдәм	2
ҷойди	2
ҷондорән	2
ҷондори	2
ҷондорищ	2
ҷрағас	2
ҷрәғ̌ни	2
шад	2
шапас	2
шарән	2
шарәт	2
шафч	2
шафшищ	2
шахәт	2
шәнкши	2
шбын	2
ших̌н	2
шкәлтәт	2
шкәндвак	2
шкәндовдәм	2
шкорәв	2
шкори	2
шкорирәк	2
шкорхона	2
шониән	2
шониәт	2
шот	2
шухтәр	2
шх̌әнәт	2
шыйән	2
щаби	2
щайәм	2
щайтони	2
щакпошт	2
щароит	2
щароити	2
щартәт	2
щартви	2
щартищ	2
щачәт	2
щачищ	2
щәғ̌	2
щәпк	2
щәрминда	2
щәхәс	2
щәхсак	2
щәхсәнәт	2
щәхсәткәт	2
щәхсвән	2
щвәнән	2
щинҷв̌ал	2
щирин	2
щкамба	2
щкощым	2
щлавз	2
щозодаларәк	2
щыкрат	2
щыкри	2
юпкәв	2
яв̌әв	2
яв̌әрк	2
як	2
ялт	2
ялтәш	2
янәв	2
янгл	2
яшкищ	2
ящәв	2
ящәр	2
ящсв̌орӣ	2
cпоцән	1
ǝх̌	1
ǝчәк	1
абадӣ	1
ав	1
ав̌ал	1
авғонәстонән	1
авғонви	1
авғони	1
ав̌зән	1
авқотән	1
ав̌қотән	1
ав̌қотәт	1
ав̌қотәш	1
ав̌қотвән	1
ав̌қотви	1
ав̌лиән	1
ав̌лод	1
ав̌лодән	1
ав̌оги	1
ав̌оли	1
автомат	1
автоматвән	1
автоматдорищ	1
авыл	1
ав̌ыли	1
агаәш	1
ад	1
аёләт	1
аждаорәм	1
аҗдасола	1
аз	1
азалән	1
азиз	1
азобәв	1
азобәт	1
азорнозюн	1
айб	1
айв̌онән	1
айв̌онвән	1
айлоқәв	1
айнәки	1
айрат	1
айрати	1
айронән	1
айт	1
ақ	1
ақонӣ	1
ақрабиғ̌ӣ	1
алалаш	1
алалот	1
аләвәт	1
аләтк	1
аләткәм	1
аләткәт	1
алв̌оищири	1
алдәта	1
алқиса	1
алои	1
алоида	1
амдәгарән	1
амдгар	1
амдгарәв	1
амдгарән	1
амиди	1
амирбиг	1
амият	1
амонат	1
амочәш	1
амраән	1
амраәр	1
амравән	1
амрави	1
амсинд	1
амсинфи	1
амсоярәк	1
анарән	1
анардор	1
анардорищ	1
анари	1
анарищ	1
англия	1
андарчви	1
андища	1
анҷоми	1
арав	1
арас	1
арасот	1
арәт	1
арб	1
арбобалаёр	1
арбы	1
ариза	1
аркән	1
армони	1
аром	1
арсолина	1
арыс	1
асақолбача	1
асбоб	1
аскариәв	1
аскарищ	1
аскәт	1
асқол	1
асқолбачаәр	1
асқолбачарәк	1
асоищәм	1
асой	1
асосӣ	1
асфалт	1
афғонәстон	1
афғонищ	1
афсәт	1
афсори	1
афтаән	1
афтсола	1
афтым	1
аҷабәм	1
аҷозат	1
аштырви	1
әт̈а	1
әт̈әв	1
әт̈ән	1
әчәкәм	1
баақл	1
бадеӣ	1
бадқар	1
бадном	1
базивәр	1
базиви	1
базищ	1
байдәв	1
байни	1
балниц	1
бап	1
бапән	1
барәр	1
бардамәт	1
барқәсд	1
баробарәт	1
барои	1
барсәтк	1
барст	1
барстәм	1
бартангән	1
басв̌әзиа	1
басв̌әзйән	1
батәт	1
бафәв	1
бафиәш	1
бафии	1
бахшәк	1
бахщәндагор	1
бахщищ	1
бачамардәт	1
бачамардәш	1
бачкачдорәт	1
бәблатик	1
бәдав̌латәт	1
бәздәт	1
бәзкащииәт	1
бәзов̌из	1
бәзур	1
бәзуриғ̌	1
бәзыдӣ	1
бәйнән	1
бәкор	1
бәқар	1
бәқла	1
бәқлаи	1
бәнәм	1
бәнда	1
бәндагонвәрк	1
бәндихона	1
бәнча	1
бәпәшбарәт	1
бәрсәтк	1
бәсмило	1
бәсомад	1
бәста	1
бәта	1
бәтәв	1
бәт̈ән	1
бәт̈әш	1
бәт̈вәм	1
бәт̈в̌и	1
бәт̈ищ	1
бәчәри	1
бәчәт	1
бәҷандәми	1
бәҷандымәт	1
бәштәрищ	1
бғәт	1
бғәтәв	1
бдахщони	1
бдиләш	1
бёбонәв	1
бёбонови	1
бзорән	1
биақла	1
биби	1
бибода	1
бибракатӣ	1
бив̌а	1
бив̌тан	1
бив̌танәт	1
бигона	1
бидоғ	1
бидрәк	1
биёву	1
бизор	1
биинсофӣ	1
биищтӣ	1
бикорәв	1
бикр	1
биқадрәм	1
биқв̌ат	1
билча	1
билчаән	1
бинфас	1
бион	1
бист	1
битәр	1
биуда	1
бих	1
бихәйрӣ	1
бихбар	1
бихоб	1
бичкамәм	1
бичкамән	1
бичкамәт	1
бичораәк	1
бичорави	1
бичорагиғ̌	1
бичораищ	1
бичорапәрварәт	1
биҷон	1
биштәр	1
биюпкӣ	1
биюпкиән	1
блағас	1
блағасәт	1
блағдәт	1
блағдәш	1
бландиәт	1
бландиви	1
бландиғ̌	1
бландиғ̌и	1
бландии	1
бландтәр	1
блинг	1
блоқән	1
блоқәт	1
блоцни	1
блуғ	1
бна	1
боадолат	1
бобринский	1
бог	1
боғаси	1
боғәк	1
боғәкән	1
боғәм	1
боғәт	1
боғчаәв	1
бодән	1
бодо	1
бодом	1
бодомәт	1
бозәргони	1
бозәргонрәк	1
бозәш	1
бозори	1
бондәм	1
бондәмәт	1
бондиәт	1
бориәт	1
бории	1
боспрун	1
бракат	1
брәнҷ	1
брәнҷәр	1
брәнҷәт	1
брәнҷәш	1
брәнҷи	1
брин	1
бринән	1
бробәрнағ̌д	1
брытән	1
буғас	1
буйәт	1
буйвән	1
буйви	1
буйӣ	1
булоя	1
бусола	1
бҷәйәт	1
бҷәйи	1
бҷор	1
быд	1
быддор	1
бызкашиәт	1
бызырг	1
бызыргв̌ор	1
бықв̌ат	1
былбылмингасәт	1
бына	1
бынакәр	1
бынакәрәт	1
бынәнәт	1
бынәтуәв	1
бындәш	1
бынёдәм	1
быни	1
бырд	1
бырҷән	1
бырҷӣ	1
в̌ағак	1
в̌ағасәм	1
в̌ағәт	1
в̌ағдәмәт	1
в̌ағдәнәт	1
в̌ағов̌ағ	1
в̌ад	1
в̌аз	1
в̌азәнәш	1
в̌аздәт	1
в̌азирбачаәт	1
в̌азирбачарәк	1
вайәни	1
вайч	1
в̌алангаси	1
валик	1
валикәт	1
вангас	1
вандәм	1
в̌ап	1
варанд	1
варандәт	1
варатәм	1
в̌ас	1
васи	1
в̌асищ	1
вастәв	1
вастәм	1
в̌афодор	1
в̌ахон	1
в̌ахта	1
в̌ахтәш	1
вашк	1
в̌ашкәм	1
в̌ашт	1
в̌әзайн	1
вәзәй	1
в̌әзги	1
в̌әздәвәт	1
в̌әздәнәш	1
в̌әздия	1
в̌әзийәв	1
в̌әзийән	1
вәзйән	1
в̌әзйәно	1
в̌әзяк	1
в̌әзякәр	1
в̌әзякәт	1
вәйрон	1
в̌әйронӣ	1
в̌әлоқыв̌атәш	1
вәндәтк	1
вәндәткәв	1
вәндәткәт	1
вәндәткин	1
в̌әрәғ̌нәй	1
в̌әрәғ̌ниәт	1
вәрәстәт	1
вәрәфсак	1
вәрәх̌кәмәт	1
в̌әрәӵ	1
в̌әрд	1
в̌әрдән	1
вәрдәнц̌д	1
в̌әрдәт	1
в̌әрёнӣ	1
вәрзиән	1
в̌әрхәвдәт	1
вәршәмпич	1
в̌әскӣ	1
в̌әсту	1
в̌әтанщо	1
в̌әшёр	1
в̌әши	1
в̌әштәк	1
в̌әштәм	1
в̌әштиәт	1
в̌әщкви	1
вәщтиәт	1
вдәкәнәв	1
вдәкәт	1
вдәквәвәш	1
вдәкищ	1
в̌зәмд	1
в̌зирәв	1
в̌зирәк	1
в̌зирәт	1
в̌зирбачаи	1
в̌зирдыхтарән	1
в̌зирдыхтарәр	1
в̌ин	1
в̌инак	1
винакәр	1
в̌инәк	1
винән	1
винәно	1
в̌инәткәв	1
виндәвәт	1
в̌индәм	1
виндиәт	1
в̌индия	1
витәт	1
виткәвәт	1
виткәй	1
виткит	1
виту	1
витуәв	1
в̌ицта	1
в̌ицтәт	1
в̌ищәткәт	1
вищвак	1
вищвәм	1
вищвәткин	1
вищвәткинг	1
вищовди	1
вищовдиәт	1
в̌ищт	1
в̌ищтәй	1
в̌ищтәт	1
в̌ищти	1
вищыв̌н	1
в̌нәрән	1
в̌оди	1
в̌одищ	1
в̌одортәв	1
в̌озәв	1
в̌озәм	1
в̌оздойт	1
в̌ози	1
в̌озомдиәш	1
в̌озомдия	1
войнәш	1
войни	1
войнӣ	1
в̌ойниән	1
в̌оца	1
в̌оцакән	1
в̌оцәв	1
воцән	1
вочәм	1
врангән	1
в̌рах	1
в̌рәх̌кәв	1
вринд	1
вритәм	1
вритинищ	1
врытәр	1
врытвән	1
врытдориғ̌	1
врытинвәт	1
в̌сәйән	1
в̌сәрд	1
в̌сият	1
в̌тандор	1
в̌тандориғ̌	1
в̌тик	1
в̌узәмәш	1
в̌узәмшә	1
в̌уркәш	1
в̌учәм	1
в̌уӵи	1
в̌уӵищ	1
в̌фодорәв	1
в̌х̌әнән	1
в̌шәтк	1
в̌шикән	1
в̌шикәт	1
в̌шикви	1
в̌шочвән	1
в̌шыкҷин	1
в̌ыдрәм	1
в̌ыдрәнәт	1
в̌ыдырдәт	1
в̌ыздйәмәт	1
в̌ыздыйт	1
в̌ыздякәр	1
в̌ыздякәт	1
в̌ызмакәт	1
в̌ызмәнәт	1
в̌ызмәткәв	1
в̌ызмәткәм	1
вындәткәвәт	1
вырәвәт	1
вырән	1
в̌ырән	1
в̌ырв̌ән	1
в̌ырвәнәт	1
выри	1
вырищ	1
в̌ыстодви	1
в̌ыстодищ	1
в̌ышәш	1
гал	1
гапән	1
гапи	1
гард	1
гармиән	1
гармирәк	1
гәв̌	1
гәздәв	1
гәздән	1
гәздәта	1
гәлхан	1
гәлхани	1
гәлч	1
гәмро	1
гәрданән	1
гәсәнәт	1
гәсвак	1
гәсвән	1
гәсогәсәв	1
гәстәм	1
гәстәт	1
гәстәшәт	1
гәсывдәт	1
гәти	1
гәфсакәт	1
гәфсәвд	1
гәфсовдишәт	1
гәфст	1
гәфсывд	1
гдоӣ	1
гдойәм	1
гдойәрәм	1
гё	1
гзарәв	1
гзинда	1
гизвән	1
гизовди	1
гир	1
гирәш	1
гирдәв	1
гләци	1
гләциғ̌әм	1
гләциғ̌әт	1
гнагор	1
гно	1
гов̌бонәкән	1
гов̌бонәки	1
гозәк	1
готәв	1
готиәт	1
гох̌а	1
гох̌әнет	1
гох̌әш	1
гох̌тәв	1
граф	1
грәзаищ	1
гривони	1
гриндаи	1
гуйәм	1
гуйбозәм	1
гуштәв	1
гуштви	1
гыл	1
гылабонәт	1
гылабони	1
гыләт	1
гылзор	1
гынагорәм	1
гыноәш	1
гынокор	1
гынҷищкәки	1
гыт̈	1
гытак	1
гытакәр	1
гытәткәв	1
гытәткәм	1
гышв̌орнома	1
ғаи	1
ғайбатәш	1
ғалг	1
ғали	1
ғ̌али	1
ғамхор	1
ғ̌анц	1
ғ̌анц̌бар	1
ғ̌арәк	1
ғ̌арән	1
ғ̌арәнәт	1
ғ̌арви	1
ғ̌арғ̌ирәткин	1
ғарқәт	1
ғ̌атәш	1
ғ̌атиәт	1
ғ̌атовд	1
ғ̌атовдәв	1
ғ̌атовдәм	1
ғ̌атовдән	1
ғ̌атыв	1
ғафлат	1
ғ̌афлат	1
ғәйб	1
ғ̌әйб	1
ғ̌әйри	1
ғәлоф	1
ғәрд	1
ғәрибӣ	1
ғ̌әтәтуәш	1
ғәфлат	1
ғ̌димәт	1
ғ̌димищ	1
ғ̌ира	1
ғ̌иракәр	1
ғ̌ирвән	1
ғ̌ирдәй	1
ғ̌ировд	1
ғ̌ировдән	1
ғ̌ировди	1
ғ̌ировдиәт	1
ғ̌ирыв	1
ғ̌ишәш	1
ғ̌ишпәргән	1
ғ̌ишпәргви	1
ғлапас	1
ғломәт	1
ғлофи	1
ғов̌	1
ғоратгарӣ	1
ғоронән	1
ғ̌орти	1
ғояти	1
ғрамбас	1
ғрибӣ	1
ғ̌удищ	1
ғ̌узән	1
ғ̌узәрк	1
ғ̌узәт	1
ғ̌узи	1
ғ̌ул	1
ғут	1
ғ̌ыв̌	1
ғ̌ыв̌ви	1
ғ̌ырт	1
ғ̌ыртән	1
ғ̌ыртәт	1
ғ̌ытәткәв	1
ғ̌ытәту	1
ғ̌ытвәтуәмәш	1
дав̌әт	1
дави	1
дав̌лат	1
дав̌латәт	1
дав̌лати	1
дав̌одав̌	1
дав̌рао	1
дамәкәт	1
данәм	1
дарәғ	1
дарбон	1
дарбонәр	1
дарбонәри	1
дарбонви	1
дарв̌оза	1
даргои	1
дардәм	1
даркор	1
дарсәт	1
дарсәш	1
дарси	1
дастәнәв	1
дастхолӣ	1
даштәш	1
даштои	1
дәв̌зира	1
дәв̌латәй	1
дәв̌латән	1
дәв̌латәр	1
дәв̌латәш	1
дәв̌о	1
дәв̌раи	1
дәв̌рао	1
дәв̌раои	1
дәжгәв	1
дәжгәвәт	1
дәждәй	1
дәждәт	1
дәйтәв	1
дәйтәмәш	1
дәйтәш	1
дәқ	1
дәлдунгсар	1
дәмвән	1
дәмёр	1
дәмёрән	1
дәнёән	1
дәрборән	1
дәрбори	1
дәрв̌озабонищ	1
дәрв̌озаищ	1
дәргои	1
дәрёб	1
дәртов	1
дәстәш	1
дәстви	1
дәсторхони	1
дәтәвәни	1
дәхтәров	1
дәхтәровищ	1
дәчор	1
дәштак	1
дв̌ом	1
дгарәв	1
дгарәк	1
дгарәкәт	1
дгарищ	1
дев̌	1
деволищ	1
деги	1
дейт	1
див	1
див̌әнәт	1
див̌әр	1
див̌әш	1
див̌оләнәт	1
див̌рәк	1
дигәш	1
дигзаи	1
дидғ̌акәш	1
дидғ̌әнәт	1
дидиғ̌әм	1
дидиғ̌әт	1
диёрәт	1
диқонвәр	1
диқони	1
диқонирәк	1
дим	1
дин	1
динг	1
дингакәв	1
дингаки	1
дингәр	1
дингәрәт	1
дисвәв	1
дища	1
дищак	1
дищәма	1
дищәту	1
дищма	1
дищтәв	1
дищтиш	1
дйәткәм	1
дйәткин	1
дйәткинг	1
дйәту	1
доғ	1
доманәнәм	1
домыло	1
домылови	1
донищмандәв	1
дорәм	1
дорға	1
дорыв̌әм	1
дорыв̌дор	1
дорыв̌иғ̌	1
дорыв̌иғ̌и	1
дорыв̌корӣ	1
дорым	1
дошт	1
дояәт	1
драәм	1
драв̌акәт	1
драв̌ән	1
драв̌әнәш	1
драи	1
драм	1
дрангас	1
дрангәш	1
драхтән	1
драхтәт	1
драхтәш	1
драхтвән	1
дрәв	1
дрәвәв	1
дрәвдәт	1
дрәкәт	1
дрәмәм	1
дрәпчән	1
дрәтәв	1
дрәтәт	1
дрәти	1
дрёлавәт	1
дритәт	1
друкшән	1
дрыв̌әнәт	1
дрыпәм	1
дрыст	1
дулән	1
думод	1
думодищ	1
дурәш	1
дурбонуәв	1
дурбонуәр	1
дурбонуәт	1
дурбонурәк	1
дустищ	1
дустро	1
дыбора	1
д̈ыв̌и	1
дыв̌оздасолагӣ	1
дыв̌оздасолагиғ̌	1
дыйымбораәм	1
дыкондорән	1
дындыкән	1
дындыкви	1
дындыкриҗг	1
дындыкриҗгәт	1
дынёәт	1
дыр	1
дырәв	1
дырәтк	1
дырзәнәт	1
дыстанәш	1
дыхтар	1
дыхтардидан	1
дыхтаронәт	1
дышманәм	1
дыщамби	1
дыщанби	1
дыщанбиән	1
дыщанбии	1
ёбанда	1
ёдәтк	1
ёдгорӣ	1
ёло	1
ёлтиәт	1
ёманәв	1
ёрдамәм	1
ёронви	1
ёртиәт	1
ёщищ	1
жарҗ	1
жмак	1
жолхви	1
жынәнәт	1
җав̌и	1
җарҗамочи	1
җарҗәт	1
җарҗӣ	1
җәвди	1
җдрамбас	1
җдрап	1
җинда	1
җиндаищ	1
җитк	1
җыпт	1
завән	1
завәрк	1
заи	1
з̌айәри	1
зайищ	1
замон	1
з̌ан	1
з̌анәт	1
з̌ани	1
занощав̌ариғ̌	1
зану	1
зара	1
зараи	1
зарар	1
зарәт	1
зарб	1
з̌арти	1
зафарән	1
з̌ах̌ән	1
зах̌әт	1
з̌әғ̌дәв	1
з̌әғ̌дәкәр	1
з̌әғдәм	1
зәғ̌дәт	1
з̌әғдәт	1
з̌әғ̌двән	1
з̌әғ̌двәр	1
зәғ̌ди	1
з̌әғди	1
з̌әғ̌диҷәр	1
з̌әғ̌диҷи	1
з̌әғ̌ни	1
з̌әқ	1
зәмәт	1
зәмбар	1
зәнд	1
зәнда	1
зәндән	1
зәндонән	1
зәндонәт	1
зәстпыд	1
з̌әтәй	1
зәти	1
з̌әшои	1
збони	1
зв̌ай	1
зв̌ит	1
зв̌ори	1
згаракән	1
згардәм	1
зи	1
з̌иғ̌	1
з̌иғ̌и	1
з̌иғ̌н	1
зиди	1
зиёд	1
зика	1
зимаән	1
зимистон	1
з̌ингиәр	1
зиндаәм	1
зиндаәт	1
зиндагии	1
зиндагонии	1
зиндон	1
зиндонән	1
з̌ирән	1
з̌ири	1
з̌иртәрәт	1
з̌иртәри	1
з̌итән	1
з̌итәт	1
з̌ицт	1
з̌ицтәт	1
злал	1
зманәв	1
зманәкәм	1
зманәки	1
змандор	1
зминищ	1
змистонәр	1
змистонәт	1
змистонӣ	1
змони	1
змыдг	1
зоғән	1
зоғи	1
зод	1
зодәт	1
зодбыд	1
зонг	1
зор	1
з̌орди	1
зра	1
зрахур	1
зричәм	1
зунг	1
зурәш	1
зурӣ	1
зуриғ̌	1
зуриғ̌әш	1
з̌ывйәнәт	1
з̌ывйәтк	1
з̌ынәш	1
зынгыртән	1
зынгыртәр	1
з̌ыр	1
з̌ыра	1
з̌ыракәр	1
з̌ырәв	1
з̌ырәтк	1
з̌ырзги	1
з̌ыри	1
з̌ырси	1
з̌ых̌т	1
иб	1
ив̌әк	1
ив̌әщ	1
ив̌ӣ	1
иҗәт	1
изо	1
изоәш	1
икбора	1
иқбол	1
иқлим	1
илаәк	1
илмӣ	1
илоӣ	1
илойми	1
илоҷи	1
име	1
имоми	1
имчын	1
имыкәт	1
инәк	1
иниф	1
инифиищ	1
инотәм	1
инотәш	1
инсонән	1
иныкбылдәв̌	1
ирән	1
ирв̌ишн	1
ирв̌ишнән	1
ирв̌ищн	1
ирв̌ищнәв	1
ирв̌ищнәт	1
ирки	1
ирцрахәр	1
ирцрахәт	1
ирцрахӣ	1
исботәт	1
исоби	1
испәт	1
истар	1
ита	1
итак	1
итакәв	1
итакән	1
итакәр	1
итакәрәт	1
итәм	1
итән	1
иткәт	1
их̌әт	1
ихтиёри	1
ихтироъкорони	1
ихун	1
ичи	1
ичиз	1
иҷри	1
ишора	1
ищык	1
ищыр	1
ищырән	1
йәз	1
йәзынг	1
йәмәм	1
йәмәрк	1
йәмәш	1
йәмвәв	1
йәмвән	1
йәмвәт	1
йәмищт	1
йәрғ	1
йәрх̌	1
йәтәй	1
йәтәш	1
йәтвән	1
йәх̌кӣ	1
йәх̌кынг	1
йолт	1
йым	1
ка	1
кабин	1
какищ	1
калхоз	1
кама	1
камәки	1
камәт	1
камис	1
канд	1
картәвәт	1
картәм	1
картән	1
каф	1
кафәма	1
кашәкән	1
кәжи	1
кәкәнгви	1
кәкәнгищ	1
кәмәй	1
кәмпирәр	1
кәмпирзанәм	1
кәмпирзанән	1
кәндәв	1
кәндәрәм	1
кәндәри	1
кәндәт	1
кәндвәр	1
кәнизәквән	1
кәркәв	1
кәркәт	1
кәркин	1
кәркынгәт	1
кәрпа	1
кәрпачаәм	1
кәртәвәт	1
кәртәнәт	1
кәртәт	1
кәртия	1
кәршас	1
кәт̈	1
кәт̈ак	1
кәфакәр	1
кәфчлиз	1
кәцәрт	1
кәцрән	1
кәцрәна	1
кәцрәнәт	1
кәчави	1
кәштии	1
кәщта	1
кбитәри	1
кбитәт	1
кбобсихи	1
кбунәк	1
кбуни	1
кв̌отәки	1
кв̌отәт	1
кдоми	1
кдыв̌	1
кдыв̌ән	1
кдыв̌и	1
кин	1
китобән	1
китобови	1
ких̌нән	1
кланд	1
клапойән	1
клапойәт	1
клуб	1
кмар	1
кмончаи	1
книзәквәри	1
книзәкви	1
книзвән	1
книзӣ	1
кнор	1
кноратәр	1
корв̌онән	1
корга	1
котиәт	1
кочиәт	1
кощки	1
кпа	1
кпаәт	1
крёи	1
кржәпчән	1
криш	1
крош	1
крышви	1
ктали	1
кт̈әту	1
ктичәм	1
ктичәнәм	1
ктичәт	1
кузән	1
куистон	1
куищ	1
куйәк	1
куйәм	1
куйәр	1
куйәрәш	1
куйищ	1
кумар	1
кумәрәм	1
кумәрәт	1
кумәрәш	1
кумҷайәм	1
кумҷайәнәт	1
куов̌у	1
кургард	1
курнәмәкӣ	1
курсәш	1
кут̈а	1
кут̈аәк	1
кутәт	1
кути	1
куфорәк	1
куфорәр	1
кучхмак	1
кушәш	1
кфәтк	1
кшәнәм	1
кшәнгәт	1
кшодәт	1
кшунәш	1
кшыйдәт	1
кшыйдәш	1
кын	1
кынакәр	1
кынән	1
кынәтк	1
кынд̈аән	1
кынд̈аәр	1
кындак	1
кындәт	1
кынҷи	1
кыр	1
кырәмәт	1
кырд	1
кырдәт	1
кыфч	1
кыфчәв	1
кыфчтнаәв	1
кых̌тәрәш	1
кычаән	1
қаарәт	1
қав̌ләв	1
қадән	1
қадәт	1
қадәш	1
қайтоси	1
қақраәт	1
қалаәт	1
қалав̌ы	1
қапқлаш	1
қапқлащ	1
қарасәт	1
қарәт	1
қарз	1
қасрәр	1
қат̈әк	1
қатли	1
қәмчин	1
қәмчини	1
қәсматәт	1
қәстингв̌ыдрак	1
қәстингирӣ	1
қәт̈	1
қбигиғ̌	1
қбила	1
қбыләм	1
қдим	1
қдима	1
қдимаәт	1
қев̌	1
қили	1
қимат	1
қинг	1
қингәт	1
қиниәш	1
қинтәр	1
қинҷғаән	1
қищлоқән	1
қлаәт	1
қлавән	1
қлаищ	1
қламән	1
қламнәв	1
қландарӣ	1
қлап	1
қларәк	1
қлин	1
қлингәв	1
қлоғ	1
қмарәк	1
қобил	1
қозӣ	1
қозиәт	1
қоим	1
қом	1
қомат	1
қорас	1
қосымән	1
қофәр	1
қохакәт	1
қрав̌ыләм	1
қрақчӣ	1
қрапас	1
қрәв̌и	1
қрибәш	1
қсаән	1
қсами	1
қти	1
қулвән	1
қущ	1
қущәт	1
қчави	1
қчаи	1
қчаищ	1
қыв̌ән	1
қыв̌әш	1
қыдратәр	1
қыдрати	1
қынчғаәт	1
қырсәш	1
қырси	1
қыстинв̌ыдракәт	1
қыстинг	1
қыт̈	1
ла	1
лавәк	1
лаин	1
лайлиторән	1
лаклак	1
лаклакәт	1
лакывдәт	1
лалмӣ	1
лангар	1
лангәк	1
лангәт	1
ланги	1
ларзәнәт	1
ларздән	1
ларзывд	1
ларзывдәт	1
лащ	1
ләкәртәм	1
ләкәртәнәт	1
ләкәрти	1
ләквакәр	1
ләкин	1
ләнг	1
ләцрәм	1
ләцрәна	1
ләҷомәт	1
ләшкарән	1
ләшкарәш	1
лв̌орчән	1
лив̌	1
лоғ	1
лои	1
лойәв	1
лойәм	1
лойи	1
локин	1
лол	1
лоләш	1
лоша	1
лощаәш	1
лощагиән	1
лощаи	1
луқищ	1
лупәв	1
лупән	1
лупёри	1
лупищ	1
лупонищ	1
луппыдәт	1
лупраҗсар	1
луптәрәт	1
лык	1
лырза	1
лытфи	1
мавҷыдоти	1
мағзәт	1
маёри	1
мажәй	1
мазырат	1
мазырати	1
майәк	1
майәт	1
майвән	1
майманаәт	1
майсара	1
маквойн	1
макри	1
мактабәш	1
мақыл	1
мақыла	1
малаәк	1
малаәкән	1
малаәт	1
малумот	1
малумоти	1
мамизкнон	1
манҳуәт	1
марәрк	1
марәш	1
мардикорвәрк	1
мардикорищ	1
мардон	1
маркази	1
мәборакбод	1
мәв̌әши	1
мәвинән	1
мәв̌инд	1
мәвиндәт	1
мәв̌ост	1
мәв̌оцән	1
мәв̌ызым	1
мәғ̌атвәв	1
мәғ̌ирыв	1
мәдинән	1
мәдищт	1
мәдн	1
мәдырз	1
мәжда	1
мәз̌ырғ̌ир	1
мәз̌ырғ̌ирәр	1
мәйдаәт	1
мәйдон	1
мәканд	1
мәкат̈	1
мәкафт	1
мәкәт	1
мәкри	1
мәлол	1
мәлтиқәм	1
мәлтиқәт	1
мәмирит	1
мәнашән	1
мәнәзд	1
мәндричәм	1
мәндриҷ	1
мәнзәл	1
мәнҳу	1
мәныв̌	1
мәныв̌ызд	1
мәомилавәш	1
мәофизат	1
мәофизатгар	1
мәпәрвәйәм	1
мәрәлт	1
мәрәӵәв	1
мәрдавән	1
мәрдан	1
мәрдинаәм	1
мәрдинаән	1
мәрдинаи	1
мәрдымәнәш	1
мәрзӣ	1
мәрйәмәт	1
мәрйән	1
мәрйәнәт	1
мәртәв	1
мәрткәт	1
мәрту	1
мәсан	1
мәсқәра	1
мәслаи	1
мәслатәв	1
мәтапәв	1
мәх̌анән	1
мәх̌анәт	1
мәцарәв	1
мәчам	1
мәчангәм	1
мәчәрәм	1
мәщай	1
мәщәхсыв	1
мәщғул	1
мәщит	1
мәщықат	1
мәяв̌әв	1
мборакбощәди	1
мдыр	1
мдырәк	1
мдырәнәш	1
мдырәт	1
мдырғ̌ирәк	1
мдырғ̌ирәт	1
мдырӣ	1
медпункт	1
мив̌аән	1
мив̌авән	1
мив̌ави	1
мив̌аи	1
миги	1
мидғ̌анц̌ән	1
миёнпоча	1
мизг	1
мик	1
микрорайон	1
мимонән	1
мимондустиәв	1
мингасәк	1
мингасәр	1
мингасәт	1
мингасвән	1
мингаси	1
мипри	1
мирәк	1
мирән	1
мирзосалмонән	1
мирохыри	1
мирохыриғ̌	1
мисән	1
миси	1
мисол	1
михи	1
млиц	1
млоәт	1
млоләт	1
млоли	1
млунгәт	1
млунгынг	1
млунгынгән	1
моәт	1
мобәйн	1
мов̌қоти	1
мод	1
модар	1
моди	1
моиәв	1
моиән	1
моигирән	1
моии	1
моиндарән	1
мойәм	1
мойән	1
моқот	1
моләм	1
моләнәм	1
молвәв	1
молфрәнҷи	1
момилаищ	1
момои	1
москва	1
москваән	1
моти	1
мощинвән	1
мощини	1
мощинищ	1
мощтәм	1
мрәстви	1
мтал	1
мтырви	1
музәт	1
муй	1
муйсфидонищ	1
мукти	1
мупк	1
мусафид	1
мусфидви	1
мусфиди	1
мусфидищ	1
мчанг	1
мҷоидви	1
мығылбозӣ	1
мыждаи	1
мықимӣ	1
мыл	1
мылкви	1
мымкин	1
мынкир	1
мыр	1
мырән	1
мыри	1
мыфлис	1
мыфта	1
мыфтии	1
мыча	1
мыщак	1
мыщәв	1
мыщәт	1
мыщғул	1
мыщтәт	1
нав	1
навадым	1
наврас	1
нагән	1
нагви	1
наги	1
нағ̌дәм	1
нағ̌динән	1
нағ̌дынг	1
наҗмонәр	1
наҗмони	1
назари	1
наздик	1
наку	1
нақлән	1
нақлвәш	1
нақлви	1
нақлищ	1
нанәм	1
нанәрән	1
нанәт	1
нанәш	1
нанищ	1
нансләтк	1
настәм	1
настән	1
настәт	1
нашәм	1
нашән	1
наштәй	1
нәаләм	1
нәалән	1
нәәт	1
нәбав̌әзг	1
нәбасв̌әзәй	1
нәбасв̌әздән	1
нәбасв̌әзи	1
нәбов̌арәм	1
нәбынд	1
нәв̌әзд	1
нәв̌әздәй	1
нәв̌әздия	1
нәв̌әзина	1
нәв̌әрәғ̌ни	1
нәвинәмәт	1
нәв̌инәтк	1
нәв̌инд	1
нәвиндәм	1
нәв̌инди	1
нәвит	1
нәвитәм	1
нәвитән	1
нәвиту	1
нәв̌карәт	1
нәв̌карӣ	1
нәв̌рәх̌к	1
нәв̌ыздыйт	1
нәгиза	1
нәгизән	1
нәгина	1
нәготәй	1
нәготәм	1
нәготәт	1
нәготи	1
нәгох̌	1
нәгох̌а	1
нәгох̌әй	1
нәгох̌әм	1
нәгох̌ән	1
нәгытәтк	1
нәғ̌әрдум	1
нәғәрдумәр	1
нәғәрдумәт	1
нәғәрдумви	1
нәғәрдумзманивән	1
нәғ̌әтәту	1
нәғ̌ирди	1
нәдәжг	1
нәдәйти	1
нәдиәв	1
нәдидиғ̌диәт	1
нәдинән	1
нәдищәв	1
нәдищән	1
нәдищтәм	1
нәдищтәт	1
нәдйәтуән	1
нәдорд	1
нәжғ̌әрд	1
нәҗғәрдәт	1
нәздәм	1
нәздәт	1
нәз̌ыри	1
нәитәт	1
нәити	1
нәйи	1
нәйн	1
нәйнәм	1
нәйрәх̌к	1
нәкәмәй	1
нәкәмәти	1
нәкәртәй	1
нәкәртәт	1
нәкәрти	1
нәкәртия	1
нәкәрту	1
нәкии	1
нәқшаи	1
нәләрцән	1
нәмат	1
нәнәстуәв	1
нәних̌вән	1
нәних̌т	1
нәних̌ывд	1
нәних̌ывдәт	1
нәнйәшт	1
нәнйәшти	1
нәнсәтк	1
нәншәтк	1
нәныв̌за	1
нәныв̌зәм	1
нәныв̌зән	1
нәорәт	1
нәпәрстия	1
нәпотромдия	1
нәпщәтк	1
нәпщит	1
нәрандәв	1
нәрәғ̌дәй	1
нәрәмәтәмәш	1
нәрәни	1
нәрәтәмәш	1
нәрәткәт	1
нәрәӵ	1
нәрәӵа	1
нәрәӵәна	1
нәриҗд	1
нәромоштиш	1
нәрымшәтк	1
нәси	1
нәсин	1
нәсйәм	1
нәсйән	1
нәснәту	1
нәстәвәт	1
нәстәй	1
нәстәм	1
нәтиҷадор	1
нәтуәтум	1
нәфазд	1
нәх̌анәм	1
нәх̌андәт	1
нәх̌атәй	1
нәх̌атәта	1
нәх̌атиәт	1
нәцарәма	1
нәцарәна	1
нәцарәнәт	1
нәцарәнәш	1
нәчәрни	1
нәшкургәм	1
нәщайән	1
нәщәхәстиа	1
нәымйәм	1
нәют	1
нәюти	1
нбәсни	1
нв̌ишәв	1
нв̌ищәм	1
нвищәткәв	1
нв̌ищтәт	1
нв̌о	1
нгинаән	1
нгинарәм	1
нивәш	1
нигабон	1
нидвән	1
нидвәнәт	1
нидовди	1
нидовдиәт	1
нидывдәт	1
нийвәнәт	1
нийывд	1
ним	1
нимат	1
нимати	1
ними	1
нимкориәт	1
нирсывд	1
нисбати	1
нисвәнәт	1
нисовдәй	1
них̌вак	1
них̌вәткәт	1
них̌индән	1
них̌итк	1
них̌т	1
них̌тиәт	1
них̌ывдәт	1
нйәнгин	1
нйәнгтуән	1
нйәшк	1
нйәштәв	1
нйив̌гвән	1
нйив̌гни	1
нлагәт	1
нлаги	1
нләнҷг	1
нмәдгыт	1
нмыдгытән	1
нобандәкән	1
нобандән	1
нобатәнәш	1
нобыдәш	1
нов̌ахт	1
новищвәтк	1
нов̌ыздйәтк	1
ногән	1
нод	1
нозәш	1
нозы	1
нозюнәт	1
нозюнӣ	1
ноқиәт	1
нолон	1
номдор	1
норанҷӣ	1
носв̌орғ̌ар	1
носв̌орғ̌ари	1
ностән	1
ностәт	1
ности	1
нохоимәк	1
нохынән	1
ночори	1
ноҷыр	1
нпысви	1
нпыси	1
нсәтк	1
нуталалай	1
нущи	1
нфарәв	1
нфарәк	1
нфарән	1
нфарәт	1
нфарәш	1
ншәткәт	1
ншон	1
ныв̌а	1
ныв̌ак	1
ныв̌әнәт	1
ныв̌әт	1
ныв̌дәш	1
ныв̌зәв	1
ныв̌зәт	1
ныв̌нәм	1
ныв̌нән	1
ныв̌ызәт	1
нырәш	1
нысак	1
нысәмәт	1
нысән	1
нысәткәт	1
нысола	1
ныӵк	1
об	1
ободәт	1
ободкын	1
обхизӣ	1
общәжитәш	1
ов̌изонәт	1
ов̌ораәв	1
оғоз	1
одәмизодән	1
оё	1
озир	1
озмоищ	1
озмуни	1
ойил	1
оқибатәт	1
оқибатәш	1
оқил	1
оқиләт	1
оқот	1
оқотв̌ориәв	1
олаән	1
олаәт	1
оламәр	1
оләш	1
оло	1
олофтрот	1
осиләт	1
осмони	1
осоищӣ	1
осоищиәт	1
осорхонаи	1
остаәк	1
отәм	1
охири	1
охуни	1
оҷизәт	1
оҷра	1
оҷравән	1
ошнодорӣ	1
ошт	1
ощәк	1
ощәш	1
паан	1
падарак	1
падарланәтәш	1
падарланәти	1
пайәт	1
пайдо	1
пайки	1
пайра	1
пайт	1
палав̌онәр	1
палав̌онәт	1
палав̌ониән	1
палав̌ониғ̌	1
паләв̌	1
паләв̌әш	1
палв̌он	1
палмәт	1
палчви	1
палыв̌әв	1
палыв̌ән	1
паногор	1
панц̌и	1
панҷосола	1
панҷтинӣ	1
панҷтиниви	1
панҷым	1
парв̌ардигорәт	1
парвәм	1
парги	1
паргищин	1
паргқти	1
париәт	1
парищ	1
парнәм	1
паси	1
пастиәт	1
пастиғ̌ән	1
пахчи	1
пац	1
пацәм	1
пацәмәт	1
пацтәт	1
пацтиәт	1
пәдамәт	1
пәдарналәтищ	1
пәйдоәш	1
пәнданкәркин	1
пәно	1
пәнц̌лаән	1
пәрв̌әрәш	1
пәрв̌әрдигор	1
пәрв̌әрдигори	1
пәрвәткәт	1
пәрв̌оз	1
пәрдывд	1
пәрмюнг	1
пәрнәц	1
пәрнәцви	1
пәрнәци	1
пәрсакән	1
пәрсиндаәт	1
пәрстәм	1
пәрт	1
пәрчов̌гаи	1
пәсюпк	1
пәтрәки	1
пәтрәрәт	1
пәтрәш	1
пәтрви	1
пәч	1
пәчи	1
пәшбар	1
пәшбарәт	1
пәштаән	1
пәшти	1
пәщта	1
пдинг	1
пдингту	1
пещбин	1
пещбинӣ	1
пзыви	1
пзывкәфакәр	1
пив̌анд	1
пидни	1
пиёда	1
пиёзәк	1
пиёзәр	1
пиил	1
пииләт	1
пилтаәм	1
пилтаи	1
пинҷәки	1
пипр	1
пипрәт	1
пирвитәт	1
пистәв	1
пистәнәт	1
пистәнәш	1
пистәт	1
питак	1
питакәр	1
питәнәт	1
пицәв	1
пицвакәр	1
пицвәту	1
пицовд	1
пицовди	1
пицывдәт	1
пицывдет	1
пишәш	1
пищән	1
пищәр	1
пищбёӣ	1
пищи	1
пищрәм	1
плангәв	1
плангән	1
плангәр	1
плангәштищ	1
планд	1
пләнгәштвән	1
пләнгәштви	1
пога	1
подшо	1
подшодыхтари	1
подщоәнәм	1
подщоәрәв	1
подщобарәк	1
подщобачаәв	1
подщобачави	1
подщобачаищ	1
подщовәр	1
подщогӣ	1
подщогиғ̌әт	1
подщогиғ̌ӣ	1
подщодыхтарән	1
подщодыхтарәт	1
подщодыхтарви	1
подщоиәш	1
подщоирәк	1
подщорәв	1
подщорәр	1
подщрбача	1
поездән	1
позәт	1
пойдән	1
пойтахсәт	1
пок	1
поқәт	1
полиз	1
полизәт	1
полизбонәм	1
полизбонәт	1
помирәт	1
понц̌да	1
посбонән	1
посбонвәр	1
посбониғ̌	1
потромд	1
поштәт	1
пошти	1
поя	1
прах	1
прәйа	1
прәйзодәв	1
прәйзодән	1
прәйзодәрәш	1
прәйзодәри	1
прәйзодвән	1
прәйзодвәр	1
приғ	1
призидинтәр	1
приндаәт	1
прчов̌	1
прчов̌әв	1
прчодәкән	1
пса	1
псав	1
псәғ̌	1
псәт	1
пт̈окәт	1
пт̈оки	1
птык	1
птыкән	1
птыки	1
пудәм	1
пудищ	1
пуқви	1
пумцвакәр	1
пумцвәнәт	1
пумцвәту	1
пумцывд	1
пун	1
пупви	1
пупи	1
пушоки	1
пчангләкәш	1
пштаәт	1
пщәв̌әв	1
пщәтәв	1
пщәтәм	1
пщәтән	1
пщов̌дәй	1
пщов̌ди	1
пщыв̌	1
пщыв̌әм	1
пыдән	1
пыдәнәв	1
пыднәм	1
пыдни	1
пыләт	1
пыләш	1
пылма	1
пыра	1
пырзәркәт	1
пырзи	1
пыркән	1
пырквәш	1
пыркви	1
пырс	1
пырсәт	1
пырсви	1
пырсвиәт	1
пырси	1
пырсищ	1
пырындакәр	1
пырындәм	1
пырындәт	1
пых̌т	1
пыш	1
пышаймон	1
пышак	1
пышән	1
пышт	1
пыщпытк	1
пыяк	1
раакивән	1
раәт	1
рав	1
рагви	1
рагмощ	1
рагызар	1
раҗәв	1
раис	1
раиятән	1
райатән	1
районән	1
райони	1
ракиищ	1
рақсәв	1
рам	1
раматбод	1
рамз	1
рамзбинищ	1
ранәт	1
ранда	1
рандәмәт	1
рандәш	1
расияән	1
расияәт	1
расмәт	1
расми	1
ратм	1
рафәт	1
рәв̌әздиәт	1
рәв̌зак	1
рәв̌зәм	1
рәв̌зәтк	1
рәв̌зов̌д	1
рәв̌зывд	1
рәғ̌дәвәш	1
рәғ̌дәмәш	1
рәғ̌диа	1
рәдакәрәт	1
рәдакәт	1
рәдәнәш	1
рәдывд	1
рәзг	1
рәмәтк	1
рәмви	1
рәнәм	1
рәнән	1
рәнәт	1
рәнг	1
рәндакәр	1
рәниәт	1
рәстовдиәт	1
рәтәм	1
рәтәмәт	1
рәтән	1
рәткәв	1
рәткәт	1
рәх̌кинәр	1
рәх̌кынг	1
рәхниги	1
рәх̌ту	1
рәӵакәр	1
рәӵәвәш	1
рәӵәмәш	1
рәшанӣ	1
рәшта	1
рәшып	1
рвид	1
рв̌о	1
рв̌онәв	1
рв̌онәвәт	1
рв̌онән	1
р̌вор	1
рв̌орәк	1
рв̌орәр	1
рв̌орӣ	1
рв̌оҷ	1
рғ̌ишәт	1
рғ̌ишдорищ	1
рғ̌ишищ	1
рив̌оятищ	1
риз	1
рикоб	1
рицнәв	1
рицнәр	1
рицнәт	1
рицни	1
рища	1
робарӣ	1
розәт	1
розигӣ	1
ромоштәм	1
ростән	1
роштқла	1
руви	1
руғ̌нән	1
руғ̌нәр	1
руйәк	1
руйәм	1
руйән	1
руйәш	1
рум	1
румоләк	1
румоләкән	1
русви	1
русӣ	1
рускән	1
рускәт	1
рут	1
рухнәш	1
рухнёр	1
рухщонаи	1
рушонән	1
рушыв̌әт	1
рцопц	1
рцопци	1
ршыпән	1
рщып	1
рщыпи	1
рызӣ	1
рыйдәш	1
рымшәтк	1
рымышт	1
рысқәт	1
рысымәт	1
рыхнигәв	1
рыхнигәш	1
рыхниги	1
рых̌па	1
рых̌пәткәм	1
рых̌пәткәт	1
рыхсатәм	1
рыхсатәт	1
рых̌ыпт	1
рышанӣ	1
рышаниәш	1
рышании	1
саарән	1
саариәр	1
саариәт	1
савәв	1
с̌ав̌әм	1
савза	1
савзәт	1
савзхотын	1
с̌ав̌и	1
сад	1
саздиәт	1
сайё	1
сайл	1
сакәнәш	1
сакәт	1
сакрәк	1
салқиниәт	1
самосвал	1
санәв	1
санәм	1
санвәнәшәт	1
санги	1
санывд	1
сарбәландәт	1
сарви	1
саргащта	1
саргәрдонәв	1
саргызащтәв	1
саргым	1
сардард	1
сардәрчыртәт	1
сардор	1
сарӣ	1
сариәв	1
сарламлам	1
сарни	1
сароәв	1
сарпно	1
сарриҗг	1
сарриҗгәт	1
саррост	1
сартрощви	1
сархамӣ	1
сатәв	1
сатән	1
сатиәт	1
саҷда	1
сәв̌догарәр	1
сәв̌догариәт	1
сәв̌догариәш	1
сәвзаищ	1
сәв̌заищ	1
сәзои	1
сәйлән	1
сәйымбора	1
сәйымбораәт	1
сәкр	1
сәкрәт	1
сәкрӣ	1
сәнвәткәт	1
сәндуқәт	1
сәрвәш	1
с̌әтәй	1
свит	1
св̌оләр	1
св̌орәр	1
св̌орәрк	1
сворв̌оцак	1
св̌ори	1
св̌оцән	1
св̌оцищ	1
сгинәт	1
сдоәш	1
сейым	1
сёсатмадори	1
сиатәт	1
сиати	1
сийым	1
сил	1
силәт	1
силәш	1
силоб	1
симырғәт	1
с̌ин	1
с̌ини	1
сипо	1
сипои	1
сирәв	1
сирәт	1
сироб	1
сисадә	1
сиц	1
сицви	1
сиятәм	1
скави	1
скәнәт	1
скәтви	1
скидәт	1
скидвән	1
скордбонви	1
скордбонвиәт	1
скордбонищ	1
скорди	1
сла	1
сломалик	1
сломаликәт	1
сломәт	1
слот	1
сминар	1
снәткәт	1
снортәр	1
со	1
соатәм	1
соатәр	1
соатәт	1
соатәш	1
сода	1
соибән	1
соибәт	1
сола	1
солән	1
соләш	1
солвән	1
солви	1
солови	1
сооб	1
сообәт	1
софәт	1
сохтәв	1
сох̌тиәт	1
спәрт	1
спрәғ̌ән	1
срадән	1
срадәт	1
сройәт	1
сройәти	1
сроят	1
стәт	1
стәти	1
стәту	1
стәх̌	1
стәх̌ән	1
стәх̌ви	1
стәх̌ищ	1
стов̌әнәш	1
стор	1
стора	1
строб	1
строби	1
студент	1
стхони	1
стхонищ	1
стыйән	1
суз	1
сузәт	1
сурән	1
сурәт	1
сурәш	1
сфарәр	1
с̌ыв̌әв	1
с̌ыв̌ән	1
сыда	1
сыйәт	1
сыйәш	1
сымби	1
сынг	1
сынгәм	1
сындуқиәт	1
сырәт	1
сыриви	1
сыриғ̌ән	1
сыртәрәш	1
сых̌	1
таашин	1
таәт	1
тав̌әм	1
тав̌иләм	1
тағ̌дәвәт	1
тағ̌дәй	1
т̈азәк	1
тай	1
такяи	1
т̈ақ	1
т̈ақәк	1
тақсим	1
тақсимоти	1
тал	1
талқон	1
талх	1
танән	1
танәт	1
танг	1
танго	1
танхо	1
таповд	1
таповди	1
таповдиәт	1
тарбият	1
тарбыз	1
тарбызән	1
тарихиәв	1
тарихивән	1
тати	1
татнанви	1
татҷон	1
т̈ахи	1
тах̌кән	1
тахминан	1
тахтәв	1
тахтәр	1
таҷон	1
ташкилот	1
тәбо	1
тәв̌акал	1
тәв̌кал	1
тәв̌рич	1
тәзәриәш	1
тәйәв	1
тәйәм	1
т̈әк	1
тәлв̌әса	1
тәлв̌әсаән	1
тәлхаәв	1
тәлхаәм	1
тәмба	1
тәмощо	1
тәнаән	1
тәнга	1
т̈әнзди	1
тәпвак	1
тәсмаи	1
тәтварт	1
тәшәш	1
тбақ	1
тбәскәт	1
тбиби	1
тбибищ	1
тбобат	1
тборвән	1
тёрәнәш	1
тёрәт	1
техника	1
тизтәр	1
тилоәт	1
тилови	1
тилокуфтәм	1
тинәр	1
тинви	1
тинитәт	1
тирмо	1
тирмоӣ	1
т̈иф	1
ткаәк	1
ткаи	1
тқиәш	1
тқитәр	1
тқитәрәш	1
тлабаищ	1
тлапас	1
тлаф	1
тливизәр	1
тмошо	1
тмощоәм	1
тмощоәш	1
тнаән	1
тобистонви	1
товарни	1
тов̌әв	1
тозаәт	1
тозагиән	1
тоқ	1
тоқаи	1
тоқат	1
тоқахона	1
тоқачиғ̌	1
тоқәт	1
толе	1
т̈ор	1
торак	1
торакән	1
торән	1
тори	1
торикәт	1
торикәш	1
торикиән	1
торкиғ̌әт	1
тосәкәм	1
тотәк	1
тоҷикистон	1
тпарәт	1
тпарвән	1
тпәч	1
трағдиәт	1
трақән	1
транҷән	1
транҷдәт	1
транҷди	1
трарәк	1
трарәки	1
трартәр	1
тратәрәр	1
трахк	1
труйәв	1
труйәм	1
труйәр	1
труйӣ	1
трусола	1
туа	1
туәтуәм	1
туғ̌ән	1
туғ̌әш	1
туйәв	1
туйәр	1
туйәт	1
туйрәв	1
тумәм	1
тумәркәт	1
т̈унг	1
тухмӣ	1
ты	1
тызыриәш	1
тылаәт	1
т̈ымбәт	1
тымбуни	1
т̈ымт̈анг	1
тыринәк	1
тырт	1
тыртән	1
тыртәш	1
тыт	1
тышави	1
удг	1
уз	1
улоғ̌	1
урмат	1
урматәш	1
устодищ	1
участкаи	1
учтәр	1
фақәт	1
фалак	1
фалаки	1
фандәм	1
фаранҷӣ	1
фарәм	1
фарёд	1
фари	1
фарсәт	1
фаст	1
фашаси	1
фәрбии	1
фәршак	1
фәтәрот	1
фидо	1
фикр	1
фқир	1
фләкәв	1
фләкдори	1
фоиз	1
фохтави	1
фриләнәт	1
фрот	1
фуксәш	1
фукси	1
фырз	1
хав̌ф	1
хайма	1
хаймаәт	1
х̌акәр	1
халгәвәш	1
халгәм	1
халгәт	1
халгәш	1
халгвән	1
халгвәрк	1
халговәр	1
халгоищ	1
халқәв	1
халқәш	1
халқвән	1
халосам	1
хам	1
хамәм	1
хамәнәт	1
х̌амд	1
хамдиәт	1
хамовд	1
хамовдәнәт	1
хамовди	1
ханәнәт	1
х̌анәнәт	1
х̌анәт	1
хандон	1
хандони	1
харбызаи	1
харгушӣ	1
х̌атәрк	1
х̌атиәт	1
хахәт	1
хашәмәт	1
хашәш	1
хаштән	1
х̌аштәт	1
хаштәш	1
хә	1
хәбар	1
хәди	1
хәдобихбари	1
хәдов̌андәм	1
хәдов̌андрәк	1
хәдовәнди	1
хәдоёр	1
хәдои	1
хәдойән	1
хәдойәш	1
хәдойҷон	1
хәдонзарәм	1
хәдопараст	1
хәдотарс	1
хәймаәв	1
хәйрәт	1
хәлта	1
хәлтаәв	1
хәлтаән	1
хәмак	1
хәмвак	1
хәморәш	1
х̌әнакәт	1
х̌әнц̌әтк	1
хәрда	1
х̌әрзән	1
хәрпай	1
хәт̈	1
хәтёр	1
х̌әткәт	1
х̌әткин	1
х̌әту	1
х̌әчәм	1
х̌әчви	1
х̌әчи	1
хәшакәт	1
хәшпайәт	1
хәщруйәк	1
хәщруйтәр	1
хбарәм	1
хбарән	1
хдогрғ̌ар	1
хдойәш	1
хдойҷон	1
хдоргәш	1
хдоргвун	1
хдоргв̌унг	1
хдоргвунищ	1
хдоргғ̌ари	1
хдоргдор	1
хдоргищ	1
хёләв	1
хёләм	1
хзина	1
хиз	1
хизматгорӣ	1
хийма	1
х̌икв̌ор	1
х̌икв̌ори	1
хилаән	1
хиләки	1
хилв̌атхона	1
хингарәв	1
хингардингак	1
хингардингакәт	1
хингардор	1
хингариәт	1
хирсән	1
хишәт	1
хишиәм	1
хишииғ̌	1
хиштборищ	1
хлиқтәт	1
хлифа	1
хлосәш	1
хмәту	1
х̌нәтк	1
х̌нәту	1
хоб	1
хобгоәш	1
хокивән	1
хокии	1
хом	1
хор	1
хорәғ	1
хорәғәмәш	1
хорәт	1
хоркащи	1
хормниҷәк	1
хормниҷәр	1
хормниҷәт	1
хотири	1
хридор	1
хрысән	1
хрысәш	1
хрыси	1
хрысищ	1
хрыфт	1
хрыфтәш	1
хрыфтшәк	1
хрянәт	1
хтарәв	1
хтарән	1
хтарит	1
хтоәм	1
хтоәш	1
хубӣ	1
хубруйи	1
хумәк	1
хунәв	1
хунбари	1
хунхалгви	1
хунхалгищ	1
хурәнәт	1
хурви	1
хурдор	1
хури	1
хуркряр	1
х̌урсәр	1
хфа	1
хшәткәв	1
хшокәш	1
хшокдунән	1
хщомадиәв	1
хщомадиәм	1
хый	1
хыйәм	1
х̌ыйәр	1
х̌ыйәт	1
х̌ыйви	1
х̌ыйинәв	1
х̌ыйищ	1
хыйнан	1
х̌ыйнанәрк	1
х̌ыйнани	1
хын	1
х̌ын	1
хырдәт	1
хышавән	1
хышави	1
хышаищтәт	1
хышпай	1
хыщәк	1
хыщбахт	1
хыщв̌ахт	1
хыщв̌ахтӣ	1
хыщи	1
хыщиәв	1
хыщкынон	1
хыщомад	1
хыщруиғ̌ӣ	1
хыщхон	1
цав	1
ц̌ағ	1
ц̌ақәк	1
ц̌ақи	1
царәнәшәт	1
царәт	1
цәбло	1
ц̌әқлаёр	1
цәқлайәк	1
цәқлайәрк	1
цәмви	1
ц̌әнц̌ир	1
цәр	1
цәракәв	1
цәраки	1
цәрәк	1
цәтәнәт	1
цәтәни	1
цәтвән	1
цбасәв	1
цбасопрыт	1
цбасынг	1
цбырсола	1
ц̌иғ	1
ц̌иғ̌н	1
ц̌ини	1
цоғдәр	1
ц̌ранговди	1
црәнгәм	1
црәнгәт	1
ц̌рәнгвәв	1
ц̌ринговди	1
црыпт	1
ц̌уғ̌әт	1
ц̌уғ̌щбын	1
цумәм	1
цумәш	1
цускәм	1
цускәт	1
ц̌ықлай	1
цытр	1
ӵа	1
ӵав̌акән	1
ӵав̌акәр	1
ӵав̌әм	1
ӵав̌әнәт	1
чак	1
чакталалай	1
ӵакти	1
чалакви	1
чалакищ	1
чалг	1
чалга	1
чам	1
чангәв	1
чангәм	1
чангән	1
чангәт	1
чанги	1
чанди	1
чанор	1
чанорән	1
чар	1
чармәнәт	1
чармви	1
чархәр	1
чат̈	1
ӵатәт	1
чат̈вәм	1
чат̈вәш	1
чат̈ви	1
ӵатви	1
чафсои	1
чах	1
чахи	1
ӵәв̌акән	1
ӵәв̌акәш	1
чәғ̌ән	1
ӵәжмәй	1
ӵәжмәм	1
ӵәжмән	1
ӵәжмнағ̌диән	1
чәлгак	1
чәмбар	1
чәнголән	1
чәнголвән	1
чәнорәт	1
чәплов̌	1
чәрмак	1
ӵәрмәм	1
чәрмәнәт	1
чәрнәй	1
чәрнәм	1
чәрти	1
чәрхадав	1
ӵәткәт	1
чәх̌ти	1
чәшма	1
ӵәшмаәк	1
ӵәшмаи	1
чв̌урк	1
чв̌уркәм	1
чв̌уркәш	1
чв̌урквән	1
чв̌урквәш	1
чв̌уркпыяк	1
чв̌уркщбынии	1
чи	1
чизәм	1
чизәнәш	1
чизәрк	1
чизе	1
чизычорави	1
чилән	1
чилгуша	1
чилгуща	1
чили	1
чилым	1
чинәк	1
чинӣ	1
чиниви	1
чинии	1
чирас	1
чистонәт	1
ӵитәт	1
ӵкәрзманви	1
ӵкәтк	1
ӵкиш	1
ӵкиши	1
ӵлажм	1
чләки	1
чо	1
чодир	1
чодири	1
чойәм	1
чойән	1
чойәт	1
чойәш	1
чойи	1
чоки	1
чолах	1
чоптәм	1
чоптиәт	1
чор	1
чораи	1
чори	1
чорсад	1
чорым	1
чпал	1
чрәнг	1
чринда	1
чриндаи	1
чрир	1
чроәш	1
чроғи	1
чуғзәш	1
чукт	1
ӵут̈әв	1
чут̈әш	1
чык	1
чып	1
чыпт	1
чыптәт	1
ҷав̌рән	1
ҷайищ	1
ҷалтасәш	1
ҷамәм	1
ҷамоатхона	1
ҷангәш	1
ҷанги	1
ҷарчиищ	1
ҷафо	1
ҷәнв̌ари	1
ҷәнгаләк	1
ҷәнгаләр	1
ҷәнгали	1
ҷәони	1
ҷәонмои	1
ҷәрзасәш	1
ҷәрзәт	1
ҷәрнахәт	1
ҷәрнахӣ	1
ҷәфти	1
ҷв̌обәш	1
ҷв̌озг	1
ҷв̌олви	1
ҷв̌оли	1
ҷв̌онәр	1
ҷв̌онищ	1
ҷв̌ононви	1
ҷзирәш	1
ҷзоән	1
ҷзои	1
ҷибәт	1
ҷинәвәр	1
ҷинәт	1
ҷиндаәт	1
ҷлав	1
ҷлав̌әм	1
ҷниб	1
ҷноза	1
ҷога	1
ҷойдән	1
ҷойдиәт	1
ҷойи	1
ҷойои	1
ҷомәкәт	1
ҷомәки	1
ҷомищ	1
ҷонам	1
ҷонәм	1
ҷонәш	1
ҷондорәт	1
ҷондорвәрк	1
ҷондорви	1
ҷондуст	1
ҷонкәндани	1
ҷонтанг	1
ҷояак	1
ҷояк	1
ҷраб	1
ҷрабәт	1
ҷрава	1
ҷравәт	1
ҷравлав	1
ҷрәғ̌дәт	1
ҷрәғ̌нәм	1
ҷрәх	1
ҷрәх̌кәт	1
ҷ̈уш	1
ҷушанамо	1
ҷуянда	1
ҷымаи	1
ҷырзас	1
шав̌ас	1
шадәт	1
шамардәр	1
шамардәт	1
шамарди	1
шаптәш	1
шаптвән	1
шаптви	1
шапти	1
шарәм	1
шастәв	1
шасти	1
шафшкәт̈	1
шахи	1
шахиәт	1
шахищ	1
шәғ̌дәв	1
шәғ̌дв̌әзгин	1
шәқт	1
шәқтиәт	1
шәндищ	1
шәнкшии	1
шәхәстәт	1
шәх̌ни	1
шимон	1
шинҷвал	1
ширруған	1
шитон	1
шкавдәй	1
шкавдәнәт	1
шкаст	1
шкастәш	1
шкафк	1
шкәдән	1
шкәлт	1
шкәнәй	1
шкәнг	1
шкәндвакәр	1
шкәндвәв	1
шкәндвәнәт	1
шкәндыв	1
шкәтәй	1
шкондовди	1
шкориән	1
шкорхонаәт	1
шкургакән	1
шкургакәт	1
шкургәв	1
шкургәмәш	1
шкургәнәш	1
шкурдән	1
шкурдәт	1
шкурди	1
шнов̌ар	1
шор	1
шотәв	1
шофәр	1
шофир	1
штикәш	1
штраховди	1
штыр	1
штырвәв	1
шумәм	1
шумиәт	1
шумиәш	1
шумиғ̌	1
шунгән	1
шунгви	1
шухәт	1
шухцәракәр	1
шыв̌и	1
шыв̌ӣ	1
шыйәт	1
шыкрат	1
шыпт	1
шыша	1
щабдәрмиён	1
щабозкык	1
щабохынәш	1
щадымән	1
щайа	1
щайәмәт	1
щайтон	1
щамщәр	1
щамщәрән	1
щамщерән	1
щаптищ	1
щартә	1
щартәв	1
щартәм	1
щартвәт	1
щартоищ	1
щастә	1
щахса	1
щачәк	1
щачәки	1
щачәм	1
щачәш	1
щачрыйн	1
щащ	1
щащсола	1
щәқән	1
щәнгәр	1
щәнгәрәт	1
щәпкән	1
щәпки	1
щәпкин	1
щәпкищ	1
щәрминдаәт	1
щәрминдагӣ	1
щәтәт	1
щәти	1
щәтхарв	1
щәхәстәв	1
щәхәстәм	1
щәхәстәнәш	1
щәхсакәр	1
щәхсәмәт	1
щәхсәтк	1
щәхсвәв	1
щәхсвәм	1
щәхсвәнәт	1
щәхсовди	1
щәх̌щәғ̌әт	1
щбынән	1
щбынәр	1
щбынәт	1
щбыниән	1
щбыниәт	1
щбыниищ	1
щийтон	1
щимон	1
щимониғ̌ән	1
щирв̌ищн	1
щири	1
щиринии	1
щирруған	1
щирчойәм	1
щитәв	1
щитәй	1
щитәм	1
щитәт	1
щкощымән	1
щкощымәт	1
щкощымзмин	1
щлахи	1
щлахӣ	1
щлоқәт	1
щмол	1
щогын	1
щогынән	1
щом	1
щотәв	1
щпәту	1
щрав̌әтк	1
щроб	1
щтраховди	1
щтрахтәт	1
щтрахти	1
щтрахтиәт	1
щтхарв	1
щурәщ	1
щуяк	1
щыв̌	1
щығнонән	1
щым	1
щымәт	1
щырәт	1
щырви	1
ыбсола	1
ыкми	1
ымйәм	1
ымрән	1
ымрәш	1
ымри	1
ымрӣ	1
ыфт	1
ыфтәт	1
ышән	1
ышнәм	1
этаж	1
юмҷ	1
юмҷи	1
юндак	1
юндакәрәш	1
юндәк	1
юндәш	1
юнди	1
юпкәнәт	1
юпкәр	1
юпкәрәш	1
юпкәш	1
юсуфбек	1
ютәй	1
ютиәш	1
юткәт	1
яв̌әй	1
яв̌әмәт	1
яв̌әнәш	1
явәрк	1
яёр	1
яйчәкви	1
яйчәм	1
яклинга	1
якпоя	1
яксола	1
якыним	1
янән	1
янд	1
ярәв	1
ярәрәт	1
яркәв	1
яркищ	1
ящәм	1
ящәнәв	1
ящдор	1
ящсв̌ор	1
	
	
	
	
	
	
	
	
	
	
	
	
	
	
	
	
	
	
	
	
	
	
	
	
	
	
	
	
	
	
	
	
	
	
	
	
	
	
	
	
	
	
	
	
	
	
	
	
	
	
	
	
	
	
	
	
	
	
	
	
	
	
	
	
