word	word count
នុន	8497
ញូ	8173
មឹង	6024
ឝញូ	5022
គ្លើយ	4784
ឞ្រ៊ើយ	4281
កវ	4232
ទី	3746
មត	3369
អ៊ិះម៍	3128
ឡៃគ	3100
ង៉ៈ	3013
មនូស	2722
ហ្មវ	2654
ឋាប់	2623
ណាវ	2557
ឝអ៊ិះម៍	2546
ឋគ	2422
ឞ៊ិ	2356
ឆ្រង់	2287
ណាគ	2266
ពើ	2263
យេស៊ូ	2244
ឋង់	2157
អ៊ើយឋៃ	2085
រ៉ាំង	2053
យ្វ៉ា	1949
ឝ្ល៉ៃគ	1921
យ៉ាង	1865
អុះ	1832
លយ	1796
ពហ្យាប់ម៍	1776
ហា	1770
មឹន	1753
ព្លើយ	1693
នែ	1641
យ៉ឹះ	1623
ហ្ងំ	1602
ច្យាំងម៍	1555
ព	1537
តាំ	1527
រ៉ៃ	1505
អា	1471
ទើល	1411
ថវ	1400
ហ្លា	1353
ទុយ	1225
រើយ	1097
ឞ្វៈម៍	1074
សាង	1045
ទគ	1019
ប្ល៉ៃ	1016
ខ្វា	975
រ៉ៈ	972
បុះ	957
វ៉ត់	954
ប៉ះ	934
ឝ៉ះ	908
ឞា	906
ឞ៊ិះ	898
ឌីគ	886
វ៉គ់	846
ហ្យាមម៍	834
យេហូវ៉ា	828
អ្យវ	793
សុន សាត	781
អ្ន៊ុន	766
ឋ្វា	752
ឆឹ	747
មើយហ៍	741
ឞស	732
និងហ៍	726
តា	724
ឞ្យៈ	721
អ្យា	689
ច្រោះ	684
បន	677
ដះគើយ	660
អ៊ើ	656
បង់	621
ហ្ម៊ិ	607
ហ៊ែម៍	600
បគ	585
ឡាន	582
យ៉ិត	575
ហ្យាប់ម៍	562
ម៉ូសេ	560
អ្យឹ	558
ឞោះ	532
ក្នះ	520
ណគ	518
អ្នាំ	513
ដ្វិ	500
ឆ្វាត់	499
ម៉ា	481
អ្យៃ	479
ឞ៊ុត	478
ឌើច	476
ដះមើយ	465
អ៊ីស្រាអ៊ែល	463
ហ្យ៊ឹមម៍	459
ចាល	457
ស៊ែតម៍	456
លើយ	454
ណាប់	443
ក្ងាន់	441
ងឹ	441
ប៉ៈ	441
ឞាត	429
ល	426
មុត	425
ពតាវ	421
ទីល	412
ង៉ាន	411
ពឌើយ	410
ឋឝ្ងឹ	407
លើ	404
លែ	390
ឝ៉ប់	388
ពអ្នះ	384
ជិម	383
ឞ៊ិះ ទិះ	379
តុ	360
អាន	355
យ៉ង់	354
ឋ្វេះ	353
អេឈិប	352
កគ់	349
ហ្ល៊ុន	346
កតាង	344
កឌី	343
ប៉ូល	343
ពកន់	343
ម៉ៈ	338
យ៉ាកុប	336
យ៉ូស៊ែប	335
ហ្យិន	327
ពត៝	323
វ៉ៃ ឡាំងហ៍	319
ឡន់	317
ហ្លោះ	315
ហ្វ៊ិម៍	313
ព្លុះ	304
ក្ញា	300
ហ្លវ	300
ផា	298
យូដា	297
ឆាត	295
ពអ្យៃ	295
អ៊ែបម៍	293
ឞ្នៃ	285
រ៉យ	282
ទ្រុន	280
ឋឍី	278
ត្រិ	276
ឍើយ	275
ច	274
ក្លាស	272
លឝ៉ោះ	270
ឡិ	265
ជិះ	263
ឃឹត	262
ហឍិប	260
ឋៃ	258
ភុន	257
អាឋៃ	257
ង៉គ់	256
គ្រិះ	248
ឋឍើយ	248
ពតៈ	246
អ្មាំង	242
ឆិ	241
ផារ៉ន	239
អ្វាន់	235
ធុន	230
ពពគ	230
ឍិះ	225
ឞ្ងាត់	218
ឞ៊ុត តៃ	215
នុក ណ្វា	214
ហេឞ្រ៊ើ	213
ឍិប	209
ក្លវ	208
តហានម៍	207
នេនែ	207
ពេត្រូស	207
តាម	205
ហ្រៈ	205
អាឞ្រាហាំ	204
លែន	202
ឞោះតវ	202
ឋ្ងាំ	199
ឝូគ	197
ឝ្ល៉ាន	197
យ៉ូហាន	196
ស៊ែម	196
ម្យ៉ាង	195
ជិ	194
ផ្រវ	193
ពពន	193
ឞគ់	192
ឞនី	192
យ៉ាប	191
ឞះ	191
នុំប៉ាំង	188
ហ្វៈម៍	188
កប៉ៈ	183
ទ្រុះ	183
ក្យវ	182
សាល់	182
ពយ៉ាប	181
ក្នាប តាប	179
អ្ញាគ	179
ឈុះ	178
ភូង	178
យេរូសាឡិម	177
ហ្វាម៍	176
ប្រ៉ង់	174
ឞ៊ែន	171
អ្យវ ឡៃគហ៍	171
មិ	166
អាវ	159
ខាគ	158
ឆៃ	158
ឝ្រូ	157
ពក្លាស	156
យហ៍	156
ឡន់ អ្យា	154
ឌីម	153
តះ	153
ថា	151
ហិម៍	150
ម៉ប	149
ឞឆ្រង់	149
ទ្រីវ	147
ស៊ិត	145
កំប៉ាន់	144
ឋ្ងាំ ឝ្ន៉ាំ	143
នក	141
អះម៍	140
លីង ឆាង	139
ហ្វៃម៍	138
កប៉ៈ ហ្នង់	137
តាម៍	134
ឝ៉ាល់	134
កាគ	131
ឍ្រើយ	131
ស៊ីគ	131
អ្យៈ	131
ស៊ែង	130
ឍ្រើយ ឆិន	127
ពបុះ	126
ភុយ	125
ប៉ាគ	123
ហ្នៈ	121
អាឍើយ	121
ចល	119
អ៊ើយ	119
ឝិះ	117
ម៉ហ៍	116
គ្លីគ	114
ម្វ៉ៃ	114
ឃុក	113
តង់	113
តាង	113
ប្យ៉ល់	113
ឞរ៉ាំ	113
អ្យ្វយ	113
តាញ់	112
ឞ្ល៊ុង	112
អ៊ីសៈ	112
បាទែម	111
ឞឝ៉ប	111
អ្ន៊ែ	111
គើយ	110
ឋ្រះ	110
ខាប់	108
ណង់ហ៍	108
លឝើយ	108
រិម	107
មអាក	106
ហាត់ម៍	106
គ្រិក	104
ឞឋគ	104
អាហ្លវ	104
ទ្រីង	103
ប៉ាប ឋ្រាប	103
ខា	102
ពហ្វៃម៍	102
ម្ល៉ាំ	102
កៈ	100
ដាស	99
ផារ៉ាស៊ី	99
ឈ្នុំ	98
ដាវីត	98
ពទុំម៍	98
រិះ	98
ណាវៗ	97
មង	97
ម៉ាហ៍	96
ពគ	95
ឈុំម៍	94
យគ	94
ញុំ	93
ឋាល់	93
យ៉ិតៗ	93
អាឞ្រាម	93
យ៉ូណះ	92
សាបាត	92
ហូង	92
ឝឍ្រិះ ឝឋ្រង់	91
អ៊ើរ៉ុន	91
ហេរ៉ូត	90
ឋះ	89
ព្លិះ	89
ខៈ	88
ចិ	88
ឈែល	88
ពកន់ៗ	88
រ៉ក	88
ញុក	87
ពប៉ល់	87
អាងិន	87
កាណាន	86
ឞ៊ុះ	86
អាលមហ៍	86
ប៊ើយ្គ	84
ហរូត	84
អ៊ីគម៍	84
អ្ញាំ	84
ពម៉ាត	83
ឝ្វ៉ះម៍	83
សោះ ស៊ែល	83
ហេល	83
ឞន	82
ហាង	82
ឍូក	81
លួម	81
លៀ	81
ប៉ៃ	80
អ្និត	80
តេះ	79
នុច	79
ឝ៉ាលីឡេ	79
ឞ៊ែ	79
ខំម៍	78
ប្រ៉ា	78
ហាយ៉ោះ	78
ប្វ	77
ឝ៉ាវ	77
ដម	76
តវ	76
បូអុះ	76
ឞ្លាន	76
សង	76
សា	76
អ្មវ	76
ឝ៉ៃ	75
អាយ៉ាត់	75
អេសាវ	75
ប្ល៊ើល	74
ឝីត	74
ហាដាប់	74
កាក់	73
តាស	73
ពកាល់	73
ហ្យា	73
កាន់	72
ណ្វៈ	72
អាយុ	72
ឃ្មែ	71
ឍើម	71
ក្ងាស	70
ឃុល ខាប	70
ផម	69
វ៉ៈហ៍ ណ្វៈហ៍	69
ហាប់ម៍	68
ជិម ឞ្រ៊ិម	67
ជែ	67
វីគ	67
ឞ្លាវម៍	67
ឞ្ល៊ើយ	67
ចៈ	66
មសេស	66
ម៉ារី	66
លប៉ា	66
ឝ្ល៉ំ	66
ឞឍើយ	66
ជុះ	65
ពើយ	65
ឞឝ៉ាំង	65
ឃិន	64
ឆប់ ឆាង	64
ជែក	64
ឋន	64
ណាំ	64
ណូអេ	64
ប៉គ	64
ប៉ិត	64
ប្ង៉ាន	63
ពក្លះ	63
ឞយ៉ម	63
កង់ ថា	62
ក្លាំម៍	62
ឋ្រា	62
ឞឆ្វៈ	62
អៃម៍ ញូ	62
ញ៉ៈ	61
ឋល់	61
ណាអូមី	61
រ៉ាំ	61
រ៉ូម	61
វ៉ិហ៍	61
ឞឆាំ	61
ឞឞ្លះ	61
ពក្ងា	60
ឞឋង់	60
ខាប់ ប៉ាប	59
ឆាក	59
ឋឋាងម៍	59
ពីង	59
ពីឡាត	59
ហគ់ម៍	59
ឋាំង	58
ឝ្និត	58
ប៉ល់	57
ពសាត	57
ហ៊ូប	57
ល លិន	56
ឝ៉ាក	56
ឝ៉ាំង	56
ខ្មា	55
ឌិះ	55
ឍុះ	55
ទូះ	55
បវ	55
ផារ៉ា	55
ភូង វ៉ាង	55
រ៉ាជែល	55
ពក្នាប	54
ពថវ	54
រ៉ោះ	54
ហ្រ៊ុក ហ្រាក់	54
កគុះ	53
ឆ្លាន	53
ដង់	53
ប៉ាប	53
លពើយ	53
វ៉ៈហ៍	53
ស៊ីម៉ូន	53
ឡាល	53
កាន	52
ក្លិ	52
ឆ្ងា	52
ប្រ៉ាប់	52
ឝ៉ាន់	52
ឝ្ន៉ាំ	52
ឝ្រែ	52
ត្វៃម៍	51
ឝ្ល៉ង	51
សូល	51
អិញម៍	50
អូល	50
អ្យា វ៉ាង	50
កប៉វ	49
ក្ញា ឞ្លា	49
ក្ន	49
ញី	49
ឍញ	49
ឍុត	49
នីនីវេ	49
ប្រ៉ាក់	49
ប្វ៉ន់	49
យ្វ៉ៈហ៍	49
ឝឆាប់	49
ឞវ	49
ពិះ	48
ឝឍ្រ	48
ឡ្វៃគ	48
គើញ	47
ឍុយ	47
នែវ	47
ឡត	47
ក្វាល់	46
ច្យៈម៍	46
ធីម	46
ផង	46
ឞឞោះ	46
កចក	45
ក្រង	45
ណាសារែត	45
យ៉ាន	45
ឝ៉ន	45
ឞឆេះ	45
ស្វន់	45
បាណាបះ	44
ពដក់	44
យ៉ល់	44
រ៉ាវ	44
សវ	44
ដាវ	43
ណាគ ឞាគ	43
សាល់ ដេះ	43
កធុល	42
ប៉ង់	42
ភីលីប	42
លេអា	42
ឞូម	42
ហឋល់	42
ហអ៊ែតម៍	42
អង់ម៍	42
អ៊ីម៍	42
គ្រិ	41
ពកៈ	41
ម៉គ	41
ម៉ាស	41
ឝើយ	41
ឞល៝	41
ហ្យក់ម៍	41
ក្ងា	40
ឆ្យាំម៍	40
តង់ ក្ងះ	40
វ៉េះ	40
ឞឋ្រង់	40
ឡាំង	40
អៃម៍	40
ឃ	39
ចាង ម៉ាង	39
លវ៉ាំង	39
ឡង ឡាំង	39
កដៃ	38
ង៉ៃ	38
តគ់	38
មញុំ	38
ម៉ូអាប់	38
ម្វ៉ៈហ៍	38
រ៉ង់	38
វិះ	38
ឞ្លះ វ៉ាង	38
សារ៉ា	38
អូលីវ	38
ច្យាន	37
ញ៉ះ	37
មែត ស៊ែត	37
យូដះ	37
លឋេះ	37
ឝ្ន៉ាវ	37
ឞឆះ	37
សាង ណគ	37
និះ	36
ពហាស	36
លឞ៊ុះ	36
ក្នាំ ហ្យ៊ែងម៍	35
គី	35
ឆ្វៈ	35
ឋឋាំ	35
ទុះ	35
លុះ	35
វ៉ាង	35
ឞឍិប	35
ឞឝិត	35
សូដុំ	35
សេសា	35
ហអប់ម៍	35
ក្លោះ	34
ខ	34
ញ៉ាហ៍	34
ឋម៝	34
ឋឹ	34
ពហ្ងាំ	34
ភ្យង	34
លីង	34
លុក	34
លេវី	34
ឝ៉ម	34
ហង៉ះ	34
ហម៍	34
កចាំង	33
ឆ្វា	33
ឋឍូ	33
ម៉ាធឿ	33
ម្រ៉ឹក	33
លឞេះ លឞៃ	33
ឡាបាន់	33
អាដាម	33
អេលីយ៉ា	33
កាវ	32
ក្លាង	32
ចក់	32
ឆ្រៃ	32
ឋប់	32
តៃ	32
តោះ	32
ពតវ	32
ម្ល៉វ	32
រេបេកា	32
វ៉ៃ	32
សិត	32
ហដាង	32
អាឡ្វាហ៍	32
ឆាង	31
តៈ តាន់	31
ទីម៉ូថេ	31
ប្ល៉ិ	31
ពឌីគ	31
លវែន	31
ឞឞ្លាង	31
សាតាន	31
ឋង	30
ណះ	30
ព្រែ	30
ឝឍុង	30
អាកម៍ អយម៍	30
អ្ញាវ	30
កតៈៗ	29
ក្រាប់	29
ចុំម៍	29
ឆាន	29
ឌែង	29
តង កាន	29
ពុង	29
រ៉ា	29
ឞឋប់	29
សៈ	29
អ៊ី	29
អ៊ីងហ៍	29
កាអ៊ីន	28
ឃុយ	28
ឋាំ	28
យ៉ង	28
លញ៉ៈ	28
វ៉ន់ វ៉ៃ	28
វ៉ិ វ៉គ់	28
ឝ្ល៉ះ	28
ស៊ីឡះ	28
ក្រុម	27
ឋេះ	27
ប៉ក់	27
ពប្លង់	27
ពពិ	27
ពអ៊ែងម៍ លែង	27
រ៉ាក់	27
លឞ៊ូគ	27
សេះ	27
អ្មង	27
កាល	26
គែងៗ	26
ឈ្រើយ	26
តកយ	26
តាល់	26
ប៉ិ	26
បេនយ៉ាមីន	26
ប្ល៉ិច	26
ម្យ៉ះហ៍	26
យ៉ៈ	26
រ៉ាស	26
ឝ្ល៉ា	26
ឞ៊ុយ	26
សាឌូស៊ី	26
ហ៊ីប	26
ហ្នោះ	26
អាន់ទីយ៉ូក	26
អ៊ីស្មាអ៊ែល	26
អេសៃ	26
ច្យាគ	25
ឋ្ងោះ	25
ឌើយ	25
តទិ អ្យ៊ិល	25
បេថ្លេហិម	25
ម៉ៃ	25
លឞេះ	25
លីប	25
ឞឝ៉ំ	25
ស៊ីណៃ	25
ស៊ីមៀន	25
ហតំ	25
ក្លន	24
ក្លេះ	24
ខ្លាំ	24
ងុយ	24
ប៉ាន់	24
ប្ល៉ះ វ៉ះ	24
ផារ៉ាៗ	24
ម៉ាកុះ	24
យូដាន់	24
ឝ្ល៉ាំ	24
ឞឆវ	24
ស្ទេផាន	24
អាកម៍	24
កង	23
កិត គែង	23
គ្លុះ	23
ច្រាន	23
ឆ្យៈម៍	23
ទិះម៍	23
ទុ	23
ប្ល៉ា	23
ផគ	23
ផាប់	23
ពអ៊ីម៍ ឞ្ល៊ីម៍	23
លង៉ៃ	23
ឝិត ឝ៉ៃ	23
ឝ្ល៉ៃ	23
ឞឈែល	23
សេង ប្រេង	23
ហអ៊ិនម៍	23
ហាឝ៉ា	23
អូ	23
អេភេសូ	23
អ្ម្យះ	23
កម្ល៉ៃ	22
ក្លាវ	22
ឌីង	22
ពច្ងាង	22
ពតគ	22
ពម	22
ពអ្មុត	22
ព្លែល	22
ភីគ	22
ឞ៊ុង	22
ឞោះ ត្រោះ	22
សារ៉ាយ	22
សិម	22
កុប	21
ងែ	21
ឆាវ	21
ដះ ឡាំ	21
ដេណារី	21
ណាច	21
តកៃ	21
នីល	21
ប៉ាល	21
ពចះ	21
ពតា	21
ពទុ	21
ពទ្រុន	21
សាម៉ារី	21
សូត	21
សោះ	21
គ្លែប	20
ឆ្យះ	20
ដះ	20
ឋ្ងាំង	20
ទ្រើយ	20
ភីលេម៉ូន	20
ឞ្រាស	20
សាលី	20
ហ៊ីនម៍	20
ហ៊ីនម៍ ហ្រ៊ើយ្គ	20
ហេត	20
ហ្រ	20
កិ	19
ក្វៃ	19
ជែម	19
ឌង	19
តិ	19
ត្វេល	19
បុក	19
ផាគ	19
ពអ្មុ	19
រ៉	19
រយ	19
រូបេន	19
វ៉ក់	19
វ៉ាល់	19
វ៉ិច	19
ឞឝ៉ាន់	19
សាការី	19
ស៊ីដូន	19
ហម្ង៉ាច	19
ច្រវ	18
ដំ	18
ឋ្រង	18
ណាខូ	18
ទូល	18
ប្លង់	18
សាឡូម៉ូន	18
សេសារ៉ា	18
ហូកម៍ ឞ្លូកម៍	18
អាមែន	18
អ៊ីម៍ ឞ្ល៊ីម៍	18
កអ៊ូគម៍ កអ្វាន់ម៍	17
ក្នាប	17
ង៉ត ហនីង	17
តាគ	17
ថាន	17
ទីរ៉ុះ	17
ប្យៈ	17
ពឌិះ	17
ពហ្រូប	17
ព្លុយ	17
ភេស្ទុះ	17
រ៉ង	17
ឝ៉យ	17
សិត ម៉ិត	17
ស៊ែវម៍ ឝ្ញែវ	17
ហ៊ែក	17
អាគ្រីប៉ា	17
អាស៊ី	17
អូត	17
អូនេស៊ីម	17
អ្មុក	17
កាពើណឹម	16
ក្លាគ	16
គូ	16
ចវ៉ាក់	16
ដាម៉ះ	16
ណ	16
ប្ល៉ាគ	16
ពចេះ	16
ពសូល	16
ម៉ាណាសេ	16
ម៉ាន	16
លង៉ាន់	16
លើយៗ	16
វ៉ាល	16
វ៉ិច វ៉ល់	16
ឝ៉ប	16
ឞ្ង៊ុ	16
ឞ្លវ	16
សេបេដេ	16
សេឡា	16
ហាកៃ	16
ហ្មាវ	16
ហ្យ៊ុប	16
អាម៉ូរី	16
អ៊ុត	16
កាល់	15
កាស	15
កូម៉ូរ៉ា	15
ង៉ាក	15
ងុយ ង៉ត	15
ឆប	15
ជើ	15
ឈីគ	15
តាម៉ាល	15
ទ្រុក	15
ប៉ន់	15
ប៉ាដាន់ អ៊ើរ៉ាម	15
បារ៉ាបះ	15
ពផា	15
ភេលិច	15
ម៉ាសេដូន	15
រ៉ត់	15
ឞេះ	15
ឞ្វាត់	15
ស៊ីឝែម	15
អិត	15
អ៊ើគ	15
អេឞ្រាអិម	15
កម្ល៉	14
កម្ល៉ាគ	14
កូស៊ែន	14
ក្មង់	14
គើ	14
ឆាល	14
ឋ្វៈ	14
ឋ្វាប៉ាន់	14
ឍុតៗ	14
ធង	14
នុ	14
បិ	14
ប៉ូទីផា	14
បេតអ៊ែល	14
ពអ្និញ	14
ព្លុត	14
យ៉ុបប៉េ	14
យេត្រូ	14
ឝឍ្រិះ	14
ឝ្ល៉ៃ ឝ្ល៉	14
ឞ្ល៊ុន	14
ហ៊ឺប	14
ហ្រា	14
ឡា	14
អំម៍	14
អាខា	14
អាណានៀស	14
អេលីសាប៊ែត	14
អ្នាន់	14
អ្យ៊ឺម	14
កដង់	13
កតាក់	13
កូនេលៀស	13
ក្នប់	13
ក្លាប់	13
គង	13
គីឡូ	13
ឋត់	13
តតាល់	13
ត្រៈ	13
ប្ន៉ះ	13
ពកង់	13
ពម៉ិម	13
ពហក់	13
ពឡាវ	13
ពអ្យឹ	13
ពេរេះ	13
ពែត	13
លញ៉ាវ	13
ឝ៉ក់	13
ឞៈ	13
ឞឍិះ	13
ឞឞ្យៈ	13
ឞ្ល៊ុះ	13
ឞ្លៃ	13
ស៊ីយ៉ូន	13
ហូកម៍	13
អាច្យាំងម៍	13
អ្ញិ	13
ខាន់	12
ខឿង	12
ង៉ល់	12
ចោះ	12
ឋា	12
ណា	12
តាញ់ៗ	12
ថេរ៉ា	12
ប៊ីលហា	12
បេលសេប៊ូល	12
ពខំម៍	12
ពអ៊ីម៍	12
ពូល	12
ម្ង៉ាគ	12
ម្រញ	12
យ៉ាភែត	12
ឝឋ្រង់	12
ឝ្ល៉េះ ឝ្ល៉ាល់	12
ឞឋាំ	12
ឞឋ្រ	12
ឞឝ៉គ	12
ឞេល	12
ស៊ីរី	12
សូរ៉ូបាបិល	12
ស្នូត	12
ហ្និច	12
ឡាប់	12
ឡាមេក	12
អាម៉ាឡេក	12
អេបិល	12
អ្យាល់	12
កួប	11
កេ	11
ក្នាំ	11
ក្រ	11
ក្លិប	11
ខារ៉ាន	11
ខិមម៍	11
ចាំង	11
ឆ	11
ឋ្វាំម៍	11
ឌើច ដាច	11
តកៈ	11
ថេសាឡូនិក	11
ធូ	11
នីហ៍	11
ពគី	11
ពផល	11
ពស៊ើយ	11
ពុន	11
យ៉ូស្វេ	11
យ៉ៃរ៉ុះ	11
រ៉វ	11
លន	11
ឝ	11
ឞ្ងត់ ឞ្ងាញ	11
ឞ្ងា	11
ឞ្រាល	11
ឞ្លះ	11
ស៊ុ	11
សេត	11
ហាំម៍	11
ហាស	11
ហ្នង់	11
ឡំ	11
ឡប់	11
ឡេះ	11
អូប៊ែត	11
អេឞ្រាតា	11
អ្មយ	11
អ្មស	11
អ្យគ	11
កដាប	10
កឌែង	10
កតប	10
កុំ	10
កោះ	10
ក្យាំង	10
ក្រង់	10
ក្លះ	10
ក្លាច	10
ខ្នាល	10
គីប្រ៉ុះ	10
ចំ	10
ចាំ	10
ចេះ	10
ណំហ៍	10
តាស៊ិះ	10
ទុល	10
ធុង	10
ប្លូម	10
ពស៊ិល	10
ពអ្យៈ	10
ម៉ត់	10
ម៉ាដាឡា	10
ម៉ាឌៀន	10
មឺន	10
យេសេ	10
លិងហ៍	10
លុច	10
វ៉ាន់ម៍	10
ឝ៉ាន	10
ឝ្ង៉ំ	10
ឞឞ៊ុះ	10
ឞឞ្ល៊ិ	10
ឞ្យា	10
សគ់	10
សង់	10
សាប់យូឡូន	10
ស្វៈ	10
ហនីង	10
ហាវម៍	10
ហេណុក	10
ហេប៊ើ	10
ហ្ងាគ	10
ហ្យាមម៍ៗ	10
អ៊ុះ	10
អូក	10
អេឌែន	10
អ្មាង	10
អ្មូញ	10
កូរ៉ានតូ	9
កេរ៉ា	9
កៃណាន	9
ក្នៈ	9
ខំម៍ៗ	9
គែវ	9
គ្លិ	9
គ្លុង	9
ងីត	9
ចៀង	9
ច្វះ	9
ច្វៈ	9
ឋោះ	9
ឋ្រៈ	9
ឌីអាន	9
ឍូង ហ៊ូង	9
ទង	9
ទមម៍	9
ទមម៍ តិចម៍	9
ប៉យ	9
ប្ល៉ោះ	9
ផាលេក	9
ពញ៉ៈ	9
ពឌិក	9
ពទ្រុត	9
ពប៉ោះ	9
ពសះ ពស៊ិល	9
ពិង	9
ព្លីវ	9
ភីលីស្ទីន	9
ម៉ន	9
មអ៊ែវ	9
ម៉ាត់	9
ម៉ាមរេ	9
មែង	9
រ៉ាក់ រែម	9
រ៉ាប៊ី	9
លកា	9
ឝែត	9
ឝ៉ោះ	9
ឝ្លិះ	9
ឞឆោះ	9
ឞាន់	9
ឞ្ងត់	9
សញ់ជៀត	9
សាប	9
សាលធៀល	9
ស៊ីលផា	9
ហេស្រុន	9
អន់ឋ្រេ	9
អាប៊ីប	9
អាំម៍	9
អាឡិត	9
អូមែ	9
អ្ញាញ	9
កជុះ	8
កតល់	8
កត្វៈ	8
កបះ	8
កៃញ៉ាន	8
ក្មះ	8
គ្លីន	8
ឃូ	8
ចះ ចាប	8
ចង់	8
ចេរូប៊ីម	8
ច្រគ	8
ឆោះ	8
ដាន់	8
ឋៈ	8
ឋឝូគ	8
ឋាឞោះ	8
ត្រាង	8
ទ្ងិល	8
នែបថាលី	8
បាត់	8
បេតសៃដា	8
ប៊ែតថានី	8
ប្វ៉	8
ផាង	8
ពកទិ	8
ពង	8
ពចង់	8
ពប្រ៉ះ	8
ពស	8
ពហអប់ម៍	8
ពូះ	8
ម៉ាណា	8
ម៉ារ៉ា	8
យេប៊ុះ	8
ឝឈើ	8
ឝ្និតៗ	8
ឝ្លីវ	8
ឞ	8
ឞង់	8
ឞឝ្លុង	8
ឞ្រាល ង៉ាល	8
ឞ្លាង	8
ឞ្លេស	8
សាប់	8
ស៊ឺប ស្វន់	8
ហះម៍	8
ហលិះ	8
ហេរូដៀ	8
ហេវី	8
ហ្ងគ់	8
ឡាសា	8
អួត អាងម៍	8
អ៊ើប៉ាសាត	8
អេណុះ	8
អេវ៉ា	8
អ្ញ៊ែត	8
កំ	7
កតវ	7
កូឡូស	7
ក្លប់	7
ក្វះ	7
ខាង	7
គីរេន	7
គីលីគៀ	7
គេរ៉ាស៊ីន	7
ចៈ ក្លា	7
ឆ្យាំងម៍	7
ឆ្វាង	7
ដង	7
ដាល់	7
ឋឋាំង	7
ឋឍុ	7
ឍុល	7
ណាសូន	7
ណ្វា	7
តាន	7
តាល់ បាល់	7
ត្រៈៗ	7
ទត	7
ទិ	7
ទិត	7
ទិម	7
ទ្រែង	7
ប៉ិន ភូងៗ	7
បេរ៉ា	7
ប្រ៉ះ	7
ប្រ៉ង់ៗ	7
ពកប៉ៈ	7
ពតិ	7
ពប៊ែល	7
ពសះ	7
ពេន	7
ពេរិស៊ីត	7
មធូសាឡា	7
ម៉ាលេលៀល	7
យ៉ារេត	7
លញុះ	7
លវ៉ាង លវ៉េះ	7
លេកហ៍	7
ឝ៉គ់	7
ឝឝ៉គ	7
ឞឍូង	7
ឞលុះ	7
ឞិ	7
ឞ្ល៊ីម៍	7
សំ	7
ស្វាង	7
ហដង់	7
ហអ្ម៊ែក ឍ្ងែក	7
ហារ៉ាន	7
ហូសាណា	7
ហ្យល់	7
ឡះ	7
អាមីណាដាប់	7
អាឡះ	7
អ៊ីកូនៀម	7
អេស៊ើ	7
អេឡូន	7
អ្និតៗ	7
អ្វាត់ម៍	7
កឌល	6
កតាង កទិត	6
កយ	6
កអ្ញាំង	6
កអ្មក់	6
កាត	6
កិក	6
ក្នាល់	6
ក្រេត	6
ក្លគ់	6
ចាំង ម៉ាំង	6
ដក់	6
ដាឡាន់	6
ឋ្រៈៗ	6
តង	6
តទិ	6
តហ៊ែក	6
តេប៊ីថា	6
ត្រះ	6
ត្រាំ	6
ត្រូអះ	6
ទីត	6
ទែង	6
នើយ	6
បាប៊ីឡូន	6
បាល់	6
ប្ល៊ីត	6
ពកាស	6
ពជែល	6
ពព្លិះ	6
ពអ្ន៊ើក	6
ព្រេង	6
មហាវ	6
ម៉ាថា	6
ម៉ាន់ឋ្រាឝ៉ូ	6
ម៉ិត	6
មួក	6
មែត	6
យេរីខូ	6
យេរេមៀ	6
យេសួ	6
រេហ៊ូ	6
លបង	6
លម៉ន់	6
លវ៉ា	6
លីស្ត្រា	6
វ៉ិ	6
ឝ៉ច់	6
ឝ៉ល់	6
ឝ៉ា	6
ឝិត	6
ឝុយ	6
ឝ្ន៉ាំង	6
ឝ្ល៉េះ	6
ឞឋល់	6
ឞល	6
ឞឞ៊ិះ	6
ឞិន	6
ឞ្រា	6
សាខេ	6
សាំយូអ៊ែល	6
សាល់ម៉ូន	6
សាលា	6
សេគែល	6
សេរូក	6
ហឡវ	6
ហអ្ម៊ែក	6
ហ៊ូះម៍	6
អះណាត់	6
អត់	6
អប់ម៍ អនម៍	6
អាគីឡា	6
អាធែន	6
អាសេរ៉ា	6
អ៊ីតាលី	6
អ៊ីសាខា	6
អ៊ីស្ការីយ៉ុត	6
អ៊ើរ៉ាម	6
អេឌុំ	6
អេម៉ុះ	6
អ៊ែក	6
អ្ញៈ	6
អ្យូល	6
អ្យៀង	6
កគ	5
កង់	5
កត្រវ	5
កល់	5
កាល កៃគ	5
ខ្យះម៍	5
ខ្វិក	5
គុះ	5
គេនេសារែត	5
ជង	5
ឈ្ងុះ	5
ញ៉ាវ	5
ដះគើយៗ	5
ដាប់	5
ដេកាប៉ូល	5
ដេល	5
ឋាច	5
ឋាម៍	5
ឋ្ងម	5
ឌិតៗ	5
ឌីណា	5
ឌើបេ	5
ឍ្រិត	5
តុក	5
ត្រា	5
ថះ	5
ថ្រក់ ធ្រម	5
ទិកៗ	5
ទើង	5
ទើសុះ	5
ប៉ាំង	5
បាបិល	5
បេធូអ៊ែល	5
បេឡា	5
ប្ល៉ង់	5
ផិច ភែង	5
ពកះ	5
ពកមម៍	5
ពដាវ	5
ពន	5
ពប្ល៉ង់	5
ពហ្វាចម៍	5
ពអ៊ែងម៍	5
ពអ្យឹ ពសាវ	5
ពី	5
ព្រីគៀ	5
ព្រីស៊ីល	5
ម៉ាលន	5
ម៉ិម	5
មីលកា	5
មីលេត	5
មេលីត	5
យ៉បហ៍	5
យ៉ាសុន	5
យ៉ូដា	5
យ៉ូសាដៈ	5
រ៉ំ	5
រ៉ត	5
រន រ៉ាន	5
រ៉ាមសេះ	5
លពិះ	5
លវ៉ាន់ម៍	5
លឞ៊ុយ	5
លហ៊ូតម៍	5
វែល	5
ឝ៉ំ	5
ឝអ្យៈម៍	5
ឝ៉ាឋារ៉ា	5
ឝ្ល៉ិក ឝ្ល៉ក់	5
ឞឆាបម៍	5
ឞឝ៉ាង	5
ឞាក់	5
ឞ៊ុច	5
ឞ្លូកម៍	5
ស៊ូកូត	5
សូអា	5
ស៊ើយ	5
សេផូរ៉ា	5
សេយុះ	5
ស៊ែន	5
ស្វា	5
ហកាត	5
ហញ៉ះ	5
ហាវីឡា	5
ហិងម៍	5
ហ៊ីវ	5
ហូរែប	5
ហេឞ្រុន	5
ហ្រាល់	5
ហ្លយ	5
អយម៍	5
អាខៃ	5
អាល់ផៃ	5
អាឡិកសាន់ត្រុះ	5
អូណាន់	5
អូប៉ា	5
អួន	5
អេលី	5
អ្ញ៊ុក	5
អ្ម៊ូស	5
អ្យ៊ុះ	5
កះ	4
កក្វិញ	4
កចន	4
កទិ	4
កប្រ៉ះ កប្រ៉ា	4
កពិល	4
កសល់	4
កាំ	4
កាលីយ៉ូ	4
កាឡាទី	4
កូរ៉ាស៊ីន	4
កេហាត់	4
កៃផា	4
ក្ងាសៗ	4
ក្មេះ	4
ក្លឹ	4
ខាល់ដេ	4
គលី	4
គីលីយន	4
គើសំ	4
ឃែន	4
ចាង	4
ចុត	4
ច្យា	4
ច្រាប់	4
ជែវ	4
ដប់	4
ដះមើយៗ	4
ដូដានីម	4
ឌីម ដៈ	4
ឌុត	4
ឍុងម៍	4
ឍុន	4
ណោះ	4
តគ់ ត្រគ់	4
តល	4
តាងវ៉ាង	4
តាំម៍	4
តាល	4
ត្វៈម៍	4
ថឹ	4
ថូម៉ះ	4
ថៃ	4
ទីក	4
ទីរ៉ានុះ	4
ទូត	4
ទ្រិះ	4
បក់	4
បាថូឡូមេ	4
ប៊ឹះ	4
បូគ	4
បេរេនិះ	4
ប៊ែលៗ	4
ប្យ៉ានម៍	4
ប្រំ	4
ប្រ៉ាប់ ព្រែ	4
ប្រិច	4
ប្លាសម៍	4
ប្លិ	4
ប្ល៊ុង	4
ប្ល៉េះ	4
ពកតិ	4
ពដ្វិ	4
ពឌេង	4
ពតះ	4
ពត្រៈ	4
ពហ្ងគ់	4
ពហ្ម៊ិ	4
ពអប់ម៍	4
ពអ្ញាំ	4
ពីស៊ីឌៀ	4
ព្យូត	4
ព្លេនៗ	4
ភេនិះ	4
ម៉ង	4
ម៉ាក់ពេឡា	4
ម៉ាត់ថាត់	4
ម៉ាតាធៀស	4
មិះ	4
ម៉ិលគី	4
ម៉ិលគី សាឌែក	4
ម៉ៃសៈ	4
ម្រ៉ៃ	4
យ៉	4
យ៉ាបាល	4
រ៉ះ	4
រុះ	4
រូ	4
រូស	4
រេហួល	4
រែម	4
លម៉ង់	4
លឞៃ	4
លហាស	4
លីដា	4
វ៉ាន់	4
វិង	4
ឝឆាល់	4
ឝល	4
ឝែតសេម៉ានី	4
ឝ្នប	4
ឝ្រ៉ាម	4
ឝ្ល៉	4
ឝ្ល៉ាំង	4
ឝ្វែង	4
ឞឍុល	4
ឞម្ល៉វ	4
ឞវិះ	4
ឞឝ្វ៉ាន់	4
ឞ្នះ	4
ឞ្រ៊ីង ឞ្រូង	4
ឞ្រ៊ូ ឞ្រា	4
ឞ្រ៊ែ	4
សាក់	4
សាបាច់ថានី	4
សាំម៍	4
ស៊ីនើ	4
សៀ	4
សៅរ៍	4
ហក់	4
ហតៃ	4
ហារ៉ោះ	4
ហ៊ែ	4
ហ្លម	4
ឡ	4
ឡក់ហ៍	4
ឡយ	4
ឡាម៉ា	4
អាប៉ូឡុះ	4
អាបៀធើ	4
អារ៉ាម	4
អាស៊ើ	4
អាឡិក សានទ្រៀ	4
អិចម៍	4
អ៊ើរីស្តៈ	4
អេធីយ៉ូពី	4
អេផា	4
អេលៀគីម	4
អេឞ្រុន	4
អេឡាំ	4
អ្ញាំ ពតាំ	4
អ្រល់	4
អ្វះ	4
កតាល	3
កទប	3
កបះ កបូច	3
កប៊ែង	3
កម្ង៉ាវ	3
កអគ	3
កអ៊ូគម៍	3
កាមម៍	3
កាសា	3
កូរ៉ា	3
កេស៊ីតា	3
ក្រ ក្រិច	3
ក្វាម៍	3
ខង	3
ខាន	3
ខ្លូឌៀស	3
គីទីម	3
គើស៊ុន	3
ឃិមម៍	3
ឃឺ	3
ងុក	3
ច្វៈ ច្វេ	3
ច្វា	3
ឆប់	3
ជក	3
ជី	3
ឈ្ងុំ	3
ញ៉ាម	3
ដារីយុះ	3
ដិល ដល់	3
ដេបូរ៉ា	3
ដេមេទ្រៀស	3
ឋឝ្ង៉ំ	3
ឋាង	3
ឋិច	3
ឋ្ងាញ	3
ឌើកះ	3
ឍ	3
ឍុង	3
ណាដាប	3
ណាថាន់	3
ណេះ	3
ណេកិប	3
តាំង និងហ៍	3
ត្រូភីម	3
ថាដេ	3
ថេវភីល	3
ទើទូលុះ	3
ធីត	3
ធីមណា	3
នីមរ៉ូត	3
នុក	3
បាត	3
ប៉ាស	3
ប៊ុន	3
ប៉ូលិះ	3
បេតផាសេ	3
ប៊ែល	3
ប្យ៉ាប	3
ប្លាំង	3
ផល	3
ពកុប	3
ពក្នាប តាប	3
ពច្ងាវ	3
ពជុត	3
ពឌុង	3
ពតិម	3
ពប៉ង	3
ពហ្រ៊ិ	3
ពហ្វ៊ិម៍	3
ពឡំ	3
ពអ្ម្យៈ	3
ពើកា	3
ភេនិច	3
មងហ៍	3
ម៉ាញ	3
ម៉ាត់ធៀស	3
ម៉ារ៉ាម	3
មេរ៉ារី	3
ម្វ៉ាហ៍	3
យ៉ម	3
យ៉ាល់ហ៍	3
យ៉ុកថាន	3
យុន	3
យ៉ូថាម	3
យូលៀស	3
យ៉ូសេ	3
យេកូនៀស	3
រ៉ច	3
រ៉ាម៉ា	3
រីគ	3
រេភីឌីម	3
រែក	3
លប៉ាវ	3
លអ្យិត	3
លីឌៀ	3
លុក ឡម	3
លុង	3
លូស	3
វ៉ត់ ឋះ	3
វ៉ល់	3
ឝឋវ	3
ឝឋ្រាប	3
ឝឞន់	3
ឝឞាល	3
ឝ៉ាំ	3
ឝ៉ាំង ឝ៉	3
ឝ៉ាល	3
ឝិម	3
ឝ្ងើគ	3
ឝ្ន៉ង់	3
ឝ្ន៉ាប	3
ឝ្រិ	3
ឝ្ល៉ងៗ	3
ឝ្វ៉ាង	3
ឝ្វ៉ាម៍	3
ឞវ៉ិច ឞវ៉ល់	3
ឞឝ៉ាប	3
ឞឝីង	3
ឞឞ៝	3
ឞឞូម	3
ឞឡំ	3
ឞ៊ែល	3
ឞៃ	3
ឞ្រប់	3
ស៊ិង	3
ស៊ីឌីម	3
ស៊ីន	3
ស៊ីឡា	3
ស៊ីឡូ	3
សុង	3
សូក	3
ស៊ូប	3
សេបូម	3
សេរ៉ះ	3
ហគ	3
ហង់	3
ហងម៍ ឋាំង	3
ហវីង	3
ហាង ហ៊ីក	3
ហាម៉វ	3
ហ៊ើ	3
ហ៊ើម៉េះ	3
ហ្ងាប់	3
ហ្នា	3
ហ្រ៊ុប	3
ឡាំងហ៍	3
ឡិង	3
អាក	3
អាដា	3
អាឌូឡាម	3
អាណ	3
អាត់ម៉ា	3
អាប៊ីយ៉ា	3
អាប៊ីហ៊ូ	3
អាម៍	3
អាម៉ូន	3
អារ៉ង់ អារ៉ត	3
អាំរ៉ាម	3
អាល	3
អាស៊ូ	3
អូន	3
អ៊ើប្រ៉ាត	3
អ៊ើរីយ៉ុះ	3
អេណុក	3
អេនៀស	3
អេរ៉ាស្ទុះ	3
អេលីម	3
អេលីសា	3
អេលីសេ	3
អេលីអេស៊ើ	3
អេហះ	3
អ៊ែបម៍ ឡាំងហ៍	3
អ្ញាត់	3
អ្ញ្វ៊ែង	3
អ្មញ	3
អ្វាត់ម៍ ឡេះ	3
កង ដក់	2
កជែ	2
កឌង	2
កតង់	2
កទែប កទែវ	2
កន់ដៀង	2
កប៉ាល	2
កប្រ៉ោះ	2
កះលូហ៊ីម	2
កាដេះ	2
កាត់	2
កាព្រីយែល	2
កាម៉ាលៀល	2
ការ	2
កាឡះ	2
កាឡាត	2
កិទូរ៉ា	2
កូមើ	2
កូយីម	2
កូសាម	2
កេងគ្រៀ	2
កៃយុះ	2
កោ៎ះ	2
ក្ងះ	2
ក្មៃ	2
ក្លាគម៍	2
ក្លាំម៍ ឞ្រ៊ើយ	2
ខត់	2
ខ្លុយ	2
គូម៍	2
គើកាស៊ី	2
គើមី	2
គ្លង គស	2
ឃុល	2
ង៉ា	2
ង៉ិច	2
ចង	2
ចាប់	2
ចាល់	2
ចៃ	2
ច្យាវ	2
ច្រាក់	2
ឆង	2
ឆម	2
ឆ្ងាវ	2
ឈុ	2
ឈែក	2
ឈែល ឡិក	2
ញ៉ៈ ញ៉ាន់	2
ញ៉ាក់	2
ញ៉ាក់ ញ៉ាវ	2
ញុ	2
ដាក់	2
ដិ	2
ដូថាន់	2
ដេម៉ះ	2
ឋ្វិ	2
ឌី	2
ឌុង	2
ឌូត	2
ឌើល	2
ឍុប	2
ណាកៃ	2
ណាម៉ាន	2
ណាហ៊ុម	2
តំ តិ	2
តៈ ទិត	2
តឋាងម៍	2
តាសៗ	2
ត្រំ	2
ត្វះ	2
ត្វិក	2
ថាំឡៃ	2
ថិល	2
ទិន	2
ទីឃីកុះ	2
ទែវ	2
ធីដាល	2
ធុក ញ៉ាក	2
នត	2
នេរី	2
នែឞថាលី	2
ប៉ា	2
បា យេស៊ូ	2
ប៉ាច	2
បាទីមេ	2
ប៉ាប់	2
ប៉ាផុះ	2
បាល សេផុន	2
ប៉ាលូ	2
បាសាបះ	2
ប៉ុនតុះ	2
ប៉ុនទើ	2
បេន អាមី	2
បេរៀ	2
ប្រ៉ង់ ព្រិន	2
ប្រ៉ាន	2
ផ្យាង	2
ពខំម៍ ឞឝ៉គ	2
ពឌប	2
ពតេះ	2
ពប្លិ	2
ពប្ល៊ើល	2
ពផិច	2
ពភុន	2
ពយ	2
ពលប	2
ពឝ្រ៉ង់	2
ពឞ្ល៊ិ	2
ពស៊ិត	2
ពហ្លម	2
ពឡំ ពឡយ	2
ពីក	2
ពីហា ហ៊ីរ៉ុត	2
ពុក	2
ពូព្លៀស	2
ពេនីអ៊ែល	2
ពែល	2
ព្លេត	2
ព្លេន	2
ភីគុល	2
ភូ	2
មទូស៊ែល	2
មនៀសុន	2
មហ៊ូយែល	2
ម៉ាគៀ	2
ម៉ាណាអេន	2
ម៉ាតាថា	2
ម៉ាថាន	2
ម៉ាហាឡាត់	2
ម៉ាឡាគី	2
ម៉ាអាត	2
ម៉ិច	2
មីន	2
មីសៀ	2
មុន	2
ម៉ូរេ	2
មេលៀ	2
ម៉ៃណាន	2
ម្ន៉េះ	2
ម្នែក	2
ម្វ៉ាន់ហ៍	2
យ៉ះហ៍	2
យ៉ាគហ៍	2
យ៉ាគិន	2
យ៉ាណៃ	2
យ៉ាមីន	2
យ៉ាវ៉ាន	2
យីតសា	2
យុកិបិត	2
យ៉ូណាន	2
យ៉ូប	2
យូបាល	2
យ៉ូរ៉ាម	2
យ៉ូរិម	2
យ៉ូសិក	2
យ៉ូសៀស	2
យូស្ទុះ	2
យ៉ូអាណាន់	2
យ៉ូអាន់	2
យេមូអ៊ែល	2
យេហូវ៉ា នីស៊ី	2
យេហូសាផាត	2
រ៉ម	2
រយ រ៉ាម	2
រ៉ាម	2
រុត	2
រូដុះ	2
រូភុះ	2
រេភែម	2
រេសា	2
រេស៊ែន	2
រេហូបម	2
រែវ	2
លង៉ាន់ ត្រេះ	2
លញ៉ាំ	2
លលិម	2
លវែន លវ៉	2
លឡិន	2
លអា	2
លូកានៀ	2
លូគៀស	2
លូសៀ	2
លៀន	2
វ៉ា	2
វ៉ាត	2
ឝ៉ង	2
ឝឞ្លច	2
ឝីង	2
ឝ៉ូលឝ៉ូថា	2
ឝ្ង៉ាង	2
ឝ្និត ឝណ្វា	2
ឝ្លង	2
ឝ្លិប	2
ឝ្វ៉ាត់	2
ឞង	2
ឞឆា	2
ឞញុំ	2
ឞឋាំង	2
ឞឍីត	2
ឞម្យ៉ៈ ឞម្យែង	2
ឞវិះ ឞវ៉ាំង	2
ឞឞង	2
ឞឞិន	2
ឞឞូគ	2
ឞហាច	2
ឞ៊ិត	2
ឞ៊ីង	2
ឞ៊ីន	2
ឞឹក	2
ឞូង ឞុ	2
ឞ្ងាង ចាំ	2
ឞ្រ៊េង	2
ឞ្លច	2
ឞ្លា	2
ឞ្ល៊ិះ	2
សាដុក	2
សាត	2
សាភីរ៉ា	2
សាវេ	2
សាឡូមេ	2
សិញ ង៉ិញ	2
ស៊ុក	2
សុត	2
សុន	2
សូម	2
សូហា	2
ស៊ូអា	2
ស៊ើ	2
សេបា	2
សេផា	2
សេមី	2
ស៊ែក	2
សែង	2
ស្កេវ៉ា	2
ស្ទអ៊ីក	2
ស្វាសម៍	2
ស្វេះ ឡ្វេះ	2
ហៈ ហវ	2
ហគ់	2
ហយុះ	2
ហឞ៊ិត	2
ហាក	2
ហាកម៍	2
ហ៊ីរ៉ា	2
ហ៊ីស៊ុប	2
ហូយ	2
ហេ ប៉េ	2
ហេលី	2
ហេលេន	2
ហ៊ែគ ហគ	2
ហ្ងាំ	2
ហ្ងេះ	2
ហ្នក់	2
ហ្យៈម៍	2
ហ្រ៊ីប	2
ហ្រ៊ែក	2
ហ្លូគ	2
ឡង	2
ឡង់	2
ឡ្វាង	2
អាកាបុះ	2
អាតឌី	2
អាថាត់	2
អានី	2
អានើ	2
អាប់ប៉ា	2
អាប៊ីយុត	2
អាមីថាយ	2
អារ៉ាត់	2
អាំរ៉ាភែល	2
អារីម៉ាថេ	2
អាសុះ	2
អ៊ីរ៉ាត	2
អូមម៍	2
អ៊ូសៀល	2
អូសៀស	2
អូហាត់	2
អ៊ើទីកុះ	2
អ៊ើយ៉ុក	2
អ៊ើរ៉ា គីឡូន	2
អ៊ើរ៉ាមេ	2
អេគីម	2
អេះគុល	2
អេន មិះផាត	2
អេនែម	2
អេពីគួ	2
អេះលី	2
អេលី អេស៊ើ	2
អេលីយុត	2
អេលៀសា	2
អេសា	2
អេសូ	2
អេសេកៀស	2
អេឡាសា	2
អ៊ែលម៉ូដាម	2
អៃ	2
អ្ញិៗ	2
អ្ញិប	2
អ្ញុត អ្ញូ	2
អ្មូត	2
អ្យា ហឹ	2
អ្យាប់	2
អ្វៈម៍	2
១ទីម៉ូ	1
khsv	1
កកវ	1
កដល់ វ៉ល់	1
កដាង	1
កឌីត	1
កតាងៗ	1
កប្ល៉ង់	1
កឞាល	1
កឞ្លត់	1
កអមម៍	1
កាង	1
កាត់ ម៉ូនី	1
កានដេះ	1
កាប ថូរីម	1
កាប៉ា ដូគៀ	1
កាលនេ	1
កាហាំម៍	1
កិច	1
កិញ	1
កុះ	1
កុង	1
កុំរូ	1
កេធើ	1
កេនិស៊ីត	1
កេម៉ូអ៊ែល	1
កេស៊ើប	1
កេស៊ែត	1
ក្នៗ	1
ក្នាបៗ	1
ក្រុមៗ	1
ក្រេះ	1
ក្លិងម៍	1
ក្លូដេ	1
ក្វាង	1
ក្វិ	1
ខាងត្បូង	1
ខ្នាគ	1
ខ្នាល់	1
ខ្លូឌៀស លូសៀ	1
គីរេនៀស	1
គីស	1
គីហុន	1
គីឡា	1
គូនី	1
គៀយ៉ាធែម	1
គែ	1
គែត	1
គែន	1
គ្ងីតៗ	1
គ្នីដុះ	1
គ្នុន	1
គ្នែង	1
គ្រិះប៉ុះ	1
គ្រីស្ទៀន	1
គ្លក	1
គ្លច	1
គ្លិងម៍ គ្លុងម៍	1
គ្លុំ	1
គ្លែង កិត	1
គ្វែង	1
គ្វែន	1
គ្វែវ	1
ឃីយ៉ុះ	1
ឃូសា	1
ឃើក	1
ឃ្លូ	1
ង៉ន	1
ងុយ ង៉ល់	1
ងុល	1
ចាល់ វ៉ាល់	1
ចូះ	1
ច្យាងម៍	1
ច្យាម៍	1
ច្រៈ ច្រំ	1
ច្វាម៍	1
ឆន	1
ឆិន	1
ឆ្រ	1
ជុក ជូ	1
ឈិះ	1
ដត់	1
ដាគ	1
ដាច	1
ដានីយែល	1
ដាប់ ដៃគ	1
ដាម៉ារិះ	1
ដាល	1
ដាលម៉ានូថា	1
ដាស ដង	1
ដេះ	1
ដេកាពល	1
ដេដាន់	1
ឋឋ្រៈ	1
ឋឍើយៗ	1
ឋមូ	1
ឋាងម៍	1
ឋាប់ម៍	1
ឋាម៍ៗ	1
ឋ្រះ ណះ	1
ឋ្រាំងម៍	1
ឋ្រាស	1
ឌីកឡា	1
ឌូ	1
ឌេវនិះ	1
ឌែក	1
ឍិង	1
ឍិងម៍ ងីតហ៍	1
ឍិល ឍុល	1
ឍីត	1
ឍីល	1
ឍូ	1
ឍ្ងូម	1
ណាប ធូហ៊ីម	1
ណាអាម៉ា	1
ណាអ៊ីន	1
ណិ	1
ណៃ	1
ណោះហ៍	1
ណ្វាល់ហ៍	1
តំ	1
តគុយ	1
តគេ	1
តតគ់	1
តះម៍	1
តាក់ ហ៊ីក	1
តាប់	1
តាំម៍ អ្យ៊ិក	1
តិ ណ្វៈ	1
តូកាម៉ា	1
ត្រាខូនីត	1
ត្រិម	1
ត្រេះ	1
ត្រៃ	1
ត្រោះ	1
ត្វាក	1
ថង់	1
ថថៈ	1
ថា លម៉ា	1
ថាៗ	1
ថាហះ	1
ថូឡា	1
ថេបា	1
ទិត ទ្រិត	1
ទីក លីក	1
ទីទីយុះ	1
ទីម៉ូន	1
ទីមេ	1
ទីរ៉ះ	1
ទូបាល	1
ទូបាល កាអ៊ីន	1
ទើ	1
ទ្រប	1
ទ្រយ	1
ទ្រូស៊ីល	1
ទ្រែត ត្រតៗ	1
ធុល	1
ធូ ធែត	1
ធើដះ	1
ធៀទេរ៉ា	1
ធែក	1
នីកានើ	1
នីកូឡះ	1
នីគើ	1
នីងហ៍	1
នីស៊ី	1
នូន	1
នៀប៉ូល	1
នេបាយ៉ូត	1
នេផេក	1
បះម៉ាត	1
ប៉ាដាន់	1
ប៉ាតារ៉ា	1
ប៉ាទ្រូស៊ីម	1
បាប	1
ប៉ាមេណា	1
បារ៉ាគី	1
ប៉ារ៉ាន	1
បារែត	1
ប៉ិន ទូលៗ	1
ប៉ិន អ្មូតៗ	1
ប៊ីធូនៀ	1
ប៊ីសា	1
ប៊ុះ	1
ប៊ុត	1
ប៉ូះ	1
បូង	1
ប៉ូតូ លេមេ	1
ប៉ូទី ផេរ៉ា	1
បេគើ	1
បេដេលៀម	1
បេរី	1
បែតថានី	1
ប្រ៉ច	1
ប្រ៉ាំង	1
ប្រ៊ីត	1
ប្រ៉ូខូរ៉ុះ	1
ប្ល	1
ប្ល៉ះស្ទុះ	1
ប្លូង	1
ប្វ៉ៈ	1
ផ មឹង	1
ផាញូអ៊ែល	1
ផាថុះ	1
ផិន កាន	1
ផ្នង់	1
ផ្នាគ	1
ផ្រវៗ	1
ពកល	1
ពគៀស ភេស្ទុះ	1
ពច្វាល់	1
ពញ៉ាក់	1
ពញុក	1
ពឌង	1
ពតៈ ពទែ	1
ពតគ់	1
ពតៃ	1
ពត្រំ	1
ពប្ល៊ិម៍	1
ពប្លូម	1
ពមអាក	1
ពមុត	1
ពម៉ោះ	1
ពវ៉ាត	1
ពវ៉ាត ដាត	1
ពវិះ	1
ពឝីង	1
ពឝ៉ឹម	1
ពស៊ែតម៍	1
ពហ្យាំងម៍	1
ពឡង	1
ពអ៊ែវម៍	1
ពអ្យៈ ពអ្យង	1
ពអ្យោះ	1
ពិ ប៉ុ	1
ពិសុន	1
ពីគ	1
ពីថំ	1
ពីរុះ	1
ពីលដះ	1
ពូត	1
ពូទី យ៉ូលី	1
ពូធៀល	1
ពូវ៉ា	1
ពូអា	1
ពែង	1
ភីត	1
ភីតៗ	1
ភីនីហះម៍	1
ភីលេ	1
ម៉ះ	1
មចហ៍	1
ម៉ញ់	1
ម៉ះលី	1
មអាកា	1
ម៉ាកាដាន់	1
ម៉ាកុក	1
ម៉ាដៃ	1
ម៉ានហ៍	1
ម៉ាលគៀល	1
ម៉ាសា	1
ម៉ាហានែម	1
ម៉ិក	1
មិះរែម	1
មីកដុល	1
មីទូលេន	1
មីរ៉ា	1
មីសាអ៊ែល	1
មូភីម	1
ម៉ូរីយ៉ា	1
មូស៊ី	1
ម៉ូឡក	1
មេឌី	1
មេរីបា	1
មេសា	1
មេសេត	1
ម្ន៉ង់	1
ម្លើត	1
យ៉ា	1
យ៉ាប៊ុក	1
យ៉ាលៀល	1
យ៉ាសុប	1
យ៉ាសៀល	1
យិះកា	1
យិះវ៉ា	1
យិះវី	1
យីតឡាប	1
យីមណា	1
យីរេ	1
យូឌីត	1
យ៉ូបាប	1
យ៉ូយ៉ាគីន	1
យ៉ូអ៊ែល	1
យេរ៉ា	1
យេស៊ើ	1
រ៉ៈ កៈ	1
រ៉ាហាប់	1
រីផាត	1
រុំ	1
រ៉ូដា	1
រ៉ូដានីម	1
រេគៀម	1
រេមផាន់	1
រេយូម៉ា	1
រ៉េះហ៍	1
រេហូបូត	1
លឈើយ	1
លំផា	1
លម ឡ្វាហ៍	1
លមហ៍ ឡ្វាហ៍	1
លមើ	1
លវ៉ាង	1
លឝ៉ះ	1
លហ៊ុយ ពុយ	1
លហ៊ូត	1
លឡៃ	1
លអ៊ើគ	1
លិង កា	1
លិន	1
លិនហ៍	1
លិបនី	1
លីប៊ី	1
លីសាណៀស	1
លូគៀ	1
លូឌីម	1
លូត	1
លេបេ	1
លេហាប៊ីម	1
វ៉ះ	1
វ៉ល់ វ៉ាង	1
វ៉ាក់	1
វ៉ាត់	1
វ៉ាន់ម៍ វ៉ិម៍	1
វ៉ិញ	1
វែង	1
ឝ៉ៈ ឝ៉ល់	1
ឝឆគ់	1
ឝឍិះ	1
ឝ៉ល់ ប៉ះ	1
ឝឞាក់	1
ឝ៉ាំង ឝ៉ន	1
ឝែម	1
ឝ្ងី	1
ឝ្មុ	1
ឝ្រ៉ាង	1
ឝ្រីង	1
ឝ្ល៉ម៍	1
ឝ្លីត	1
ឝ្លូង	1
ឞគ់ៗ	1
ឞឆ្រាប់	1
ឞឋាល់	1
ឞឌិប	1
ឞឍែម	1
ឞនូគ	1
ឞម៝	1
ឞលុច	1
ឞលេក	1
ឞឝ៉ល់	1
ឞឝ្ល៉ៃគ	1
ឞឞគ់	1
ឞឞាក់	1
ឞឞ្រះ	1
ឞ៊ូសៗ	1
ឞ្នម	1
ឞ្ល៊ិ ឞ្លាង	1
ឞ្លិលៗ	1
សគ	1
សាត់	1
សាប់ តិកា	1
សាប់ណាត់ ផាណា	1
សាប់តា	1
សាបា	1
សាម៉ុះ	1
សាម៉ូត្រះ	1
សារិបតា	1
សារ៉ូន	1
សាលម៉ូន	1
សាឡាមីន	1
សាឡិម	1
ស៊ីគ្រី	1
ស៊ីណាប	1
ស៊ីត	1
ស៊ីតទ្រី	1
ស៊ីនី	1
ស៊ីប្រ៉ា	1
ស៊ីមរ៉ូន	1
ស៊ីម៉ាយ	1
ស៊ីរ៉ាគុះ	1
ស៊ីលិម	1
ស៊ីឡូម	1
ស៊ូនី	1
សូប៉ាត្រុះ	1
ស៊ូលទិះ	1
ស៊ូសាន	1
ស៊ូស៊ីម	1
សូស្ថេន	1
ស៊ើគៀស ប៉ូឡុះ	1
ស៊ើរី	1
សេគុនដុះ	1
សេផុន	1
សេម៉ារីត	1
សេមីប៊ើ	1
សេរ៉ា	1
សេរែក	1
សេលើសៀ	1
សេលែប	1
សេសា ទីប៊ើ	1
សេសា អូឝុះ	1
សៃ	1
សោះៗ	1
ស្វៃម៍	1
ហគី	1
ហនិត	1
ហយីន	1
ហវៗ	1
ហវ៉ល់	1
ហឞវ	1
ហឡក់	1
ហឡិញ	1
ហអនម៍	1
ហអ្ញះ	1
ហអ្យៈ	1
ហាគី	1
ហាដូរ៉ាម	1
ហាម៉ាធីត	1
ហាមុល	1
ហាល៝	1
ហាសាសូន តាម៉ា	1
ហាសូ	1
ហាអេក	1
ហ៊ីដេគែល	1
ហ៊ីមេនៀស	1
ហ៊ីវ យ្វ៉ា	1
ហ៊ុល	1
ហូង ហៃ	1
ហូបា	1
ហ៊ូភីម	1
ហូរី	1
ហ៊ូស៊ីម	1
ហ្ងស	1
ហ្ន៊ុះ	1
ហ្នុង	1
ហ្យក់ម៍ ណាក	1
ហ្យមម៍	1
ហ្យាំងម៍	1
ហ្យាំងម៍ ហ្យនម៍	1
ហ្យ៊ឹមម៍ៗ	1
ហ្យ៊ូះ	1
ហ្យ៊ែងម៍	1
ហ្រះ ដាង	1
ហ្រិក ហ្រក់	1
ហ្រ៊ុបៗ	1
ហ្លង់	1
ហ្លាវ	1
ហ្ល៊ិ	1
ហ្ល៊ូ	1
ហ្វាចម៍	1
ហ្វេវ្គៗ	1
ឡាំ	1
ឡាសេ	1
ឡិ គ្ងែន	1
ឡិច	1
ឡ្វះហ៍	1
អះបេល	1
អះសៀ	1
អាកាត	1
អាកិល ដាម៉ា	1
អាកេណះ	1
អាខេឡោះ	1
អាដាម៉ា	1
អាឌ្រៀ	1
អាណាមីម	1
អាតាលៀ	1
អាតេមិះ	1
អាត្រាមីត	1
អាន់ទី ប៉ាទ្រិះ	1
អាប់ភៀ	1
អាប៊ីលេន	1
អាប៉ុ ឡូនៀ	1
អាំភី ប៉ូលី	1
អាភៀស	1
អាំម៍ៗ	1
អាម្ង៉ាលហ៍	1
អារ៉ាប់	1
អារ៉ារ៉ាត	1
អាសូត	1
អាឡុន បាគូត	1
អ៊ីថាម៉ា	1
អ៊ីទូរេ	1
អ៊ីស	1
អ៊ីសា	1
អូនីក	1
អូបាល	1
អូភៀ	1
អ៊ូរី	1
អូឝុះ	1
អូសាល	1
អ៊ើគី	1
អ៊ើឃីប	1
អ៊ើត	1
អ៊ើរ៉ូត	1
អ៊ើរេលី	1
អ៊ើវ៉ាឌីត	1
អេឌើ	1
អេថាម	1
អេប៉ាប្រ៉ះ	1
អេបិល មីសរែម	1
អេប៊ីមែល	1
អេប៉ូត	1
អេះបូន	1
អេបៀសាប់	1
អេម៉ាញូអ៊ែល	1
អេមីម	1
អេរី	1
អេរេក	1
អេលីម៉ះ	1
អេហ៊ី	1
អ៊ែគម៍	1
អ៊ែល	1
អ៊ែល បេតអ៊ែល	1
អ៊ែល សាផាន	1
អ៊ែល អ៊ែឡូហេ អ៊ីស្រាអ៊ែល	1
អ្ញង	1
អ្ញាំងហ៍	1
អ្ញិក អ្ញក់	1
អ្ញ៊ិត អ្ញ៊ីវ	1
អ្នក	1
អ្និត អ្ន៊ែវ្គ	1
អ្ម៊ើង	1
អ្ម្ល៊ើយ	1
អ្យា ហាង	1
អ្យោះ	1
កតិ	1
កធុង	1
កស៊ូ	1
គំរូ	1
ង៉ាញ	1
ញៀន	1
ញ៉ាន់ហ៍	1
ញ៉ិច	1
ដាយ្គ	1
ដៃ	1
ឋាម	1
ណង	1
តបង	1
ទូរសាប់	1
នាទី	1
ប៊ិច	1
ផគ់	1
ផាវ	1
ពក្លាគ	1
ពញ៉ាត	1
ពភល	1
ពវ៉ិច	1
ពហ្នង់	1
ពឡៃគ	1
ពអ៊ីគម៍	1
ពុះ	1
ភល	1
ម៉េះ	1
ម្ងិញ	1
លវ៉ន់ហ៍	1
លហ៊ីត	1
លុត	1
លូ	1
វិល	1
ឝ្ងិញ	1
ឝ្ងីគ	1
ឝ្ង៉ាវ	1
ឞឆ្ងាវ	1
ឞឈ្នុំ	1
ឞាល	1
ឞ៊ូស	1
ឞ្រ៊ិះ	1
សាញ	1
សាញម៍	1
សាវ	1
សិញម៍	1
សំឌែញ	1
ហង	1
ហង៉ល់	1
ហាវ	1
ហ៊ីត	1
ហ្ល៊ុះ	1
អ្នង់	1
អ្យាម	1