yê	879
kullaha	355
wosun	58
wasan	57
ndî	226
wosu	60
wasa	59
nuro	228
numa	229
nurã	230
nduma	223
du	835
ndurã	225
galin	143
wuna	56
gali	144
woši	55
ndû	227
tani	392
yala	361
tugó	389
yugó	360
hunã	667
ni	649
gînei	47
tunda	390
či	508
hi	507
êski	20
gunú	95
labar	140
ndoo	13
nuã	110
ŋgaa	100
ha	483
aũ	418
di	418
yugonnoó	12
turo	389
anna	373
taa	371
yunu	360
koo	354
to	335
gunna	316
a	297
yuha	274
muro	266
mannu	260
čî	250
yida	243
hundã	230
kôi	229
ada	211
su	211
nûgoi	200
tigiri	177
čîidi	176
ka	176
budi	152
ôwonni	152
mura	148
čindi	142
odi-ĩ	140
mi	135
odu	135
lôko	131
durdi-ĩ	128
lau	128
naani	122
odo	118
hundu	117
adibi	115
yî	115
ted	111
nû	108
anna-ã	100
dahu	99
ŋgo	99
bui	96
čîĩ	95
čuduru	95
yina	95
hunu	94
četu	90
guru	90
numo	90
čûo	89
ômuri	87
yagabi	87
čû	85
če	84
durdo	82
zaga	82
yoo	78
haki	77
čuo	75
gudi	75
sûgoi	74
yum	74
tedî	73
murdom	72
adimmi	70
tudaga	70
yiŋgaldu	68
abba	67
ada-ã	67
mêdi	67
mûši-ĩ	65
mundu	64
čûkã	62
tûgohu	62
yagabi-ĩ	62
čoŋu	59
tiri	58
yîni	58
aya	57
gubudi	57
dobu	56
nar	56
ôguzuu	56
ômuri-ĩ	56
ôwuri-ĩ	56
yusu	56
amma	55
ači-ĩ	54
hu	54
kunu	53
dobimmi	52
wûni	52
karaha	50
tûri	50
ũ-ú	50
uũ	50
yugutĩ	50
gunnoó	48
wô	47
ai	46
hiyi	46
ko	46
alla	45
togusoo	45
kalaka	44
tigirĩ	44
yuũ	44
ayî	43
soũ	43
tedu	43
tû	43
kînniĩ	41
sã	41
čoobu	40
guda	40
kubo	40
adaga	39
čini	39
dogu	39
dugusa	39
kuba	39
yiga	39
duna	38
kor	38
murta	38
ñê	38
tuzoo	38
anja	37
gibi	37
numi-ĩ	37
tooni	37
yidi	37
guda-ã	36
horkusu	36
ŋga	36
domma	35
kara	35
ma	35
tîbi	35
togus	35
busamma	34
do	34
koloko	34
yidanú	34
bu	33
buya	33
čaa	33
čubu	33
dîgiši	33
yuzi-ĩ	33
borsu	32
čera	32
maša	32
neri	32
tîyi	32
tudo	32
yee	32
yûorti	32
buyuna	31
goni	31
karaha-ã	31
nura	31
ôrozi	31
toi	31
mbo	30
na	30
ña	30
togusã	30
tûrri	30
arbi	29
bûgudi-ĩ	29
gala	29
li	29
zondu	29
čîkã	28
čoŋ	28
čundoo	28
dobiĩ	28
guyi	28
huna	28
hurɡi-ĩ	28
kora	28
nogoũ	28
bordo	27
bôtu-ã	27
dîgidem	27
duyi	27
ho	27
tigiro	27
tiri-ĩ	27
arriĩ	26
aski	26
bos	26
dûski	26
hoo	26
kûdi-ĩ	26
ômure	26
so	26
tuda-ã	26
turonnu	26
unda	26
adiba	25
čîkiidi	25
činak	25
diri	25
gônnei	25
kiši	25
nuũ	25
tada	25
bûri	24
dî	24
dûguli-ĩ	24
êli	24
ôro	24
sama	24
wura	24
bûgudi	23
busau	23
čenu	23
čunu	23
čûsu	23
direnu-ã	23
gɑlmɑĩ	23
goni-ĩ	23
kînnĩ	23
lokol	23
ña-ã	23
te	23
tohoo	23
wêtige	23
yidao	23
barayini	22
čîde	22
didi	22
kûdi	22
kulo	22
lanu	22
lukar	22
mêde	22
nduã	22
njîĩ	22
oor	22
šahaĩ	22
tînne	22
togusi	22
tohi	22
yuhɑ	22
zidu	22
ammaa-ã	21
čeni	21
dogusu	21
madu	21
numaga	21
saa	21
saã	21
tedã	21
tidedu	21
tûku	21
tûrtu	21
yîni-ĩ	21
yuhadi	21
yuhadiadu	21
ã-á	30
aã	30
abi	20
arru-ã	20
čoopu	20
dûli	20
gûi	20
hunda	20
hura	20
kogoya	20
korro	20
ñî-ĩ	20
tam	20
yogus	20
yuhado	20
allamagiyebe	19
arru	19
čidĩ	19
čuduruã	19
čûku	19
kal	19
kalli	19
kôči	19
môdi	19
nur	19
ônuri-ĩ	19
ôreze	19
ôskore	19
ôwuri	19
ôzi	19
sagahunu	19
šera	19
šiša	19
togo	19
yî-ĩ	19
ači	18
bilɑ	18
čîn	18
čôhuri	18
kusar	18
mia	18
nendiri	18
tosu	18
widenu	18
yoduru	18
ba	17
čaî	17
čer	17
čubî	17
čuruk	17
daaru	17
dîšee	17
dûe	17
gibi-ĩ	17
gorsu	17
kadura	17
ko-ĩ	17
mûši	17
njî	17
ôroze	17
šiĩ	17
tiɡiri	17
yinak	17
yumma	17
zod	17
abba-ã	16
barayi	16
bôli	16
činã	16
de	16
eredu	16
haŋgurdo	16
hôi	16
immi	16
kubaa	16
lidu	16
ŋila	16
ôroze-ã	16
tîbi-ĩ	16
yagaba	16
yidadã	16
yiges	16
yîsii	16
zuar	16
aa	15
amba	15
arba	15
aši	15
baraniri	15
bozo	15
čidaa	15
čuu	15
dûbu	15
êlimaĩ	15
gûkunni	15
hura-ã	15
kinjidi	15
kînjigi	15
kuyo	15
njûwo	15
nũ	15
ômure-ã	15
oskoba	15
šahi	15
tigirdã	15
tûdušu	15
wur	15
yogodi-ĩ	15
yubu	15
yuguti	15
adiba-ã	14
adibaa-ã	14
baradia	14
čenã	14
činuã	14
čoŋgu	14
čubudi	14
čubudú	14
durusu	14
êĩ	14
gudi-ĩ	14
gunasu	14
guyunu	14
hakumma	14
hasan	14
kayi	14
koduro	14
layinã	14
liĩ	14
mbozoo	14
sala	14
sohi	14
turo-ã	14
tus	14
ya	14
yari	14
yerči	14
yeri	14
yîri	14
agasu	13
bui-ĩ	13
čindĩ	13
čubîe	13
dagi	13
dômuri	13
dûi	13
dunu	13
êgi	13
gûrso	13
hadar	13
hananiri	13
hanayundú	13
he	13
hûi	13
kasudi-ĩ	13
kayuã	13
kînnimmi	13
kohiĩ	13
kûrtu	13
mbi	13
nahara	13
ndo	13
ndur	13
nũwo	13
obudo	13
orni-ĩ	13
owonu	13
sûgu-ã	13
tamma	13
tobur	13
tohã	13
tuŋos	13
tûrru	13
wečindi	13
yili	13
yogusu	13
yuhadã	13
yûhutu	13
yuzo	13
beni	12
bozuã	12
čendi	12
čîduã	12
čôhuri-ĩ	12
čoopi	12
čubi	12
čûduti	12
čuruu	12
daũ	12
dêbi	12
dîne-ã	12
dunodo	12
durdii-ĩ	12
haŋgurú	12
hêi	12
konnodo	12
korã	12
kordu	12
lokol-ã	12
môši	12
nahara-ã	12
ndedî	12
niri	12
sa	12
šigiri	12
sôbun	12
sura	12
taŋa	12
tar	12
yidĩ	12
yihitu	12
yoŋ	12
aɡurba-ã	11
arami	11
arma	11
ayî-ĩ	11
barayindi	11
boki	11
bozu	11
čundu	11
čûwo	11
dîhe	11
direnu	11
diri-ĩ	11
doba	11
ême	11
giba	11
guro	11
hûi-ĩ	11
ĩ	11
lukuri	11
ñaa-ã	11
nerko	11
nuhadiri	11
ŋamma	11
ôŋgohi	11
tendu	11
tia	11
tidedi	11
tigi-ĩ	11
tigiriĩ	11
togusuã	11
tudaga-ã	11
tûrrã	11
yesku	11
yibeyindi	11
yidadu	11
yidan	11
yire	11
yogoda	11
yogusi	11
zida	11
anur	10
asubu	10
budar	10
čêniĩ	10
čeo	10
čîd	10
činaku	10
čoob	10
čubab	10
čubo	10
dubana	10
dûbo	10
eneu	10
eše	10
êske	10
galmaĩ	10
garrum	10
gini	10
ɡunna	10
haduã	10
hôdi-ĩ	10
hunaã	10
kara-ã	10
kondo	10
kua	10
kubu	10
lidã	10
lûli	10
môšidi	10
mosko	10
mûuri	10
mûzuri	10
nani	10
njeni	10
nudaaru	10
ŋili	10
ŋui	10
ôli	10
ômuree-ã	10
orko	10
šeraa-ã	10
sugiĩ	10
taũwo	10
têhi	10
toguso	10
torozo	10
tûgi	10
tûnni-ĩ	10
yibeyi	10
yugonnó	10
yuhati	10
zia	10
agurba	9
arbiyi	9
auũ	9
bî	9
bokinî	9
bûni	9
bûnnu	9
ča	9
čarku	9
čendu	9
čenîe	9
čîdu	9
čoŋgi	9
čuduro	9
čunno	9
daarú	9
daha	9
dômure	9
dûe-ã	9
duyunu	9
edeĩ	9
gesu	9
gunnó	9
hadũú	9
hakunú	9
halas	9
hananurú	9
hayindu	9
koro	9
laĩlaĩde	9
layini	9
lugurana-ã	9
morči	9
nos	9
nu	9
nubo	9
numaa	9
nuŋu	9
ŋgullaha	9
ôrozi-ĩ	9
ôskore-ã	9
prix	9
šahi-ĩ	9
šidenu	9
sûɡoi	9
šukuran	9
tedîe	9
tigiroo	9
tîrize	9
tuda	9
tuguũ	9
turki	9
turki-ĩ	9
wûni-ĩ	9
yidadú	9
yihidu	9
yoburu	9
yogoda-ã	9
yogusudi	9
yuguruã	9
yuguruk	9
yuhadu	9
zabtu	9
zunda	9
abigi-ĩ	8
aŋgura	8
aski-ĩ	8
baranirîe	8
barayinã	8
bas	8
bazuã	8
bôguriĩ	8
bôtu	8
buũ	8
čad	8
čado	8
čarkî	8
čeke	8
čêne-ã	8
čoŋã	8
čubudî	8
dadi	8
dazi	8
dohu	8
durdii-ã	8
ème	8
eredu-ã	8
giba-ã	8
gubia	8
ɡoni	8
hanayini	8
hayundu	8
hinji	8
ka-ã	8
kiši-ĩ	8
koburi	8
koči	8
kuba-ã	8
kûgĩkugu-ã	8
kuna	8
kuzo	8
lahayi	8
lûyi	8
mahuma	8
maša-ã	8
migizi	8
naŋara	8
ndê	8
nerkaa	8
nje	8
nohudo	8
nôiši	8
nooši	8
nuhatiri	8
numã	8
numii-ã	8
nũú	8
ôbubi-ĩ	8
oguro	8
ôzi-ĩ	8
šera-ã	8
ši	8
suru	8
taũ	8
teddo	8
tedi	8
tidei	8
tigirdu	8
tirki-ĩ	8
tirmesu	8
tîyĩ	8
tumatuma	8
wêdei	8
wudu	8
ye	8
yeĩ	8
yêski	8
yidau	8
yuna	8
yuroũ	8
yûsmai	8
zamuru	8
abiã	7
ačii-ĩ	7
ai-ĩ	7
amana	7
araŋga	7
balak	7
bari	7
barkai	7
bôle	7
buroma-ã	7
čêgili	7
čêni	7
čêni-ĩ	7
činau	7
čoŋo	7
čubuã	7
čulob	7
daama	7
dahab	7
dîhi	7
dîn	7
dîna-ã	7
dîne	7
dizibi	7
dou	7
duyinî	7
elimaĩ	7
gali-ĩ	7
go	7
gumo	7
haduma	7
hakundu	7
hanayunú	7
hayi	7
karayindi	7
kii	7
kohaar	7
kohuduri	7
kohuroo	7
komboĩ	7
kômma	7
kuĩ	7
kuladuma	7
kunu-ã	7
kûriyini	7
kuurimmi	7
labara	7
layindã	7
lokola	7
lokola-ã	7
maarsu	7
maaru	7
maĩ	7
môši-ĩ	7
muĩ	7
ndigiroo	7
nunda	7
ŋadu	7
ôburi	7
ôdi	7
ôdi-ĩ	7
ogo	7
ôŋguli	7
oozu	7
ormo	7
ôwure	7
sogohi	7
sûprefe	7
sûri	7
susa	7
taŋu	7
tendũwo	7
tided	7
tîge	7
tigirtu	7
tirkimmi	7
tiro	7
toburru	7
togusu	7
togusudo	7
tudogus	7
tumo	7
waha	7
weči	7
widenu-ã	7
wobu	7
woi-ĩ	7
wûnigi	7
wûwurčinã	7
yaɡabi	7
yendiri	7
yer	7
yeru	7
yibeyunu	7
yibi	7
yodur	7
yogusã	7
yogusudo	7
yugob	7
yugobî	7
yuhatu	7
yûhu	7
yûhudu	7
yusob	7
yûsurru	7
zo	7
agurbi	6
aliha	6
amma-ã	6
annaa	6
arrayi	6
asuba	6
baddu	6
bara	6
bazo	6
bosuã	6
bozoo	6
buri	6
čabči	6
čabčunu	6
čaki	6
čenno	6
čidîe	6
čîdo	6
čindiã	6
činîe	6
čîtu	6
čoŋi	6
čoŋîe	6
čoopĩ	6
čubudĩ	6
čudurã	6
čudurdo	6
čûuŋgi	6
dahu-ã	6
dee	6
diziba	6
dobiã	6
dudoba	6
dudomma	6
duniĩ	6
dunoda	6
dûnogi	6
dûnogu	6
duraar	6
durri	6
eskenu-ã	6
êski-ĩ	6
ginna	6
gubudi-ĩ	6
gudii	6
gûkunniĩ	6
gumortommi	6
gunu	6
gûrbi	6
gûrti	6
gûrus	6
ɡali	6
hadiri	6
hidimili	6
hoktuo	6
horkusa	6
hûyi	6
huzayi	6
huzayuo	6
karadudo	6
karandiri	6
keker	6
kiitu	6
kiñari	6
kîtab	6
kori-ĩ	6
kôru	6
kôšĩ	6
landiri	6
laniri	6
lardu	6
layi	6
lenú	6
lerdo	6
lôĩ	6
lukuru	6
mahmût	6
mahûhut	6
maka	6
marda	6
miã	6
mikroba-ã	6
môori	6
mûar	6
mûsa	6
ndai	6
nduba	6
njenã	6
njuu	6
nôguzuu-ĩ	6
nuudu	6
ŋîsči	6
ôgu	6
ôgunno	6
ôi	6
ôido	6
okoriĩ	6
ôrdi	6
oro	6
ôsurdo	6
šaaba	6
sagahanu	6
šima	6
šimasu	6
šîša	6
sobus	6
sula	6
suli	6
sûni	6
suri-ĩ	6
susu	6
tari-ĩ	6
taryuman	6
tasu-ã	6
tedun	6
tezer	6
tigirtã	6
tihinedú	6
tirido	6
tîšo	6
tiye	6
tîyidi	6
tîyikiidi	6
toburroo	6
tôgorei	6
tohudo	6
tôti	6
tudaa	6
tûdugudo	6
tuguruk	6
tuha	6
tuma	6
tunak	6
tûni	6
tuni-ĩ	6
tûnni	6
turkunu	6
wôku	6
wûam	6
wuniši	6
yendar	6
yerčinã	6
yibenu	6
yibeyinî	6
yida-ã	6
yidado	6
yiɡas	6
yiŋgaaldu	6
yiŋɡaldu	6
yîšu	6
yîšuã	6
yogusî	6
yogusudu	6
yudou	6
yugobĩ	6
yugondú	6
yugopu	6
yûgurtu	6
yuso	6
yuson	6
yusopu	6
yûwondoodi	6
zabči	6
zodu	6
zooru-ã	6
-ã	20
-ĩ	20
aa-ã	5
ačiĩ	5
aɡurba	5
ammaa	5
anura-ã	5
aŋgalda	5
aŋgaldo	5
arina-ã	5
artasa-ã	5
asuma	5
awii-ĩ	5
ayi-ĩ	5
ayîb	5
barayinî	5
bari-ĩ	5
bazu	5
bibiyi	5
bila	5
binni	5
bôbore	5
bokindî	5
borru	5
bosoo	5
buda	5
buĩ	5
buin	5
bûni-ĩ	5
buro	5
bũú	5
buya-ã	5
čabčundu	5
čabu-ã	5
čagam	5
čai	5
čak	5
čaŋu	5
čidaku	5
čidawã	5
čidawo	5
čidi	5
čiĩ	5
činakã	5
činawo	5
čôhure	5
čoŋgú	5
čoobo	5
ču	5
čuduroo	5
čudurun	5
čunoo	5
čuruú	5
čûsa	5
daamo	5
daarã	5
dazagada-ã	5
dudoũ	5
dûludulunu	5
dunada	5
durusa	5
duyundu	5
eberu-ã	5
êbi	5
êlinu-ã	5
êmmi	5
enou	5
êre	5
ga	5
gaburu-ã	5
gudu	5
gunnú	5
gûrse	5
haduru	5
halbada	5
hanadii	5
hananaar	5
hananummó	5
hanayi	5
hassan	5
haya	5
hoŋga	5
hukuri	5
hûni	5
hur	5
huraša	5
huski	5
hûyundú	5
îlim	5
îŋgliška	5
kabunaraa-ã	5
kandama	5
kekera	5
keyi	5
koba	5
kogoya-ã	5
kohuri	5
kohurol	5
kôidi	5
kôwuro	5
kubogo	5
kumanu	5
kundudo	5
kurru	5
ladia	5
lidi	5
liwo	5
lîyi	5
lûyunu	5
maar	5
maari	5
maũ	5
mêdi-ĩ	5
môorii-ĩ	5
morčindi	5
morčundú	5
môše	5
mu	5
mûšii-ĩ	5
nagi	5
naharka	5
naĩ	5
nakaar	5
ndedi	5
ndiri	5
ndoŋi	5
nduhadi	5
nduũ	5
nerkayi	5
neru	5
nogomma	5
nohuã	5
nombi-ĩ	5
nuba	5
numoo	5
ôguzuu-ã	5
oki-ĩ	5
onuro	5
oordo	5
ormi-ĩ	5
orogi-ĩ	5
ôruda	5
oskobu	5
ôsurda-ã	5
ôtu	5
ôwuli	5
sagahuna	5
sarru	5
šelemaĩ	5
šidena	5
šieša	5
soburdo	5
soburu	5
sobusu	5
sôlli	5
somma	5
surugi-ĩ	5
taba	5
tadar	5
tadurú	5
tarú	5
teduã	5
tigirîe	5
tirĩ	5
tiridã	5
tirki	5
tirkiĩ	5
tiyendi	5
tîyiĩ	5
tiyubi	5
tobusã	5
tobuzu	5
togusîe	5
togusú	5
tohĩ	5
tôluhun	5
tômudu	5
toŋ	5
tûa	5
tûdusu	5
tûrizi	5
weke	5
wooso	5
yagabii	5
yɑgɑbi-ĩ	5
yem	5
yendu	5
yenduru	5
yerčindã	5
yerturu	5
yigezu	5
yîre	5
yîs	5
yîš	5
yobaar	5
yodurkîe	5
yogusĩ	5
yohi	5
yorogoidã	5
yosko	5
yûdu	5
yugurdo	5
yugurui	5
yuɡó	5
yurusu	5
yusobu	5
yuzogo	5
zaɡa	5
zala	5
aba	4
abu	4
abura-ã	4
abusčini	4
ačimmi	4
adaa-ã	4
adibii	4
adurasu	4
aɡasa	4
alkama	4
allaa	4
allaa-ã	4
allahar	4
anigi	4
annaa-ã	4
arba-ã	4
asar	4
aska	4
askiĩ	4
asunu	4
baa	4
banna	4
baranuru	4
barayinîe	4
basal	4
bêlkĩ	4
bî-ĩ	4
bîe	4
bilili	4
binna	4
bizi	4
bo	4
bôduyini	4
bokuo	4
bordoa	4
bori	4
bosi	4
bozi	4
bozĩ	4
bozîe	4
bozú	4
budiĩ	4
bûdo	4
bugar	4
bûgude	4
burbada	4
burbo	4
čabu	4
čebu	4
čedo	4
čêne	4
čenĩ	4
čênimmi	4
čenú	4
čia	4
čidaá	4
čîdi	4
čîdoo	4
čiduã	4
čillaa	4
činaki	4
činaũwã	4
činaũwo	4
čindiĩ	4
činî	4
činĩ	4
čirri-ĩ	4
čîti	4
čoobi	4
čubã	4
čubabi	4
čubabu	4
čubudiã	4
čubudîe	4
čubudo	4
čudi	4
čûdu	4
čûdudu	4
čudurti	4
čudurú	4
čûka	4
čûkoo	4
čunun	4
čûuŋu	4
dêbita-ã	4
dige	4
dîĩ	4
doba-ã	4
dômuri-ĩ	4
dûguli	4
dukana-ã	4
durda-ã	4
dûuso	4
duyindi	4
êluã	4
eremmi	4
êyime	4
femmes	4
gabur	4
gagala	4
garsu-ã	4
getĩ	4
gimiĩ	4
goki	4
gona-ã	4
goodo	4
gorsu-ã	4
gubuddi-ĩ	4
gûdur	4
gumaru	4
gumi-ĩ	4
gunuru	4
gurse	4
ɡudi	4
hadiĩ	4
hadurã	4
hakumaa	4
hakunã	4
hanadi	4
hanandurú	4
hananiĩ	4
hanayindi	4
haŋaar	4
harmasî-ĩ	4
hartu	4
hidiĩ	4
hinu	4
hôdi	4
hoktundu	4
hommes	4
hoŋɡaa	4
horkusu-ã	4
hôsči	4
hosu	4
hôya	4
hûrrie	4
husar	4
huzaniri	4
kab	4
kaga-ã	4
kalamiĩ	4
karaduda	4
kart	4
kasuguda	4
kege	4
keleyi	4
kendar	4
kîhi	4
kiidiri	4
kiiduru	4
kineddo	4
kinnú	4
kîtaba	4
kîyi	4
koba-ã	4
kôčindi	4
kôčini	4
kogoyaa	4
kohirîe	4
kohuduroo	4
kohuma	4
kohurîe	4
kohurol-ã	4
kohũú	4
kohũwo	4
korčo	4
kubor	4
kûdugura-ã	4
kugiĩ	4
kûgĩkuk	4
kuma	4
kumandu	4
kumayundu	4
kunusu	4
landu	4
lêmun	4
leo	4
lidoo	4
ligi	4
lîm	4
lîme	4
lobar	4
lôommi	4
lukɑr	4
lûluga	4
mada	4
maiyi	4
malluma	4
mardaĩ	4
mašaa	4
maska	4
mîndie	4
môgoda	4
muã	4
mûkuri	4
mûkuru	4
munduga-ã	4
munurú	4
ñabuduru-ã	4
nahar	4
nakiri	4
ñambi	4
nded	4
ndîi	4
ndogusi	4
ndogusoo	4
ndubi	4
nduŋosi	4
ndûrtu	4
ndûusú	4
nerkayinã	4
nîhi	4
njendi	4
njubîe	4
no	4
nohĩ	4
nôuši	4
nugó	4
nugôi	4
numi	4
numoga	4
nûri	4
ŋgoã	4
ŋgulaha	4
ŋgûr	4
ôbure	4
odoor	4
ogoa	4
ôhurre	4
ôlii-ã	4
oozuu-ã	4
ôreza-ã	4
ôwĩ	4
popur	4
sagahanuã	4
samma	4
šêgi	4
šidenu-ã	4
šiešaa	4
sobar	4
sôgoni-ĩ	4
sonduk	4
suguĩ	4
sula-ã	4
taman	4
tarã	4
tardo	4
têdemii	4
teĩ	4
tigandî	4
tigi	4
tigii	4
tigiidu	4
tînne-ã	4
tira	4
tîyo	4
tîyuo	4
tobus	4
tobuzo	4
tobuzú	4
todaa	4
togoi	4
togusudã	4
tohî	4
too	4
torkuru	4
tudaa-ã	4
tudi-ĩ	4
tuɡuruã	4
tuhaha	4
tumagura-ã	4
tûmoori	4
tunu	4
tuŋosã	4
tuŋosi	4
turonna	4
tuyuo	4
tuzo	4
waša	4
wayuo	4
wečindiã	4
wêtiga-ã	4
wêtige-ã	4
widena	4
wideniĩ	4
wônnu	4
wordugu	4
wôyubtuda-ã	4
yagabaa	4
yeburu	4
yeũ	4
yibenduru	4
yibeyinã	4
yidaã	4
yidada	4
yidi-ĩ	4
yihek	4
yiheti	4
yihido	4
yîšã	4
yîsu	4
yobur	4
yoburîe	4
yogusudã	4
yogusudiã	4
yoŋgu	4
yoob	4
yopuru	4
yoyi	4
yudiĩ	4
yugobo	4
yugobu	4
yugonnãá	4
yugurk	4
yuhadĩ	4
yuhadoo	4
zabčunu	4
zîara	4
zidu-ã	4
zodoo	4
zondu-ã	4
zonduo	4
zoti	4
abbaĩ	3
abuzuri	3
adi	3
adizi	3
adum	3
alaã	3
alia	3
aliã	3
aŋgala	3
ardan	3
atman	3
awi	3
ayê	3
ayîĩ	3
azaĩ	3
ɑ	3
badagaĩ	3
balõ	3
barandiri	3
baraniĩ	3
baranu	3
baranurú	3
bazîe	3
bibido	3
bil	3
bilayamaido	3
bokini	3
bosu	3
bugi-ĩ	3
bûgidi-ĩ	3
bugudi-ĩ	3
bûnno	3
bunuma	3
burbodi-ĩ	3
burdo	3
burku	3
bûrru	3
buyi	3
buyunoo	3
čamu	3
čao	3
čarki	3
čati	3
čed	3
čenuã	3
čepi	3
čepu	3
čidakã	3
čidakú	3
čîddo	3
čidî	3
čidu	3
čihined	3
čîĩdi	3
čîka	3
čîki	3
čîsa	3
čîtú	3
čoŋudo	3
čû-ã	3
čua	3
čuadi	3
čubabã	3
čubabo	3
čubapi	3
čuboo	3
čubudã	3
čudi-ĩ	3
čudurîe	3
čuduruɑ͂	3
čukã	3
čûki	3
čûkuã	3
čûkudo	3
čunã	3
čûsugo	3
čuũsu	3
da	3
daamma	3
daamú	3
dakiĩ	3
dakuru	3
daŋai	3
daŋaidunú	3
daũwo	3
dêbite	3
dîbidir	3
digiši	3
dîgiši-ĩ	3
dikindu	3
direna	3
dizibaa	3
dôŋgu-ã	3
dôun	3
dubal	3
dûbudo	3
dugu	3
dûgule	3
dûli-ĩ	3
dunar	3
dundu	3
dunodi-ĩ	3
dunudo	3
duŋgu	3
durdaa	3
durdoo	3
duriĩ	3
durũwo	3
duyinã	3
êbeu	3
êdigei	3
êkola	3
ereda	3
êzimbi	3
êzimbi-ĩ	3
gala-ã	3
galayi	3
galayinã	3
gibidi	3
gona	3
gudaa-ã	3
gûdi	3
gûdur-ã	3
gûni	3
gunnadooni	3
gunnũú	3
gunuú	3
gûŋgi-ĩ	3
gûrbi-ĩ	3
guri-ĩ	3
guroga	3
guyunú	3
guyuo	3
ɡuru	3
ɡuyundã	3
hadi	3
hadurú	3
hakuo	3
halaktu	3
hananũú	3
hanuru	3
haŋgaar	3
haŋuroo	3
harči	3
haš	3
hêĩ	3
hidendã	3
hido	3
hiler	3
hiliyindi	3
hîne	3
hitaar	3
hiyindã	3
hôbuza	3
hokor	3
hoŋgo	3
horči	3
horkusno	3
horru	3
hûdũú	3
hurɡi	3
hurosči	3
hurtuno	3
huša	3
huši	3
hûturoo	3
hûturu	3
huyo	3
kaa	3
kabten	3
kada	3
kalabči	3
kalamimmi	3
karaa	3
karaa-ã	3
karandaar	3
karandiã	3
karandirîe	3
karayuo	3
kasči	3
kasugua	3
kawula	3
kazu	3
keesu	3
kêlemmi	3
kerekere	3
kesidar	3
kesidiri	3
keyuo	3
kînnie	3
kînnĩe	3
kîši	3
kizena	3
kizenna-ã	3
kizenu	3
kobo	3
kôbus	3
kôe	3
kogoyɑ-ɑ͂	3
kohuru	3
kohuũ	3
kôndogudi-ĩ	3
kôñei	3
kônuru	3
kôruŋgo	3
kôšiĩ	3
kubi-ĩ	3
kuga	3
kuladum	3
kumma	3
kûnduri	3
kûridini	3
kûrmo	3
kûrmogo	3
kuruk	3
kuuriĩ	3
lanîe	3
larda	3
lɑnu	3
lêkola-ã	3
lerda	3
leyundú	3
lidî	3
lila	3
lila-ã	3
lobči	3
lôka	3
londo	3
luĩ	3
maamo	3
maarã	3
madu-ã	3
maido	3
makiri	3
mali	3
mallu-ã	3
malluã	3
mallum	3
mallumma	3
manamana	3
masalan	3
maska-ã	3
mbi-ĩ	3
mêdelia	3
mîlik	3
mišennu	3
môidiĩ	3
moki	3
moli	3
môore-ã	3
môori-ĩ	3
morčundoo	3
morčuo	3
môše-ã	3
moši	3
môsolie	3
muganurú	3
mugayunú	3
munda	3
mûndu	3
mûuĩ	3
n	3
nakuru	3
naũ	3
ndebi	3
ndedu	3
ndedú	3
ndîa	3
ndigiri	3
ndobusu	3
ndogusii	3
ndoori	3
nduganîe	3
nduzoĩ	3
nêge	3
nekinî	3
nendar	3
nendurdo	3
nîe	3
niĩ	3
nirĩ	3
niriĩ	3
nirin	3
njîidi	3
njîkiidi	3
njogus	3
njorčini	3
njorra	3
njûkã	3
njûsu	3
nogaã	3
nohã	3
nohi	3
noŋuri	3
nooša	3
norko	3
nubui	3
nuburú	3
nûɡoi	3
numia-ã	3
nuraã	3
nuru	3
nûru	3
nûru-ã	3
ŋam	3
ŋgirihĩ	3
ŋgirinú	3
ŋgoo	3
ŋuli	3
obo	3
oduwoya-ã	3
ôguzuudi-ĩ	3
ohuro	3
ôhurri-ĩ	3
ômuree	3
ônum	3
ônuri	3
ordĩ	3
ôreze-ã	3
orjo	3
orki-ĩ	3
ôsurda	3
ôsuri	3
ôte	3
owonu-ã	3
ôze-ã	3
pulaneda	3
puzz	3
sakan	3
saraã	3
sarči	3
šeda	3
širča-ã	3
šîš	3
sodur	3
sogoddi-ĩ	3
sôgoni	3
sôl	3
suburu	3
sugu	3
suli-ĩ	3
ta	3
tabula	3
tammo	3
tammoó	3
taŋã	3
taraŋu	3
tarsaĩ	3
têhi-ĩ	3
teleskob-ã	3
temmo	3
tersum	3
ti	3
tidedĩ	3
tidedîe	3
tiganî	3
tigirdoo	3
tigirenú	3
tiɡirĩ	3
tîmilik	3
tînnei	3
tîšoo	3
tiyenã	3
tiyendu	3
tiyenduã	3
tiyenú	3
tîyiidi	3
tîyikã	3
toburîe	3
toburrã	3
tobusu	3
todo	3
togi-ĩ	3
togusudu	3
toĩ	3
tondolo	3
toroza	3
torru	3
tosuo	3
totuna	3
totuna-ã	3
tubas	3
tubazi	3
tubazudo	3
tudagaa	3
tudugandi	3
tûgi-ĩ	3
tuguruã	3
tuhatu	3
tûkuli	3
tûle	3
tûm	3
tuman	3
tundaã	3
tûne	3
tuno	3
turã	3
turkuu	3
turonno	3
turonnu-ã	3
tûruzi	3
tusu	3
tuyi	3
tuyuhadi	3
tuyuhado	3
tuzĩ	3
tûzoo	3
tuzu	3
tuzuba-ã	3
tuzudo	3
wayi	3
wečunú	3
weka-ã	3
weredi	3
wereyini	3
widenimmĩ	3
woi	3
wonno	3
wudu-ã	3
wûna	3
wûnige	3
wurda	3
wûwur	3
wûwurči	3
yaaba	3
yaabi	3
yagabii-ĩ	3
yarkaar	3
yaũ	3
yebiĩ	3
yendirîe	3
yerčundã	3
yerčundu	3
yerčunoo	3
yerturã	3
yeska	3
yeũú	3
yibendiri	3
yibendu	3
yibeniri	3
yibenuũ	3
yibeyindîe	3
yibeyinîe	3
yibeyundu	3
yibeyuo	3
yidaa	3
yidannó	3
yidawo	3
yidiĩ	3
yidu	3
yîdum	3
yigannu	3
yigiidã	3
yinaku	3
yîsi	3
yîso	3
yoburčundu	3
yobuũ	3
yodurã	3
yoduri	3
yodurki	3
yodurku	3
yoduro	3
yoguso	3
yogusudî	3
yohî	3
yohu	3
yohudi	3
yôida	3
yomodo	3
yubab	3
yubudu	3
yudok	3
yudomo	3
yuguruo	3
yuhadî	3
yuhadú	3
yuhatiã	3
yuhatiadu	3
yûhudo	3
yunu-ã	3
yûorte	3
yusobã	3
yusobo	3
yusobú	3
yuzii-ĩ	3
yuzuk	3
zabtunu	3
zamar	3
zonduã	3
zoor	3
zoor-ã	3
zuda	3
zuiĩ	3
abbaa	2
abbɑ	2
abbɑ-ɑ͂	2
abdurahaman	2
abi-ĩ	2
abura	2
abusčindi	2
abusčundoo	2
abustundunnoó	2
abuzĩ	2
ača	2
adagaa	2
adibaa	2
adibiĩ	2
agasu-ã	2
aguram	2
aguramuã	2
agurba-ã	2
aha	2
ahadara-ã	2
ahmat	2
alahai	2
alamnji	2
alia-ã	2
aliĩ	2
allaã	2
allači	2
allačiĩ	2
allahuza	2
aman	2
ambado	2
ambasad	2
anarĩ	2
anja-ã	2
aŋa	2
aŋa-ã	2
aŋgal	2
aŋgalda-ã	2
aŋgaldi-ĩ	2
aramaĩ	2
araŋga-ã	2
arbido	2
arbiyindi	2
arbiyinĩ	2
arka	2
arrakundú	2
arraŋurdo	2
arraŋurú	2
artas	2
arubu	2
asarsar	2
asasar	2
asumma	2
ayîba	2
ayîba-ã	2
ba-ã	2
babũwo	2
badagammi	2
bahoo	2
bahudo	2
banan	2
banana	2
bapa	2
baranirĩ	2
barayindã	2
barayindĩ	2
barayindiã	2
barayuo	2
barkaîmi	2
basala	2
basala-ã	2
bazú	2
bêde	2
bee	2
bekurú	2
bibiyinîe	2
bîge	2
bîk	2
bilemaĩdo	2
bilili-ĩ	2
bîometrik	2
bizido	2
bôbore-ã	2
bôbulun	2
bôduyundã	2
bok	2
bokundã	2
bokunu	2
bôli-ĩ	2
bordaa	2
bordoa-ã	2
bordoĩ	2
borko	2
borkodi-ĩ	2
borsudu	2
boya-ã	2
budoi	2
buduri	2
budurĩ	2
bûgudiĩ	2
buiĩ	2
bula	2
bûlum	2
bûne	2
bûnne	2
bûnnugo	2
bûnu	2
bunumã	2
bur	2
burba	2
burbodo	2
bûrči	2
bûre	2
burî	2
burku-ã	2
burkunũ	2
burkuyi	2
burú	2
buyuna-ã	2
bye	2
čabtundu	2
čadã	2
čadi	2
čadĩ	2
čadu	2
čadú	2
čadunná	2
čagîe	2
čakinã	2
čakindi	2
čalčundu	2
čamuru	2
čaŋurú	2
čaro	2
čata	2
čatĩ	2
čauwã	2
čebi	2
čebĩ	2
čedoo	2
čêllĩe	2
čêlliĩ	2
čêllimmi	2
čendã	2
čendiã	2
čendîe	2
čendoo	2
čendú	2
čenduã	2
ceni	2
čenî	2
čênie	2
čênĩe	2
čeniĩ	2
čenimmi	2
cî	2
čid	2
čida	2
čidakudo	2
čidaũwa	2
čiddo	2
čide	2
čîdĩ	2
čilaannó	2
čilauwo	2
činaîe	2
čindîe	2
čînĩ	2
čirri	2
čît	2
čitiã	2
čitu	2
čîtuã	2
čizenni	2
čoktunoo	2
čôlli-ĩ	2
čoločoli-ĩ	2
čoŋgã	2
čoŋgîe	2
čoobã	2
čoop	2
čoopiã	2
čoopoo	2
čoopudo	2
čôpunjunu	2
čuadu	2
čuadú	2
čubabî	2
čubɑbi	2
čubĩ	2
čubonú	2
čubudu	2
čubunú	2
čudî	2
čûdi-ĩ	2
čudo	2
čudoo	2
čûdudo	2
čuduri	2
čudurtã	2
čulobi	2
čuloboo	2
čulodi	2
čûluko	2
čumohu	2
čumohudú	2
čunumma	2
čuodi	2
čuruã	2
čurukã	2
čurukudo	2
čuruo	2
čuruunnó	2
čuruwã	2
čusčinĩ	2
čûsu-ã	2
čûsudu	2
čûuŋgo	2
čûuŋo	2
čûuŋudo	2
čuũsa	2
čuutî	2
čuzuku	2
čuzuu	2
daga	2
dagumuni	2
dagunu	2
dakan	2
dakana	2
dakurú	2
dakũwo	2
daŋaĩ	2
daŋaidunu	2
darsala	2
daûd	2
daũú	2
day	2
dêgig	2
dêgige	2
diddi	2
dîha-ã	2
dîna	2
dina-ã	2
dînaa-ã	2
dirii	2
dišee	2
dîstirig-ã	2
djaména	2
dobĩa	2
dobur	2
dodo	2
dodoa	2
doga	2
dogudu	2
dogusu-ã	2
dogusua-ã	2
doɡu	2
dolo	2
dôlumũú	2
doŋgo	2
dôŋgo	2
dôŋgu	2
doosko	2
dor	2
dubala	2
duga	2
duhoni	2
dumosu	2
dunĩ	2
dunuri	2
dunuũ	2
duŋga	2
dura	2
durda	2
dûri	2
duri-ĩ	2
durrudo	2
durtaar	2
durturú	2
durtũú	2
duruma	2
duu-ã	2
dûude	2
dûudi	2
duwoi	2
duyindî	2
duyini	2
duyundã	2
duyundú	2
duyundunnó	2
duyunoo	2
duyuo	2
ebegeĩ	2
edenu	2
êdige	2
ediĩ	2
êhida-ã	2
êhidĩ	2
êltinet	2
ême-ã	2
eneũ	2
ênigidi	2
erbe	2
erebel	2
eredu-ɑ͂	2
ereĩ	2
êresterã	2
êresterãa	2
êriskiniri	2
ezedĩ	2
firen	2
gagalčini	2
gaida-ã	2
galaduda	2
galiha	2
galiĩ	2
galma	2
gebile	2
gede	2
gelem	2
gelema	2
gesa	2
gidehi	2
gîren	2
girigo	2
girra	2
gôi	2
gôni	2
good	2
gôriyini	2
goroŋgor	2
gorsa	2
gorsudo	2
gostuda	2
gowo	2
gôyurdo	2
gubidi	2
guboda-ã	2
gubodo	2
gubuda-ã	2
gubudda	2
gubugo	2
gudadu	2
gudĩ	2
gudia	2
guduro	2
gûkunnii	2
guna	2
gunai	2
gunar	2
gunasu-ã	2
gunduru	2
gunjini	2
gunna-ã	2
gunnaa	2
gunnãá	2
gunno	2
gunuri	2
gurnadiyini	2
gûro	2
gurodo	2
gûroni	2
gûrse-ã	2
gurso	2
gûrti-ĩ	2
guskura	2
guyinã	2
guyindã	2
guyini	2
guyinu	2
ɡaŋɡanno	2
ɡouwo	2
ɡuda-ã	2
hadîe	2
hadirîe	2
haduũ	2
hadũwo	2
haĩ	2
hakti	2
hakumma-ã	2
hakundudo	2
hakunnó	2
hakunoo	2
halči	2
hali	2
hallagana	2
hanadia	2
hanadii-ĩ	2
hanadummoó	2
hananîe	2
hananirĩ	2
hananummãá	2
hananummoó	2
hananuũ	2
hananúũ	2
hanayindú	2
hanayinĩ	2
hanayunnó	2
hannaĩ	2
hanu	2
hanuũ	2
haŋiĩ	2
haŋurdo	2
haŋũú	2
harmasî	2
harmasîe	2
hasara	2
have	2
hɑ	2
hɑki	2
heema	2
hei	2
hidenú	2
hîdiã	2
hikidi	2
hiliyinîe	2
hinetir	2
hinetira	2
hiniĩ	2
hinindiri	2
hininiri	2
hirči	2
hiyinã	2
hiyindi	2
hiyuo	2
hôb	2
hôdolči	2
hodu	2
hôkorčinã	2
hôkorru	2
hoktuda	2
hoktundoo	2
holtuo	2
horčindu	2
horiyuo	2
horuyuo	2
hos	2
hosa	2
hosã	2
hosčunú	2
hôwuludu	2
hôyumndi	2
hôyumnjinî	2
hûdudo	2
hûduru	2
hûduũ	2
hukaar	2
hukurĩ	2
hûl	2
hûle	2
hunɑ͂	2
hundaã	2
hundɑ͂	2
hunduu	2
huraa	2
huraš	2
hurasa	2
huria-ã	2
hûroda	2
hurodi-ĩ	2
hurosčini	2
hurostunu	2
hurosu	2
hûrtidik	2
hurtuna-ã	2
hûruũ	2
husara	2
hutko	2
hûturú	2
hûtuũ	2
huur	2
hûyindi	2
huza	2
injil	2
iŋgliška	2
kaguradi-ĩ	2
kaha	2
kalasoũ	2
kalla	2
kandamai	2
kaniĩ	2
kanjinã	2
kanjunu	2
kapiten	2
karadi	2
karahaa	2
karandu	2
karayindî	2
karayindĩ	2
kasugu	2
kasugudo	2
kayugi-ĩ	2
kedugunoo	2
kegirči	2
kegurumo	2
kekera-ã	2
kekeru-ã	2
kêlei	2
keleyini	2
kenduru	2
kenuru	2
keyindi	2
keyindîe	2
keyini	2
kideki	2
kidekunã	2
kihanu	2
kîlima	2
kîlima-ã	2
kinenuũ	2
kîride	2
kîrikiri	2
kiša	2
kiša-ã	2
kišidda	2
kišiddo	2
kišidi	2
kîzigiɑ-ɑ͂	2
koa	2
kobaar	2
kočinã	2
kočinîe	2
kodola	2
kodonu	2
kodor	2
kohîĩ	2
kohudirĩ	2
kohudũú	2
kohumma	2
kohurú	2
kolča	2
kolči	2
kôle	2
kollo	2
kôme	2
kondoa-ã	2
kôniri	2
konnada	2
konnodon	2
kônnu	2
kôriĩ	2
korod	2
koroda	2
kortuk	2
kôši	2
kôsuri	2
kôzi	2
kudaar	2
kugaa	2
kûla-ã	2
kulaa	2
kuloktugu	2
kulolo	2
kum	2
kumanuru	2
kumayunu	2
kûmnji	2
kunjo	2
kunjunoo	2
kuranu	2
kûrikûri	2
kurrã	2
kûrse	2
kûrsi	2
kûrtiri	2
kûruyudu	2
kûruyundu	2
kusaammó	2
kusaruu	2
kusu	2
kusuyi	2
kûyi	2
kûzo	2
labara-ã	2
labtan	2
labtana	2
ladiri	2
lahad	2
laĩ	2
lamba-ã	2
lamiš	2
landaiĩ	2
landar	2
lanjuo	2
lanurã	2
larbaa	2
laya	2
layindi	2
layinî	2
layinîe	2
layinuã	2
layunoo	2
layunuã	2
le	2
ledi	2
lemgurru	2
lemmu	2
lêmune	2
lenũwo	2
letirî	2
leyunnó	2
lĩ	2
lîbia	2
lido	2
liî	2
liiwo	2
litina	2
lobtuda	2
lobtudo	2
lobũú	2
loduri	2
lôduš	2
lôduše	2
logo	2
loko	2
lokoloma-ã	2
lûduyuo	2
lugurana	2
lukur	2
lukurî	2
lûnar	2
lûnduru	2
lûnjudoo	2
lûnu	2
maarú	2
madiĩ	2
mahamat	2
mahanu	2
mahumai	2
mahunu	2
maide	2
maĩya	2
makar	2
makuru	2
makũwo	2
maluma	2
mašala	2
mašanîe	2
mašanu	2
maši	2
matara-ã	2
maú	2
maũwo	2
mboã	2
metur-ã	2
migiza	2
migiza-ã	2
migizaa-ã	2
mikroba	2
mîkuroba-ã	2
mîne	2
mîni	2
mma	2
mmi	2
môddo	2
môgodi-ĩ	2
môguri	2
môhunni	2
môkurun	2
morčindoo	2
morrum	2
mortidi	2
môšide	2
mošii	2
môšii-ĩ	2
moskaa	2
moter	2
mozi	2
mozoo	2
mozu	2
muganũú	2
mugoi	2
mûĩ	2
mûkaar	2
mûkurã	2
munduanna	2
musanirĩ	2
mûsi-ĩ	2
muškile	2
musulum	2
ñabudur	2
nakirî	2
ñambi-ĩ	2
nasu	2
nɑɑni	2
ndeni	2
ndenno	2
ndoburti	2
ndobusã	2
ndobusi	2
ndodiri	2
ndohi	2
ndubabi	2
ndubii	2
ndudiri	2
ndugani	2
ndûgurti	2
ndunaĩ	2
ndunnui	2
ndura	2
ndûrri	2
ndûrroo	2
ne	2
nêgi	2
nêi	2
neki	2
nekinã	2
ñekinî	2
nekti	2
nekunú	2
nekuo	2
nendum	2
nerîe	2
nerkayindã	2
nice	2
nîŋi	2
nirido	2
njapa-ã	2
njasti	2
njennãá	2
njeno	2
njenu	2
nji	2
njidaado	2
njidaannó	2
njidaũwa	2
njigabčunú	2
njihinedun	2
njîkã	2
njîti	2
njodurã	2
njogusîe	2
njogusudu	2
njuadu	2
njuba	2
njugopoo	2
njulobo	2
njûnjuu-ĩ	2
no-ĩ	2
nobtu	2
nohoo	2
noó	2
norki-ĩ	2
norogi-ĩ	2
nôušide	2
nubta	2
nuburi	2
nudurusu	2
nuhadirîe	2
nuhadurã	2
nuhadurú	2
nûki	2
nûkti	2
numaã	2
nûmoguri	2
nûmoori	2
nûmuro	2
nûnju-ĩ	2
nunoga	2
nunohi	2
nûŋiĩ	2
nuroo	2
nuwã	2
ŋgiroo	2
ŋgozu	2
ŋgulaha-ã	2
ŋɡo	2
ŋibi	2
ŋîsčinã	2
ŋôuyundu	2
ŋuia	2
ŋuyi	2
ôbubi	2
obudaa	2
obudi-ĩ	2
obudoa	2
ôde	2
odoi	2
odor	2
oduwoyi	2
ogi-ĩ	2
ôhure	2
ôhuronje	2
ôhuronji	2
ôiyaĩ	2
ôllidi	2
ôloi	2
ôlug	2
ôlugoo	2
ômmude	2
ômurii	2
ondugoi	2
ondugoĩ	2
ondugoiĩ	2
onno	2
oorzunu	2
oozua	2
ôrdiĩ	2
ordotaa	2
ôrkiĩe	2
ôronnĩ	2
ôrozii	2
orro	2
orroda-ã	2
ôrrus	2
orso	2
orsunono	2
ôskor	2
ôskora-ã	2
ôudĩ	2
ôunne	2
ôuya	2
ôwunni	2
owuri-ĩ	2
ôwusu-ã	2
ôze	2
ozuũ	2
par	2
piloda	2
popura	2
posti	2
posti-ĩ	2
saba	2
saika	2
samahudu	2
sarduu	2
šaši-ĩ	2
šêgida	2
šêgide	2
sêgon	2
sêgona	2
šes	2
šesa	2
šeše	2
šî	2
šibčunú	2
šîdi	2
šîgi	2
šimašu	2
šimĩ	2
šimma	2
širči	2
širčiã	2
šis	2
sôbune	2
sôbut	2
sodo	2
sogodda	2
sogodi-ĩ	2
sônduga-ã	2
sônnĩ	2
sôortundu	2
sopuroo	2
sopuru	2
sopũú	2
suat	2
sûga-ã	2
sûgutu	2
suka	2
sukur	2
suladu	2
sûliĩ	2
sultok	2
sûluma	2
sûmuri	2
sûnuu	2
sûprefe-ã	2
surčiã	2
surdĩ	2
susa-ã	2
sûsu	2
sûsuma	2
tabul	2
tadurdo	2
tadũwo	2
taĩ	2
talat	2
tammã	2
taŋaa	2
taŋgiši	2
tari	2
taride	2
tarimai	2
tarsiã	2
tarsu	2
tasu	2
taũn	2
tɑɑ	2
teda	2
tedoo	2
tehi-ĩ	2
teĩn	2
teitudo	2
têska-ã	2
têske	2
tidedã	2
tidedî	2
tidedú	2
tiga-ã	2
tigandudo	2
tiganno	2
tîgee-ã	2
tigiido	2
tigirin	2
tigirinú	2
tigirndu	2
tigirtoo	2
tigirtuã	2
tiɡii	2
tiɡiidu	2
tiɡirti	2
tîhi	2
tihined	2
tindiĩ	2
tîrendi	2
tirindiri-ĩ	2
tirka	2
tiyendoo	2
tiyeni	2
tiyenîe	2
tiyenno	2
tiyeo	2
tiyiti	2
tiyo	2
tiyubudi	2
toburu	2
tobusuã	2
tobuzi	2
tôgoimi	2
togusĩ	2
togusidiã	2
togusudi	2
togusudoo	2
togusuma	2
toɡusã	2
toho	2
tohoktundu	2
tohu	2
tokomo	2
tolli	2
tolub	2
toluba	2
tomor	2
tomora	2
tôndogo	2
tondola-ã	2
toomu-ã	2
torimi	2
torkar	2
torogo	2
torri	2
torrîe	2
torroo	2
toruũ	2
touwo	2
tuati	2
tubtidi-ĩ	2
tubũú	2
tudasú	2
tudobus	2
tudoki	2
tududo	2
tuduni	2
tudušu	2
tûduusu	2
tuganã	2
tûgiĩ	2
tûgo	2
tûgoi	2
tugondú	2
tugopĩ	2
tugopoo	2
tugurkuã	2
tuguruwã	2
tugurũwo	2
tuhaa	2
tuhatudã	2
tûkĩ	2
tûkulĩ	2
tûkuliĩ	2
tûkuo	2
tûkuru	2
tumagur	2
tumatum	2
tumayindi	2
tûme	2
tûmuzirɑ-ɑ͂	2
tundaa	2
tundaar	2
tundu	2
tûndua	2
tûnduu	2
tûnne	2
turaã	2
turbi	2
turčundu	2
tûre	2
tûri-ĩ	2
tûrkia	2
tûrkimi	2
turoa	2
turoo	2
tûrrĩ	2
tûrrie	2
tûrruã	2
tûrrudo	2
tûrtaa	2
tusa	2
tusobuũ	2
tusuã	2
tûurri	2
tûus	2
tûusã	2
tuyuha	2
tuyuhadã	2
tuyuwa	2
tuzi	2
tuzú	2
tuzukudo	2
waki	2
waltandini	2
wataar	2
wayêyoo	2
wečindîe	2
wečundú	2
weke-ã	2
wendar	2
wendiri	2
wenîe	2
weniri	2
wenniĩn	2
werenĩ	2
wereyindi	2
wereyindiã	2
werkedi	2
weru	2
weti	2
woii	2
wonnaa	2
wor	2
wôrumai	2
wosa	2
wôworši	2
wu	2
wuda	2
wudenu-ã	2
wudi	2
wûniɡi	2
wûri	2
wûwurčindi	2
wuya-ã	2
yaa	2
yadu	2
yaĩn	2
yara-ã	2
yarú	2
yaũú	2
yeîe	2
yêkin	2
yendũú	2
yerčindu	2
yerčini	2
yerčundudo	2
yerčunu	2
yerdo	2
yernduru	2
yernuru	2
yernurú	2
yerru	2
yêski-ĩ	2
yibedĩ	2
yibedia	2
yibedudo	2
yibeduo	2
yibenar	2
yibeyindã	2
yibeyindiã	2
yibeyindu	2
yibeyindudo	2
yibeyini	2
yidai	2
yîdao	2
yîdisu	2
yidok	2
yîdurú	2
yigar	2
yigides	2
yigiidi	2
yigiidu	2
yiɡar	2
yiɡazu	2
yiɡiid	2
yihetú	2
yihidi	2
yihidĩ	2
yihiti	2
yila	2
yîna	2
yina-ã	2
yis	2
yîši	2
yîšĩ	2
yîšii	2
yîšo	2
yîsuã	2
yitiri	2
yîtu	2
yîturu	2
yizi-ĩ	2
yoburã	2
yobura-ã	2
yoburčundudo	2
yobus	2
yobusoo	2
yobũwo	2
yodurîe	2
yodurkú	2
yodurú	2
yogo	2
yogodo	2
yogur	2
yogusiã	2
yogusidî	2
yogusîe	2
yogusoo	2
yogusú	2
yogusudú	2
yohidî	2
yohudã	2
yôide	2
yôlubaa	2
yoŋu	2
yoobu	2
yopurĩ	2
yuba	2
yudobu	2
yudoki	2
yugobã	2
yugobîe	2
yugonnaá	2
yugonnũú	2
yugopú	2
yugudos	2
yugurĩ	2
yûgurto	2
yuguru	2
yuhaddo	2
yuhadîe	2
yuhatã	2
yuhi	2
yuhudi	2
yûhuti	2
yûko	2
yuma	2
yûo	2
yuroma	2
yuruk	2
yus-kohuru	2
yus-yohu	2
yusonuu	2
yusopi	2
yusuã	2
yûtaar	2
yûuŋ	2
zabčinî	2
zabčundudo	2
zabtindîe	2
zabtudo	2
zabtunã	2
zabtundu	2
zabtunno	2
zamiri	2
zamirî	2
zaptu	2
ziyuo	2
zodi	2
zogo	2
zonjinã	2
zoora	2
zotu	2
zuari-ã	2
zûi	2
zûmuri	2
abagada	1
abagadi	1
abakar	1
abbabu	1
abban	1
abdallah	1
abdelkader	1
abdelnassur	1
abia	1
abiga-ã	1
aboubakar	1
abuki	1
abur	1
abur-ã	1
aburuu	1
abusči	1
abusčindĩ	1
abusčindîe	1
abusčundu	1
abusčundudo	1
abusčunnãá	1
abusčunu	1
abustuda	1
abustundoo	1
abusyodirîe	1
abuzu	1
abuzurîe	1
abuzuru	1
abuzũú	1
ačimmiĩ	1
adagaa-ã	1
adama	1
adami	1
adammi	1
adi-ĩ	1
adia	1
adibia	1
adibimmi	1
adigiba	1
adili	1
adurasa	1
afrigaa-ã	1
afrik	1
afûrik	1
agabko	1
agabtugu	1
agabtugunã	1
agamuru	1
agara	1
agasa	1
aguramua	1
agurruã	1
aɡura	1
ahadar	1
ahumara-ã	1
aiga	1
aii-ĩ	1
aizandũwo	1
akt	1
alamnduda	1
alamndunu	1
alhamdû	1
ali	1
allah	1
allahii	1
allahiĩ	1
allahuzaiĩ	1
allaiĩ	1
allaŋa	1
allayema	1
alli-ĩ	1
alumana	1
amana-ã	1
amanũú	1
ambadio	1
ambanjini	1
ambanjiniã	1
ambayi	1
amina	1
amirig	1
amiriga	1
amirigaa	1
amirik	1
amouna	1
anasna	1
angal	1
aniri	1
annã	1
anna-	1
anniĩ	1
anuraa	1
anuraa-ã	1
aŋgaaldo	1
aŋgaltini	1
aŋgiriĩ	1
aŋgirke	1
aŋguru-ã	1
aŋguruwa	1
arais	1
araku	1
aramaiĩ	1
araŋgada	1
araŋgadaa-ã	1
araŋgadu	1
araŋgayindi	1
araŋgayini	1
arbatas	1
arbidi	1
arbididi-ĩ	1
arbidindî	1
arbidindiã	1
arbidirîe	1
arbidudĩ	1
arbidudo	1
arbindirîe	1
arbinduru	1
arbinîe	1
arbinu	1
arbiyindã	1
arbiyindiã	1
arbiyindu	1
arbiyindudo	1
arbiyini	1
arbiyundu	1
arbudo	1
arbunuũ	1
arčana	1
ardia	1
ardigi	1
ardigiĩ	1
ardiyi	1
arhu	1
arĩ	1
arina	1
arinaa	1
arini	1
arini-ĩ	1
arinũú	1
arkunu	1
armstrong	1
arna	1
arra	1
arrahã	1
arrai	1
arraki	1
arrakinîe	1
arraktudo	1
arrakundunó	1
arrakunnó	1
arrakunú	1
arrayundu	1
arrɑ	1
arri-ĩ	1
arriã	1
arrua-ã	1
arruzodîe	1
arruzodoo	1
artasa	1
arub	1
aša	1
asabtindĩ	1
ašî	1
ašidi-ĩ	1
ašinno	1
askidi-ĩ	1
askido	1
asubuu	1
asuna-ã	1
ata	1
ataga	1
atagundu	1
ãu	1
aun	1
awi-ĩ	1
awomogira	1
ayɑ	1
ayi	1
ayii-ĩ	1
ayinã	1
azaiĩ	1
aziŋgeiĩ	1
azuma	1
azumnjinã	1
azumnjini	1
ɑrrimmi	1
bab	1
babar	1
babarčini	1
babiĩ	1
badaide	1
badaĩde	1
bagara	1
bahar	1
bahuã	1
bandi	1
bannaiĩ	1
bapar	1
bapurã	1
baradii	1
baranaar	1
barandiĩ	1
barandirĩ	1
baranduru	1
baranĩ	1
baranindirî	1
baranjini	1
baranjinî	1
baranjuno	1
baranuma	1
baranumo	1
baranuroo	1
baranuũ	1
baranũú	1
baranuũn	1
baranũwo	1
barayindî	1
barayindu	1
barayunoo	1
barbi	1
barda	1
bardaï	1
barka	1
barkaanji	1
barkaanjuo	1
barkala	1
barkama	1
barkami	1
barkayuo	1
barndaga	1
barru	1
basaĩ	1
basi	1
basiã	1
basoo	1
bata-â	1
bataa-ã	1
batanîe	1
batata	1
bazi	1
bazĩ	1
baziŋge	1
bazoo	1
bazu-ã	1
bazudu	1
bazunnãá	1
bazuwã	1
bɑdɑgɑmmi	1
bɑrɑndɑɑr	1
bɑrɑyindɑ͂	1
bɑrɑyindî	1
bɑrɑyuo	1
bêde-ã	1
bedei	1
bêdei	1
bekiroo	1
bekirú	1
belu-ã	1
bena	1
benii	1
berenuru	1
bereyi	1
bereyuo	1
bêrki	1
bes	1
beũú	1
beũwo	1
beze	1
bezeĩ	1
bi-ĩ	1
bibidi	1
bibiniĩ	1
bibinurdo	1
bibiyinã	1
bibiyindîe	1
bibiyini	1
bibiyinĩ	1
bibiyinnó	1
bibiyunu	1
bîdi	1
bîdibidi	1
bidibidi-ĩ	1
bigize	1
billah	1
billaige	1
billaiĩ	1
billi	1
billige	1
billiĩ	1
bîndie	1
binni-ĩ	1
bîometrig-ã	1
bîrei	1
birgada-ã	1
birhim	1
bîro	1
bišera-ã	1
bišeraa	1
bišeru	1
bîti	1
bizi-ĩ	1
bizigida	1
bizigido	1
bo-ĩ	1
bôbolte	1
bobore-ã	1
bôbori	1
boda	1
bôdi	1
bôdiyi	1
bôdoli	1
bodura	1
bôduyi	1
bôduyudã	1
bôduyuo	1
bogar	1
bogošiã	1
boguriĩ	1
boktiyinî	1
bokundú	1
bôle-ã	1
bôlio	1
bôliyi	1
bôliyinã	1
bôliyinie	1
bolõ	1
bôlu	1
bomboma	1
bomboma-ã	1
bônu	1
boŋu	1
boogur	1
booguriĩ	1
bor	1
borda-ã	1
bordoi	1
bordoi-ĩ	1
bordoo	1
bori-ĩ	1
bôridunu	1
bôridunú	1
borruu	1
bortîe	1
bortuduru	1
bosa	1
bosîe	1
bosiin	1
boso	1
bosoi	1
bosú	1
bosuwã	1
boyaa	1
bôyunu	1
bozu-ã	1
bozuũ	1
bozuwã	1
brahîm	1
brêhim	1
bûbu	1
buda-ã	1
budaa	1
budĩîe	1
budiria	1
budũú	1
bugã	1
bugĩ	1
bûgi	1
bûgidii-ĩ	1
bûgude-ã	1
bugudi	5
bugudiĩ	1
bûgudii-ã	1
bûgudii-ĩ	1
buîe	1
buii	1
bulalia	1
buliĩ	1
bulu	1
bûluma	1
bûlumma	1
bummo	1
bûnnuda	1
buŋa	1
burbaa	1
burbada-ã	1
burbadiyi	1
burbanu	1
burbayi	1
burboo	1
burči	1
bûrčinã	1
burčunã	1
bûrčundã	1
bûrdu	1
bûrdui	1
burkidi	1
burkiide	1
burkua	1
burkua-ã	1
burkuide	1
burkunĩ	1
burkunuwo	1
burkuyini	1
burkuyinîe	1
burkuyunã	1
bûrndu	1
buroĩ	1
burommi	1
bûroyundu	1
bursayi	1
bûrtugunuri	1
buru	1
busama	1
busamaa-ã	1
bûso	1
bũwo	1
buyaa	1
bûyi	1
buyindi	1
buyini	1
buyinu	1
buyundoo	1
buyunîe	1
buyunu	1
bûyunu	1
čaá	1
čaado	1
čaanirî	1
čaanuru	1
čaba	1
čabaka	1
čabčinî	1
čabčunã	1
čabcunu	1
čabčûo	1
čabîe	1
čabti-ĩ	1
čabtindi	1
čabtindĩ	1
čabtu	1
čabtuda	1
čabtudã	1
čabtudo	1
čabtudundu	1
čabtunã	1
čabtuo	1
čabutudã	1
čačabčinã	1
čačama	1
čačamaĩ	1
čačau	1
čadîe	1
čadoo	1
čaduu	1
čagamiĩ	1
čagi	1
čaguna	1
čaido	1
čaiĩ	1
čak-yihidã	1
čakindîe	1
čakunã	1
čakundã	1
čakundu	1
čakunno	1
čammar	1
čammuru	1
čamuũ	1
čamũwo	1
čanara-ã	1
čanú	1
čaŋiĩ	1
čaŋuma	1
čaŋuru	1
čaŋũrú	1
captundu	1
čarkuã	1
čarkuwã	1
čatã	1
čatî	1
čatiĩ	1
čatu	1
čaũwã	1
čauwo	1
čawo	1
čeb	1
čebuɑ͂	1
čegutudo	1
čêke	1
čendĩ	1
čendiĩ	1
cenî	1
čenibu	1
čênie-ã	1
čenigei	1
čeniin	1
čênikiiĩ	1
čênikore	1
čênimadiĩ	1
čênime	1
cenu	1
čerda	1
četã	1
četudo	1
četurã	1
chaï	1
charles	1
ĉî	1
čîã	1
čibabudo	1
čibinni	1
čîčilko	1
čidaanná	1
čidaannó	1
čîdaku	1
čidakunnó	1
čidakunnoó	1
čidau	1
čidauwã	1
čidaũwã	1
čîdii	1
čido	1
čigĩ	1
čîgirtadi	1
čigo	1
čihinedi	1
čihinedu	1
čihinedú	1
čihinedun	1
čîi	1
cîidi	1
čiidi	1
čĩidi	1
čîikidi	1
čikã	1
čîkaã	1
čîkido	1
čikîidi	1
čîko	1
čilaado	1
čilaku	1
čilam	1
čilau	1
čiletu	1
čîlimaĩ	1
čillak	1
čimasa	1
činaa	1
činaado	1
činaĩ	1
činakun	1
činao	1
činati	1
činatoo	1
činaũ	1
čindã	1
čîndi	1
čindoo	1
činu	1
čiŋɡahu	1
čiti	1
čitia-ã	1
čîtie	1
čituã	1
čiwo	1
čîyidindã	1
čizenîe	1
čobe	1
čobu	1
čočur	1
cœur	1
čoguno	1
čôhiri	1
čohuno	1
čohure	1
čokini	1
čolloi	1
čomleya	1
čomleya-ã	1
čomur	1
čoŋga	1
čoŋgî	1
čoŋgia	1
čoŋgo	1
coŋgu	1
čoŋguĩ	1
čoŋgul	1
coŋĩ	1
čoŋî	1
čoŋoo	1
čoŋú	1
čoŋuã	1
čoobĩ	1
čoobîe	1
čoobú	1
čoobuã	1
čoobun	1
čoopã	1
čoopî	1
čoopuã	1
čoopunnã	1
čoopunnaá	1
čoopunnãá	1
čoorku	1
čorti	1
čosu	1
čoto	1
čôto	1
čotoi	1
cour	1
čoyo	1
čûã	1
čuačuanjini	1
čuaddo	1
čuadĩ	1
čuatî	1
čuatu	1
čuatú	1
čub	1
čubapu	1
čubɑbú	1
čubia	1
čubiã	1
čubidi	1
čubiĩ	1
čûbu	1
čubudia	1
čubudoo	1
čubududo	1
čûditi	1
čudu	1
čûdudi	1
čûdurã	1
čûduri	1
čudurtî	1
čûdurti	1
čudurtoo	1
čudurtudo	1
čudurunnó	1
čuduruwã	1
čûdutã	1
čûdutiĩ	1
čûdutu	1
čuhu	1
čuki	1
čûkú	1
čulabã	1
čûlikindi	1
čûlikini	1
čûlloniri	1
čulobã	1
čulod	1
čuloda	1
čulodã	1
čulodu	1
čulopoo	1
čûlukiã	1
čûlukini	1
čumamã	1
čumasa	1
čumohã	1
čumohi	1
čumohudi	1
čumohudĩ	1
čumohudu	1
čumos	1
čumosudîe	1
čunaki	1
čundã	1
čundo	1
cundoo	1
čunnukã	1
čuno	1
čuoda-ã	1
čuodaa	1
čûp	1
čupî	1
čûrčundi	1
čuriĩ	1
čuriki	1
čurui	1
ĉurukã	1
čuruka-ã	1
čuruki	1
čurukoo	1
čûruku	1
čûsči	1
čusturu	1
čuti	1
čutî	1
čutuo	1
čûu	1
čûú	1
čuu-ã	1
čuuã	1
čuudi	1
čuudu	1
čuudurru	1
čuugo	1
čuumbi	1
čuumi	1
čûuna	1
čûuŋ	1
čûuŋgiã	1
čûuŋgu	1
čûuŋie	1
čûuŋîe	1
čûuŋoo	1
čûusu	1
čuziĩ	1
čuzuki	1
čuzukî	1
čuzukĩ	1
čûzukîe	1
čuzukú	1
čuzuo	1
čuzurú	1
čuzuũ	1
čuzuwo	1
daamãá	1
daammá	1
daamũú	1
daardo	1
daardoó	1
daaũn	1
dadarčindi	1
dadarčundu	1
daduma	1
daga-ã	1
dagura	1
dahabuu	1
dahamma	1
dahu-ndoŋi	1
dahugi-ĩ	1
dainnũwo	1
dainua-ã	1
dakide	1
daku	1
dakuma	1
dakurdo	1
dakuũ	1
damma	1
dandîte	1
daŋaidudo	1
daŋaindiri	1
daŋaindurdãá	1
daŋaindũú	1
daraya	1
darbai	1
dardó	1
darkala	1
dazagaa	1
dê	1
dêbe	1
dêbe-ã	1
dêbita	1
dêŋa	1
dêpite	1
derde	1
diaĩ	1
dictionnaire	1
dîgidemma	1
dîgiše	1
diha-ã	1
dîhile	1
dîhillaa-ã	1
dîhini	1
diir	1
diira	1
dimmi	1
dîmukrati	1
dine-ã	1
dînee	1
dînee-ã	1
dînuu	1
diŋguru	1
diŋîe	1
diŋu	1
diŋũ	1
diŋuru	1
diŋuũ	1
dira	1
dîrennuu	1
direnu-sûbi	1
direnua	1
dirgaza	1
dirgazi	1
dirgi	1
dîrke	1
dîstirg-ã	1
distrig	1
dîstrig-ã	1
dizibia-ã	1
dobia-ã	1
dobĩi	1
dobiido	1
dôbudo	1
dôdomure	1
dogudi-ĩ	1
dogudo	1
doguromma	1
dogus	1
dogusa	1
doɡusu	1
dohu-ã	1
doktor	1
dokunú	1
dôluã	1
dôlumnjinĩ	1
dôlumnjundú	1
dôlumurdo	1
dolumurîe	1
doma	1
domaa-ã	1
dômiri	1
dommaa	1
dommagali	1
dommaige	1
doo	1
doogo	1
doohu	1
doondunu	1
doordo	1
dôre	1
dorumma	1
dôu	1
doubada	1
doubadaiĩ	1
doubu	1
doubulei	1
doučua	1
doučuiĩ	1
doučuu	1
dôudo	1
doukalli	1
doukanji	1
dôukinniĩ	1
doukorei	1
doukuna	1
douši	1
douworiĩ	1
douyaiĩ	1
douyeskiĩ	1
douyinniĩ	1
dr	1
dubohur	1
dudoba-ã	1
dudommaa	1
dudu	1
dudugunu	1
dudum	1
dûgule-ã	1
dûgulii	1
dugusa-ã	1
dûi-ĩ	1
dûii	1
dukan	1
dûluyinie	1
dumorriĩ	1
dumorrũwo	1
dumosu-ã	1
dumozi	1
dumozo	1
dunduũ	1
duniri	1
duniriĩ	1
dunji	1
dunodaa-ã	1
dunodĩ	1
dunodon	1
dûnokunoo	1
dunonno	1
dunudi-ĩ	1
dunuru	1
dunurú	1
dunũú	1
dunũwo	1
duŋgu-ã	1
duon	1
duor	1
durã	1
duran	1
durčundu	1
dûrčuo	1
durdaĩ	1
duridi	1
dûrku	1
durkua	1
durmulo	1
duro	1
durrĩ	1
durriĩ	1
durrinjinnãá	1
durru	1
durrú	1
durruã	1
dûrsuna-ã	1
dûrsunee	1
dûrsuno	1
durtiĩ	1
durturîe	1
durturoo	1
durudo	1
durumo	1
durumuú	1
durusa-ã	1
duruũ	1
duruũn	1
duruwã	1
duruwo	1
dûske	1
dûski-ĩ	1
dûude-ã	1
dûudii-ĩ	1
duudu	1
dûusu	1
dũwo	1
duyindã	1
duyindĩ	1
duyindiĩ	1
duyinĩ	1
duyo	1
duyunã	1
duyundi	1
duyundî	1
duyundiã	1
duyundîe	1
duyuni	1
duyunnó	1
duyunú	1
duyunuã	1
duyunun	1
ebera	1
êbi-ĩ	1
êbina	1
edeiĩ	1
êdimede	1
êdirga-ã	1
êdirgee	1
êdirgi	1
egendiri-ĩ	1
egireiĩ	1
êgiše	1
êgiši	1
eheda	1
eheta	1
êhide	1
êhidee	1
êhidi	1
êhidi-ĩ	1
êkol	1
eli	1
êlinuu-ã	1
êllei	1
êlleige	1
ellekuna	1
êllimi	1
êlou	1
eluã	1
êmi	1
emmi	1
êmmiĩ	1
ênei	1
er	1
êrbedige	1
ere	1
êre-ɑ͂	1
ereã	1
erebela	1
eredaa-ã	1
êredi-ã	1
êredie	1
êrezei	1
êreziĩ	1
êriskiniria	1
êriskinurú	1
êriskiyinã	1
êriskiyindiã	1
êriskiyini	1
êriskiyinîe	1
êrše	1
ešee-ã	1
êšidemi	1
êšiĩdo	1
êšimaĩ	1
êska-ã	1
êske-ã	1
eskenuã	1
eskenuu-ã	1
et	1
ethnographique	1
êyibi	1
êyima	1
êzimbii	1
êzimmi	1
fan	1
furas-ã	1
furasaa-ã	1
furase	1
gabčinã	1
gabčinduã	1
gabčudã	1
gabčunã	1
gabcundã	1
gabčunno	1
gabčuo	1
gabdo	1
gabon	1
gabtundã	1
gaburru	1
gaburrũú	1
gaburtundú	1
gagalîe	1
gagalnurdoó	1
galaa-ã	1
galayunã	1
galayunu	1
galîe	1
galîe-ã	1
galigi-ĩ	1
galigo	1
galihe	1
galihe-ã	1
galiide	1
galiido	1
galmaiĩ	1
galmaĩĩ	1
galmaîmi	1
galu	1
gaŋandidĩ	1
gaŋannĩ	1
gaŋanu	1
gaŋanũwo	1
gapčinda-ã	1
gapčûnno	1
garabûbu	1
garčinî	1
garnaar	1
garndirĩ	1
garndu	1
garnjindi	1
garnunar	1
garsa	1
garsu	1
gartar	1
gartu	1
garturu	1
gaši	1
gašiĩ	1
gêdei	1
gêgiĩ	1
gesu-ã	1
getiĩ	1
gezeyi	1
gibii-ĩ	1
gibin	1
gidemai	1
gihinni	1
gimia	1
gîmie	1
gimimmi	1
gina	1
gînidu	1
gira	1
giraša	1
giraši	1
girigiĩ	1
gîrki	1
gîrtaammoó	1
girtakiri	1
gîyu	1
go-ĩ	1
godi	1
gôido	1
gokĩ	1
gokîe	1
goku	1
gôloptuguni	1
gonne	1
gorkar	1
gorsua	1
gorsuda	1
gosčundú	1
gosčunoo	1
gostu	1
gostunoo	1
gostuyundu	1
gosu	1
goũsu	1
goyi	1
gôzugu	1
gûbčunú	1
gubidde	1
gubidi-ĩ	1
gubodaa	1
gubon	1
gûbtunú	1
gubudda-ã	1
gubudde	1
gubugi-ĩ	1
gûbule	1
gudaa	1
gudiin	1
gudio	1
gudiyini	1
gududa	1
gudura-ã	1
gûduro	1
guduyinnu	1
gûe	1
gui	1
gûi-ĩ	1
gûkuni	1
gulagi	1
gumara	1
gûmodi	1
gumortoĩ	1
gûmude	1
gunasua	1
gûni-ĩ	1
guniĩ	1
gunirîe	1
gûnjinu	1
gunjundîe	1
gunjunnú	1
gunjunú	1
gûnjunuã	1
gunnɑ	1
gûnnji	1
gûnnjunã	1
gûptiyinie	1
gur-gur	1
gurahunu	1
guram	1
gûrbe	1
gûri	1
gurmortoĩ	1
gurnadiyinîe	1
gurnadiyunu	1
gurnandĩ	1
gurnandu	1
gûroa	1
guroi	1
guronji	1
gûrre	1
gurtakũ	1
gurtarĩ	1
gûrtĩ	1
gurtu	1
guruã	1
gûruguruši	1
gurunu	1
guruo	1
gûruse	1
gûruyini	1
guruyinîe	1
guskur	1
gustave	1
gusu	1
gusui	1
guwerner	1
guwerner-ã	1
gûyi	1
guyindîe	1
guyindudo	1
guyinĩ	1
guyinîe	1
guyinuã	1
guyunã	1
guyundã	1
guyundi	1
guyundĩ	1
guyundu	1
guyunno	1
guyunnó	1
guyunnoó	1
guyunoo	1
ɡaŋannĩ	1
ɡarabûbo	1
ɡarčinî	1
ɡiba	1
ɡibi	1
ɡibi-ã	1
ɡôki	1
ɡona	1
ɡubudi	1
ɡubudĩ	1
ɡubuɡi-ĩ	1
ɡunnoó	1
ɡûrbe	1
ɡuyindã	1
ha-ha	1
habiriĩ	1
hadĩ	1
hadii	1
hadĩîe	1
hadiige	1
hadirĩ	1
hadiriadu	1
hadisã	1
haduda	1
hadudo	1
hadum	1
hadumma	1
haga	1
hago	1
haharru	1
haide	1
hakannú	1
hakanu	1
hakindi	1
hakindĩ	1
hakindu	1
hakini	1
hakuã	1
hakum	1
hakuma	1
hakuma-ã	1
hakumaa-ã	1
hakummaa-ã	1
hakundoo	1
hakundú	1
hakundunó	1
hakunnũú	1
halali	1
hallagan	1
hamid	1
hanadii-ã	1
hanadudo	1
hanandaar	1
hanandiĩ	1
hanandinĩ	1
hanandiri	1
hanandummó	1
hananĩ	1
hananirîe	1
hananjinĩ	1
hananjinnãá	1
hananũ	1
hananumá	1
hananummá	1
hananurdãá	1
hananurdó	1
hananuru	1
hananuũn	1
hanayinã	1
hanayindiã	1
hanayindîe	1
hanayinîe	1
hanayinnoó	1
hanayinuã	1
hanayudunnoó	1
hanayundu	1
hanayundudo	1
hanayundunnó	1
hanayunno	1
hanayunnoó	1
handaiĩ	1
handuroo	1
handurú	1
haniĩ	1
hannai	1
hannaige	1
hanummó	1
haŋgirîe	1
haŋgundoo	1
haŋɡurú	1
haŋiri	1
haŋirîe	1
haŋirin	1
haŋum	1
haŋurú	1
haŋũwã	1
haraga	1
harara	1
haraũ	1
harčinã	1
harčini	1
harčuna	1
harčunã	1
harčundu	1
harčunoo	1
harčunu	1
harîriwo	1
harmala	1
hartundã	1
hassanmidoma	1
hatar	1
hati	1
hatĩ	1
hatiĩ	1
hatirã	1
haturú	1
hatũwo	1
hauyinî	1
hayali	1
hayî	1
hayima	1
hayimala	1
hayin	1
hayina-ã	1
hayuo	1
hɑkuo	1
hɑŋɑɑr	1
hɑŋum	1
hɑŋuũ	1
hê	1
hêdegi	1
heeč	1
hêmmi	1
her	1
heraa	1
herde	1
herdeiĩ	1
heremaido	1
heremaĩdo	1
herrenji	1
heru	1
hidendi	1
hidendĩ	1
hidendiã	1
hidendoo	1
hidendu	1
hidi	1
hidĩîe	1
hidimo	1
hidirdoó	1
hîĩĩĩĩĩ	1
hik-hitiri	1
hik-ndoduri	1
hik-njogusi	1
hik-yidir	1
hik-yihitîe	1
hik-yihitú	1
hik-yodirkîe	1
hikini	1
hiknjodurki	1
hilaba	1
hilia	1
hilidi	1
hiliniri	1
hiliya	1
hiliyindî	1
hiliyinî	1
hilly	1
hîna-ã	1
hindiĩ	1
hindirîe	1
hindu	1
hinîe	1
hinindirĩ	1
hinirči	1
hiniri	1
hinjala	1
hinjala-ã	1
hinjindoo	1
hinjinoo	1
hinnindiri	1
hinurã	1
hinuru	1
hirčinoo	1
hirčuo	1
hirrenĩ	1
hirrenjindiã	1
hiše	1
hîti	1
hitiri	1
hituroo	1
hituru	1
hiye	1
hiyendiã	1
hiyenĩ	1
hiyeniã	1
hiyeniê	1
hiyenu	1
hiyeo	1
hiyinoo	1
hiyunno	1
hôbube	1
hočinã	1
hočuno	1
hôde	1
hodi-ĩ	1
hôdolčinu	1
hoho	1
hohoda	1
hokiniĩ	1
hôkor	1
hôkorči	1
hôkorčunu	1
hôkorti	1
hoktudundi	1
hoktudundu	1
hoktundã	1
hoktundi	1
hoktuuo	1
hokunu	1
hokuo	1
hôkurru	1
holčindî	1
hôli	1
holti	1
holtindĩ	1
holtunã	1
holtunãá	1
holtuno	1
hôlubti	1
hônniĩ	1
hoŋar	1
hoŋgaa	1
hoŋgu	1
hôŋgulčini	1
hôŋgulniĩ	1
hoŋgũú	1
hoŋu	1
hoŋuũ	1
hoo-ĩ	1
hopusa	1
hor	1
horčindi	1
horčinîe	1
horčundu	1
horčuo	1
horidi	1
horidide	1
horidu	1
horiduda	1
horindar	1
horiyi	1
horiyinîe	1
horiyundu	1
horiyunduã	1
horiyunú	1
horkusdo	1
horkusuu	1
hormoso	1
hortidi-ĩ	1
horuyundã	1
hosčindi	1
hosčini	1
hosčinoo	1
hosčundú	1
hosčunnó	1
hosčuo	1
hošia	1
hostunnó	1
hosu-ã	1
hosudo	1
hûdaar	1
hûdi-ĩ	1
hûduo	1
hûdurdo	1
hûduu	1
hûe-ã	1
huiĩ	1
huka	1
hukaiĩ	1
huki	1
hukti	1
hukti-ĩ	1
huktia	1
huktia-ã	1
huktiaa	1
huktii	1
hûktini	1
huktu	1
hûktu	1
huktunã	1
hukundi	1
hukundoo	1
hukunu	1
hukurîe	1
hukuroo	1
hûlko	1
hûmbi	1
hunãa	1
hûnde	1
huni	1
huni-ĩ	1
hunjal-ã	1
hûnuri	1
huŋu	1
hurasa-ã	1
huraša-ã	1
hurgi	1
hurgiã	1
huri	1
hurîe	1
hûriyini	1
hûrodi-ĩ	1
hurosčinîe	1
hurosčunu	1
hurosčunú	1
hurosndiĩ	1
hurosndundi	1
hurosndunú	1
hurosnunurú	1
hurostindi	1
hurostinĩ	1
hurostinîe	1
hurostu	1
hurostudo	1
hurostunã	1
hurostunnó	1
hurozu	1
hurozũú	1
hurro	1
hurtunaa	1
huru-ã	1
huruu	1
husariĩ	1
huši-ĩ	1
hûski	1
hušunu	1
hûturdo	1
hûturdoo	1
huturoo	1
huurdoó	1
huurîe	1
huyabî	1
huyabiadu	1
huyabu	1
huyi	1
hûyinu	1
hûyundoo	1
hûyundudo	1
hûyunu	1
hûyuo	1
huzandirî	1
huzanîe	1
huzanu	1
huzanuru	1
huzanũú	1
huzayina	1
huzayunno	1
îlima	1
ilimnna-ã	1
ilmnna-ã	1
indunizia	1
iŋaiĩ	1
iŋgliŝka	1
îslamo	1
ize	1
justice	1
kaala	1
kaaši	1
kabči	1
kabčunu	1
kabili	1
kabten-ã	1
kabula	1
kadadi-ĩ	1
kadi	1
kadibila	1
kadudo	1
kaga	1
kagi	1
kaguiĩ	1
kaguyiredo	1
kahagaa	1
kalabčundu	1
kalabtundu	1
kalaka-ã	1
kalamimi	1
kalasa	1
kalia	1
kaliĩ	1
kallibu	1
kalligo	1
kalliĩ	1
kallike	1
kallikore	1
kallikorei	1
kallimi	1
kalliyesu	1
kalubu	1
kalukere	1
kanda-ã	1
kandamaniri	1
kandamayi	1
kandamayindã	1
kandi	1
kandiri	1
kandudo	1
kanjiĩ	1
kanjindi	1
kanjinĩ	1
kanjinu	1
kanjunno	1
kannu	1
kapiten-ã	1
kapural	1
kara-hitiri	1
karadia	1
karadii	1
karadii-ĩ	1
karahada	1
karahado	1
karahidirî	1
karanar	1
karandî	1
karandîe	1
karandummoó	1
karanduri	1
karaniri	1
karanurã	1
karanuũ	1
karayi	1
karayihidî	1
karayinã	1
karayindiĩ	1
karayindoo	1
karayindu	1
karayinî	1
karayiniadu	1
karayundoo	1
karayundu	1
karayunno	1
karayunnó	1
kariyindîe	1
karri	1
kasčunã	1
kasčundu	1
kasndũwo	1
kasu	1
kasuguu	1
kawili	1
kayinu	1
kayuma-ã	1
kayuo	1
kayũwa-ã	1
kazadu	1
kazîĩ	1
kaziraa	1
kazubila	1
kazuru	1
kazuũ	1
kazũwo	1
kɑsuguɑ	1
kedigiĩ	1
kedigindoo	1
kedu	1
kedugu	1
kedugunã	1
kedugundu	1
keduguo	1
kedundũú	1
keesa-ã	1
keesaa	1
kegirčuo	1
kegirti	1
kegurčuo	1
kegurnuru	1
kegurru	1
kekeyunu	1
kêle	1
kele-ã	1
keledidiĩ	1
keledudo	1
kêleĩ	1
kelenirĩ	1
kelenu	1
kelenuru	1
kelenuũ	1
keleya	1
kêleyi	1
keleyinîe	1
keleyinoo	1
keleyunu	1
kêleyunu	1
keleyuo	1
kelleã	1
kêllei	1
kelley	1
kenar	1
kenduroo	1
kenehertu	1
keñeli	1
keniniri	1
keniri	1
kenjidi	1
kenjinã	1
kenjuo	1
kenurdoó	1
kenurú	1
kêrebina	1
kerebinaa	1
kesidirîe	1
kesiduru	1
keyinoo	1
keyundunó	1
keyunu	1
keziĩ	1
keziri	1
kezummo	1
kîbidi	1
kibiduru	1
kidekinã	1
kidekundã	1
kidekundu	1
kidekunnãá	1
kidekunoo	1
kidekunu	1
kidekunú	1
kideŋiri	1
kideŋũwo	1
kiha	1
kîhide	1
kiidu	1
kiidũ	1
kiitar	1
kiituru	1
kilima	1
kîlime	1
kiliyi	1
killena	1
killeyi	1
kîlma	1
kîlometra	1
kindigi	1
kineči	1
kinečinî	1
kinečundu	1
kineduã	1
kinehummó	1
kinennu	1
kinennũ	1
kinenũwo	1
kinesîĩe	1
kineti	1
kîniĩ	1
kînimmi	1
kînjige	1
kînjigi-ĩ	1
kînjigii	1
kînjigii-ĩ	1
kinnedo	1
kinnehar	1
kinnehũú	1
kinni	1
kinnĩ	1
kinniã	1
kînnia	1
kînniã	1
kinniĩ	1
kinnimi	1
kinyaï	1
kirčik	1
kiresa-ã	1
kiresaa	1
kiresu	1
kîrido	1
kîrisie	1
kîši-ĩ	1
kišia	1
kišiaa	1
kišiga	1
kišiga-ã	1
kiyenã	1
kîyi-ĩ	1
kîyikindã	1
kîzigie-ã	1
koak	1
kobumma	1
kobummoó	1
kôbus-ã	1
kôbusa	1
kobuũ	1
kôčindu	1
kôčinĩ	1
kôčinu	1
kočunoo	1
kôčunoo	1
kôčunu	1
kôčunú	1
kôčuo	1
kodemmi	1
kôdere	1
kôdiri	1
kodordo	1
koduhor	1
koduroo	1
kogaya-ã	1
kogoda	1
kogodaa	1
kogoyaa-ã	1
kohĩ	1
kohidĩ	1
kohidiri	1
kohidirî	1
kôhiĩ	1
kohĩîe	1
kohiri	1
kohiriã	1
kohoduri	1
kohon	1
kohori	1
kohudar	1
kohudîe	1
kohudiri	1
kohudirî	1
kohudiriĩ	1
kôhudo	1
kohudummoó	1
kohuduru	1
kohudũwo	1
kohummo	1
kohummoó	1
kohunu-ã	1
kôhur	1
kohurã	1
kôhurde	1
kohurĩ	1
koi	1
koî	1
koidi	1
kôii	1
kôindu	1
kôka	1
koki	1
kôkiĩ	1
koko	1
kokodo	1
kokoi	1
kokondu	1
kôkore	1
koktuda	1
kôku	1
kôkuma	1
kokuo	1
kôllige	1
kolloi	1
koloki-ĩ	1
koloni	1
kôloni	1
kôma	1
kombitur	1
komboã	1
kômie	1
kommanda	1
kômodi	1
komonda	1
komondo	1
končindi	1
kônčindi	1
konda-ã	1
kondaa	1
kôndɑr	1
kondo-ã	1
kôndoguda	1
kôndogudo	1
kondura	1
koniri	1
kônirî	1
konnadadu	1
konnadan	1
konnar	1
konno	1
konnoda	1
konnu	1
kono	1
kôñoi	1
konuri	1
konurîe	1
konuũ	1
koodi	1
kôodi	1
kopaar	1
korei	1
kôremi	1
koreya	1
kôrige	1
kôrimei	1
kôrinu	1
kôriyunu	1
korou	1
korri	1
korrodo	1
kôrromumã	1
korturú	1
korumi	1
kory	1
kôsei	1
kôšei	1
kôšigã	1
kôšige	1
kôšime	1
kôsiri-ndodiri	1
kôso	1
kôsoi	1
kôsoŋa	1
kosoya	1
kôsurda	1
koto	1
kotoko	1
kotoo	1
kôwori	1
kowula	1
koya-ã	1
kôze	1
kôzi-ĩ	1
kozuna	1
ku-ĩ	1
kuã	1
kua-ã	1
kuakua	1
kubobo	1
kubokubodo	1
kudaammó	1
kûde	1
kudohũwo	1
kûdugurã	1
kudukundî	1
kudur	1
kudurčunoo	1
kudurdo	1
kufura	1
kûfura	1
kugĩ	1
kûgu	1
kugui	1
kuhu	1
kuhuyi	1
kuhuyini	1
kuhuyunã	1
kuhuyunuã	1
kukubčundu	1
kulliĩ	1
kulo-ã	1
kulogaa	1
kulogtugu	1
kulogtugunã	1
kuloktugunuã	1
kumayinu	1
kûmnji-ĩ	1
kumo	1
kûmusuluũ	1
kûmuũ	1
kundahiĩ	1
kundahu	1
kûndiri	1
kundugaĩ	1
kundundunnó	1
kunja	1
kunjini	1
kûnnuma	1
kûnolũ	1
kunuã	1
kunuke	1
kunun	1
kunusu-ã	1
kuo	1
kurak	1
kuran-ã	1
kuranig-ã	1
kuranna	1
kuranno	1
kurannoo	1
kurbaa	1
kurčuk	1
kûrdi	1
kûriyindi	1
kûriyinĩ	1
kûriyinoo	1
kûriyunoo	1
kûrku	1
kûrma-ã	1
kurra	1
kurriĩ	1
kurrú	1
kurrudo	1
kûrši	1
kurtege	1
kûrtiĩ	1
kûrto	1
kûrtudu	1
kûrtum	1
kûrturu	1
kuruar	1
kuruku	1
kurukuã	1
kûrukuriyini	1
kûrunduru	1
kûruyindi	1
kûruyini	1
kûruyunã	1
kûruyundã	1
kuša	1
kuše	1
kušeiĩ	1
kusuda-ã	1
kusudaa	1
kusudo	1
kusunu	1
kusunummo	1
kusuyunu	1
kuur	1
kuuru-ã	1
kuya	1
kuyi	1
kûzi	1
kûzi-ĩ	1
kûzumure-ã	1
laba	1
ladi	1
ladini	1
ladîsã	1
ladiyinã	1
ladu	1
ladugunu	1
lahadia	1
lahadindiĩ	1
lahadiyunno	1
lahadundu	1
lahaduo	1
lahandiĩ	1
lahanuru	1
lahayinã	1
lahayinîe	1
lahayunã	1
lahayundu	1
lahayunu	1
lahayuo	1
lainlainde	1
lamara	1
lamaraa	1
lamum	1
lanar	1
landa	1
landadũwo	1
landanîe	1
landayinîe	1
landurã	1
landuru	1
landũú	1
lanĩîe	1
lanjundu	1
lanuri	1
lanuroo	1
lanuũ	1
lanũú	1
lapčundun	1
laraa	1
larda-ã	1
laũ	1
layaa	1
layinoo	1
laynidîe	1
layundu	1
ledũ	1
lêeniĩ	1
leenu	1
lêkole	1
lema	1
lemaiĩ	1
lemnjinĩ	1
lendurdo	1
lennũú	1
lenũú	1
lêo	1
ler	1
lerči	1
lerčunã	1
lerčunno	1
lerčunnon	1
lerde	1
lerdeĩ	1
lernjunnoó	1
lertua	1
leyi	1
leyundu	1
leyunú	1
libiã	1
lîbia-ã	1
libiana	1
lida	1
lidaa	1
lîdi	1
lidia	1
lidido	1
lidîe	1
lidudo	1
ligĩ	1
ligiĩ	1
lîhi	1
lio	1
lîyinã	1
lo	1
lo-ĩ	1
lobčindã	1
lobčundã	1
lobčuo	1
lobnjinî	1
lobnjinîe	1
lobtudã	1
loburĩ	1
loburoo	1
lobũwo	1
lodiĩ	1
lôdundi	1
lodurîe	1
logortor-ĩ	1
logortora-ã	1
logotoraa	1
logotorii	1
logotorii-ĩ	1
loĩ	1
lokinî	1
lokurú	1
lôlohi	1
loloyunu	1
lônu	1
loode	1
lôore	1
lôori	1
lôoše	1
lopčunoo	1
loptuda	1
loptudo	1
loptuyunno	1
lopuri	1
lûdini	1
lûdiyindie	1
ludiyundunnãá	1
lûdundi	1
lûdura-ã	1
lûduyindã	1
lûduyindie	1
lûduyindunnãá	1
lûduyundoo	1
lûduyundu	1
lûduyundú	1
lûduyunu	1
lugaluga	1
lugaluga-ã	1
lûgu	1
luguã	1
luguran	1
luguran-ã	1
lûkiĩ	1
lukiri	1
lukũ	1
lukurã	1
lukurdoo	1
lukurîe	1
lukuroo	1
lukurú	1
lûle	1
lûliyo	1
lûluga-ã	1
lûndu	1
lûniri	1
lûnuri	1
lûnuru	1
luuroo	1
lũwo	1
lûyudiã	1
lûyunã	1
lûyundoo	1
lûyuo	1
maaduna	1
maaduna-ã	1
maadunaa	1
maadunu	1
maama	1
maammó	1
maana	1
maardo	1
maardó	1
maarĩ	1
mabrouka	1
mada-ã	1
madaa	1
madagal	1
madi	1
magaza	1
mahouma	1
mahumat	1
mahunu-ã	1
maina	1
maĩnne	1
maĩyi	1
maiyuo	1
makaiĩ	1
makaru	1
makiĩ	1
makumaá	1
makumũú	1
makurdãá	1
makurú	1
mallûma	1
mallumaa	1
mallumaa-ã	1
malum	1
maluma-ã	1
malumma	1
mami	1
manda	1
manu	1
marčinne	1
marda-ã	1
mardakore	1
mardakunu	1
mardama	1
mardamai	1
mari	1
maru	1
mas	1
mašandiri	1
mašaniĩ	1
masar-ã	1
mašayindiã	1
mašayunda-ã	1
mašayuo	1
mašin	1
mašîn	1
masunnuú	1
masuu	1
matara	1
maũú	1
mazi	1
mazoo	1
mazu	1
mazudo	1
mazunnoó	1
mazunnũú	1
mɑɑri	1
mɑkɑr	1
mɑkuru	1
mɑnnu	1
mbîde-ã	1
mêda	1
mêdee	1
meherem	1
mejelle	1
melčinã	1
meltudoo	1
meltunoo	1
mer	1
merdege	1
metur	1
metura	1
mi-ĩ	1
mia-ã	1
midimidaa	1
migizaa	1
migizeyi	1
migizi-ĩ	1
migizii	1
miɡizi-ĩ	1
miikore	1
mikroskob	1
mindîe	1
mindil	1
mîniri	1
mînister	1
mînistra	1
mînistra-ã	1
minni	1
mîski	1
miskile-ã	1
moda-ã	1
môde	1
môdenus	1
môdi-ĩ	1
môgiri	1
môgo	1
mogodã	1
môgoda-ã	1
môgodee	1
môgodi	1
môhunni-ĩ	1
mohurã	1
môido	1
môindaĩ	1
mokundu	1
mokunu	1
môli	1
môlia	1
moliĩ	1
môliĩ	1
môlikinniĩ	1
môlimaĩ	1
môlime	1
môlimi	1
môliyun	1
molloi	1
môora-ã	1
môore	1
morčindî	1
morčindîe	1
morčini	1
morčinîe	1
morčudoo	1
morčunã	1
morcundú	1
morčundu	1
morčunno	1
morčunnoó	1
morčunoo	1
morčunu	1
morti	1
mortini	1
mortuda	1
mortuda-ã	1
morum	1
môša-ã	1
môšaa	1
môšee-ã	1
moši-ĩ	1
môsiduũ	1
mošii-ĩ	1
môšinimo	1
môšinu	1
môšiyindi	1
môsoul-ã	1
mosu	1
moussa	1
moyo	1
môyogu-ã	1
môyunu	1
mozú	1
mudi-ĩ	1
mudo	1
mudu	1
muduruã	1
muganar	1
muganirĩ	1
muganu	1
mugayinã	1
mugayinîe	1
mugayundú	1
mugayundunó	1
mugayunu	1
mûgoi	1
muguna	1
muguni-ĩ	1
mûhum	1
mũi	1
mûie	1
mukaar	1
mukuru	1
muma	1
munda-ã	1
mundo	1
mundudu	1
mundugã	1
munduo	1
munjuo	1
munuũ	1
mûrdom	1
murdum	1
murodu	1
mûše	1
mûšidayindã	1
mûšide	1
mûšidi	1
mûšie	1
mûšii	1
mûšini	1
muskaa	1
muskor	1
muskora	1
muskora-ã	1
mûsore	1
mûsori	1
mûstudo	1
mûsuluã	1
musuluma	1
musuluo	1
muuĩ	1
mûurã	1
mûuriin	1
muyuga	1
mûzaharad	1
mûzii	1
mûzueri	1
ñaa	1
naamo	1
naardo	1
naaru	1
ñabudur-ã	1
nachtigal	1
naharã	1
naharka-ã	1
naharkayini	1
naharu-ã	1
naiĩ	1
naizanu	1
nakuroo	1
nakuwo	1
nana	1
narogi-ĩ	1
nas	1
nassor	1
nasu-ã	1
nasuu	1
nations	1
nɑkuru	1
ndabčundu	1
ndar	1
ndebia	1
ndêbiše	1
ndedã	1
ndeddo	1
ndedo	1
ndedoo	1
ndeduã	1
ndenĩ	1
ndeni-ĩ	1
ndešoo	1
ndeũwo	1
ndi	1
ndibennĩ	1
ndidaii-ĩ	1
ndidĩ	1
ndîdi	1
ndidi-ĩ	1
ndigandi	1
ndigani-ĩ	1
ndigannĩ	1
ndigirdenú	1
ndigirĩ	1
ndigirîe	1
ndihinedi	1
ndiĩ	1
ndinaa	1
ndinai	1
ndinaĩ	1
ndirĩ	1
ndobuska	1
ndoduri	1
ndogurka	1
ndogusã	1
ndogusîe	1
ndogusudo	1
ndohã	1
ndohú	1
ndoia	1
ndondurii	1
ndoŋusoo	1
ndooŋgo	1
ndoopudu	1
ndoorĩ	1
ndori-ĩ	1
ndosu	1
ndu	1
nduadi	1
nduatoo	1
nduatu	1
ndubabka	1
nduborrã	1
ndubugĩ	1
ndûdudĩ	1
ndugan	1
nduganî	1
nduganĩ	1
ndugobi	1
ndugudi	1
ndûgudĩ	1
ndugudosi	1
ndûhudi	1
nduhui	1
ndûhui	1
nduhukĩ	1
ndukoo	1
ndumma	1
ndunutu	1
nduŋohú	1
nduŋosa	1
ndupudo	1
ndurɑ͂	1
nduroo	1
ndurrîe	1
ndûrto	1
nduru	1
ndurú	1
nduruã	1
ndurui	1
ndusu	1
ndusui	1
ndûu	1
nduudi	1
ndûusi	1
ndûuskĩ	1
ndûusoo	1
ndûusu	1
nduuũ	1
nduzoo-ĩ	1
nduzudo	1
ne-yihitoo	1
nêbe-ã	1
nebi	1
nediriin	1
neduã	1
neduo	1
nêgi-ĩ	1
nêgii-ĩ	1
ñêi	1
neil	1
ñekindî	1
ñekinno	1
ñekududo	1
nekundu	1
nekundudo	1
nekunnó	1
nekunu	1
ñekuo	1
nendir	1
nendiriã	1
nendirîe	1
nendummó	1
nendundunnó	1
nenduroo	1
nendurú	1
neŋgu	1
neŋiri	1
neŋurú	1
neŋũú	1
ñêo	1
ner	1
nerdo	1
nerî	1
nerĩ	1
neriadu	1
neriĩ	1
nerkadugundã	1
nerkagurčunoo	1
nerkayuno	1
nerkodo	1
nerú	1
nessans	1
ñi-ĩ	1
nîdiri	1
nîdurdo	1
niga	1
nigayi	1
nîgei	1
ninaarî	1
niridenú	1
niridu	1
nirinãá	1
niroo	1
nîšã	1
niši	1
nîšie	1
nîšu	1
nîyer	1
nîyera-ã	1
nîyeria	1
nîyeruu	1
njaabi	1
njaasoo	1
njaasú	1
njamena	1
ñje	1
njedo	1
njendã	1
njendiã	1
njendunnó	1
njenĩ	1
njeniã	1
njenîe	1
njeniĩn	1
njeo	1
njetuã	1
njidaa	1
njidaá	1
njidakú	1
njidaú	1
njîde	1
njîdi	1
njîdo	1
njîdu	1
njigapčinî	1
njigidesi	1
njiginesu	1
njihined	1
njihinedi	1
njihinedú	1
njii	1
njiĩ	1
njilčundu	1
njinak	1
njîo	1
njiti	1
njîtia	1
njîtú	1
njizeniĩ	1
njizennĩ	1
njizenoo	1
njobusudã	1
njogusã	1
njogusĩ	1
njôlči	1
njôlnar	1
njoŋgudo	1
njoŋiĩ	1
njoŋu	1
njoob	1
njoobu	1
njor-yohudoo	1
njorčinoo	1
njorra-ã	1
njorru	1
njua	1
njuadĩ	1
njuadú	1
njuati	1
njubabi	1
njubabú	1
njubonú	1
njuboo	1
njudurtunnãá	1
njugudosu	1
njuhadi	1
njuhatã	1
njuhatunnoó	1
njuhuk	1
njûku	1
njulopu	1
njûnji-ĩ	1
njûnju-ĩ	1
njûo	1
njûrri	1
njusoboo	1
njusobú	1
njûsopoo	1
njûú	1
njuzukinî	1
njûzuktundú	1
njuzukunã	1
njuzuŋu	1
nobtugurru	1
nobusuri	1
nodurri	1
nodurrú	1
nogiĩ	1
nogor	1
nogoše	1
nogusurîe	1
nôguzi-ĩ	1
noguziĩ	1
nôguzuu	1
noguzuu-ĩ	1
nôɡuzi-ĩ	1
nohî	1
nohîe	1
nohu	1
nohunnoó	1
nohuri	1
nokeĩ	1
nokiĩ	1
nôkur	1
nôkuri	1
nôkuriĩ	1
noniĩ	1
nonogo	1
noŋurî	1
noŋuru	1
noo	1
noogodo	1
noonnó	1
nooša-ã	1
norogĩ	1
norruyi	1
nôsurdo	1
nouši	1
ñoyi	1
nũa	1
nuadiri	1
nubazã	1
nuburo	1
nuburoo	1
nudaarîe	1
nudaarú	1
nudũ	1
nugondu	1
nugonnaã	1
nugudosuduri	1
nuhadar	1
nuhadiriã	1
nuhadiriĩ	1
nuhaduroo	1
nuhatirîe	1
nuhaturi	1
nûkundi	1
nûkunoo	1
ñuloki	1
ñulokundu	1
num	1
numa-ã	1
numii-ĩ	1
numma	1
numoga-ã	1
numogaa-ã	1
numoi	1
nunã	1
nunaari	1
nunar	1
nûnju	1
nûnjui	1
nunohoo	1
nunoska	1
nunwo	1
nuŋgar	1
nuŋguri	1
nûŋo	1
nûŋuri	1
nuŋuu	1
nuŋũú	1
nûŋuũ	1
nûr	1
nurbo	1
nûre	1
nuron	1
nûruyunoo	1
nusopuri	1
nusu	1
nûu-ã	1
nûuã	1
nuudi	1
nuũwo	1
nuzuwã	1
ŋalčinî	1
ŋali	1
ŋalsu	1
ŋgadi	1
ŋgɑɑ	1
ŋgirennoó	1
ŋgiri	1
ŋgirîe	1
ŋgirigĩ	1
ŋgiša	1
ŋgoa	1
ŋgoa-ã	1
ŋgoi	1
ŋguladũ	1
ŋguladuũ	1
ŋgumo	1
ŋgumodo	1
ŋguyo	1
ŋɡirihĩ	1
ŋɡoo	1
ŋibi-ĩ	1
ŋilii	1
ŋiliĩ	1
ŋiroo	1
ŋisči	1
ŋîsčunã	1
ŋisčundudo	1
ŋîsčuo	1
ŋîsndurú	1
ŋîsnjinie	1
ŋîzĩwo	1
ŋololo	1
ŋudu	1
ŋuido	1
ŋuyuo	1
o-o	1
obdilgadir	1
ôbu	1
ôbukunu	1
ôburka	1
odi	1
odii-ĩ	1
ôdiñašidi	1
ôdiri	1
odorgi-ĩ	1
ôdurčunu	1
ôdure	1
oduwoyaa	1
ôe	1
oga-ã	1
ogaa-ã	1
ogo-ã	1
ogoi	1
ogole	1
ôgu-ã	1
ôgugu	1
ôguli	1
ôguni	1
ôgunni-ĩ	1
ogunno	1
ôguri	1
ôguzuã	1
oguzuu	1
ôguzuudo	1
ôhiĩ	1
ohogo	1
ohona	1
ôhurre-ã	1
ôhurri	1
ôiya	1
okiĩ	1
ôkimi	1
okor	1
okormi	1
ôlii-ĩ	1
ôlli	1
ôlliyi	1
ollobodu	1
ôlluaiĩ	1
ôlluki	1
ôluã	1
ôluga	1
ôluga-ã	1
ômbuã	1
ômbulob	1
ômiri	1
ômiri-ĩ	1
ômu	1
ômura-ã	1
ômurbu	1
omure	1
omuri	1
ômuria-ã	1
ômuriĩ	1
ondugoii-ĩ	1
onduɡoĩ	1
onjo	1
onoũ	1
onuri-ĩ	1
oŋgohi	1
oŋgorčindi	1
ôŋguli-ĩ	1
oorčinoo	1
oorčuo	1
oorda	1
oorzunsundu	1
oozuu	1
ôrde	1
ôrdi-ĩ	1
ordiĩ	1
ôrdubo	1
ôrezaa-ã	1
ôridunu	1
ôrku	1
ormii-ĩ	1
ormogoa	1
ormoo	1
orno	1
ôronu	1
ôrozido	1
ôrozo	1
orraa	1
orroda	1
ôrroda	1
orrodi-ĩ	1
ôrroi	1
orronuniri	1
orroyi	1
orroyindi	1
ôrrub	1
ôrruyunoo	1
ôrsurda-ã	1
ôru	1
ošini	1
ôsiri	1
osko	1
ôskora	1
ôskoro	1
ôskuro	1
osurda	1
ôšuri	1
oumar	1
ôuwo	1
ôwoi	1
owona	1
owona-ã	1
ôwondorri	1
ôwondorri-ĩ	1
owonuã	1
ôwukorei	1
owukoreiĩ	1
ôwukunu	1
ôwuni-ĩ	1
ôwuri-čuu	1
ôwurii-ĩ	1
ôyi	1
ôyuro	1
ôzi-î	1
ôzuma	1
ôzumaiĩ	1
ôzumuree	1
ôzumuri	1
ôzuŋgur	1
page	1
paskal	1
photographie	1
pipila	1
pîrefa-ã	1
pirezã	1
planche	1
pomba	1
pombi	1
popura-ã	1
posta-ã	1
postiĩ	1
postii-ĩ	1
prêfet	1
prêzida-ã	1
pûpurtini	1
šaaba-ã	1
sadiyindi	1
sagahunua	1
saɡahanu	1
šaha	1
šahaiĩ	1
sahara	1
sahi	1
šahiaã	1
saikaa	1
salama	1
samaga	1
samaha	1
samahadu	1
samahadundu	1
samahaduyuo	1
samahanjini	1
samahayi	1
samnjini	1
sara	1
sara-ã	1
sarčinî	1
sarčundu	1
sarčunú	1
sardaa	1
sardua	1
šarnduru	1
sarrîe	1
sarruwo	1
sasau	1
saši	1
sauyini	1
sayindi	1
sayini	1
šeaša	1
šebehe	1
šedaa	1
šêdike	1
šedir	1
šef	1
sefîna	1
šegu	1
šêita	1
šêitire	1
šêitireiĩ	1
šekeduo	1
šekeduyuo	1
šêkei	1
šeketer	1
šêkin	1
sêkinmi	1
šekirter	1
šêlib	1
šêllimi	1
šene	1
šenuũ	1
šer	1
šeraa	1
šerčini	1
šerya	1
šešekundu	1
šetei	1
ši-masda-ã	1
šia	1
šibči	1
šibčini	1
šibčinno	1
šibti	1
šidanu	1
šidde	1
šiddeĩ	1
šidei	1
šîdenno	1
sîdi	1
sidick	1
šîdira	1
šidiyi	1
šiešaa-ã	1
šiĩčomurĩ	1
šiĩga	1
sil	1
šiliman	1
šilli	1
šimbiri	1
šimburu	1
šimia	1
šin	1
šîn	1
šinũwo	1
širniri	1
širnuru	1
širrimũú	1
širru	1
šisa	1
šišã	1
šiša-ã	1
šîšandini	1
šišibina	1
sišibina-ã	1
soba	1
sobîe	1
sôbou	1
sobuma	1
sobumĩ	1
sobur	1
soburã	1
soburi	1
sobuũ	1
sobũwo	1
sôdorčundu	1
sôdorki	1
sogoddo	1
sôgodi-ĩ	1
sôgui	1
sôgura	1
sogusudu	1
solindurdo	1
soliyindîe	1
sôlle	1
solli-ĩ	1
sôlli-ĩ	1
sôllindurdo	1
sôlliniri	1
sôllinummoó	1
sôllinurã	1
sôlliyindi	1
sômelie	1
sômole	1
somũwo	1
sôndug	1
sônduge	1
sônduk	1
sôodi	1
sôore	1
sôorndundiĩ	1
sôortîndi	1
sôortindindi	1
sôortundi	1
soortundu	1
sopar	1
sopči	1
sopurdo	1
sôrbo	1
sori	1
sôriĩ	1
soudan	1
sougui	1
sôyondaar	1
steben	1
sû	1
sual	1
suala	1
sûbob	1
suburuã	1
sudagaa	1
sudaŋguri	1
sudaŋuri	1
sudaŋuroo	1
sûdi	1
sudura	1
sugĩ	1
sûgie	1
šûgoi	1
sugubila	1
sugudo	1
sugudu	1
sugui	1
sugumi	1
suguriĩ	1
šuha	1
suisura	1
sukaa-ã	1
sukaĩ	1
sukoya	1
sûktiyindie	1
sûkunoo	1
šûkuran	1
šukurnindiri	1
sukurnunduri	1
sumbu	1
sûmul	1
sûmuri-ĩ	1
sûndo	1
sundoi	1
sûnduki	1
sûni-ĩ	1
sunnu	1
sunusi	1
sûŋgiĩ	1
sura-ã	1
surča	1
šurčiã	1
sûrdogee	1
sûrdogia-ã	1
sûrdogoi	1
suri	1
suriki	1
suriyindia	1
sûru	1
šuruta	1
sûsi	1
sûsi-ĩ	1
sûsĩe	1
suude	1
suura	1
suuri	1
taayi	1
taayuo	1
tabičua	1
tadiriidî	1
taduma	1
tadumoó	1
taduroo	1
taduru	1
taduũ	1
tadũú	1
tagaũ	1
taha	1
tahamurú	1
taîĩ	1
tali	1
taliĩ	1
tama	1
tamã	1
tamburu	1
tamiša	1
tammá	1
tammó	1
tammú	1
tamo	1
tamoó	1
taŋũú	1
taraha	1
tarakini	1
taraknunurú	1
taraktiyuo	1
tarakuo	1
taraŋiri	1
tardãá	1
targubu	1
tarĩ	1
tarsia-ã	1
tarsiaa	1
taršiido	1
tarsua	1
tarsui	1
taru	1
taryaman	1
taryamdudo	1
taryamnjindi	1
tasa-ã	1
tašĩ	1
tašiĩ	1
tatahurusčinã	1
taú	1
tãú	1
tauya-ã	1
tauyaa	1
tauyi	1
tɑr	1
tɑũ	1
tchogou	1
téda	1
teda-ã	1
tedaa	1
têdemei	1
têdemia-ã	1
têdemiee	1
têdi	1
tedo	1
tedú	1
tefšir	1
têhe-ã	1
teîe	1
teituwã	1
telebei	1
teleskob	1
têlevizin	1
temo	1
ten	1
tên	1
tendîe	1
tendũú	1
tenu-ã	1
tepidi	1
terči	1
terčundu	1
tersĩ	1
tersiri	1
têskida	1
tetei	1
teu	1
teú	1
teũ	1
teũú	1
teũwo	1
tezerĩ	1
tezeria-ã	1
tezeriaa	1
tia-ã	1
tida	1
tideduã	1
tidennoó	1
tidersuũ	1
tideu	1
tidîe	1
tidiganî	1
tidiges	1
tidou	1
tidu	1
tîdum	1
tient	1
tiga	1
tigaa	1
tigandã	1
tigandu	1
tigani	1
tiganîe	1
tiges	1
tigiidã	1
tigiidîe	1
tigirda-ã	1
tigirdenú	1
tigirdi	1
tigirdo	1
tigirduda	1
tigirennó	1
tigirî	1
tigiridã	1
tigiridu	1
tigirindã	1
tigirndã	1
tigirti	1
tigirtî	1
tigirtuɑ͂	1
tigirtudo	1
tiɡiidã	1
tiɡirdã	1
tihenudú	1
tihinedu	1
tiletudo	1
tinak	1
tîne	1
tînna-ã	1
tira-ã	1
tirdã	1
tiré	1
tîre	1
tirée	1
tîrei	1
tirenú	1
tirha	1
tirhinuru	1
tiridu	1
tiriduã	1
tirîe	1
tirigada	1
tiriĩ	1
tirindira-ã	1
tirindiraa	1
tiriza-ã	1
tirki-î	1
tiroo	1
tîs	1
tisã	1
tîsã	1
tîšã	1
tiši	1
tîši	1
tîširã	1
tišo	1
tîso	1
tîšu	1
tišuã	1
tîyaã	1
tiyaasã	1
tiyendã	1
tiyendudo	1
tiyendunnoó	1
tiyenĩ	1
tîyeni	1
tiyi	1
tîyî	1
tiyidaado	1
tîyide	1
tiyiĩ	1
tîyikii	1
tîyiko	1
tiyilobo	1
tiyinak	1
tîyukã	1
tîyuwo	1
tîzeni	1
tobiĩ	1
tobukunu	1
toburî	1
toburoo	1
toburrî	1
toburrîe	1
toburuã	1
tobusi	1
tobusî	1
tobusĩ	1
tobusidî	1
tobusîe	1
tobusoo	1
tobusú	1
tobusudã	1
tobuzã	1
tobuzĩ	1
todi	1
todur	1
todurummoó	1
toduruwo	1
todusu	1
tôgiĩ	1
tôgiide	1
tôgoi	1
togundundĩ	1
togurku	1
togusî	1
togusidĩ	1
togusidîe	1
togusuda	1
togusudiã	1
togusunnãá	1
togusunnoó	1
toɡus	1
toɡusunno	1
tohidi	1
tohîe	1
tohokndundu	1
tohordo	1
tohú	1
tohudu	1
tôi	1
tokaar	1
toke	1
tokîe	1
tokirĩ	1
tokugo	1
tokundã	1
tokunu	1
tolčini	1
tollĩ	1
tollin	1
tolomiĩ	1
tôlti	1
toltiyinno	1
tôluhun-ã	1
tomori-ĩ	1
tomoriĩ	1
tômortia-ã	1
tômortiee	1
tômortii	1
tomoru-ã	1
tomummoó	1
tomuru-ã	1
tômuyuo	1
toŋu	1
toŋusú	1
tôodi-ĩ	1
tooi	1
toom	1
toombîe	1
toopsudú	1
toorkudo	1
tooroo	1
tora	1
tôrboda	1
tôri	1
tôri-ĩ	1
toriĩ	1
tôriĩ	1
torkirîe	1
torkurú	1
torkũú	1
toro	1
tôrou	1
toroza-ã	1
tôrozi	1
torozi-ĩ	1
tôrrudo	1
torsoi	1
torú	1
torũ	1
torumũú	1
torũwo	1
tos	1
tosa	1
tosči	1
tošiĩ	1
tosú	1
tosu-šîdi	1
tosuã	1
totoki	1
toú	1
toũ	1
tôyib	1
toyumbú	1
tu	1
tûã	1
tûa-ã	1
tûaa-ã	1
tuatudi	1
tubapĩ	1
tubasi	1
tubazã	1
tubazĩ	1
tubazo	1
tubazú	1
tubndudon	1
tubtudi-ĩ	1
tubtududo	1
tubu	1
tubuda	1
tûdã	1
tudagaa-ã	1
tudagada-ã	1
tudagadu	1
tudaganurdoó	1
tudakũ	1
tudasoo	1
tudasu	1
tudoburrã	1
tudodu	1
tudogusîe	1
tudogusudĩ	1
tudogusudo	1
tudohoda	1
tudohudi	1
tudohudú	1
tudood	1
tudoodo	1
tuduado	1
tududa	1
tududĩ	1
tuduganĩ	1
tudugannã	1
tuduganno	1
tudugulči	1
tudunutudo	1
tuduŋosi	1
tudurumo	1
tûdusuã	1
tûduus	1
tûduusã	1
tûduusi	1
tûduuso	1
tûduusú	1
tûduusunnãá	1
tuduyinîe	1
tuduzi	1
tugahun	1
tugan	1
tugandã	1
tuganduã	1
tuganduda	1
tuganîe	1
tuganuã	1
tuganunnó	1
tugo	1
tugohu	1
tugonnoó	1
tugopi	1
tûgu	1
tugũa	1
tûgudemi	1
tugudos	1
tûguhei	1
tugulauwo	1
tugumma	1
tuguri	1
tugurkuru	1
tûgurtum	1
tuguruo	1
tuguruu	1
tûgutia	1
tûgutu	1
tuguuno	1
tuguurrú	1
tûɡohu	1
tuɡopudo	1
tuɡuruk	1
tuhadiĩ	1
tuhaduma	1
tuhadumó	1
tuhadũú	1
tuhat	1
tuhatã	1
tuhatuma	1
tûhatumo	1
tûhutudi	1
tûi	1
tûka	1
tûkã	1
tûkiĩ	1
tûkuã	1
tûkudar	1
tûkudu	1
tûkule	1
tûkuli-ĩ	1
tûkulie	1
tûkunnãá	1
tûli	1
tulopudo	1
tum	1
tumaguraa	1
tumara	1
tumatuma-ã	1
tumbulubai	1
tûmdunoo	1
tumîĩe	1
tûmndu	1
tûmndunu	1
tûmnji	1
tumnjinoo	1
tûmnjunu	1
tumno	1
tûmno	1
tûmoore	1
tumum	1
tumurdo	1
tûmuzire	1
tunaam	1
tunakudo	1
tundã	1
tunduru	1
tundũú	1
tune	1
tunjindi	1
tunjundu	1
tunnai	1
tunohoo	1
tunohú	1
tunuri	1
tuŋosu	1
tûŋu	1
tûŋũwo	1
tûrã	1
turaa	1
turamaa	1
turamma-ã	1
turaũ	1
turbi-ĩ	1
tûrdi-ĩ	1
turhohi	1
tûrie	1
tûrizidi	1
turka	1
turka-ã	1
turkaa	1
turkanu	1
turki-šîdi	1
turkia	1
tûrkiaã	1
turkiĩ	1
turkoũ	1
turkua	1
turkuyunnãá	1
turkuyunnoó	1
turnunirîe	1
tûro	1
turo-turo	1
turoã	1
turonnua	1
turonnuã	1
turonu	1
tûroo	1
turozo	1
turra	1
turrã	1
turrî	1
turru	1
tûrrú	1
tûrrudã	1
tûrte	1
turti	1
tûrto	1
turtu	1
turtu-ã	1
tûrtuanna	1
turtunú	1
turtuo	1
tûruzidi	1
tusã	1
tusa-ã	1
tuši	1
tuskou	1
tusob	1
tusobũú	1
tusoo	1
tusopî	1
tusudĩ	1
tusura	1
tûusú	1
tuyilobo	1
tuyindi	1
tuyinu	1
tuyoho	1
tuyoŋã	1
tuyoŋo	1
tuyub	1
tuyubunnãá	1
tuyuhada	1
tuyuhannoó	1
tuyuhatã	1
tuyulobi	1
tuyumbĩ	1
tuyunã	1
tuyundã	1
tuyundu	1
tuyundun	1
tuyuwadú	1
tuzîe	1
tuzoodo	1
tuzuã	1
tuzubaa	1
tuzubi	1
tuzubi-ĩ	1
tuzubu	1
tuzuwã	1
une	1
unis	1
ustumara	1
ustumara-ã	1
waa	1
wadaar	1
wadiyindi	1
wado	1
wadudo	1
wadum	1
wadundoo	1
wadundum	1
waduũ	1
wagĩ	1
wago	1
wahili	1
wahiliĩ	1
wal-yohu	1
walayini	1
walayinoo	1
walayuo	1
walčini	1
wallahi	1
wanakaa	1
wañam	1
wandurdo	1
wanîe	1
wanjundu	1
waradundu	1
wasaga	1
wasalu	1
waturi	1
wayindã	1
wayinno	1
wayundu	1
wazumma	1
wečini	1
wečinĩ	1
wečinîe	1
wečundu	1
wečunno	1
wêlle	1
wellešei	1
wendurdoó	1
wenduroo	1
wenega-ã	1
weneɡe	1
wenniri	1
wennummoó	1
wennũú	1
werečindi	1
werendar	1
werendiri	1
werenum	1
weretia	1
werradunu	1
wêtge	1
wêtiga	1
widenimmi	1
widenuu	1
widenuu-ã	1
widenuu-ũ	1
wiliwilikini	1
wîtamin	1
wo	1
woba	1
wobčunoo	1
wobčunu	1
wode	1
wodei	1
wohaga	1
wôida	1
woii-ĩ	1
wôindi	1
wôku-ã	1
wôkuluũ	1
wollei	1
wôloduduni	1
wômnji	1
womur	1
woniši	1
wônna-ã	1
wônno	1
wonoka	1
wonu	1
woo-ã	1
wopčunoo	1
wordugudo	1
woriĩ	1
woriya	1
workedu	1
workozoi	1
wôršidiyindie	1
worudo	1
woši-ĩ	1
woši-njodurki	1
wošiyi	1
wošiyinã	1
wošiyunú	1
wosu-ã	1
wowa	1
wowu	1
wôyi	1
wôyu	1
wôyubtuda	1
wôzuna	1
wôzunaiĩ	1
wučuo	1
wud	1
wudenu	1
wudugo	1
wudugodi	1
wûduro	1
wûdurtudo	1
wûi	1
wuli	1
wunaã	1
wûnduugi-ĩ	1
wuni	1
wûnišiĩ	1
wura-ã	1
wuranjinã	1
wuranjunú	1
wuri-ĩ	1
wuria	1
wûroi	1
wûru	1
wûrwur	1
wusči	1
wusčunu	1
wûsčuo	1
wuše	1
wuudĩ	1
wûwurnar	1
wûwurnuma	1
wûwurnurã	1
wuya	1
wuyaa	1
wûyi	1
wûyini	1
wuza	1
wuzaiĩ	1
wuziktinã	1
wuzu	1
wuzuru	1
xxviii	1
yaamma	1
yaammoó	1
yaas	1
yaba	1
yabi-ĩ	1
yadar	1
yadidini	1
yadiĩ	1
yadiri	1
yadunã	1
yadũú	1
yagaba-ã	1
yaɡaba	1
yaɡabi-ĩ	1
yahadi	1
yaĩ	1
yak	1
yala-ã	1
yalasa	1
yaltudo	1
yamîa-ã	1
yammó	1
yammoó	1
yana	1
yandigi	1
yandiĩ	1
yandiide	1
yandu	1
yanu	1
yanũ	1
yaŋar	1
yara	1
yaraŋgini	1
yaridunno	1
yariĩ	1
yarkirî	1
yarku	1
yarkuru	1
yastini	1
yastudĩ	1
yaturoo	1
yau	1
yaũwo	1
yaza	1
yazayi	1
yazayindî	1
yazayunu	1
yebiri	1
yebirî	1
yebirĩ	1
yebirîe	1
yebu	1
yebuũ	1
yedirîe	1
yêga	1
yeid	1
yeĩîe	1
yêki	1
yemma	1
yenda	1
yendiĩ	1
yendĩî	1
yendurã	1
yendurdãá	1
yendurdo	1
yenduroo	1
yendurú	1
yenduũ	1
yennenaar	1
yenneyini	1
yerčîe	1
yerčindi	1
yerčinî	1
yerčinuã	1
yerčudu	1
yerčunno	1
yerčuo	1
yergundu	1
yerî	1
yerĩ	1
yerîe	1
yerndaar	1
yerrummoó	1
yerrũwo	1
yerturuã	1
yeruũ	1
yesči	1
yesčinã	1
yêskia	1
yêskie	1
yêskiĩ	1
yeskimmi	1
yesko	1
yeú	1
yibedi	1
yibedinîe	1
yibedu	1
yibedunã	1
yibeduno	1
yibedunoo	1
yibeduru	1
yîbendu	1
yibenîe	1
yibeniĩ	1
yibenirî	1
yîbenu	1
yibenurdó	1
yibeyidã	1
yibeyindî	1
yibeyindĩ	1
yibeyindia	1
yibeyindoo	1
yibeyinoo	1
yibeyundú	1
yibeyundudo	1
yibeyunoo	1
yibeyunú	1
yibii-ĩ	1
yid	1
yîd	1
yidã	1
yidaar	1
yîdaar	1
yidada-ã	1
yidadî	1
yidadîe	1
yîdadú	1
yidadudo	1
yidadunã	1
yidadunnaá	1
yidadunnó	1
yidaiĩ	1
yidannaá	1
yidannoó	1
yidar	1
yidauwo	1
yidaũwo	1
yidɑ	1
yîdɑɑr	1
yîdi	1
yidiã	1
yidii	1
yîdiĩ	1
yidiiĩ	1
yîdimmó	1
yîdirã	1
yidiri	1
yîdiri	1
yidirîe	1
yidirú	1
yîdis	1
yîdisoo	1
yîdo	1
yîdummó	1
yîdummoó	1
yîdurdo	1
yîduru	1
yiduú	1
yiduũ	1
yîe	1
yiganu	1
yigarki	1
yigarku	1
yigas	1
yigazã	1
yigazuã	1
yigɑ	1
yigɑnnu	1
yigee	1
yigezi	1
yigezĩ	1
yigezîe	1
yigezinnaá	1
yigezinnó	1
yigezinnoó	1
yigezú	1
yigidei	1
yigiido	1
yiginnehi	1
yiginnesú	1
yigirnaku	1
yîgo	1
yiɡaz	1
yiɡezî	1
yiɡezu	1
yiɡiidu	1
yiɡirmad	1
yihedu	1
yihei	1
yiheu	1
yihid	1
yihidî	1
yîhidi	1
yihidîe	1
yîhiru	1
yihita	1
yihitî	1
yihitiã	1
yihudu	1
yiĩgiido	1
yikei	1
yiladu	1
yinaral	1
yinbendurdoo	1
yîne	1
yîniše	1
yînna-ã	1
yînni	1
yipeyindia	1
yirei	1
yîridu	1
yisa	1
yišã	1
yîsã	1
yiši	1
yišîe	1
yîsie	1
yisii	1
yîsiĩ	1
yîsii-ã	1
yîsii-ĩ	1
yišu	1
yišuã	1
yîtirdoó	1
yitu	1
yîtũwo	1
yizi	1
yîzi-ĩ	1
yo	1
yobiĩ	1
yobu	1
yobumaa	1
yoburčindi	1
yoburčindia	1
yoburdã	1
yoburdo	1
yoburdon	1
yoburi	1
yoburu-ã	1
yobusu	1
yobusudo	1
yobũú	1
yodiri	1
yodo	1
yodurdo	1
yodurkî	1
yodurkĩ	1
yodurkiĩ	1
yodurko	1
yodurkun	1
yôezod	1
yogodã	1
yogodaa-ã	1
yogunã	1
yogunîe	1
yogunnî	1
yogunnu	1
yogunu	1
yogurã	1
yoguri	1
yogurku	1
yogusdo	1
yogusidi	1
yogusidîe	1
yogušîe	1
yogusuã	1
yogusudĩ	1
yogusudîe	1
yoguti	1
yoɡuro	1
yoɡusudu	1
yohã	1
yohidĩ	1
yohîe	1
yohiĩ	1
yohoo	1
yôhorto	1
yohuda	1
yohudiã	1
yohudîe	1
yohudu	1
yohududo	1
yôkude	1
yôlubo	1
yôluboo	1
yoŋɡu	1
yôo	1
yoor	1
yopaar	1
yopurã	1
yopurîe	1
yorogoi	1
yorogoido	1
yoskoi	1
yosoboo	1
youssouf	1
yuaki	1
yubîĩ	1
yuburdã	1
yûdaar	1
yûdĩ	1
yudob	1
yudobã	1
yudobú	1
yudokĩ	1
yudoku	1
yudokuã	1
yudom	1
yudombĩ	1
yudomu	1
yudopu	1
yudoú	1
yudu	1
yûdugusu	1
yudumma	1
yûdurdo	1
yuduroo	1
yudũú	1
yûgob	1
yugobɑ͂	1
yugobi	1
yugobiã	1
yugobuã	1
yugogob	1
yugondunnó	1
yugondunó	1
yugonnú	1
yugonó	1
yugonú	1
yugop	1
yugopã	1
yugopi	1
yugopĩ	1
yugopiã	1
yugopiadu	1
yugopudo	1
yugubu	1
yugudusu	1
yugunnó	1
yugurki	1
yugurkuã	1
yugurkuda	1
yugurkudo	1
yugurkunó	1
yugurmadã	1
yugurmadu	1
yugurnawã	1
yuguro	1
yugurtadu	1
yûgurti	1
yûgurtĩ	1
yûgurtuã	1
yûgurtudã	1
yuguruî	1
yuguruĩ	1
yuguruunó	1
yuguruwã	1
yuguruwo	1
yugut	1
yugutî	1
yugutia	1
yugutiã	1
yugutîe	1
yuɡopu	1
yuhaddoo	1
yuhadia	1
yuhat	1
yuhatĩ	1
yuhatiĩ	1
yuhato	1
yuhatoo	1
yûhidĩ	1
yûhudã	1
yuhudo	1
yuhui	1
yuhuki	1
yûhutú	1
yûhutun	1
yuk	1
yûlko	1
yûluwor	1
yûm	1
yûma	1
yumar	1
yumno	1
yunau	1
yundoo	1
yunubu	1
yunukudiĩ	1
yuŋgaldu	1
yuoa	1
yûodi	1
yûorta-ã	1
yurči	1
yûrnefa	1
yurodo	1
yûrumbu	1
yusîie	1
yusobi	1
yusonu	1
yusonuã	1
yusonuũ	1
yusopĩ	1
yusopîe	1
yusopú	1
yusub	1
yûsub	1
yusuba	1
yusubo	1
yusudo	1
yûsuf	1
yusurru	1
yusuu	1
yuturú	1
yuutu	1
yuuũ	1
yûwondoodi-ĩ	1
yuzodo	1
zabčinã	1
zabčindî	1
zabčini	1
zabčundunnoó	1
zabčunno	1
zabtidinîe	1
zabtini	1
zabtugunu	1
zabtundã	1
zabtunú	1
zalčuo	1
zambiri	1
zambiria	1
zamdamra	1
zamdini	1
zamirîe	1
zamiriĩ	1
zamndunu	1
zamur	1
zamuũ	1
zandarama	1
zapčini	1
zaptundã	1
zaptundu	1
zara	1
zaraiĩ	1
zarndaram	1
zea	1
zênaba	1
zeniĩ	1
zenne	1
zibtu	1
zida-ã	1
zîidi	1
zîkinjunu	1
zîŋi	1
zîŋi-ĩ	1
zoddo	1
zodîe	1
zodú	1
zodu-ã	1
zoduã	1
zondua-ã	1
zondudu	1
zonjini	1
zonjundoó	1
zonjuo	1
zuarga	1
zuarko	1
zuaruu	1
zûbči	1
zuddo	1
zûgura	1
zui	1
zuiã	1
zûia-ã	1
zûiaa	1
zuide	1
zûii	1
zuii-ã	1
zukar	1
zukuru	1
zumur	1
zûmur	1
zûmuri-ĩ	1
zûmuria	1
zûmurii-ĩ	1
zuna	1
zundu	1
zûrsundu	1
zuummó	1
zûzurčini	1
