ቃር	180
ሐማ	154
ባነ	129
ሰብ	110
ጭን	104
ቤት	96
ባረም	92
ሺንጋ	89
ግዝየ	70
ከረ	70
ኣንቐ	65
ባላ	60
ዴንጛ	56
ዳር	55
ዘንጋ	52
ኬርወጌ	52
ኣት	48
ኤቦ	47
ላላሽ	46
ባረችም	44
የረፐረ	42
ተሬዛ	42
ቸነም	37
እንም	36
አርች	35
የረፐሬ	34
ታነ	33
የቸነ	32
ቧረንም	31
ደገሙ	30
ምር	30
ሑታ	30
ዋጋ	29
ጋᎀ	28
መደር	28
የሺንጋ	27
እንጐድ	27
ሸዋ	27
ኤነ	26
ሑት	26
ይውሪ	25
የሐሬ	25
አኳ	25
ንቃር	25
ተሳረንም	25
ምሽራ	25
ገፓም	24
ዝምወት	24
ኣፈር	24
ናስ	24
ብዘ	24
ባንሐሬ	24
ቀሪ	24
ያነ	23
ተሕ	23
ወጣም	22
እያ	22
እማት	22
ኢብጘታ	22
በዝ	22
ቃዋ	22
ሜና	22
የቤት	21
ኢፍቴ	21
ኢግዘር	21
አጊ	21
ይብር	20
ወሔ	20
ቾናም	20
ትከ	20
ዝካ	19
ባሑም	19
ሺንግ	19
ግብት	18
እሽታ	18
ኣባ	18
ቲብር	18
ባት	18
ወግ	17
ቤተታ	17
መስቀር	17
ድየ	16
የሐረ	16
ቾናችም	16
በቤት	16
ደር	15
ቲውሪ	15
ቦጣ	15
ባረናም	15
ማተቤት	15
ፍንት	14
ገረድ	14
ደን	14
ዝም	14
ኣትሼወ	14
ኣቡ	14
ትምርት	14
ተረሳም	14
በነ	14
በሐረ	14
መምር	14
ግሬድ	13
ገን	13
ደፐረወም	13
ወሬ	13
ወረችም	13
እያሽ	13
ኣታት	13
ቾኖም	13
ቧረችንም	13
ባሪቅ	13
በቈሎ	13
በሐረም	13
ምስ	13
መገራ	13
መላም	13
ግብር	12
ገፓት	12
ገብያ	12
ይርቅ	12
የምር	12
ወረም	12
ኣንሐረ	12
አሗ	12
ቦሔ	12
በሕ	12
ቅብ	12
ቁምጣ	12
ሳምት	12
ሕም	12
ጮዳ	11
የዝ	11
የመስቀር	11
እርስየ	11
ኣቸ	11
ንብረት	11
ቸነችም	11
በᎈር	11
ቃርችየ	11
ሺንጋም	11
ሸረት	11
ምሽት	11
ሐረም	11
ጸሎት	10
ጠበጠም	10
ጓድ	10
ድረ	10
ደማም	10
የቃያ	10
የሸዋ	10
የሰብ	10
ዛም	10
እንክ	10
እንቁስ	10
እሳት	10
እማትም	10
ኣቸም	10
ኣባታ	10
አጨ	10
አረ	10
ንቅ	10
ንም	10
ትትብር	10
ቲገባ	10
በሸዋ	10
ሶስት	10
ምቃሩ	10
ሑትም	10
ይና	9
ይብጘታ	9
ይብሮ	9
የትምርት	9
የሑት	9
ኬሮ	9
ከናም	9
ኣዲ	9
አሬ	9
አራም	9
አሗም	9
ቧርም	9
ባሮም	9
በክፋቱ	9
ቅረረ	9
ፈንገያ	8
ጬት	8
ያባታ	8
ያር	8
የሕር	8
ዠፐረም	8
ወጣችም	8
ኤማ	8
ኣቸነችም	8
ነሳም	8
ነረዌ	8
ቸነቦም	8
ቸነሐም	8
ቲብጘታ	8
ተዠፐረም	8
ብ𞟲ረ	8
ቤማ	8
ባነዌ	8
በረ𞟱	8
ቃሩ	8
ሰናም	8
ሟን	8
𞟥ነታ	7
𞟥ትም	7
ፈካም	7
ጐቸ	7
ጀበን	7
ዳቀምታ	7
ደጃች	7
ይያ	7
ይንጐድ	7
ይመስር	7
ያዠመነ	7
የዝምወት	7
የባላ	7
የምሽራ	7
ውቴል	7
ዌም	7
ወጦም	7
ወሐት	7
እያም	7
እንዴ	7
እን𞟲ት	7
ኤብ	7
ኣዶተና	7
ኣዠንምታ	7
ኣትቃር	7
ኢፍት	7
አጋ	7
አጅ	7
አርቸና	7
ነረ	7
ቲብሮ	7
ቲሰራ	7
ተረሳችም	7
ተሕም	7
በሰር	7
በመረጋ	7
በሕም	7
ቅሲ	7
ቀነሰም	7
መኪና	7
ሓረም	7
ሑጅር	7
𞟥ት	6
ጫማ	6
ጤበር	6
ገፓችም	6
ገፍ	6
ደንገነ	6
ይወጣ	6
ይሕርሽ	6
ይሐር	6
ያ𞟥	6
ያሕር	6
ዩረም	6
የደገሙ	6
የኳ	6
የትከ	6
የርች	6
የርቸ𞟥ታ	6
የሕ	6
ዝሞ	6
ውር	6
ዋረም	6
ኬር	6
ከፈተም	6
ከነ	6
ኦጣም	6
እካ	6
እንዝር	6
ኤነወ	6
ኤነን	6
ኤሐር	6
ኣገፓም	6
ኣንጐድ	6
ኣንሐረዌ	6
ኣታሕር	6
ኣብ	6
ኣመነም	6
ኣሐ	6
አግር	6
አጀታ	6
ን𞟻ሮ	6
ችም	6
ትትሮጥ	6
ትራማ	6
ቲያዥ	6
ቲያር	6
ተዠፐሮም	6
ተሺንጋ	6
ተምር	6
ብንም	6
ብስኩት	6
ብር	6
ባ𞟥ም	6
ባረችናም	6
ባረምታ	6
ባላም	6
በቃቀት	6
ቈመም	6
ስብ	6
ስርም	6
ሳረናም	6
ምቃር	6
መጥ	6
መርኬ	6
ሐማሽ	6
𞟥ን	5
ጝሸ	5
ጐንቸ	5
ጌፍ	5
ገፖም	5
ጀፐረም	5
ይፈዝ	5
ይደርግ	5
ይረብር	5
ያባ𞟥ታ	5
የ𞟥	5
የፈረንጂ	5
የጘታ	5
የገነንዳ	5
የገብያ	5
የገረድ	5
የዛ	5
የዋረን	5
የኬርወጌ	5
የቸሓ	5
የትምርቴ	5
የተሬዛ	5
የባረ	5
የቃዋ	5
የቃርችየ	5
የሬ	5
ዣነገም	5
ዘገር	5
ዘበር	5
ውጤ	5
ዋና	5
ወፌር	5
ወሬአታ	5
ወሬት	5
ወረጀ	5
ወረቀት	5
ወልቂጤ	5
ከፍ	5
ኣጥም	5
ኣግኑት	5
ኣዶት	5
ኣደተታ	5
ኣዠመነ	5
ኣዠ	5
ኣንች	5
ኣንሓረ	5
ኣነፐረ	5
ኣቸነም	5
ኣታሕረጋ	5
ኣባና	5
አኳሽ	5
አኳም	5
አሰት	5
አርቾ	5
አርቸ𞟥ታ	5
አርቸታ	5
አርባት	5
ንጥፋ	5
ንቕ	5
ትጨንቴ	5
ትንብር	5
ትቸን	5
ታደተታ	5
ተዝምወት	5
ተዘፔተ	5
ተሳረናም	5
ተሳረችንም	5
ተማሪ	5
ተሐረ	5
ቧሪም	5
ቧረንምታ	5
ብማት	5
ባነወ	5
ባረችምታ	5
ቢውን	5
በጉብርየ	5
በዝሔ	5
በከነ	5
በቾኔዬ	5
በር	5
በመዘኔት	5
በመኪና	5
ቈመተታ	5
ቄጥ	5
ቃርሽ	5
ቃረታ	5
ሽረት	5
ስየም	5
ሰንበት	5
ራዲዮን	5
ምሽተታ	5
ምሽሮ	5
ምሳረ	5
መነም	5
መስቀሩ	5
ሕርም	5
ሕማ	5
ሐናም	5
ሐረችም	5
ᎈያት	4
ᎈር	4
ᎄቅ	4
ፉረ	4
ጭዛ	4
ጫረም	4
ጠነቈንም	4
ጋት	4
ጋሪ	4
ጉነረ𞟥ታ	4
ገብችወት	4
ገበያ	4
ገበር	4
ገረደታ	4
ገመያ	4
ጂፐ	4
ደገም	4
ደኔ	4
ደነገም	4
ይገባ	4
ይቸን	4
ይትፈቐር	4
ይትጮድ	4
ይተም	4
ይብሬ	4
ይሰራ	4
ያነወ	4
ያርዋቴ	4
ያሐ	4
የገፓ	4
የገን	4
የጀወቸ	4
የዴንጛ	4
የትደመደ	4
የብ𞟠	4
የርቸታ	4
የረፐሮ	4
የሟኒመ	4
የመኪና	4
የመሴት	4
የሕርም	4
ዝፗር	4
ዋት	4
ወጠቀም	4
ወደያ	4
ወቅት	4
ወሔነት	4
ኽስ	4
ክርስቲያን	4
ኬርወጌም	4
ካች	4
እዩ	4
እክም	4
እንጣር	4
እንመ	4
እማር	4
እማረታ	4
ኤን	4
ኤቸን	4
ኣጣጥ	4
ኣዶተታ	4
ኣደረም	4
ኣዠምታ	4
ኣዠም	4
ኣንጠም	4
ኣንገተታ	4
ኣንቔ	4
ኣትሰብ	4
ኣትም	4
ኣባ𞟥ታ	4
ኣባሐ	4
ኣስር	4
ኣምብር	4
ኣምስት	4
አጥዋ	4
ንተን	4
ን𞟲	4
ናሜ	4
ነገ	4
ነረን	4
ቶልቂጤ	4
ትክ	4
ትትሰተብ	4
ትቢ	4
ቴረነ	4
ታጣጥ	4
ቲጀፕር	4
ቲሰማ	4
ቲሐር	4
ተገተረም	4
ተደገሙ	4
ተን	4
ተነ	4
ተተሬዛ	4
ተሳረችናም	4
ተሬዛም	4
ቦስጥ	4
ብጥርቅ	4
ቤተ	4
ባፈር	4
ባዘራ	4
ባስር	4
ባረማም	4
ቢገባ	4
ቡን	4
በወርጭማ	4
በቾኔ	4
በተብር	4
በሰብ	4
በርም	4
በሜየቴ	4
በመደር	4
በሓ	4
ቐᎀንም	4
ቅመጨችም	4
ቄም	4
ቃርቼ	4
ቀጭቀጭ	4
ቀነሰችም	4
ቀርሺ	4
ሻማር	4
ስድስት	4
ስር	4
ሳረንም	4
ሳመችናም	4
ምራሕር	4
መገራታ	4
መደረ	4
መቸ	4
መምሩ	4
ሑጅረ𞟥ታ	4
ሐረወም	4
ሐም	4
𞟥ና𞟥	3
𞟥ነ𞟥ታ	3
𞟥ነና	3
ᎀቅ	3
ᎀሰረንም	3
ᎀረ	3
ፍራንክ	3
ጮዳ𞟥ታ	3
ጮሮም	3
ጭቃራ	3
ጭራ	3
ጫማታ	3
ጥቁር	3
ጥራር	3
ጣፈም	3
ጠወጠንም	3
ጠናም	3
ጝመ	3
ጘታ	3
ጎነ	3
ግፔ	3
ጉነር	3
ጉነረታ	3
ገገ𞟥ታ	3
ገነ	3
ገረ	3
ጀንጅር	3
ድብር	3
ዳንጋታ	3
ዳሩ	3
ደወ	3
ደራር	3
ይፍት	3
ይፈካ	3
ይገዌ	3
ይያሽ	3
ይወርድ	3
ይናሽ	3
ይትፈቐሮ	3
ይትየ	3
ይበ𞟥	3
ይበርሽ	3
ይ𞟲ሬ	3
ይረውሪ	3
ይሐርቢ	3
ያፈረታ	3
ያገድ𞟥ን	3
ያዥኔ	3
ያዥ	3
ያዠን	3
ያዊ	3
ያንጪ	3
ያንቔ	3
ያቤ	3
ያባና	3
ያባ	3
ያስየ	3
ያርወ	3
ያሬ	3
ያሜ	3
የ𞟥ት	3
የጨነዊ	3
የጠበጠ	3
የጉራ𞟹	3
የገፓት	3
የገገታ	3
የገበያ	3
የጃማ	3
የጀሱር	3
የድረ	3
የዝምወቴ	3
የዚፍቴ	3
የከተማ	3
የንቃሩ	3
የቾና	3
የቸነቦ	3
የባር	3
የቁምጣ	3
የስማት	3
የርባት	3
የረፐረሜ	3
የረን	3
የምሽተታ	3
የሕን𞟲ት	3
የሓሮ	3
የሓ	3
የሐር	3
ዣነጎም	3
ዠፐረችም	3
ዝምወትም	3
ዝምብ	3
ዝሔ	3
ዘድረ	3
ዘንጋታ	3
ዘር	3
ዘመደብሐም	3
ውጠት	3
ውጋም	3
ዋጋታ	3
ወደረ	3
ወየግ	3
ወዝገብ	3
ወንዠት	3
ወርድየ	3
ወር	3
ወሔም	3
ወልደ	3
ኳሽ	3
ኰረምቶ	3
ከብሸሸኔት	3
ኦጣ𞟠ም	3
ኦጣችንም	3
ኦጣችም	3
ኦናንም	3
እንጀራ	3
እንሕ	3
እሼ	3
እምባ	3
እመና	3
እመታ	3
ኤያዥ	3
ኤባር	3
ኣ𞟥	3
ኣፍጣጠረም	3
ኣደሮም	3
ኣያ	3
ኣዠናም	3
ኣወንም	3
ኣኳ	3
ኣንጠችም	3
ኣንገት	3
ኣንገባ	3
ኣንቸን	3
ኣንሰኔ	3
ኣንም	3
ኣናምር	3
ኣነᎌረን	3
ኣነቀም	3
ኣነሴም	3
ኣትጨማም	3
ኣትጣነቀም	3
ኣትያን	3
ኣትባቶም	3
ኣትሼወም	3
ኣታሕሬ	3
ኣብየ	3
ኣበጐዳታ	3
ኣበቃጥ	3
ኣሽቃር	3
ኣስረ	3
ኣርነት	3
ኣርብ	3
ኣምባ	3
ኣሕር	3
ኢፍተታ	3
ኢራ	3
አግረታ	3
አጀ𞟥ታ	3
አደር	3
አኳሕ	3
አብር	3
አረ𞟲	3
አሗሽ	3
ንትራቅወ	3
ንትራሐብነ	3
ንበር	3
ንሕርወ	3
ቶሔ	3
ትዝረኸ	3
ትውን	3
ትከና	3
ትብር	3
ትቤትር	3
ታዶተታ	3
ታዥን	3
ታንቔ	3
ታት	3
ቲጀᎏሪ	3
ቲጀፕሮ	3
ቲያዢ	3
ቲያትያን	3
ቲዝረ𞟷	3
ቲወጣ	3
ቲቸን	3
ቲብስባ	3
ቲብ	3
ቲሮጥ	3
ተጨራ	3
ተጉራ	3
ተገተረችም	3
ተጅ	3
ተዴንጛ	3
ተንተ	3
ተቐᎌረችንም	3
ተሸዋ	3
ተሬዞ	3
ተራ	3
ተሐተረም	3
ቦፈንቼ	3
ቦጣች	3
ቦረ	3
ብትገባ	3
ብሳት	3
ብርቅ	3
ብሖትም	3
ቤቲተ	3
ቤተና	3
ቤሮ	3
ባንሐረሼ	3
ባርኔጣ	3
ባሬም	3
ባረኖም	3
ባረናምታ	3
ባረች	3
ባሑ	3
ቢያዥን	3
ቢያዥ	3
ቢዩጅን	3
ቢብና	3
ቢብር	3
ቡር	3
በ𞟥ነቴ	3
በᎀተ	3
በፈካ	3
በጎነ	3
በግሬድ	3
በጋድር	3
በጉነረታ	3
በገፓ	3
በገበያ	3
በጅምላ	3
በጂፐ	3
በድየ	3
በየ	3
በዘገር	3
በኳ	3
በቸነች	3
በቸሓ	3
በትገተረችወ	3
በባረ	3
በበነ	3
በቅር	3
በቃያ	3
በቀሪ	3
በምጃቼ	3
በምራሕር	3
በሕሜ	3
በሑት	3
በሐራር	3
ቕጫ	3
ቕኔ	3
ቅራጭ	3
ቃረ𞟥ታ	3
ቀነሶም	3
ሻሸራ	3
ሸዋታ	3
ሸረትሽ	3
ሶሬሳ	3
ስንኳር	3
ስሐር	3
ሳᎃና	3
ሳᎀችንምታ	3
ሲን	3
ሰኖም	3
ሰንዳ	3
ሰነፈም	3
ሰማሑም	3
ሟኒም	3
ሞቶ	3
ሞት	3
ምሩ	3
ሜራ	3
ሚና	3
ሚሲዮን	3
ሙዚቃ	3
ሙቶ	3
ሙሽርቕ	3
መደረታ	3
መርፌ	3
መሓረብ	3
ሕወሐት	3
ሕኖም	3
ሕኖ	3
ሕሕ	3
ሓሕር	3
ሐነም	3
ሐርሑም	3
𞟥ታ	2
ᎈርም	2
ᎄርጭማ	2
ᎀነችንም	2
ፍካ	2
ፍንተታ	2
ፍቃድ	2
ፍርድ	2
ፈኳንም	2
ፈኮም	2
ፈረዙ	2
ፈላጊ	2
ጭር	2
ጫውጫው	2
ጨቀሞም	2
ጨርቅ	2
ጥብጥ	2
ጥር	2
ጥረጠረችም	2
ጠᎈ	2
ጠኔም	2
ጠናችም	2
ጠነቃር	2
ጠነቀናምታ	2
ጠበጤም	2
ጠበጠማም	2
ጝብር	2
ጝበተሐ	2
ጝበተ	2
ጝሸና	2
ጐበት	2
ጐርደራ	2
ጎጋ	2
ጎንዝየ	2
ጎንዘችም	2
ግድየ	2
ግዝዮ	2
ግዝየሽ	2
ግንዝር	2
ግብረታ	2
ግሬዶ	2
ግራጭ	2
ጋዴ	2
ጋሕም	2
ጉዝጓዝ	2
ጉርዝ	2
ጉራ	2
ገፓነም	2
ገፓሑም	2
ገግመና	2
ገግመታ	2
ገግ	2
ገከበትየ	2
ገነታ	2
ገብ	2
ገረደና	2
ገምባ	2
ገማም	2
ጅወ	2
ጅረታ	2
ጄፍ	2
ጀᎌርም	2
ዴንጛም	2
ዳንጋ𞟥ታ	2
ዳቦ	2
ደፐሮᎌም	2
ደገሙም	2
ደካላ	2
ደነጐንም	2
ደነገችም	2
ደነታ	2
ደመረ𞟥ታ	2
ዮጬዬ	2
ዮጤ	2
ዮጣወ	2
ዮጣ	2
ዮጠቀ	2
ዮጆ	2
ዮድ	2
ዮኸር	2
ዮኔ	2
ዮነ	2
ዮሳቻ	2
ይ𞟥ር	2
ይᎀቅና	2
ይፍቴ	2
ይፍተ	2
ይጥረጥሪ	2
ይጠ𞟻	2
ይጠሬ	2
ይዮ	2
ይዬ	2
ይዝረ𞟷ዬ	2
ይውዮ	2
ይወጣወ	2
ይወጣኒ	2
ይወር	2
ይንጐድም	2
ይንም	2
ይቾት	2
ይችነ	2
ይቸኖ	2
ይቸንቴ	2
ይትጮደማ	2
ይትቐፐረማ	2
ይትሰማ	2
ይበዛወ	2
ይበሬ	2
ይሽታ	2
ይስጪ	2
ይስዬ	2
ይስሬ	2
ይሰ𞟮	2
ይሰጭ	2
ይሰሮኤ	2
ይሰርᎋ	2
ይረፋ	2
ይረብርዌ	2
ይሞቴ	2
ይመስሬ	2
ይሕርሸሽ	2
ይሕርሸ	2
ይሓ	2
ዬን	2
ያ𞟥ም	2
ያፈር	2
ያጋሐ	2
ያደታሐ	2
ያዥᎌ	2
ያዢ	2
ያዠመነታ	2
ያዛንጝ	2
ያንቈነሺ	2
ያናቸነሑ	2
ያነቦ	2
ያቸን	2
ያቸነኖ	2
ያትያን	2
ያትሼወ	2
ያብ	2
ያባ𞟥ቴ	2
ያቅመጭ	2
ያሮ	2
ያርቅ	2
ያርቄ	2
ያረሰዊ	2
ያሕሬ	2
ያሑ	2
ያሐም	2
የ𞟥ናሐ	2
የᎀተ	2
የፍረጠጦዮ	2
የፈዶንከ	2
የፈንገያ	2
የጮረን	2
የጨነ	2
የጠᎈ	2
የጠወጠን	2
የጠበጠና	2
የጠረቅ	2
የ𞟹ታ	2
የጓድ	2
የግብር	2
የግሬድ	2
የገᎈሪ	2
የገፓትየ	2
የገረደ𞟥ታ	2
የጆካ	2
የዴንጛሕነማ	2
የደጃች	2
የደን	2
የዝሽ	2
የዝም	2
የዝሔ	2
የዘገዶ	2
የዘንጌ	2
የዘበርየ	2
የወንዠት	2
የኰርዮ	2
የኰርየ	2
የቾናች	2
የትምባ	2
የትማሮ	2
የት	2
የተነፈ	2
የብ𞟲ረታ	2
የብረት	2
የባሪቅ	2
የባሌ	2
የባ	2
የበቈሎ	2
የበሕር	2
የቅረረ	2
የቄጥ	2
የቃያንዳ	2
የቃረችየ	2
የሸረት	2
የስያመና	2
የሳረኖ	2
የሳምት	2
የሲጣር	2
የሰና	2
የሰት	2
የሰማ𞟥	2
የርቻ𞟥	2
የርቅ	2
የራባ𞟥ታ	2
የረፐረች	2
የሟረቴ	2
የምበሮ	2
የሜኔ	2
የሚሲዮን	2
የመገራ	2
የመዘኔት	2
የመረግየ	2
የመረጋ	2
የሕኖ	2
የሕሬ	2
የሐን𞟲ት	2
የሐም	2
ዠፐሮም	2
ዠረርየ	2
ዞረና	2
ዞረ	2
ዝክም	2
ዜማንቸ	2
ዛ𞟥ርወት	2
ዚዛ	2
ዘፒተ	2
ዘገረ𞟥ታ	2
ዘየ	2
ዘንጎ	2
ዘንግር	2
ዘበረታ	2
ውየ	2
ውዛታሐ	2
ውሳ	2
ውርጀ	2
ውርሰንበት	2
ውረሙ	2
ዌተ	2
ዌሽ	2
ዌራ	2
ዋጋና	2
ዋይወቶ	2
ዋንዠነ	2
ዋቅ	2
ዋሮት	2
ዋርም	2
ዋርሐም	2
ዋሪም	2
ዋረችም	2
ዋረማም	2
ወፍካ	2
ወጣ	2
ወድርግ	2
ወንደም	2
ወቸርችር	2
ወስጥም	2
ወሰደንም	2
ወሰደችንም	2
ወሰደችም	2
ወሰደም	2
ወሮም	2
ወረር	2
ወሔዩ	2
ወሔምንሐዌ	2
ወልቂጤአታ	2
ኰተ	2
ኮት	2
ኮሬንቲ	2
ክትᎈ	2
ክረታም	2
ካስም	2
ኩፍ	2
ኩታ	2
ከናችም	2
ከተማ	2
ከስ	2
ኦጨም	2
ኦደም	2
ኦያት	2
ኦናችወም	2
እድድ	2
እክሽ	2
እንጐድሽ	2
እንጐድሕ	2
እንኳን	2
እን𞟲ተ	2
እንቅወ	2
እንሰብ	2
እንምጊ	2
እሽ	2
እርስወት	2
እምድብር	2
እምቤ	2
እም	2
ኤፐችም	2
ኤያዢ	2
ኤወስድ	2
ኤቾና	2
ኤስ	2
ኤረሕዊ	2
ኤላም	2
ኣ𞟥ተረም	2
ኣ𞟥ም	2
ኣ𞟣	2
ኣፍያ	2
ኣፈጠረችም	2
ኣጨም	2
ኣግኑተታ	2
ኣጋተታ	2
ኣጋተሕታ	2
ኣጋ	2
ኣጀጐረንም	2
ኣዶትመ𞟥ታ	2
ኣደትመታ	2
ኣደተና	2
ኣደርሑም	2
ኣደሪምታ	2
ኣደረችም	2
ኣኸሰም	2
ኣኰናንም	2
ኣን𞟥ር	2
ኣንᎈታ	2
ኣንፏት	2
ኣንፏተታ	2
ኣንጪም	2
ኣንገፔ	2
ኣንገፓ	2
ኣንድቕ	2
ኣንድ	2
ኣንቸነራዌ	2
ኣንበታ	2
ኣንቐም	2
ኣንቀᎈ	2
ኣንስየንሐ	2
ኣንሳረና	2
ኣንሰናች	2
ኣንሓርሑ	2
ኣንሓር	2
ኣንሐርሐዌ	2
ኣን	2
ኣናዥ	2
ኣናትያነ	2
ኣናቅመጭ	2
ኣናስየ	2
ኣቸነኖም	2
ኣትያነም	2
ኣትብር	2
ኣትባታም	2
ኣትባቅርም	2
ኣትቓጨም	2
ኣትሽ	2
ኣትሸወ	2
ኣትሰማ	2
ኣትመ𞟥ታ	2
ኣትመታ	2
ኣቴጐንም	2
ኣቴበ	2
ኣቴ	2
ኣታከር𞟢ም	2
ኣታከርሒም	2
ኣታተ	2
ኣቱ	2
ኣባ𞟥	2
ኣበ𞟥ታ	2
ኣበጐዳ𞟥ታ	2
ኣበጐደ	2
ኣቐፐረም	2
ኣርዋ	2
ኣርቴ	2
ኣርበት	2
ኣራረሟት	2
ኣምስተ	2
ኣምሳ	2
ኣማረታ	2
ኣሚን	2
ኣመነውም	2
ኣመርጋ	2
ኣመር	2
ኣሐትንሐ	2
ኣልጋ	2
ኣልቦ	2
ኢፍትመ𞟥ታ	2
ኢግዜር	2
ኢብጘት	2
ኢብጘታም	2
አጠራን	2
አግራሐ	2
አግረና	2
አገባ	2
አዢ	2
አወጣቴ	2
አወር	2
አከሰችም	2
አከሰም	2
አከራቴ	2
አቾትወ	2
አችኔ	2
አቸንቴ	2
አትመርሽ	2
አተንሽ	2
አተሟሐ	2
አብርቴ	2
አሸን	2
አስት	2
አርቻ𞟥	2
አርቹ	2
አራመታ	2
አሗማ	2
ኖም	2
ንብረተታ	2
ንቅም	2
ንምታ	2
ኔም	2
ናብኔ	2
ናሰሕነማ	2
ነገም	2
ነጂ	2
ነከወንምታ	2
ነከብ𞟥ም	2
ነከብሐም	2
ነባላ	2
ነሳችም	2
ነረብሐ	2
ነረቢ	2
ቾናወም	2
ቾነማም	2
ችመ	2
ቼፋት	2
ቸንምታ	2
ቸነ	2
ቸም	2
ቶጣ	2
ቶየም	2
ቶት	2
ቶሽ	2
ቶሬ	2
ት𞟥ን	2
ትጠ𞟻	2
ትዝ	2
ትወጤ	2
ትካ𞟥	2
ትከ𞟥ታ	2
ትንቸን	2
ትንብሩ	2
ትናትያን	2
ትቸንም	2
ትቶጣ	2
ትትዘገዴ	2
ትትውን	2
ትትውራታ	2
ትትሰሬ	2
ትትረሳ	2
ትትመር	2
ትታጣጣ	2
ትሰማ	2
ትርፍ	2
ቴቀጥሬም	2
ቴሐርም	2
ቴሐር	2
ታᎀጠጠን	2
ታፈር	2
ታጠርሬ	2
ታዶተና	2
ታደት	2
ታዥ	2
ታዤ	2
ታዝማምር	2
ታዊም	2
ታኖ	2
ታነቦ	2
ታትጮድኔ	2
ታትያን	2
ታቤ	2
ታበጐዳ𞟥ታ	2
ታርወ	2
ታርቴ	2
ታሜ	2
ታማራ	2
ቲᎃጨጪ	2
ቲᎃጠጦ	2
ቲᎀቅኖ	2
ቲፈቀማ	2
ቲገዌ	2
ቲዮጣ	2
ቲዮጠማ	2
ቲያጭራንም	2
ቲያሮ	2
ቲዩድ	2
ቲትᎈቐሪ	2
ቲትፈቐር	2
ቲትጮደ	2
ቲብና	2
ቲስሬ	2
ቲረፋ	2
ተጭራ	2
ተጨነቀችም	2
ተጨርም	2
ተ𞟺ራ	2
ተግብት	2
ተጉብርየ	2
ተድረ	2
ተደመደም	2
ተዠፐረችምታ	2
ተዠፐረችም	2
ተዠፐረማም	2
ተከፓም	2
ተከነ	2
ተቾናወ	2
ተትምባ	2
ተተማሪ	2
ተብር	2
ተብራጨም	2
ተቤት	2
ተሽፈፈርሐም	2
ተሳት	2
ተሳ	2
ተሰብም	2
ተሬዛ𞟥ታ	2
ተራከብነም	2
ተረፐርሐ	2
ተረፐረ	2
ተረሽም	2
ተረሼም	2
ተረሳምታ	2
ተሟሸችንም	2
ተሞት	2
ተሚሲዮን	2
ተመኪና	2
ተሐ	2
ቦሬት	2
ቦልቂጤ	2
ብንወጣ	2
ብንመ	2
ብትውን	2
ብትቸን	2
ብትብር	2
ብ𞟲ረታ	2
ብሳቴ	2
ብርስየ	2
ብራ	2
ቤ𞟥ር	2
ቤንዋ	2
ቤነት	2
ቤነተታ	2
ቤቴንየ	2
ቤተሕነማ	2
ቤሻና	2
ቤሻታ	2
ባጭ	2
ባጋተ𞟥ታ	2
ባንጭዬ	2
ባንሐረ	2
ባትችን	2
ባቤ	2
ባባ𞟥ታ	2
ባሽ	2
ባሐምዌ	2
ቢፍቴ	2
ቢጨ𞟲ስና	2
ቢጥር	2
ቢና	2
ቢቸን	2
ቢትዠፐር	2
ቢትሰን	2
ቢተር	2
ቢሰራ	2
ቢረሼ	2
ቢሐር	2
ቡዳ	2
ቡዥ	2
ቡሉኮአታ	2
በᎈረታ	2
በᎀቅ	2
በፈጠር	2
በጭቃራ	2
በጨነዊ	2
በጠነማ	2
በጠቀሻ	2
በጓላ	2
በግር	2
በጉነረ𞟥ታ	2
በጉነረ	2
በገፓች	2
በገበር	2
በጆካ	2
በደራር	2
በዠ	2
በዝግባ	2
በዝም	2
በዛንቐ	2
በዘንግር	2
በዋርኽ	2
በኰሺአጋ	2
በክፋቱም	2
በቸነ	2
በትት	2
በታም	2
በብ𞟲ረታ	2
በቤትም	2
በባሪቅ	2
በበኖ	2
በቄጥ	2
በቀርጫት	2
በሸሚዘታ	2
በስድስት	2
በስ𞟲ር	2
በስር	2
በሱሌየታ	2
በሰማችሜ	2
በረፐረ	2
በረገ	2
በረን	2
በምሽነት	2
በምር	2
በሜና	2
በማቸ	2
በሑማታ	2
ቕጥየ	2
𞟲ጥር	2
ቈነሺም	2
ቈመቦም	2
ቅንቅት	2
ቅስር	2
ቅርሽም	2
ቃሳ	2
ቃርሕ	2
ቃረ	2
ቁጥር	2
ቁምጭር	2
ቁምጣሽ	2
ቀኛዝማች	2
ቀነሰናም	2
ቀነም	2
ቀሪም	2
ቀላድ	2
ቀላደና	2
ሽርሽር	2
ሽማ𞟥	2
ሻደም	2
ሻበም	2
ሺነጋ	2
ሺምም	2
ሸገረችም	2
ሸችም	2
ሸም	2
ሴራ	2
ሳንቲም	2
ሳስት	2
ሳሳ	2
ሳረንደም	2
ሳረንምታ	2
ሳምቱ	2
ሳመናም	2
ሱንት	2
ሰጨንም	2
ሰደርያ	2
ሰየኒ	2
ሰናችም	2
ሰነፈችም	2
ሰነበት	2
ሰብም	2
ሰብሕ	2
ሰረቦ	2
ሰሐር	2
ርስት	2
ራን	2
ረንም	2
ረረም	2
ሠር	2
ምዳድ	2
ምሽራታ	2
ምሽራሕ	2
ምሽራሐ	2
ምላጭ	2
ሜናታ	2
ማተቤትም	2
ማሳ	2
ሙጥጥ	2
ሙራ	2
ሙማ	2
መጪ	2
መዛ	2
መቸብያና	2
መቴነት	2
መታ	2
መላ	2
ሕነዋ	2
ሕሽ	2
ሓታ	2
ሓርሑም	2
ሓረችም	2
ሑትሽ	2
ሑታሕ	2
ሑቱ	2
ሐረቮም	2
ልጓም	2
ልክ	2
ላሌ	2
𞟥ንመታ	1
𞟥ትንያ	1
𞟠ና𞟥	1
𞟠ነ𞟥ታ	1
𞟠ቸ	1
ᎈጨንም	1
ᎈንዣ	1
ᎇ𞟲ረታ	1
𞟴ሮ	1
ᎄነም	1
ᎄቸም	1
ᎄቐርም	1
ᎄርቀጭ	1
ᎃስᎃስመታ	1
ᎃርጥ	1
ᎀግየ	1
ᎀደዶም	1
ᎀነ	1
ᎀችችተናሕ	1
ᎀተችም	1
ᎀስረንም	1
ᎀሬ	1
ᎀረᎀረ	1
ፏ𞟻ያ𞟥	1
ፏ𞟻የ𞟥ታ	1
ፏ𞟻የታ	1
ፏ𞟻የ	1
ፎቶግራፈታ	1
ፎር	1
ፍጥረተታ	1
ፍጢምተ	1
ፍቕር	1
ፍቕራ	1
ፍቕረታቸም	1
ፍ𞟲ሩ	1
ፍቅረ	1
ፍራንከታ	1
ፍረነተችም	1
ፌቅ	1
ፌም	1
ፋጋሸ	1
ፊንጨመታ	1
ፊታውራሪ	1
ፉጋ	1
ፉንም	1
ፉርጃ𞟥ታ	1
ፉርኖ	1
ፈጥ	1
ፈጠረናም	1
ፈጠረም	1
ፈጠም𞟥ም	1
ፈገገምታ	1
ፈጀንሐም	1
ፈኮንም	1
ፈካ𞟠ም	1
ፈካናም	1
ፈካሐም	1
ፈከዊምታ	1
ፈከማም	1
ፈንጠናም	1
ፈንጌነተታ	1
ፈንድነም	1
ፈታም	1
ፈተክ	1
ፈተና	1
ፈረዝ	1
ፈረንጂሽ	1
ጸጥታ	1
ጮዳታ	1
ጮዳም	1
ጮዳሕነማ	1
ጮረም	1
ጭጭ	1
ጭዛታ	1
ጭንዌ	1
ጭቃራም	1
ጭራታ	1
ጭራሽ	1
ጬቱ	1
ጫᎈም	1
ጫውጫውትመታ	1
ጫውጫውት	1
ጫውጫውተ	1
ጫንቋ	1
ጫሮም	1
ጫርሐም	1
ጨጭኒ	1
ጨንቅራ	1
ጨነዊም	1
ጨነቦም	1
ጨነሑንም	1
ጨነሐም	1
ጨቈስችም	1
ጨቈስም	1
ጨቈሰችንም	1
ጨቈሰችም	1
ጨቈሰም	1
ጨቅመነም	1
ጨቀማ	1
ጨርቀታ	1
ጨሗሐ	1
ጧአ𞟥ታ	1
ጦት	1
ጦቀነት	1
ጥፋት	1
ጥፋተነም	1
ጥጣታ	1
ጥዋነረንም	1
ጥዋ	1
ጥንቕተታ	1
ጥን𞟲	1
ጥብጭተሐ	1
ጥብጠዊ	1
ጥ𞟲ርየ	1
ጥ𞟲ር	1
ጥርጥር	1
ጥራና	1
ጥራት	1
ጥራርወቱ	1
ጥረጠርሑምዌ	1
ጥረጠር	1
ጥረጠረም	1
ጥረኒ	1
ጢተ	1
ጡዋ𞟥	1
ጡአ𞟥ታ	1
ጡር	1
ጡሪ	1
ጡም	1
ጠᎈም	1
ጠወጪም	1
ጠን	1
ጠናንም	1
ጠናናም	1
ጠናቆ	1
ጠናቃ	1
ጠነቈረም	1
ጠነቀናም	1
ጠነማ	1
ጠባብ	1
ጠበጦምታ	1
ጠበጦም	1
ጠበጥንኽም	1
ጠበጠዊም	1
ጠበጠኖም	1
ጠበጠችም	1
ጠበጠ	1
ጠቅቅ	1
ጠቀቀችም	1
ጠቀርሐም	1
ጠርሙስ	1
ጠራታሐ	1
ጠረጴዛ	1
ጠረቅ	1
ጠረሮ	1
ጠላት	1
ጝደር	1
ጝበተም	1
ጝሽታ	1
ጝሽ	1
ጘኻረም	1
𞟺ጅክ	1
𞟺ራ𞟹	1
𞟹ታኩየ	1
ጓደንምታ	1
ጓደንም	1
ጓላ	1
ጐጀ	1
ጐንቾ	1
ጐቸመታ	1
ጎጋመታ	1
ጎንዝየ𞟥ታ	1
ጎን	1
ጎነመታ	1
ግ𞟥ምዌ	1
ግየታ	1
ግዝያሕማ	1
ግዝያሐ	1
ግዝየም	1
ግዛም	1
ግዋ	1
ግንድየ	1
ግብቻነ	1
ግብትሽ	1
ግብተታ	1
ግብርም	1
ግብሩ	1
ግብረ	1
ግባር	1
ግባም	1
ግርድ	1
ግርማዊ	1
ግሬድም	1
ግሬድሕ	1
ግራድ	1
ጌፍነት	1
ጌንዞአታ	1
ጌንዞ	1
ጋያ	1
ጋዜጣ	1
ጋሼና	1
ጉፓ	1
ጉዝጓዝሽታ	1
ጉነሬ	1
ጉነረመ𞟥ታ	1
ጉነረ	1
ጉብርየ	1
ጉርበት	1
ጉርበተ	1
ጉራ𞟹	1
ጉማታ	1
ገፗንም	1
ገፖራም	1
ገፓፒም	1
ገፓናም	1
ገፓሐም	1
ገፈሮዩምታ	1
ገፈርሐኖም	1
ገፈረዊም	1
ገግሸ𞟥ታ	1
ገጋሑ	1
ገደደችም	1
ገደርሎ	1
ገደር	1
ገደሩ	1
ገዘነት	1
ገዘነ	1
ገወቸያም	1
ገንሕ	1
ገና	1
ገኑ	1
ገነንዳሕ	1
ገነንዳሐ	1
ገታችም	1
ገብዬ	1
ገብያና	1
ገብችወተታ	1
ገብር	1
ገቤ	1
ገርገር	1
ገሪ	1
ገረፉ	1
ገረድ𞟥ታ	1
ገረድም	1
ገረዳሐ	1
ገረደንዳ	1
ጅየማ	1
ጅቡ	1
ጅር	1
ጅም	1
ጅማ	1
ጅሙ	1
ጄፈታ	1
ጁንያ	1
ጀᎈር	1
ጀᎀጐረምታ	1
ጀፐሮም	1
ጀፐርሑም	1
ጀፐርሐም	1
ጀፐር	1
ጀፐረችም	1
ጀግጀግት	1
ጀግና	1
ጀክᎀንምታ	1
ጀከመናም	1
ዶᎀጅᎌ	1
ዶፒተም	1
ዶን	1
ዶነ	1
ዶመረታ	1
ድፐረወም	1
ድፐረችወም	1
ድፍረተታ	1
ድግስ	1
ድድ	1
ድይ	1
ድየሽ	1
ድንጐ	1
ድናም	1
ድብኒ	1
ድብርወም	1
ድባ𞟲ላ	1
ድቢᎌም	1
ድቢተችወ	1
ድረደሪም	1
ድረደረም	1
ድረም	1
ዴንጞ	1
ዴንጝነት	1
ዴንጜ	1
ዴንጛንያ	1
ዳ𞟥ታ	1
ዳᎀ	1
ዳንጋ	1
ዳኔ	1
ዳነ𞟺ም	1
ዳታ	1
ዳቐ	1
ዳቃምታ	1
ዳቀወም	1
ዳርሽ	1
ዳራጘ	1
ዳረችናምታ	1
ዳረምታ	1
ዲንጛ	1
ዱንያ	1
ደፒተ	1
ደፐን	1
ደፐረችወም	1
ደፐረም	1
ደፐረማᎌም	1
ደፈር	1
ደገን	1
ደገሙዩ	1
ደጀች	1
ደክ	1
ደኔም	1
ደና𞟥	1
ደነ𞟥ታ	1
ደቐሑና	1
ደቅዶቄ	1
ደቀምታ	1
ደርቾኖም	1
ደረም	1
ደም	1
ደማᎀ	1
ደማመቶ	1
ደማ	1
ደመረታ	1
ደሐነማ	1
ዮፎአታ	1
ዮፈንቼ	1
ዮጨያ	1
ዮጣወሽ	1
ዮጣች	1
ዮጣራ	1
ዮጣም	1
ዮጠᎌ	1
ዮጠማ	1
ዮጃ	1
ዮጂ	1
ዮጀሬ	1
ዮድር	1
ዮዴ	1
ዮደንም	1
ዮደን	1
ዮደም	1
ዮዜ	1
ዮንዠት	1
ዮንባ	1
ዮናᎈ	1
ዮነንኩ	1
ዮቀጠችም	1
ዮሳ	1
ዮሬ	1
ዮራ	1
ዮረጀታ	1
ዮረወ	1
ዮረማሖ	1
ዮምብየ	1
ዮሐር	1
ዮልቂጤ	1
ይ𞟥ን	1
ይ𞟥ሮ	1
ይᎈጭዮ	1
ይᎈጭን	1
ይᎈጥን	1
ይᎈጅያ	1
ይᎈጅነ	1
ይᎈጅሬ	1
ይᎈጅረቴ	1
ይᎈዝዝን	1
ይᎀስን	1
ይፍዘዝናሸ	1
ይፍዘዝሐ	1
ይፍዘዝ	1
ይፍዘዜሸ	1
ይፍተኔ	1
ይፈጭባነ	1
ይፈጥሬ	1
ይፈኮ	1
ይፈቅ	1
ይፈቃወ	1
ይፈቃ	1
ይጥᎈጥ𞟻ን	1
ይጠውጥን	1
ይጠብጦማዬ	1
ይጠብጦ	1
ይጠብጥወ	1
ይጠብጥባ	1
ይጠርጎ	1
ይጘ𞟥ትኔ	1
ይጘኸችᎌ	1
ይጘኸትኔ	1
ይጘክትን	1
ይጘሕች𞟾	1
ይጘሕትኔ	1
ይግዘር	1
ይገወᎌ	1
ይገቦኤ	1
ይገባታ	1
ይገርዝም	1
ይገርዝ	1
ይጀ𞟽ሪቴ	1
ይጀ𞟽ሪ	1
ይጀፕሬ	1
ይጀፑርዬ	1
ይዶቅ	1
ይድዥባፐር	1
ይድበሽ	1
ይድበስማ	1
ይደነግባ	1
ይደብርዌ	1
ይደቅ	1
ይደርጌቴ	1
ይደርጉኔ	1
ይደሬ	1
ይደረጌ	1
ይያሕ	1
ይዝረኽ	1
ይዝረኸወ	1
ይዝረ𞟷	1
ይውጦ	1
ይውኔ	1
ይውርኽ	1
ይውርሕ	1
ይውሪሸታ	1
ይውሕቴ	1
ይዌ	1
ይወጦዮ	1
ይወጥ	1
ይወጣን	1
ይወጣቴ	1
ይወጣሬ	1
ይወጎ	1
ይወጋ	1
ይወስጂ	1
ይወስዶ	1
ይወስድ	1
ይወሬ	1
ይወራነታ	1
ይወሪ	1
ይኸስስሐ	1
ይ𞟷ን	1
ይኰሺ	1
ይክበሰሰቢቴ	1
ይክሴ	1
ይከስ	1
ይከሰወ	1
ይንቐስት	1
ይንሳሽ	1
ይንመንዳም	1
ይኔ	1
ይናምር	1
ይናም	1
ይናሐ	1
ይቾና	1
ይቾትም	1
ይቸ𞟷ሪ	1
ይቸነ	1
ይቸላ	1
ይቶዶ	1
ይቶይ	1
ይት𞟥ርመ𞟥ቶሽ	1
ይት𞟠ሮ	1
ይት𞟮ኔ	1
ይት𞟮ኒ	1
ይትፈቐሮ𞟾	1
ይትጨነ𞟲	1
ይትጣደፍ	1
ይትጠነ𞟲ሽ	1
ይትጐተሪ	1
ይትጋፋወ	1
ይትጋረፍኖቴ	1
ይትገተሬ	1
ይትድራከትወ	1
ይትዬ	1
ይትዠፐርወ	1
ይትዘገዶን	1
ይትዘገደሐ	1
ይትቐᎌርያ	1
ይትቐፐኖኤ	1
ይትቐፐር	1
ይትቐፐሬ	1
ይትሸᎃ	1
ይትሸጂ	1
ይትሸዴ	1
ይትስራፐትኖኤ	1
ይትስራሰርወ	1
ይትሳፈሬ	1
ይትሰን	1
ይትሰሬ	1
ይትርቆ	1
ይትረከቦ	1
ይትረቦም	1
ይትምላስሮ	1
ይቴንሽ	1
ይቴርሸዌ	1
ይተሴሸ	1
ይቦን	1
ይብጘታንሐዌ	1
ይብኖ	1
ይብስ	1
ይብሮንዶ	1
ይብረማ	1
ይብ	1
ይቤትር	1
ይቤ	1
ይበጘታ	1
ይበጅር	1
ይበዳ	1
ይበዛቢ	1
ይበሮ	1
ይበርጥና	1
ይበርጠዊ	1
ይበራሜ	1
ይበራ	1
ይበረዊ	1
ይቐም	1
ይ𞟲ሬዌ	1
ይ𞟲ረጦም	1
ይቈም	1
ይቅየንሐ	1
ይቅየ	1
ይቀብር	1
ይሽጓ𞟷ን	1
ይሽን𞟥	1
ይሽን𞟠	1
ይሽና	1
ይሽታታ	1
ይሽሬ	1
ይሽም	1
ይሽሔ	1
ይሼዬ	1
ይሼ	1
ይሸደ	1
ይሸ𞟷ቺምታ	1
ይሸኔ	1
ይሸታ	1
ይሸቦኤ	1
ይሸምኖ	1
ይሸሔ	1
ይሸ	1
ይስᎀችᎌ	1
ይስየ	1
ይስ𞟲ሪ	1
ይስራነሐሽ	1
ይስማ	1
ይሳሬ	1
ይሰጬ	1
ይሰግርም	1
ይሰየም	1
ይሰቦ	1
ይሰበውዬ	1
ይሰቅሮኤ	1
ይሰሮ	1
ይሰርብ	1
ይሰርቆኤ	1
ይሰርቀታ	1
ይሰሞቴ	1
ይሰሜ	1
ይሰማ	1
ይርወሺ	1
ይርብር	1
ይርስየ	1
ይርመዴሸ	1
ይረጭና	1
ይረጦ	1
ይረወነታ	1
ይረብሮቴ	1
ይረብሮ	1
ይረ𞟲	1
ይረ𞟰	1
ይረቅጦም	1
ይረቅጥ	1
ይረቅሽ	1
ይረምድ	1
ይረሕብ	1
ይሟሽና	1
ይምድብር	1
ይሜጥሮም	1
ይማትሓ𞟥	1
ይማት	1
ይማታ𞟥	1
ይማተ𞟥ታንያ	1
ይማተ𞟥ታ	1
ይማተና	1
ይማተታ	1
ይመስሮን	1
ይመሰር	1
ይሕን𞟥ሽዌ	1
ይሕርሽዊ	1
ይሕሬ	1
ይሐሮፒ	1
ይሐሮ	1
ይሐርብሐ	1
ይሐራኖዬ	1
ይሐረውዬ	1
ይሐረዊ	1
ይሐለማ	1
ዬነ𞟥ታ	1
ዬበር	1
ዬላ	1
ያ𞟥ሻሸራ	1
ያ𞟠ር	1
ያ𞟠	1
ያᎈዘዘን	1
ያᎈቈረን	1
ያᎀርዮ	1
ያᎀሪ	1
ያፏኤ	1
ያፍጥᎃን	1
ያፍጣጠነ	1
ያፈጥረማ	1
ያፈጥላ	1
ያፈረንዳ	1
ያጭቃርየ	1
ያጥም	1
ያጠነቅሔ	1
ያጐርችሕ	1
ያግዘግዝ	1
ያግባሽ	1
ያግባሸ	1
ያግርዠ	1
ያጋፓሔ	1
ያጋሕ	1
ያጋ	1
ያገፗችን	1
ያገፓ	1
ያገድሕን	1
ያገድሔ	1
ያገደ𞟠ን	1
ያገቦም	1
ያገቤ	1
ያገባቴ	1
ያገባ	1
ያጃቴ	1
ያጀግናሽ	1
ያጀግርሐ	1
ያጀገረናሜ	1
ያዶተና	1
ያዶተታ	1
ያዶተ	1
ያድግ	1
ያድሮ	1
ያድሬ	1
ያድራክት𞟥	1
ያደ𞟺ᎌ	1
ያደተ𞟥ቴ	1
ያደተ𞟥ታ	1
ያደተታ	1
ያደተ	1
ያደረስር	1
ያዦሮ	1
ያዠንም	1
ያዠሕኖ	1
ያዠ	1
ያዞ	1
ያዝራኽኔ	1
ያዝረኽ	1
ያዘቦ	1
ያውንደሸ	1
ያውንሸ	1
ያውሐ	1
ያወጀያ	1
ያወችኔ	1
ያ𞟷𞟷ን	1
ያኰሽ	1
ያንᎈ	1
ያንጥረጠሪ	1
ያንጣፍንኬ	1
ያንጠን	1
ያንጋዴ	1
ያንገፗን	1
ያንገት	1
ያንገተቴንየ	1
ያንደ	1
ያንዣንሮ	1
ያንካስሐ	1
ያንካሰታ	1
ያንቓንቐታ	1
ያንስ	1
ያንሳረን	1
ያንሰኔ	1
ያንሓረ	1
ያን	1
ያናዠና𞟥	1
ያናዠና	1
ያናዠሑን	1
ያናዠ	1
ያናቸነሑኒ	1
ያነኔᎌ	1
ያነቦም	1
ያነቢ	1
ያነም	1
ያነማ	1
ያቸፍና	1
ያቸኖኤ	1
ያቸነን	1
ያቸነችን	1
ያትጮድን	1
ያትጭመዊ	1
ያትጨም	1
ያትጨመውዬ	1
ያትደምድንሐሽ	1
ያትደምድሽ	1
ያትያነረ	1
ያትየዤዬዩ	1
ያትየትርᎌ	1
ያትየ	1
ያትኸታና	1
ያትባትሮ	1
ያትባቴ	1
ያትባታም	1
ያትቐንውዮሬ	1
ያትቐንብወ	1
ያትሽኰቺ	1
ያትሰማ	1
ያትርፍ	1
ያትርፌ	1
ያትርፉን	1
ያትርሳሳና	1
ያትረሕብሐ	1
ያትም	1
ያትሔኔ	1
ያትሐሮኤ	1
ያት	1
ያቴገና	1
ያታውር	1
ያታከር	1
ያቲቮ	1
ያተሕር	1
ያቮን	1
ያባንዳ	1
ያባር	1
ያባሕቴዮረች	1
ያባሕታ	1
ያበጐዳ𞟥ቴ	1
ያበጐዳ𞟥ታ	1
ያበጐዳ	1
ያበታ	1
ያበሩስ	1
ያቕንቴ	1
ያቈመወ	1
ያቅመታ	1
ያስዬ	1
ያስየወ	1
ያስየንቴ	1
ያስየም	1
ያስሬ	1
ያስራንደ	1
ያስራሐም	1
ያስረቮኤ	1
ያርᎌ	1
ያርጪ	1
ያርጉስ	1
ያርዋሕቴ	1
ያርዋሐ	1
ያርዊ	1
ያርብሐ	1
ያርበት	1
ያርቅና	1
ያርስ	1
ያሪ	1
ያረሽሬ	1
ያረሺምታ	1
ያምብር	1
ያምባረ	1
ያሜዬ	1
ያሜወ	1
ያማሪና	1
ያመነና	1
ያመነች	1
ያመነሽ	1
ያመረና	1
ያሕ	1
ያሐሔ	1
ያለቃ	1
ዩድ	1
ዩዌ	1
ዩትሽጋከር	1
ዩሳቻ	1
ዩረሙዌ	1
ዩረመኖ	1
የ𞟥ትም	1
የ𞟥ቴ	1
የ𞟠ት	1
የ𞟠	1
የᎋጋ	1
የᎃተ	1
የᎀተን	1
የፎቶግራፈታ	1
የፍቃድ	1
የፍረታ	1
የፊት	1
የፈጠረ	1
የፈካሐ	1
የጭን	1
የጬት	1
የጨንቅራ	1
የጨኔ	1
የጨነ𞟥	1
የጨነችና	1
የጨነች	1
የጨነሑ	1
የጨቈሺ	1
የጨቀማ	1
የጨቀመነ	1
የጨሽ	1
የጥᎀጠᎀን	1
የጥፏ	1
የጥቓጠችም	1
የጥቁጨቈጭዬ	1
የጥቁር	1
የጥረጠሬ	1
የጥልያን	1
የጤብር	1
የጤበር	1
የጠᎌ	1
የጠፐቦክሼ	1
የጠወጪ	1
የጠነቈን	1
የጝደረ𞟥ታ	1
የጘኸት	1
የጐት	1
የግድየ	1
የግየ	1
የግንዝረ	1
የግር	1
የግረ𞟥ታ	1
የጋዝ	1
የጋት	1
የጉነረ𞟥ታ	1
የጉራ𞟺ና	1
የጉራጌ	1
የጉራ	1
የገፗረ	1
የገፓጊ	1
የገፓወ	1
የገፓም	1
የገጋሕ	1
የገገና	1
የገነ	1
የገር	1
የገረድመ𞟥ታ	1
የጆወቸ	1
የጀግጀግት	1
የጀካ	1
የጀታ	1
የድጉᎌም	1
የድያ	1
የድየዋናታ	1
የድየዋና	1
የድየ	1
የድብሬ	1
የድባ𞟲ላ	1
የድባቁላ	1
የድረዘዘቦ	1
የዴንጛ𞟥ታ	1
የዴንጛም	1
የዳኔ	1
የዲያ	1
የዲና	1
የደ𞟽ሪ	1
የደፏን	1
የደገሟ𞟥	1
የደጀች	1
የደካሌ	1
የደንጛ	1
የደንገነ	1
የደሜ	1
የዠᎌሪ	1
የዠገባ	1
የዠነሪ	1
የዠችምታ	1
የዝገን	1
የዝኹር	1
የዝኣንቐ	1
የዝራብ	1
የዝምወተ𞟥ቴ	1
የዜየነት	1
የዜ	1
የዛሕርወት	1
የዘየ	1
የዘንጋ	1
የዋንሸሐና	1
የዋና	1
የዋርᎌ	1
የዋርፓ	1
የዋርዳ	1
የዋርዮ	1
የዋር	1
የዋሪ	1
የዋረችወ	1
የዋረ	1
የወናን	1
የወነᎌ	1
የ𞟷ታራ	1
የኳዴንጛ	1
የኳሺ	1
የኰሪ	1
የኬርዋኬ	1
የኬርወጌንየ	1
የኬርወጌም	1
የከነ	1
የከተማም	1
የከብሸሸኔት	1
የንበር	1
የንሳረ	1
የና	1
የነቀወ	1
የቾኖ	1
የቾናኔᎌ	1
የቾናሑᎌ	1
የቾትሑዪ	1
የችቤ	1
የቹቻ	1
የቸኰረችን	1
የቸኖᎌሙ	1
የቸኖᎌ	1
የቸኖ	1
የቸነደም	1
የቸነወ	1
የቸነቮ	1
የቸነሔ	1
የቸነሑም	1
የቸነሑ	1
የቸነሐሽ	1
የቸነሐ	1
የቸ	1
የት𞟠ረ	1
የት𞟮ኒ	1
የትፈረታቢ	1
የትግላገለች	1
የትገተረችወ	1
የትገተረች	1
የትጀከᎃዬ	1
የትደᎀጅᎌ	1
የትክነት	1
የትክ	1
የትተፏኤ	1
የትቤረ	1
የትቓጥ𞟥	1
የትቓተችም	1
የትቐነበወ	1
የትሽጋከረች	1
የትሽጋከረ	1
የትሰኰትንም	1
የትሰኰትን	1
የትራማ	1
የትረሳ𞟥ን	1
የትረሳን	1
የትረሳ	1
የትሟሽሐወ	1
የትማርም	1
የትማሬ	1
የትማረማ	1
የትመሮ	1
የታዠነ	1
የታዋ	1
የታክርት	1
የተᎀና	1
የተᎀታ	1
የተጨነ	1
የተዝሓር	1
የተኰሺ	1
የተኒ	1
የተት	1
የተሬዛም	1
የብ𞟥	1
የብ	1
የቤትገረድ	1
የቤተና	1
የቤተቴንየ	1
የባ𞟥ም	1
የባዝራ	1
የባዘነት	1
የባከ	1
የባና	1
የባሮክ	1
የባሬ	1
የባረና	1
የባረቃር	1
የባሕታ	1
የባሑንዴ	1
የበዳዳ	1
የበክፋቱ	1
የበኖᎌ	1
የበናሑን	1
የበታ	1
የበቅር	1
የቐᎀንሽ	1
የቐጥሐሽ	1
የቐሴ	1
የቅነ	1
የቅብ	1
የቅሲ	1
የቃያታ	1
የቃርችዬ	1
የቁየ	1
የቁርሺ	1
የቁርስ	1
የቁምጣታ	1
የቁምጣም	1
የቀየንደ	1
የቀን	1
የቀነቦ	1
የቀነሰናሽ	1
የቀነሰና	1
የቀነሰች	1
የቀላድ	1
የሽታኖ	1
የሽረኒት	1
የሺንጌንየ	1
የሺንጋም	1
የሸረኒት	1
የሶሬሳ	1
የስያም	1
የስየችወ	1
የስየችረም	1
የስኔ	1
የስነቀ	1
የስ𞟲ር	1
የስሰትራ	1
የስር	1
የስራን	1
የስማተታ	1
የሳና	1
የሳር𞟥	1
የሳርሰ	1
የሳርሐ	1
የሳሬ	1
የሳራታ	1
የሳራሕሩ	1
የሳራሐር	1
የሳረ𞟥	1
የሳረን	1
የሳረሕንደ	1
የሳረ	1
የሰጠዊ	1
የሰየ	1
የሰኰ𞟷	1
የሰናን	1
የሰነፍ	1
የሰነብሕኖ	1
የሰነማ	1
የሰቤ	1
የሰቈርዮም	1
የሰቈሪ	1
የሰቀር	1
የሰስትራ	1
የርችመ𞟥ታ	1
የርችመና	1
የርቸ𞟥ቴንየ	1
የርቸና	1
የርባቱ	1
የርባተሕነማ	1
የራቅ	1
የረᎌርᎌ	1
የረᎌረን	1
የረᎌረነታ	1
የረᎃጂ	1
የረፐርሔ	1
የረፐር	1
የረፐረዊ	1
የረፐረቼ	1
የረፐረሽ	1
የረፏ	1
የረገ	1
የረካ	1
የረከውዮ	1
የረከብኔ	1
የረቀᎀን	1
የረቀጠቼ	1
የሦስት	1
የሟኒም	1
የሟርᎃቴ	1
የሟር	1
የምብር𞟠	1
የምሽራታ	1
የምሸተና	1
የምሸ	1
የምስጋና	1
የምስም	1
የምስ	1
የሜየ	1
የማተቤት	1
የማተቤቴ	1
የመጥ	1
የመጠጥ	1
የመጀመሪያ	1
የመኰረችን	1
የመቾ	1
የመታገና	1
የመስቀርም	1
የመስቀረና	1
የመስር	1
የመሰቀር	1
የመሐረ	1
የሕኢፍቴ	1
የሕሼ	1
የሕርብ𞟥	1
የሕረ	1
የሕላ	1
የሔ	1
የሓሬ	1
የሑጅረና	1
የሐናሐ	1
የሐና	1
የሐሽ	1
የሐሮ	1
የሐር𞟤	1
የሐርሑ	1
የሐርሐ	1
የሐረችም	1
የሐረች	1
የሐረቃር	1
የሐረም	1
የሐረሜ	1
የሐ	1
ዦረም	1
ዥማርን𞟥	1
ዣነገችም	1
ዣነ	1
ዣርጝ	1
ዠᎌርም	1
ዠᎌረችንምታ	1
ዠᎌረችንም	1
ዠᎌረችረም	1
ዠᎌረረም	1
ዠፐርሕኖም	1
ዠፐረችኖም	1
ዠፐረችራም	1
ዠንጉ	1
ዠነገም	1
ዠነርሎም	1
ዠሻሸራ	1
ዝግባ	1
ዝክሽ	1
ዝካቲረ𞟲	1
ዝንᎈታ	1
ዝንትሸከተና	1
ዝነ	1
ዝትረሰዊም	1
ዝትም	1
ዝቡ	1
ዝሽታ	1
ዝሽ	1
ዝራካም	1
ዝረሐችም	1
ዝሟᎀጃት	1
ዝምጋᎀ	1
ዝምወትማ	1
ዝምበሕታ	1
ዝማᎀጃት	1
ዝማመዶችም	1
ዝሕ	1
ዝሐታ	1
ዜግነት	1
ዜጋ	1
ዛፕተም	1
ዛፓ	1
ዛፐትሐም	1
ዛታ	1
ዛቈር𞟥ም	1
ዛቈርሽ	1
ዛቈርሑም	1
ዛሕ	1
ዚማንቸ	1
ዙርያ	1
ዘፈር	1
ዘፈረመሑና	1
ዘገርም	1
ዘገራ𞟥	1
ዘድራ	1
ዘየንያ	1
ዘወር	1
ዘወ	1
ዘከረም	1
ዘንግረታ	1
ዘንጋሽታ	1
ዘንጋሽ	1
ዘንጋሮ	1
ዘንጋም	1
ዘነጎሽ	1
ዘነጋ	1
ዎን	1
ውጨቶ	1
ውጨም	1
ውጦት	1
ውጤሽ	1
ውጣም	1
ውዮ	1
ውየም	1
ውዛቱ	1
ውዛተታ	1
ውኸርም	1
ውኸር	1
ውኮም	1
ውተያመታ	1
ውስጅ	1
ውርግ	1
ውርየ	1
ውርሽ	1
ውራውር	1
ውራውረና	1
ውረጅተቦም	1
ውረታ	1
ውረም	1
ውል	1
ዌጦ	1
ዌጣሮ	1
ዌተያዤ	1
ዌተሐ	1
ዋ𞟥	1
ዋግባመታ	1
ዋጋቶ	1
ዋጋም	1
ዋጋሑ	1
ዋጅነር	1
ዋየት	1
ዋንጫ	1
ዋንቐማ	1
ዋንሸሐና	1
ዋትፈቃ	1
ዋትዋት	1
ዋተን	1
ዋቮም	1
ዋቦም	1
ዋሽዬ	1
ዋስየ	1
ዋሰየኖ	1
ዋርዳ	1
ዋርሽም	1
ዋረምታ	1
ዋረማምታ	1
ወፍጣ	1
ወፌረታ	1
ወፈንቻ	1
ወጦርም	1
ወጥ	1
ወጣ𞟥ምሽ	1
ወጣ𞟥	1
ወጣ𞟠ም	1
ወጣምሽ	1
ወጣሕም	1
ወጣሑም	1
ወጣሐም	1
ወጣሁም	1
ወጠቅሑም	1
ወጠቅሐም	1
ወጠቀናሐም	1
ወጠማም	1
ወግባታ	1
ወጌም	1
ወጀ	1
ወድርየ	1
ወድር	1
ወደብሽ	1
ወደረታ	1
ወየጋማ	1
ወዝገቡ	1
ወዝገበታ	1
ወወልድ	1
ወኮም	1
ወካናም	1
ወካም	1
ወካ	1
ወኪል	1
ወንዶችም	1
ወንዝት	1
ወንበር	1
ወንቅጠታ	1
ወነ	1
ወትራቅ	1
ወቴል	1
ወቱዘገቡ	1
ወተክር	1
ወተሮም	1
ወተርሑንም	1
ወተሪም	1
ወብሐ	1
ወባረ	1
ወ𞟲	1
ወሸር	1
ወስጥ	1
ወስየ	1
ወስርብ	1
ወስራ	1
ወስ	1
ወሰደናም	1
ወሰየም	1
ወሰየ	1
ወሮት	1
ወርቅ	1
ወርሑም	1
ወሬታ𞟥	1
ወሬቱ	1
ወሬም	1
ወረፎ	1
ወረጃሐ	1
ወረጀም	1
ወረችምታ	1
ወረቀቱ	1
ወማካ	1
ወመደር	1
ወመንፈስ	1
ወሕታ	1
ወሔነታሕ	1
ወሔቃር	1
ወሔምንያ	1
ወሔሙ	1
ወሓር	1
ኸስ	1
𞟷ታራ	1
ኳሽኳሽ	1
ኰቤአታ	1
ኮረምቶ	1
ክፈያ	1
ክየት	1
ክርስቲያንም	1
ክሬ	1
ክራም	1
ክልስ	1
ካችካች	1
ካቶሊክ	1
ካብት	1
ካሰችም	1
ካሰም	1
ኩንችፍ	1
ኩችኩችየ	1
ኩትየ𞟥ታ	1
ኩታራ	1
ኩም	1
ኩሊማ	1
ከፈረችም	1
ከትማ	1
ከት	1
ከተᎈችንም	1
ከተፈችም	1
ከበሸሸኔት	1
ከሰር	1
ከሮ	1
ከርሕም	1
ከረባነ	1
ከረሽ	1
ኦጭራነመም	1
ኦጨኖም	1
ኦጨተሑ	1
ኦጤ	1
ኦጣ𞟥ም	1
ኦጣንምታ	1
ኦጣረም	1
ኦጣሐም	1
ኦጅዮም	1
ኦጅያም	1
ኦጂ	1
ኦጀዮ	1
ኦዶችንም	1
ኦድከም	1
ኦድንምታ	1
ኦድና	1
ኦድሐሸ	1
ኦዴ	1
ኦዳንምታ	1
ኦደኖም	1
ኦደችንም	1
ኦደችናም	1
ኦየ	1
ኦዜዩ	1
ኦዜሙ	1
ኦዜ	1
ኦኖምታ	1
ኦኖም	1
ኦኔም	1
ኦናወም	1
ኦናኖም	1
ኦናንምታ	1
ኦናችኖም	1
ኦናችንም	1
ኦናችባም	1
ኦናራም	1
ኦናም	1
ኦና	1
ኦነዮም	1
ኦነያም	1
ኦብጘታም	1
ኦርጂ	1
ኦርድ	1
እድሜ	1
እዮ	1
እያን	1
እያትንሑ	1
እያሕ	1
እዠመነ	1
እክሸ	1
እከሐ	1
እንፋስ	1
እንጭወታ	1
እንጭመጀ	1
እንጭመታ	1
እንጪም	1
እንጣረታ	1
እንጠም	1
እንጐድሰብ	1
እንጐድም	1
እንጐድመሕነማ	1
እንጐቻ	1
እንጐ	1
እንጎድ	1
እንዝዝ	1
እንዝርም	1
እንዝርመታ	1
እንዝራ𞟥	1
እንዝረኸ𞟥	1
እንኻኾ	1
እንትሽጋከረች	1
እንትሳርሔ	1
እንትሰፐረትብሐ	1
እንቐ	1
እንቀᎈችንም	1
እንሼወ	1
እንሸ	1
እንሜ	1
እን	1
እናቸነ𞟢	1
እናት	1
እነፐረው	1
እትም	1
እቭ	1
እሽታንሐማ	1
እሽቃር	1
እሸታ	1
እሴት	1
እርግጥ	1
እምድብርሕ	1
እምደብር	1
እምበከረ	1
እምር	1
እማቴ	1
እማተ𞟥ታ	1
እማር𞟥ታ	1
እማራሐ	1
እማረ𞟥ታ	1
እሕም	1
እሓታ	1
እሓም	1
እሓ	1
እሑየ	1
ኤ𞟥ርᎌ	1
ኤ𞟥ር	1
ኤᎀስን	1
ኤፐም	1
ኤፈክዊ	1
ኤጥረጥሪ	1
ኤገፉነ	1
ኤገቤ	1
ኤገባቦ	1
ኤገባ	1
ኤጀፕር	1
ኤደርግሐ	1
ኤያᎀቆ	1
ኤያጠፉ	1
ኤያገቦ	1
ኤያጀግኖዌ	1
ኤያጀግና	1
ኤያጀግር	1
ኤያዥን	1
ኤያዤ	1
ኤያዘቦያ	1
ኤያወጆያ	1
ኤያቸንን	1
ኤያተዤ	1
ኤያቤ	1
ኤያሽየንያ	1
ኤያሽየኒ	1
ኤያስራብሐ	1
ኤያርዊ	1
ኤያ	1
ኤዥን	1
ኤዝራ	1
ኤዝረ𞟷	1
ኤዌ	1
ኤወጥቅ	1
ኤወጣኒ	1
ኤወጣ	1
ኤወስጂ	1
ኤወርᎌ	1
ኤወሬ	1
ኤወ	1
ኤኰሺ	1
ኤክስ	1
ኤንም	1
ኤንማሐ	1
ኤንመታ	1
ኤኔ	1
ኤናሐ	1
ኤነ𞟥ታ	1
ኤነን𞟥	1
ኤነና𞟥	1
ኤነና	1
ኤነነማ	1
ኤነት	1
ኤነቱ	1
ኤነብ𞟥	1
ኤነረቦ	1
ኤነም	1
ኤችን	1
ኤቸ	1
ኤትድባፐረዊ	1
ኤትየ	1
ኤትቤተር	1
ኤትሰሪ	1
ኤትሰማ	1
ኤትረፓ	1
ኤትረከብሕማ	1
ኤትረከብ	1
ኤትረሴ	1
ኤትምረቀቅ	1
ኤትመር	1
ኤብ𞟥	1
ኤብርሐዌ	1
ኤብር	1
ኤብም	1
ኤቡ	1
ኤበ𞟥	1
ኤበና	1
ኤበታ	1
ኤቅጥሬ	1
ኤሽ	1
ኤስረቦ	1
ኤስመትሽ	1
ኤሰማ	1
ኤርቆ	1
ኤረጠቦ	1
ኤረብር	1
ኤረሕውዮ	1
ኤሞ	1
ኤማ𞟥ታ	1
ኤማም	1
ኤማሕታ	1
ኤመኳን	1
ኤመስና	1
ኤሕር	1
ኤሐረ	1
ኤላ	1
ኣ𞟠ተርሑም	1
ኣ𞟠ተረችም	1
ኣᎈታ	1
ኣᎈሽም	1
ኣᎃጭጭተን	1
ኣᎀጠጣንምታ	1
ኣᎀተች	1
ኣᎀቤቸ	1
ኣፍያታ	1
ኣፍ	1
ኣፈጠሮም	1
ኣፈጠረማም	1
ኣፈደረችም	1
ኣፈካቴ	1
ኣፈርሽ	1
ኣፈረንዳ	1
ኣፈረንደ	1
ኣፈረና	1
ኣፈረታ	1
ኣጭኔ	1
ኣጭር	1
ኣጨ	1
ኣጥፎም	1
ኣጥራቆር	1
ኣጥራቀረናም	1
ኣጥራቀረችናም	1
ኣጥምሽ	1
ኣጥመታ	1
ኣጤመም	1
ኣጣ𞟥ም	1
ኣጣጥሽ	1
ኣጣም	1
ኣጢፈተሐ	1
ኣጠውዮም	1
ኣጠበችም	1
ኣጝበተሐ	1
ኣጛᎃጅን	1
ኣጐጅዮም	1
ኣጐጅናም	1
ኣጐጅም	1
ኣጐዶችንም	1
ኣጐደንምታ	1
ኣጐደንም	1
ኣጐንችም	1
ኣጎኣሐ	1
ኣጋተ	1
ኣጊ	1
ኣገ𞟾ም	1
ኣገᎌዮም	1
ኣገᎈርም	1
ኣገፓና	1
ኣገፓምታ	1
ኣገፈረም	1
ኣገደወም	1
ኣገደችኖም	1
ኣገባቴ	1
ኣጅየት	1
ኣጅኰረችም	1
ኣጀገሮያም	1
ኣጀገረዊም	1
ኣጀገረናም	1
ኣጀገረማም	1
ኣዶታሐ	1
ኣዶላ	1
ኣድር	1
ኣድሔም	1
ኣዴ	1
ኣደ𞟺ም	1
ኣደጐንም	1
ኣደግሐም	1
ኣደጉን	1
ኣደገችም	1
ኣደገም	1
ኣደና𞟠ም	1
ኣደነም	1
ኣደት	1
ኣደተ𞟥ታ	1
ኣደርሐም	1
ኣደሪም	1
ኣደረማም	1
ኣዮ	1
ኣይትመታ	1
ኣዩ	1
ኣዥ𞟥ቴ	1
ኣዥኖ	1
ኣዥና	1
ኣዥምር	1
ኣዥም	1
ኣዥሔ	1
ኣዤ	1
ኣዠኽም	1
ኣዠኖምታ	1
ኣዠንም	1
ኣዠኔም	1
ኣዠና𞟥ም	1
ኣዠነም	1
ኣዠችንም	1
ኣዠችናምታ	1
ኣዠችምታ	1
ኣዠችም	1
ኣዠሮᎌም	1
ኣዠመነሕ	1
ኣዠሔም	1
ኣዝጋርት	1
ኣዝጋርተ𞟥ታ	1
ኣዝራኼም	1
ኣዝራኸናም	1
ኣዝራሕሔ	1
ኣዝማች	1
ኣዝማሚተ	1
ኣዝማመረም	1
ኣዜ	1
ኣዛገገም	1
ኣዛንጝኒ	1
ኣዘዘዊም	1
ኣዘቮምታ	1
ኣዘቦም	1
ኣዘር	1
ኣዘረችም	1
ኣውዮም	1
ኣውያም	1
ኣውዛወዘም	1
ኣውዛሳንም	1
ኣው	1
ኣዊም	1
ኣዉዛወዘም	1
ኣወጣም	1
ኣወንችምታ	1
ኣወችንም	1
ኣወቸያም	1
ኣወተና	1
ኣኸተረችም	1
ኣኸሰችም	1
ኣክሐረ	1
ኣካ	1
ኣከናም	1
ኣኖድከሽ	1
ኣኖድሐና	1
ኣኖንፗ	1
ኣኖናችወ	1
ኣን𞟥ን	1
ኣን𞟥ርወ	1
ኣን𞟻	1
ኣንᎈ𞟥ታ	1
ኣንᎈና	1
ኣንፏተ𞟥ታ	1
ኣንፉና	1
ኣንፈዘዘ	1
ኣንፈቀርሐ	1
ኣንጭት	1
ኣንጦ	1
ኣንጥነም	1
ኣንጥረጠርᎌም	1
ኣንጥረጠረም	1
ኣንጣፈ	1
ኣንጠᎈ	1
ኣንጠናኖ	1
ኣንጠበጠማ	1
ኣን𞟺ዝ	1
ኣንጐድሕ	1
ኣንጎድሕ	1
ኣንገፍር	1
ኣንገባሐ	1
ኣንጀፕንሐ	1
ኣንዥባጥር	1
ኣንወጣ	1
ኣንከስር	1
ኣንከስ	1
ኣንከሰ	1
ኣንነ	1
ኣንችኖ	1
ኣንችን	1
ኣንቸነራ	1
ኣንቸነ	1
ኣንቸች	1
ኣንቸ	1
ኣንት𞟠𞟠ሮ	1
ኣንትጮጂ	1
ኣንትጮድሑ	1
ኣንትገተር	1
ኣንትዠፐር	1
ኣንትዠፐረ	1
ኣንትቤተረራ	1
ኣንትቐᎌረን	1
ኣንትሽጋ	1
ኣንትስስም	1
ኣንትራከብነ	1
ኣንትረሶንሽ	1
ኣንትረሳች	1
ኣንትሟሸ	1
ኣንትማርሐዌ	1
ኣንቱዘከብ	1
ኣንበከረች	1
ኣንቕ	1
ኣን𞟲ራነስም	1
ኣንቅᎈ	1
ኣንቃታ	1
ኣንቁስ	1
ኣንቀነስዌ	1
ኣንሽፋነርሐም	1
ኣንሽ	1
ኣንሸፋነረም	1
ኣንስማ	1
ኣንሰና	1
ኣንሰማሐዌ	1
ኣንሰማ	1
ኣንመ	1
ኣንሗሪ	1
ኣንሕርዌ	1
ኣንሕር	1
ኣንሓርሐዌ	1
ኣንሓረባ	1
ኣንሐሮብሐዌ	1
ኣንሐሮ	1
ኣንሐረሮ	1
ኣንሐረሐ	1
ኣናጐጂ	1
ኣናገፓዌ	1
ኣናገባ	1
ኣናዠኖ	1
ኣናዠና	1
ኣናዝራኸሔ	1
ኣናውያ	1
ኣናወቸያ	1
ኣናወም	1
ኣናንም	1
ኣናችንምታ	1
ኣናችንም	1
ኣናትጮድሔ	1
ኣናትያነነ	1
ኣናቴግ	1
ኣናርቅ	1
ኣናመረ	1
ኣኒብ	1
ኣነፐሬ	1
ኣነፐረኔ	1
ኣነገድሑን	1
ኣነከብ	1
ኣነበት	1
ኣነበር	1
ኣነቀወም	1
ኣነቀምታ	1
ኣነሰናም	1
ኣነሰናሐም	1
ኣነሰበዊም	1
ኣነሰም	1
ኣቻ	1
ኣቸኖረሞ	1
ኣቸነዊም	1
ኣቸነንኽም	1
ኣቸነንም	1
ኣቸነምታ	1
ኣቸነሑንም	1
ኣቸነሑም	1
ኣቸነ	1
ኣቸምነ𞟥ም	1
ኣት𞟥ን	1
ኣት𞟠ንዌ	1
ኣትጮድሐ	1
ኣትጨን	1
ኣትጨሸናም	1
ኣትጨማችም	1
ኣትጣደፎ	1
ኣትጣነቀችም	1
ኣትጣነቀምታ	1
ኣትጘፈረም	1
ኣትጋ𞟾ም	1
ኣትገባ	1
ኣትጀᎀደረም	1
ኣትጀመደም	1
ኣትድምድ	1
ኣትደምድ	1
ኣትያነችምታ	1
ኣትያነችም	1
ኣትያነምታ	1
ኣትየግድቴ	1
ኣትዠፐርዌ	1
ኣትዝርሕ	1
ኣትዝረኽ	1
ኣትክሽ	1
ኣትከፈች	1
ኣትከፈተም	1
ኣትከተፈም	1
ኣትከራዌ	1
ኣትቾትኖ	1
ኣትቸንቦም	1
ኣትብሬ	1
ኣትባትርሜ	1
ኣትባቅር	1
ኣትበዳ	1
ኣትበዲተሐ	1
ኣትበከረዊም	1
ኣትበሮ	1
ኣትበሐ	1
ኣትቕጭ	1
ኣትቕነወችረም	1
ኣትቓፐረችም	1
ኣትቀጠር𞟢ም	1
ኣትሼወማ	1
ኣትሻመ𞟥ም	1
ኣትሸወም	1
ኣትሴፌዩ	1
ኣትራክስ	1
ኣትራከቤም	1
ኣትረሸራም	1
ኣትምዠምዥ	1
ኣትመር	1
ኣትመሕነማ	1
ኣትመ	1
ኣትሕን	1
ኣትሑም	1
ኣቴበታ	1
ኣቴርሑም	1
ኣቴረም	1
ኣታጠዊም	1
ኣታዥኖ	1
ኣታከረ𞟢ም	1
ኣታተዥ	1
ኣታሓሪዪ	1
ኣታሐሬ	1
ኣቱሽ	1
ኣተ𞟥ታ	1
ኣተ𞟻ሪ	1
ኣተዥሐሽ	1
ኣተዥሐሸ	1
ኣተከሰማም	1
ኣተንሐሸ	1
ኣተነፈም	1
ኣብ𞟠ታ	1
ኣብየና	1
ኣብካከቦም	1
ኣብሓሐም	1
ኣብሑንም	1
ኣብሑም	1
ኣቤነቈንምታ	1
ኣባር	1
ኣባም	1
ኣባሕታ	1
ኣባሕ	1
ኣቡም	1
ኣበጐድ	1
ኣበጐዳ	1
ኣበጐ	1
ኣበኖንም	1
ኣበኖም	1
ኣበናቼም	1
ኣበናም	1
ኣበችናም	1
ኣበታ	1
ኣበተርሑም	1
ኣበሱድ	1
ኣበሩስም	1
ኣበሩስ	1
ኣቐፐረን	1
ኣቐንም	1
ኣ𞟲ራጥብሸ	1
ኣ𞟲ራጢብት	1
ኣቈᎃም	1
ኣቈᎀንምታ	1
ኣቈም𞟥ም	1
ኣቂጥም	1
ኣሽየነንም	1
ኣሽታንሸ	1
ኣሶ	1
ኣስጨችንም	1
ኣስዬ	1
ኣስያን	1
ኣስየንቴ	1
ኣስየንምታ	1
ኣስየም	1
ኣስኰ𞟷ዮም	1
ኣስራሽዌ	1
ኣሳደዶኖም	1
ኣሳብ	1
ኣሳላፊ	1
ኣሰየተሑን	1
ኣሰራቴ	1
ኣሰማመማ	1
ኣርዎዌ	1
ኣርዋ𞟥ታ	1
ኣርወ	1
ኣርቸና	1
ኣርቃቀጠችም	1
ኣሬ	1
ኣረጠርም	1
ኣረደደናም	1
ኣረበበም	1
ኣረቄ	1
ኣረሽቴ	1
ኣረሸም	1
ኣረማ	1
ኣረ	1
ኣምᎄቼ	1
ኣምጣጣችም	1
ኣምቧሪዌ	1
ኣምቧረ	1
ኣምብቅወት	1
ኣምባነ	1
ኣምበና	1
ኣምበታች	1
ኣምሰት	1
ኣሜዬ	1
ኣማከር𞟥ም	1
ኣማንደችምታ	1
ኣማንደችም	1
ኣማት	1
ኣማረ𞟥ታ	1
ኣሚተሐ	1
ኣሚሽ	1
ኣመደር	1
ኣመኖረምታ	1
ኣመኖም	1
ኣመነዊም	1
ኣመነችወም	1
ኣመነችም	1
ኣመነማም	1
ኣመነሑም	1
ኣመበምፕ	1
ኣመስሬ	1
ኣመስረና𞟥	1
ኣመረታ	1
ኣሕሩ	1
ኣሕም	1
ኣሕሕ	1
ኣሐተረችም	1
ኣሐሽ	1
ኣሐሰምታ	1
ኣሐም	1
ኣለቃ	1
ኢፍተ𞟥ታ	1
ኢፍተ	1
ኢግዛርም	1
ኢያዥ	1
ኢኖር	1
ኢቸኖ	1
ኢትዮጵያ	1
ኢብጝታ	1
ኢብጘታቦጣ	1
ኢብጘታማ	1
ኢባራ	1
ኢሽባ	1
ኡፍ	1
ኡድናቴ	1
ኡሑ	1
አ𞟥ን	1
አ𞟥ር	1
አፈካቴ	1
አፈካ	1
አጨመናም	1
አጥራም	1
አጥረጥን	1
አጠᎀችንምታ	1
አጠመችም	1
አጘኽትኔ	1
አ𞟺ዣ	1
አግባሕ	1
አግባሐ	1
አግሮ	1
አግሬንየ	1
አግሬ	1
አግረ	1
አጊአሗ	1
አገባቲ	1
አጅሐረ	1
አጃ𞟥	1
አጃሐሽ	1
አጃሐ	1
አጀፑንቴ	1
አጀሱር	1
አጀማ	1
አጀ	1
አድያ	1
አድየዋና	1
አደሮ	1
አዥንሽ	1
አዥሕሽ	1
አዣንግቴ	1
አዣ	1
አወጤ	1
አወጣ	1
አወርሽ	1
አኳውኸር	1
አኳማ	1
አኳሙሽ	1
አኳሕማ	1
አከስከስምታ	1
አከስችም	1
አከስሐም	1
አከሰችምታ	1
አከሰማም	1
አከሰመ	1
አአኣ	1
አንቐፈችም	1
አንቐ	1
አን𞟲ጥንባ	1
አቾናቴም	1
አቾና	1
አቾትኖቴ	1
አቸንቦቴ	1
አቸን	1
አት𞟮ናን	1
አትፍረቀቅ	1
አትገተር	1
አትዠፐርቴ	1
አትዘፐርም	1
አትቀፐርሐ	1
አትስርሐ	1
አትሳንሸ	1
አትሳርሽ	1
አትሰርሐ	1
አተᎃ	1
አተንባ	1
አተንም	1
አተሟሐም	1
አተሟሐሕ	1
አብር𞟥	1
አበዳ	1
አበ	1
አቅየ	1
አሻም	1
አስድሐም	1
አስየንሕቴ	1
አስየንሐቴ	1
አስየንሐሽ	1
አስየን	1
አስየረ	1
አስራሽ	1
አስመትወ	1
አስሐሽ	1
አሰየን𞟥ሽ	1
አሰራ	1
አርጭን	1
አርጭሽ	1
አርችመ𞟥ታ	1
አርችሓ𞟥	1
አርቸሕታ	1
አርባትᎀ	1
አርባተና	1
አርባተ	1
አሬኣታ	1
አሬአታ	1
አሬመታ	1
አረች	1
አረብርቴ	1
አረብር	1
አረረ	1
አረሕብቴ	1
አምበርሸ	1
አመመጠናም	1
አሕራኖሽ	1
አሓርሐባ	1
ኖጣነ	1
ኖጣም	1
ኖድሐ	1
ኖኤዩ	1
ኖር	1
ኖራብ𞟥	1
ኖምታ	1
ኖሐታ	1
ን𞟥ዌ	1
ን𞟥ነ	1
ን𞟻ጅረ	1
ንᎃት	1
ንፍካ	1
ንጹሕ	1
ንጥፉ	1
ንጤበ	1
ንጣንሑ	1
ንጣነምታ	1
ንጣነ	1
ንጠብጥነ	1
ንጠም	1
ን𞟺ሠንዳ	1
ንጉሥ	1
ንዳ	1
ንዥ𞟥	1
ንዥን	1
ንዝራነ	1
ንወነም	1
ንወርም	1
ንክስነ	1
ንክራ	1
ንንቅም	1
ንቾትነ	1
ንትዘፐር	1
ንትበራ	1
ንትቐም	1
ንትራከብነ	1
ንትረባ	1
ንታረጥ	1
ንተሳ	1
ንብዳሐምታ	1
ንብኔኩኤ	1
ንብራነሽ	1
ንብራነ	1
ንብረተና	1
ንቅጭዮም	1
ንቅንቅ	1
ንቅንሐ	1
ንቅርስ	1
ንቀባነ	1
ንሽ	1
ንሼ	1
ንሸተ	1
ንሴ	1
ንሰየን𞟥	1
ንረድም	1
ንረብነ	1
ንማም	1
ንሙት	1
ንሕረምነ	1
ኔ𞟥ም	1
ኔ𞟥	1
ኔሳ	1
ኔምን	1
ኔሐሽ	1
ኔሐም	1
ኔሐ	1
ናᎀጃታሐ	1
ናዶታሐ	1
ናችን	1
ናትሼወ	1
ናተንም	1
ናብ𞟥	1
ናባሐ	1
ናስየን	1
ናስስነም	1
ናስሑና	1
ናሰየንሑ	1
ናሰየን	1
ናሰየምታ	1
ናሰየ	1
ናም	1
ናማጋ	1
ናሚኒ	1
ናሐኒም	1
ኒብጘታ	1
ነፐነም	1
ነጠቁ	1
ነግራዝማች	1
ነጋዴ	1
ነገፈም	1
ነገችም	1
ነገራ	1
ነደጃች	1
ነከውም	1
ነከወንም	1
ነከወችንምታ	1
ነከወችንም	1
ነከበም	1
ነንም	1
ነበርከፈተ	1
ነቈጠንም	1
ነቈም	1
ነቀጠም	1
ነቀኛዝማች	1
ነቀረማም	1
ነቀም	1
ነቀመም	1
ነሼም	1
ነስቦያም	1
ነሳንም	1
ነሳኔም	1
ነር𞟥	1
ነሬ	1
ነረወ	1
ነረንደ	1
ነረንሐ	1
ነረናሐ	1
ነረብንዳሽ	1
ነረብንደ	1
ነመድሑንም	1
ኃይለ	1
ቾዳ	1
ቾናችምታ	1
ቾናሐም	1
ቾና	1
ቾነም	1
ችየ	1
ችክ	1
ችንም	1
ችናም	1
ችነቢም	1
ችረቸረም	1
ችረ	1
ቼም	1
ቸግ	1
ቸኖም	1
ቸነ𞟠ም	1
ቸነችንሐም	1
ቸነረምታ	1
ቸነማም	1
ቸነመ	1
ቸነሕም	1
ቸነሑም	1
ቸሐም	1
ቶጥ	1
ቶጤ	1
ቶጣወ	1
ቶጣም	1
ቶጣሐሽ	1
ቶጣሐማ	1
ቶጠት	1
ቶድሐ	1
ቶየትሑሽ	1
ቶየተ	1
ቶዘከብሐም	1
ቶንዠት	1
ቶች	1
ቶስጥ	1
ቶስየ	1
ቶሰጂቴያ	1
ቶሬት	1
ቶራንሸዌ	1
ቶራ	1
ቶረና	1
ት𞟥ርዌ	1
ትᎈታሬ	1
ትፈጥር	1
ትፈኸ	1
ትፈካቴ	1
ትፈቕ	1
ትፈቋረ	1
ትጭየጬ	1
ት𞟺ድድ	1
ትግቤ	1
ትጀ	1
ትደብርወ	1
ትደርስ	1
ትያም	1
ትያ	1
ትየናምታ	1
ትዥንሽ	1
ትዝረኺ	1
ትዝረሕን	1
ትወጨᎌ	1
ትወጣወ	1
ትክ𞟥ታ	1
ትክᎈ	1
ትክየሽ	1
ትክና	1
ትክነት	1
ትክር	1
ትክራሽ	1
ትካ𞟠	1
ትካሐ	1
ትከእካ	1
ትከሽ	1
ትከም	1
ትኖጥ	1
ትንፈጣ	1
ትንወጣነ	1
ትንክየ	1
ትንከራነ	1
ትንቾና	1
ትንቸንሽ	1
ትንትጭቃጨቅነ	1
ትንትረሳ	1
ትንብሩሽ	1
ትንበራ	1
ትንሽ	1
ትንሰጭ	1
ትናክክ	1
ትናትያንን	1
ትናር	1
ትኒብወ	1
ትነ	1
ትቾቺ	1
ትቾት	1
ትችኒም	1
ትቸንዌ	1
ትቸንወም	1
ትቸንወ	1
ትቸንቴ	1
ትቸኔ	1
ትቶን	1
ትትፈቐር	1
ትትጮድ	1
ትትጮደማ	1
ትትጨነቆ	1
ትትጨነቅ	1
ትትጣድፍ	1
ትትጛኸት	1
ትትገተር	1
ትትገባ	1
ትትጀፕሮ	1
ትትድራፈጥ	1
ትትዳነግ	1
ትትደፍጥ	1
ትትደብላ	1
ትትደርስ	1
ትትደራከት	1
ትትዠፐር	1
ትትዘገጅን	1
ትትወጣ	1
ትትቸን	1
ትትብና	1
ትትብርም	1
ትትበ𞟥ም	1
ትትበ𞟥	1
ትትበሐ	1
ትትቐፐር	1
ትትቅረቅር	1
ትትሸምሐዌ	1
ትትሸም	1
ትትስራፕትወ	1
ትትስራስርቢ	1
ትትሴን	1
ትትሴምንም	1
ትትሰኔ	1
ትትሰራም	1
ትትሰራ	1
ትትራቦዌ	1
ትትራቅሽ	1
ትትራሐቦሽ	1
ትትረብር	1
ትትሟሽወ	1
ትትመኽርወ	1
ትትሐተዬ	1
ትታገድ	1
ትታድግኖም	1
ትታዥ	1
ትታንቧች	1
ትታትፈቕ	1
ትታትያንን	1
ትታትወካ	1
ትታትቾት	1
ትታታጥውን	1
ትታሰራቦ	1
ትታር	1
ትታረጥር	1
ትተክስ	1
ትተንም	1
ትተርፍ	1
ትብጀሽ	1
ትብየሽ	1
ትብርሽ	1
ትቤሽ	1
ትበዳቴ	1
ትበቕር	1
ትቅረቅርወ	1
ትቅረቅላ	1
ትሽዌ	1
ትሽታም	1
ትሸን	1
ትሸኔ	1
ትስዬ	1
ትስየᎌሽ	1
ትስየወ	1
ትሰጭ	1
ትሰየረታ	1
ትሰራቴም	1
ትሮ	1
ትርኩም	1
ትራሞ	1
ትረጭ	1
ትረኽምዬ	1
ትረብር	1
ትረምድና	1
ትምፋሽ	1
ትምባ	1
ትምበሕነ	1
ትምርቱ	1
ትም	1
ትማርመታ	1
ትሙሽ	1
ትመጨችምታ	1
ትመኣር	1
ትሕንሐሽ	1
ትሓር	1
ትሓሬባዌ	1
ትሐር	1
ቴ𞟥ሪም	1
ቴጥረጥር	1
ቴገባ	1
ቴጀፕሮም	1
ቴጀፕርም	1
ቴዮርድንም	1
ቴያጣንቅ	1
ቴያወጀያ	1
ቴያትየዤ	1
ቴያቄጦ	1
ቴያሜ	1
ቴዩ	1
ቴወዳረ	1
ቴንም	1
ቴቾናም	1
ቴትጋረ𞟻ንም	1
ቴትዠፐርም	1
ቴትስተብም	1
ቴትራከ	1
ቴትረሴ	1
ቴትመርም	1
ቴቴርቢም	1
ቴቴ	1
ቴተን	1
ቴተችና	1
ቴብንሽ	1
ቴበራም	1
ቴቅየም	1
ቴቀጠዊም	1
ቴሽንም	1
ቴሽናም	1
ቴሽሬም	1
ቴስመትም	1
ቴሰ𞟮	1
ቴሰጭ	1
ቴረጅተ	1
ቴረነሽ	1
ቴላ	1
ታ𞟥	1
ታ𞟮ንቴ	1
ታᎀንምታ	1
ታᎀቂ	1
ታፊንጀ	1
ታፈጥለሜ	1
ታጦኔ	1
ታጥውኔ	1
ታጣጣም	1
ታጠፎ	1
ታጠፋ	1
ታጠበም	1
ታገጅ	1
ታገድ	1
ታገደችም	1
ታዶተ𞟥ቴ	1
ታዶተሕታ	1
ታደግዪሽ	1
ታደቶ	1
ታደተ𞟥ታ	1
ታይተና	1
ታዪ	1
ታዥዌ	1
ታዥኔ	1
ታዥና	1
ታዤዬ	1
ታዠሔሕ	1
ታዘቦ	1
ታዎ	1
ታውዮ	1
ታውየ	1
ታዊምታ	1
ታንᎄርሐ	1
ታንገፓሽ	1
ታንከራም	1
ታንቸን	1
ታንቸነ	1
ታንባ	1
ታንቐኔ	1
ታንቐቴ	1
ታንስማ	1
ታንሰራን	1
ታናዥ	1
ታናዠችና	1
ታናበደነያም	1
ታናሜ	1
ታነፐርሐሽ	1
ታነፐረም	1
ታነፐረ	1
ታነዊ	1
ታነከብከሽ	1
ታነች	1
ታነማ	1
ታት𞟥ንም	1
ታት𞟠ር	1
ታትᎈቕን	1
ታትፈቄ	1
ታትጮድ	1
ታትየ	1
ታትከስ	1
ታትነ	1
ታትቾናም	1
ታትሼወ	1
ታትሸወ	1
ታትሰርፍ	1
ታትርፍ	1
ታትረቅ	1
ታቴበ𞟥ታ	1
ታታት	1
ታታሐድዪም	1
ታቱዴም	1
ታቤንቅኔ	1
ታባን	1
ታባሐ	1
ታቡ	1
ታበጐዳ	1
ታበጐደመታ	1
ታበዛ	1
ታበዊም	1
ታበቃጦ	1
ታበሩስ	1
ታቄጥ	1
ታስየንቴ	1
ታስየን	1
ታስየ	1
ታስር	1
ታርበት	1
ታር	1
ታሬ	1
ታምᎄረ	1
ታማሪና	1
ታሚ	1
ታመጥ	1
ታላሌ	1
ቲ𞟮ጪ	1
ቲ𞟮ዝርዮ	1
ቲፎታረ	1
ቲፍታ𞟥	1
ቲፍተ	1
ቲፈጥሮም	1
ቲፈካ	1
ቲፈቃ	1
ቲጨ𞟲ሽሕ	1
ቲጠ𞟻	1
ቲጐድን	1
ቲግዘር	1
ቲገባም	1
ቲድራ	1
ቲደፍጦ	1
ቲደቆ	1
ቲደቅ	1
ቲደርጌ	1
ቲደርሽᎌ	1
ቲደርሶ	1
ቲዮጬ	1
ቲዮጣም	1
ቲዮን	1
ቲዮሬ	1
ቲዮራ	1
ቲያᎈጥሪ	1
ቲያፈካ	1
ቲያጥዊም	1
ቲያጠፎ	1
ቲያገወᎌ	1
ቲያገባ	1
ቲያጀግርሐም	1
ቲያዢም	1
ቲያዞ	1
ቲያዝራኬም	1
ቲያወኮ	1
ቲያንስሕስሕና	1
ቲያንስሐስሕና	1
ቲያትፈቋን	1
ቲያትባታ	1
ቲያትቐንብ	1
ቲያትሳትቮ	1
ቲያቕ	1
ቲያ𞟲ራጥብ	1
ቲያሽሺ	1
ቲያርጪ	1
ቲያርቅ	1
ቲያርቃርችየ	1
ቲያረሺ	1
ቲያ	1
ቲዝረ𞟥ም	1
ቲዝረኮ	1
ቲዝረሕ	1
ቲዘግር	1
ቲዘሮ	1
ቲውን	1
ቲወጣወ	1
ቲወጣረ	1
ቲወስጅፒሽ	1
ቲወስጅዮ	1
ቲወስድቢ	1
ቲወር	1
ቲከራ	1
ቲቸኖ	1
ቲቸነማም	1
ቲቶዶ	1
ቲትፈቐሮ	1
ቲትጮዶም	1
ቲትጮዶ	1
ቲትጮደማ	1
ቲትጮ	1
ቲትጭቃጨቆም	1
ቲትጨነ𞟲	1
ቲትጨነቆ	1
ቲትጥራጠርም	1
ቲትጛመድ	1
ቲትብራጭም	1
ቲትቤሮ	1
ቲትበበሮ	1
ቲትቓነሶ	1
ቲትቐነዊም	1
ቲት𞟲ሬም	1
ቲትቆም	1
ቲትቃዊ	1
ቲትሸከትሕታ	1
ቲትስና	1
ቲትሰን	1
ቲትርፍኖ	1
ቲትራቈጭᎌ	1
ቲትረሼ	1
ቲትመሮ	1
ቲብጘታታ	1
ቲብጘታም	1
ቲብኝታ	1
ቲበ𞟥	1
ቲበሮ	1
ቲበርር	1
ቲበራም	1
ቲበሕሮ	1
ቲበሕር	1
ቲቈራን	1
ቲቅመጭም	1
ቲቀሬ	1
ቲሸጂ	1
ቲሰሮም	1
ቲሰሮ	1
ቲሰሬም	1
ቲረፍስ	1
ቲረሽዮ	1
ቲረሼ	1
ቲረሕዊ	1
ቲሠራ	1
ቲምቀምቆሐ	1
ቲመሕርሐ	1
ቱድንደ	1
ቱዮጬ	1
ተ𞟥ና𞟥	1
ተ𞟥ትም	1
ተ𞟥ት	1
ተ𞟻𞟲ነተታ	1
ተᎈጠራ	1
ተᎃጥጥ	1
ተ𞟮ዘሪ	1
ተᎀ	1
ተፎር	1
ተፍተተረችም	1
ተፋደርም	1
ተፋተረም	1
ተፋም	1
ተፈረዝ	1
ተጮጅተነ	1
ተጮጅተሐ	1
ተጮጂም	1
ተጮድም	1
ተጮደምታ	1
ተጭን	1
ተጭር	1
ተጭራታ	1
ተጫውጫው	1
ተጨንቅራ	1
ተጨነቅ	1
ተጨነቀምታ	1
ተጨር	1
ተጨማኖም	1
ተጨ	1
ተጥዋ	1
ተጥራጠረም	1
ተጣወጠችንም	1
ተጣበጦም	1
ተጠቀመም	1
ተጝብር	1
ተጘኖዮም	1
ተጎነ	1
ተግየ	1
ተግብትሽ	1
ተግሬድ	1
ተግሬደታ	1
ተግረፓችም	1
ተግረታ	1
ተጋፗንም	1
ተጋፓም	1
ተጉራም	1
ተጉማ	1
ተገገ	1
ተገዴ	1
ተገኬትች	1
ተገከበት	1
ተገን	1
ተገነታ	1
ተገሩእ	1
ተገረደ𞟥ታ	1
ተገመያ	1
ተጅማ	1
ተጀጠባበታ	1
ተጀከመም	1
ተድባᎌረንም	1
ተድራከት𞟥ም	1
ተድራከትሹም	1
ተድራከትሐም	1
ተድሓነም	1
ተዴንጝነት	1
ተዴንጛም	1
ተደᎀጅም	1
ተደካላ	1
ተደንጋ	1
ተደንየመ𞟥ታ	1
ተደራር	1
ተደመዶም	1
ተዥዋᎌርም	1
ተዥባፐረም	1
ተዠፐር	1
ተዠፐረን	1
ተዝፔት	1
ተዝግባ	1
ተዝራኸም	1
ተዝም	1
ተዜማንቸ	1
ተዛ	1
ተዘፔተዎ	1
ተዘ𞟺ረ	1
ተዘጐደንም	1
ተዘገዴም	1
ተዘገደኖም	1
ተዘገደናም	1
ተዘንግር	1
ተዘር	1
ተውየ	1
ተዌሪም	1
ተዋፈንድር	1
ተዋደግር	1
ተወንዠት	1
ተወታን	1
ተወላሌ	1
ተ𞟷ታ	1
ተ𞟷ተራ	1
ተክ	1
ተኬርወጌ	1
ተከነታ	1
ተከነም	1
ተከሰኖም	1
ተከሰም	1
ተኖት	1
ተኖም	1
ተንተቦ	1
ተነᎈንም	1
ተነፈችም	1
ተነፈም	1
ተነም	1
ተነማ	1
ተቾና	1
ተቸነራ	1
ተት𞟠𞟠ረኖ	1
ተትገተረወ	1
ተትከ𞟥ታ	1
ተቴረነ	1
ተታ	1
ተተፋም	1
ተተወጨ	1
ተተሬዛም	1
ተተመር	1
ተተሐር	1
ተብዘ	1
ተብራጠዊም	1
ተብራጠማም	1
ተቤተሮም	1
ተቤቤሮም	1
ተቤቤረም	1
ተቤበረም	1
ተቤሻታ	1
ተቤሮ	1
ተባሪቅ	1
ተባላገር	1
ተባ	1
ተበቸ𞟥ታ	1
ተበቸ	1
ተበሰር	1
ተቓጠችም	1
ተቐᎌረንም	1
ተቐፐሮም	1
ተቐፐረኖም	1
ተቐፐረችናምታ	1
ተቐፐረችናም	1
ተቐፐረ	1
ተቐሳ	1
ተቅጠቀጠም	1
ተቅብ	1
ተቃያ	1
ተቃውም	1
ተቃዋ	1
ተቃም	1
ተቀፗችንም	1
ተቀነብ	1
ተቀርሺ	1
ተሽፈፈረችም	1
ተሽጋከረችወም	1
ተሽጋከረችም	1
ተሽጋ	1
ተሽካከተም	1
ተሽራ	1
ተሻጂምታ	1
ተሻመሕችምታ	1
ተሻመሐችም	1
ተሺንጋታ	1
ተሸን	1
ተሸረት	1
ተሸ	1
ተስየ	1
ተስበስበም	1
ተስራፐተችኖም	1
ተስራፐረችናም	1
ተስሜ	1
ተሳፈረም	1
ተሳረችም	1
ተሳረበዊም	1
ተሳም	1
ተሲንም	1
ተሱሌ	1
ተሰብ	1
ተሰበሰበም	1
ተሰስሞም	1
ተሰራፐተም	1
ተሰሜ	1
ተሰማም	1
ተሰሙኒ	1
ተርቸ𞟥ታ	1
ተርቸታ	1
ተርባት	1
ተሬዘም	1
ተራቀም	1
ተረችንም	1
ተረችን	1
ተረቜ	1
ተረ𞟱	1
ተረሶክም	1
ተረሶንም	1
ተረሶም	1
ተረስማም	1
ተረሳንም	1
ተረሳና𞟥ም	1
ተረሳናም	1
ተረሳናሐም	1
ተረሳችናም	1
ተረሳሑም	1
ተረመዶ	1
ተረመመም	1
ተሟን	1
ተሟሸንም	1
ተሟረ	1
ተምሽራታ	1
ተምሸተታ	1
ተምሩ	1
ተምረኮዘም	1
ተሜናችም	1
ተማችም	1
ተማተቤትም	1
ተማተቤት	1
ተመዘኔት	1
ተመኛተ𞟥ታ	1
ተመኛተታ	1
ተመሴት	1
ተሕነማ	1
ተሕተረም	1
ተሕሜ	1
ተሓንቐ	1
ተሑትም	1
ተሐቸኖ	1
ተሐተሮም	1
ተሐተርሐምታር	1
ተሐተረምታ	1
ተሐረርሐም	1
ተሐም	1
ተላሌ	1
ቧጣጥ	1
ቧንደም	1
ቧንም	1
ቧርኸምዌ	1
ቧርንደም	1
ቧርምታ	1
ቦጣረ	1
ቦጣም	1
ቦጂ	1
ቦደችን	1
ቦዬ	1
ቦዜ	1
ቦ𞟶	1
ቦኔ	1
ቦነሔ	1
ቦነ	1
ቦትፈንቀቅ	1
ቦሳ	1
ቦር	1
ቦሬተና	1
ቦሬተታ	1
ቦራ	1
ቦረጃ	1
ቦረጀታ	1
ቦረች	1
ቦሔዩ	1
ቦሔም	1
ቦሔሙዌ	1
ቦሐመያ	1
ብ𞟥	1
ብ𞟠	1
ብጀ	1
ብዳ	1
ብያ	1
ብየተነ	1
ብየተሕ	1
ብዛሑ	1
ብኩት	1
ብንጦጦ	1
ብንጐድ	1
ብንድብሩ	1
ብንዝረታ	1
ብንውን	1
ብንትሰን	1
ብንታጐድን	1
ብንብር	1
ብን	1
ብናዥ	1
ብና	1
ብነሜ	1
ብትገባም	1
ብትዌ	1
ብትብና	1
ብትሰማ	1
ብታዥን	1
ብታዠን	1
ብታትᎈቕን	1
ብቲጥᎃን	1
ብቲውን	1
ብቱድና	1
ብሻ	1
ብሮ	1
ብርብር	1
ብርባረችም	1
ብርስ	1
ብርሌንያ	1
ብሬ	1
ብረ𞟥ታ	1
ብረገገችም	1
ብረገባም	1
ብረት	1
ብረታ	1
ብምር	1
ብማትም	1
ብልልታ	1
ቤ𞟥ሪ	1
ቤያምር	1
ቤነሕታ	1
ቤችን	1
ቤቺ	1
ቤቶ	1
ቤት𞟥ቴንየ	1
ቤት𞟥ታ	1
ቤትቃውᎌ	1
ቤትሽ	1
ቤትም	1
ቤትመና	1
ቤትሕነማ	1
ቤትሕ	1
ቤትሓሐ	1
ቤቴል	1
ቤቲቶም	1
ቤቱ	1
ቤተ𞟥ታ	1
ቤተ𞟥	1
ቤተነ	1
ቤተች	1
ቤተቴንየ	1
ቤተረም	1
ቤተሑሽ	1
ቤበዛቫ	1
ቤበዊ	1
ቤሽ	1
ቤሻ	1
ቤርቅ	1
ቤም	1
ቤማም	1
ቤመስሬ	1
ቤሕን	1
ቤሐር	1
ቤላ	1
ባ𞟥ንምታ	1
ባ𞟥ምዌ	1
ባ𞟥	1
ባᎈነቦ	1
ባጠቈቈን	1
ባጐጅዮ	1
ባግዳቴ	1
ባግዳታ	1
ባግኑት	1
ባጋተሕታ	1
ባጋሐነማ	1
ባገ𞟾	1
ባዶተ𞟥ታ	1
ባደግንኩም	1
ባዣንቐ	1
ባዠ𞟥ም	1
ባዠን	1
ባዠነጋ	1
ባዠመኔ	1
ባዠመነ	1
ባዝራኸን	1
ባዘጋርተ𞟥ታ	1
ባዘዞ	1
ባዘን	1
ባዘራም	1
ባኩም	1
ባኖጣሑ	1
ባን𞟻ና	1
ባን𞟻	1
ባንᎄነ	1
ባንᎄሪ	1
ባንጭን	1
ባንጭቈጨ𞟲ዬ	1
ባንጥሐ	1
ባንገተታ	1
ባንጀፐረች	1
ባንዝረኽ	1
ባንካሴ	1
ባንቸነ	1
ባንትቐᎌሪ	1
ባንባ𞟥	1
ባንባረም	1
ባንባሐ	1
ባንበራ	1
ባንሐሬም	1
ባንሐረሔ	1
ባን	1
ባኔ	1
ባናዠ	1
ባናበዳና	1
ባናስየን	1
ባነኔᎌ	1
ባነች	1
ባነቦᎌ	1
ባነብር	1
ባነሽ	1
ባነም	1
ባነሜ	1
ባነሕ	1
ባቸነረ	1
ባትቃዋ	1
ባትሽም	1
ባትመስር	1
ባትሐር	1
ባተነፈ	1
ባቫምቧ	1
ባባታ	1
ባባመና	1
ባባሕታ	1
ባባሐ	1
ባባ	1
ባበጐዳታ	1
ባቈመወ	1
ባሽ𞟥ታ	1
ባሽየነን	1
ባሸ𞟥ታ	1
ባሸ	1
ባስየወም	1
ባስተርጓሚ	1
ባስረ	1
ባርዳ	1
ባር	1
ባሬምታ	1
ባረጋገጠ	1
ባረዊም	1
ባረወም	1
ባረናሐም	1
ባረችዣ	1
ባረችኖም	1
ባረችናምታ	1
ባረቼም	1
ባረቦም	1
ባረባምታ	1
ባረበወንሽ	1
ባረምቕነታ	1
ባምበታ	1
ባምሳ	1
ባምሬቴ	1
ባሜስ𞟺ኽ	1
ባማሪና	1
ባመነ	1
ባመረ	1
ባሕም	1
ባሐም	1
ባሐሕ	1
ባልጋሑታ	1
ባላባት	1
ባላማ	1
ቢፍተ𞟥ታ	1
ቢጠውጥን	1
ቢገዴ	1
ቢገቦፓ	1
ቢገቦ	1
ቢዮራወ	1
ቢዬረፗ	1
ቢያጠቅቅና	1
ቢያዥኖ	1
ቢያዥና	1
ቢያሮ	1
ቢዩ	1
ቢዝረ𞟷	1
ቢውርያም	1
ቢውሪ	1
ቢወጣ	1
ቢወርዶ	1
ቢወርወ	1
ቢወረᎌ	1
ቢክራ	1
ቢከሮ	1
ቢናም	1
ቢቸነማ	1
ቢቸነ	1
ቢቸላ	1
ቢትፈቐሮ	1
ቢትቅራዞ	1
ቢትሰና	1
ቢትረሳ	1
ቢብጘቴ	1
ቢብረዊ	1
ቢቤትት	1
ቢቢ	1
ቢበ𞟥	1
ቢቅየና	1
ቢሼ	1
ቢስኪሌት	1
ቢሳ	1
ቢሰሮ	1
ቢሰማ	1
ቢረሳ	1
ቢሜስግና	1
ቡፍ	1
ቡክች	1
ቡና	1
ቡችነት	1
ቡሼነትመታ	1
ቡራኬ	1
ቡራሑ	1
ቡራሐ	1
ቡሉኮ	1
በ𞟥ነታ	1
በ𞟥ቴ	1
በᎈያት	1
በᎈርም	1
በᎃጨጨም	1
በᎀሰረን	1
በፏ𞟻የ𞟥ታ	1
በፎር	1
በፎረጀታ	1
በፊንጨመታ	1
በፈጠረወ	1
በፈጠረ	1
በፈደነ	1
በፈንገያ	1
በፈንደᎌ	1
በፈታች	1
በጮዳ	1
በጭን	1
በጭስ	1
በጭራ	1
በጨኖንደ	1
በጨነ	1
በጨታ	1
በጨቈሺ	1
በጨ	1
በጥፍር	1
በጥየጠውሮ	1
በጥ𞟲ረያ𞟥ታ	1
በጠፐቮን	1
በጠናወ	1
በጠነን	1
በጠረጴዛ	1
በጝብር	1
በጝሽታ	1
በጝሻኸ	1
በ𞟺ራ	1
በ𞟸ነረታ	1
በ𞟸ራ	1
በጐቸ	1
በጐራ	1
በጎጋታ	1
በግዝየም	1
በግዝየ	1
በግዘየም	1
በግንድ	1
በግብታሑ	1
በግብር	1
በግሬ	1
በግረቴ	1
በጌፍ	1
በጋዝ	1
በጋት	1
በጉነርመታ	1
በጉርበት	1
በጉርበተና	1
በጉርበተታ	1
በጉራጊና	1
በጉራ	1
በገ𞟻ሪ	1
በገገታ	1
በገን	1
በገነ	1
በገብያ	1
በጅ	1
በጀᎌሪ	1
በጀካ	1
በጀና	1
በጀበን	1
በድግስ	1
በድየም	1
በድብር	1
በድርሑት	1
በድረ	1
በዳኔ	1
በዳቐ	1
በደፌ	1
በደንመና	1
በደኔ	1
በደናሐ	1
በደነና	1
በደነቴ	1
በደራጘ	1
በደረት	1
በደም	1
በዝካ	1
በዝከረ	1
በዝሜ	1
በዝሓንቐ	1
በዘንጌ	1
በውርሓ	1
በዋንሸሐና	1
በዋታር	1
በዋርዳታ	1
በዋርኸ	1
በዋሪሽ	1
በዋሪም	1
በዋሪ	1
በዋረን	1
በዋረኔ	1
በዋረ	1
በወኔ	1
በኸም	1
በኸ	1
በኰተም	1
በኰተ	1
በኰሺ	1
በኰርዮም	1
በኰራኰራት	1
በኰሪም	1
በኮተታ	1
በካችካችት	1
በከፋቱ	1
በከንፈራሐ	1
በከንፈረታ	1
በከናወ	1
በከናች	1
በከተማመታ	1
በከብሳሳ	1
በከሶ	1
በከሰታ	1
በከሰማ	1
በከርሑም	1
በከር	1
በከረዊም	1
በኖም	1
በንጠና𞟥ም	1
በንቀᎈችንም	1
በና𞟥	1
በናኔም	1
በነ𞟥ታ	1
በቾኖም	1
በቾኖ	1
በቾናች	1
በቾናሰብ	1
በቾናሜ	1
በቾናሑ	1
በቾናሐ	1
በቾና	1
በቾነᎌ	1
በቾችዮ	1
በችቤ	1
በችባ	1
በቸነቦ	1
በቸነቢ	1
በቶንደምታ	1
በት𞟠𞟠ረ	1
በትጣበጦ	1
በትድባፐረ	1
በትድራከተችሜ	1
በትዳፐርሐወ	1
በትዳነ𞟺	1
በትዥባፐረ	1
በትክነተታ	1
በትከንዳ	1
በትንክየ	1
በትቐፐረኖ	1
በትሳሮኽ	1
በትርፍ	1
በትራከስሐ	1
በትምርት	1
በትመቸናሐ	1
በትሐተሮ	1
በታችም	1
በታሑም	1
በተዠፐሮ	1
በተዊም	1
በተነፈ	1
በተት	1
በተስፋ	1
በተሬዛ	1
በተራከሶ	1
በተረም	1
በተሐም	1
በብ𞟲ረᎈር	1
በብ𞟲ረ	1
በቤሮ	1
በባ𞟥	1
በባረናሐ	1
በባረችም	1
በባረች	1
በባረም	1
በባረሐማ	1
በባ	1
በቢጥር	1
በበናና	1
በበቈሎ	1
በበሰር	1
በበርሜል	1
በ𞟲መታ	1
በቈርቈሮ	1
በቈመተታ	1
በቈሎአታ	1
በቅጠር	1
በቅረረ	1
በቃጬት	1
በቃ	1
በቁርብ	1
በቀፐዊ	1
በቀንጥና	1
በቀን	1
በቀነሰ	1
በቀረጢት	1
በቀላደታ	1
በሽንጥር	1
በሽር	1
በሽራ	1
በሽሕራ	1
በሽ	1
በሻወን	1
በሻሽ	1
በሺንጌ	1
በሺንጋ	1
በሸዋመታ	1
በስሰ	1
በስሮንኽሽ	1
በስረᎌቺ	1
በስረፐትነ	1
በስረፐተ	1
በስማቶ	1
በስመ	1
በሳᎃና	1
በሳወምዌ	1
በሳና	1
በሳብሐምቶ	1
በሳስት	1
በሳሬ	1
በሳረናሐ	1
በሳምት	1
በሳም	1
በሳመኖ	1
በሲን	1
በሱንት	1
በሱቅ	1
በሰ𞟮	1
በሰጨች	1
በሰጨሑ	1
በሰገራ	1
በሰኰ𞟷	1
በሰብሽ	1
በሰርመ𞟥ታ	1
በሰረታ	1
በሰረ	1
በሰሜ	1
በሰማ	1
በሮት	1
በሮታሖ	1
በሮተ𞟥ታ	1
በሮተቶ	1
በርዛዙ	1
በርቸ	1
በሬ	1
በራም	1
በረፐሮ	1
በረፐረሜ	1
በረፐረማᎏ	1
በረፈቈችን	1
በረኸሙን	1
በረከብሑ	1
በረቜ	1
በረ𞟲	1
በረቀጠችናሐም	1
በሟንሜ	1
በሟን	1
በሟነታ	1
በምዳድ	1
በምሽተታ	1
በምሳረ	1
በምረቸነ	1
በሜና𞟥ታ	1
በሜናና	1
በሜናታ	1
በማት	1
በማም	1
በሚሲዮን	1
በሙርጥ	1
በመገሬ	1
በመገራሑና	1
በመደረታ	1
በመየቴ	1
በመየሕቴ	1
በመስቀል	1
በመሴቴ	1
በመርጋ	1
በመሬካ	1
በመመረታ	1
በሕወነ	1
በሕወሐትማ	1
በሕወሐት	1
በሕነታ	1
በሕታ	1
በሕሽ	1
በሕማንቐ	1
በሔ	1
በሓርሐሜ	1
በሐኖ	1
በሐር𞟤	1
በሐርች	1
በሐረንሑ	1
በሐረችሜ	1
በሐ	1
በላም	1
በላሌመ	1
ቖጠችም	1
ቕጥየሮ	1
ቕነᎈረ	1
ቓውንሽ	1
ቐጨነ	1
ቐጠችም	1
ቐጠም	1
ቐስ	1
ቐሳ	1
ቐም	1
ቐሜም	1
ቐመና𞟠ም	1
ቐመናሐም	1
𞟲ረጨችም	1
𞟲ረጠቦም	1
ቋንሳታ	1
ቋሽንምታ	1
ቋሸንምታ	1
ቈሸሽም	1
ቈርቈሮ	1
ቈም	1
ቈመችም	1
ቈመቮም	1
ቈለ𞟻ም	1
ቅዳሴ	1
ቅዱስ	1
ቅንጩ	1
ቅርስ	1
ቅራዊም	1
ቅራቦም	1
ቅራበዊም	1
ቅራበሜም	1
ቅምᎄር	1
ቅምጭና	1
ቅመጨምታ	1
ቅመጨም	1
ቄምሕ	1
ቃጠረችም	1
ቃያ	1
ቃየ	1
ቃዋም	1
ቃዋሕ	1
ቃነቡስ	1
ቃርሐ	1
ቃሩሽ	1
ቃረሕነማ	1
ቃምቢስ	1
ቁጥን	1
ቁየ	1
ቁስስ	1
ቁርቁዮ	1
ቁረጠሽም	1
ቁረጠስሒም	1
ቁረጠሰችንም	1
ቁረመዞም	1
ቁመታ	1
ቁልፍ	1
ቀ𞟾ም	1
ቀᎌንኽም	1
ቀᎌሪም	1
ቀጣ	1
ቀጠረናሐም	1
ቀዳማዊ	1
ቀወረ	1
ቀነፈና𞟥ም	1
ቀነፈችም	1
ቀነስናም	1
ቀነስማም	1
ቀነስሑምታ	1
ቀነስሑም	1
ቀነሑም	1
ቀርጫት	1
ቀሪዳር	1
ቀረቦን	1
ቀሚስ	1
ቀሚሰ𞟥ታ	1
ቀመጥ	1
ቀላደታ	1
ሽᎈረችንም	1
ሽፏነርም	1
ሽግግ	1
ሽጋከረም	1
ሽገረም	1
ሽወትም	1
ሽወት	1
ሽ𞟷	1
ሽኰችም	1
ሽነታ	1
ሽቱ	1
ሽበታᎀ	1
ሽረተታ	1
ሽም	1
ሼጣን	1
ሼአታ	1
ሼሕ	1
ሼሔ	1
ሻፍራታ	1
ሻጅም	1
ሻሽራ	1
ሻሽ	1
ሻሸራታ	1
ሺንጋንቃር	1
ሺንጋሕ	1
ሺንቅ	1
ሸፋነረም	1
ሸጐረ	1
ሸዌ	1
ሸዋሕ	1
ሸከተም	1
ሸርሽር	1
ሸረትም	1
ሸሚዝ	1
ሸሚዘታ	1
ሶንጥ	1
ሶስቸነማ	1
ሶስቴ	1
ሶሬሶ	1
ስጥና	1
ስጥ	1
ስጋር	1
ስደስት	1
ስየወም	1
ስየችም	1
ስየት	1
ስየተች	1
ስየምታ	1
ስከከወም	1
ስን	1
ስናትፏነን	1
ስብቅር	1
ስቀሮዮም	1
ስቀረም	1
ስሮንኸምዌ	1
ስርቦት	1
ስርስያሕ	1
ስራውኒም	1
ስራውሮም	1
ስረፐተችምታ	1
ስረፐተም	1
ስረቦ	1
ስሟንምታ	1
ስምች	1
ስማችምታ	1
ስማት	1
ስማም	1
ስማ	1
ስመማ	1
ሴተሑ	1
ሴተሐ	1
ሳᎀችንም	1
ሳፎ	1
ሳጥን	1
ሳዱላ𞟥ታ	1
ሳና	1
ሳተታ	1
ሳቦት	1
ሳቦም	1
ሳሮ	1
ሳሬም	1
ሳራታ	1
ሳራ	1
ሳረና𞟥ም	1
ሳረናሑም	1
ሳምዳር	1
ሳምትራ	1
ሳምተ	1
ሳም	1
ሳመናምታ	1
ሳመችም	1
ሳሕንም	1
ሳሕነታ	1
ሳሕም	1
ሲጣሩሽ	1
ሲጣሩ	1
ሲጋራ	1
ሲንጋ	1
ሲመ	1
ሱቅ	1
ሱሌየታ	1
ሱሌአታ	1
ሱሌ	1
ሰᎀት	1
ሰፐሮም	1
ሰጨነም	1
ሰጨም	1
ሰገራም	1
ሰዳሕድ	1
ሰየረ	1
ሰንጠም	1
ሰንብት	1
ሰኔም	1
ሰናሐምዌ	1
ሰነፎምታ	1
ሰነፍከም	1
ሰነፍ	1
ሰነፈችምታ	1
ሰነበችኖም	1
ሰነ𞟲ሑሜ	1
ሰነቅሐም	1
ሰቼ	1
ሰተበዊም	1
ሰብዮድ	1
ሰብቶስጥ	1
ሰብቲትብራጭ	1
ሰብቀሪ	1
ሰብሽ	1
ሰብስቦም	1
ሰብሕማ	1
ሰበና	1
ሰበታ	1
ሰቀረችኖም	1
ሰስትራ	1
ሰስተ	1
ሰር	1
ሰረኒ	1
ሰሟችንምታ	1
ሰም	1
ሰሜም	1
ሰሜ	1
ሰማኖምታ	1
ሰማናምታ	1
ሰማችኖምታ	1
ሰማችም	1
ሰማ	1
ሰመዊምታ	1
ሰሐረ𞟥ታ	1
ሮጵላኑ	1
ርቅ	1
ርስታሑ	1
ሪም	1
ረኖ	1
ረችን	1
ረራሑና	1
ረራ	1
ረረታ	1
ረም	1
ሥላሴ	1
ሟንሐት	1
ሟሸን	1
ሟሶት	1
ሟር	1
ምግር	1
ምጃቻ	1
ምጀቻ	1
ምን	1
ምኑታ	1
ምነረ	1
ምሽቶት	1
ምሽቶ	1
ምሽረኖ	1
ምስጋና	1
ምሳረሕ	1
ምርይሽን𞟥	1
ምርነረ	1
ምርሽንሕ	1
ምራሕሬ	1
ምረጋ	1
ምረቀቀናሐም	1
ሜጠዋት	1
ሜጠሮም	1
ሜዬ	1
ሜዘረችም	1
ሜና𞟥ታ	1
ሜና𞟥	1
ሜናም	1
ሜስገናም	1
ሜርካቶ	1
ማንዜ	1
ማችም	1
ማቸባም	1
ማቸም	1
ማትቤተታ	1
ማተቦምታ	1
ማተቤትማ	1
ማበጠሪያ	1
ማርያም	1
ማረዳ	1
ሙጭት	1
ሙቶትሽ	1
ሙተችምዌ	1
ሙቈ	1
ሙሽርቅ	1
ሙርጥየ	1
ሙርቴንሑ	1
ሙርቲነት	1
ሙራመታ	1
ሙማንሐሽ	1
መ𞟥ታ	1
መጨረሻ	1
መጥም	1
መገራሓሕ	1
መገራሑና	1
መደርንየ	1
መደርሐ	1
መየታ	1
መዥምዥ	1
መዛታ	1
መዚተ	1
መኰረችንም	1
መካ	1
መኖም	1
መንሻ	1
መናም	1
መና	1
መነን	1
መነሐም	1
መቾ	1
መችራ	1
መቸብዮ	1
መቸብያ	1
መቸራ	1
መቀጫም	1
መሸታ	1
መስታወት	1
መስቀርሽ	1
መስቀል	1
መስሬም	1
መሴት	1
መሰረናም	1
መሰረናሕም	1
መሰረም	1
መርካማንያሽ	1
መርካማ	1
መረጋ	1
መረገነ	1
መምንያ	1
መሐና	1
መልስ	1
መላታ	1
ሗርም	1
ሖዬ	1
ሖያ	1
ሕካ	1
ሕኖሽ	1
ሕንያውን	1
ሕናሽ	1
ሕናሐ	1
ሕነማ	1
ሕሸ	1
ሕርመታ	1
ሕራም	1
ሕረወም	1
ሕሜማንዳ	1
ሕሜማ	1
ሕማም	1
ሕሚ	1
ሕሙ	1
ሕመታ	1
ሕሔ	1
ሕሐ	1
ሓሮምታ	1
ሓርከም	1
ሓርሐም	1
ሓሕነማ	1
ሒተሮ	1
ሑጅርሕ	1
ሑጅረና	1
ሑጀረታ	1
ሑትታዠመነ	1
ሑትሸ	1
ሑትሙ	1
ሑርዊ	1
ሑምታ	1
ሑማ	1
ሐኖንም	1
ሐናወምታ	1
ሐናችም	1
ሐነᎃም	1
ሐነዊም	1
ሐነምሑም	1
ሐነመችም	1
ሐችንየ	1
ሐብር	1
ሐር𞟥ም	1
ሐርወም	1
ሐርሐም	1
ሐራር	1
ሐራረታ	1
ሐረወምታ	1
ሐረቢም	1
ሐረ	1
ሐሞ	1
ሐማᎃርጥ	1
ሐማዳቀም	1
ሐማም	1
ሐሚ	1
ልጓᎀ	1
ላላስ	1
ላሊ	1
ሊስትሮማ	1
ለየተሑ	1
