á	1983
áb	2
ábád	9
ábádián	1
áchár	2
ácháresh	1
ádam	39
ádamay	6
ádamé	1
ádat	3
ádatay	5
ádénká	1
ádénkay	1
ádel	6
ádelén	10
áét	5
áesh	17
áet	1
ágáh	31
ágáhesh	2
áh	5
áhé	1
áherá	10
áherat	5
áheratay	11
áheri	9
áheria	4
áherzamáná	5
áiá	1277
áiárá	12
áiay	1563
áiayg	3
áiaygá	1
áiayga	2
ájuiay	1
ákebat	13
ákelter	1
álem	5
áludaga	1
ámách	3
ámácha	1
ámidges	4
ámién	1
ámin	15
án	361
áp	77
ápá	67
ápán	9
ápa	20
ápay	53
ápesh	3
ápi	15
ápia	1
ápó	2
ápsaré	1
árám	38
áráma	8
árámén	5
árámi	20
árámiá	2
árámjáh	1
árag	32
áragá	25
áraga	9
áragay	2
árguriá	1
árók	1
árókén	1
áróki	1
árós	5
árósá	3
árósay	6
árósé	1
áróséá	1
árt	2
ártá	1
ártay	1
ártéá	2
ártén	1
árzua	1
árhahór	1
ás	16
ásá	35
ásán	1
ásánter	11
ása	1
ásar	22
ásay	36
ásé	15
ásén	1
áseni	1
ásesh	2
ásk	2
ásmán	31
ásmáná	142
ásmána	3
ásmánay	60
ásmáni	117
áspaymén	1
ástah	2
ásudag	10
ásudagén	3
ásudagi	13
ásudagiá	6
ásudagia	4
ásudagiay	2
ásudagié	1
áshkár	10
áshóp	8
áshópá	3
áshópay	1
áshópesh	1
áshópián	1
áshopént	1
áshopéntagat	1
áshopéntant	1
átk	536
átkág	1
átkán	8
átka	21
átkag	98
átkagán	32
átkagant	16
átkagat	24
átkagatant	13
átkagay	10
átkagén	35
átkagénán	1
átkagét	10
átkant	151
átkay	2
átkén	5
átkét	1
átkesh	1
áwort	131
áworta	4
áwortag	27
áwortagant	4
áwortagat	4
áwortagi	1
áwortant	27
áwortesh	3
áworti	5
áyán	1000
áyáná	22
áyána	16
áyáni	633
áyánigi	1
áyag	13
áyagá	58
áyagay	31
áyagi	14
áyókén	18
ázár	21
ázárá	2
ázárán	3
ázára	18
ázáré	4
ázáresh	1
ázát	56
ázáta	14
ázátén	1
ázáti	11
ázátiá	3
ázátiay	11
ázmáesh	22
ázmáeshán	1
ázmáeshána	1
ázmáesha	1
abad	77
abada	4
abadi	8
abadmán	10
abadmánén	30
abéd	62
abr	4
achának	6
adab	5
adaba	5
adabia	1
addiraha	3
addh	79
addha	6
addhi	4
adl	34
adná	1
agan	576
agli	1
aglmand	5
aglmandi	2
ahd	20
ahday	2
ahmaka	2
ahmakén	3
ahmaki	2
aid	33
aidá	29
aida	3
aiday	29
aidé	1
aidéá	1
ajab	4
ajabbatén	33
ajabén	37
ajekkái	18
ajekkáié	1
ajekkah	1
aks	1
alayk	5
albat	9
alkápi	1
allam	16
allamá	25
allama	1
allamén	3
alphabet	1
ambár	10
ambárá	4
ambárána	1
ambára	7
ambáray	1
ambáresh	1
ambázá	1
anágah	1
anágat	69
anágata	1
anágatén	4
anchén	99
anchosh	258
anchosha	20
anchoshi	3
andém	12
andémén	4
andéshag	1
andóh	7
andóhán	5
andóháni	1
andóhé	1
andóhéá	1
angat	186
angata	3
angerr	14
angerra	2
angur	6
anguráni	2
anguray	17
anguri	7
annugén	12
annun	88
ant	597
apsar	9
apsará	10
apsaráni	1
apsara	1
apsaray	6
apsaré	5
apsaréá	2
apsaréay	2
apsóz	31
arazband	1
armán	9
armáná	2
armáni	1
arrábahá	1
arrábahay	2
ars	4
arsán	4
arsa	1
arsé	2
arshá	9
arshay	31
arwáh	53
arwáhá	14
arwáháni	2
arwáhéá	3
arwáhesh	2
arzánteréná	1
arzesh	12
arzeshé	2
arzeshi	1
arzonéay	2
arh	5
arhá	5
arhay	1
asá	7
asal	2
asariun	4
asir	1
asirán	1
asligén	114
asp	7
aspáni	1
aspia	2
aspswár	1
aspswárén	1
ashrapi	4
ashrapiá	3
ashrapié	1
at	1206
atán	34
atant	383
atay	10
atén	8
atét	6
atesh	1
ati	3
atlaspóshá	1
atr	14
atra	2
atrdán	1
atrdáná	1
atrdánéá	2
atrdánéay	1
atri	3
aud	2
awal	3
awalá	21
awali	100
awalia	4
awaligá	3
awaligénán	1
awlád	2
ay	268
aysh	8
azáb	20
azábá	10
azábán	2
azal	9
azalá	4
azgár	5
azgárén	8
bádgiray	2
bádpán	1
bádshádi	1
bádsháh	168
bádsháhá	84
bádsháhán	5
bádsháháni	10
bádsháha	5
bádsháhay	74
bádsháhé	10
bádsháhéá	1
bádsháhéay	1
bádsháhén	3
bádsháhi	118
bádsháhiá	56
bádsháhia	15
bádsháhiay	61
bádsháhié	3
bádsháhiéay	1
bág	3
bágá	28
bágay	22
bágé	7
bágéay	1
bági	2
bágpán	2
bágpáná	2
bágpánán	13
bágpánána	2
bágpánáni	8
bágpánay	3
báhénit	13
báhéntagatant	1
báhóth	14
bája	4
bákasay	2
bál	25
báládá	2
báládast	11
báládasti	2
báli	23
bámay	1
bámgwáhá	13
bán	60
báná	6
bánáni	2
bánay	1
bánbandén	11
bándá	7
bándát	5
bándátá	1
bándátesha	1
bándátigén	1
báné	1
báng	8
bángá	5
bánga	2
bánkalénkay	1
bánok	8
bánokay	1
bánokén	6
bánzoláni	13
báp	3
bápári	1
bápáriéay	2
bár	8
bárá	1
bárán	1
báráni	1
bára	2
bárawá	266
báré	3
bárén	84
bárgáh	3
bárgáhá	56
bári	1
bárig	13
bárigá	16
báriga	1
bárigay	1
bárigé	1
bárt	25
básk	25
báská	4
báskán	1
báskáni	2
báské	4
báshendah	8
báshendahán	1
báshendahé	8
báshendahéá	1
báshendahiesh	1
bát	118
bátant	38
bátay	4
bátét	2
báten	3
báwar	227
báwará	27
báwarán	1
báwara	42
báwaray	16
báwaré	1
báwaresh	10
báwaret	1
báwari	4
báwarmand	68
báwarmandán	15
báwarmandáná	1
báwarmandána	1
báwarmandáni	14
báwarmandé	4
báwarmandéay	2
báwarmandén	11
báwarmandi	14
báwarmandiá	6
báwarmandiay	8
báwaró	2
báyad	130
báz	207
bázárá	12
bázárán	5
bázáráni	3
bázáré	1
báza	5
bázén	301
bázéné	44
bázénéá	39
bázénéay	5
bacch	16
bacchá	2
bacchay	2
bacchénag	6
bachak	19
bachaká	2
bachakán	1
bachakay	5
bachaké	5
bachakéay	3
bachakesh	1
bachaki	2
bad	35
badána	1
bada	1
badal	27
badalá	42
badala	4
badchammi	1
baddwái	3
baddh	1
baddhá	26
baddhé	1
badén	40
badgói	1
badi	19
badiá	12
badián	2
badia	9
badiay	7
badié	5
badkár	37
badkárán	17
badkárén	7
badkári	6
badkáriá	2
badkárián	2
badkáriáni	2
badkerdén	2
badter	3
badtera	2
badterén	1
badwáh	16
badwáhán	1
badwáhi	4
badwáhiá	3
bag	3
bah	16
bahá	59
bahádorri	3
bahái	4
baháia	1
bahári	1
baháyá	3
bahr	74
bahrá	13
bahrán	1
bahra	10
bahray	4
bahré	13
bahri	3
bahtáwar	52
bahtáwarán	1
bahtáwara	5
bahtáwaré	2
bahtáwari	3
bahtáwarter	1
bakshán	7
bakshag	33
bakshagá	4
bakshaga	10
bakshagay	2
bakshén	1
bakshesh	6
bakshet	3
baksheta	4
bakshetag	10
bakshetagant	3
bakshetaganti	1
bakshetagat	1
bakshetagén	6
bakshetant	8
bakshit	29
bakshók	2
bakshókén	3
baláh	5
baláhán	2
baláhé	1
baláhén	15
balad	6
baladén	1
bale	1411
balkén	40
balwáé	1
band	119
bandá	1
bandán	8
bandáni	3
banda	6
bandag	8
bandagá	17
bandaga	7
bandagi	1
bandaha	1
bandant	23
bandé	1
bandén	6
bandét	6
banden	3
bandená	13
bandenán	1
bandenay	2
bandené	2
bandenéá	1
bandesh	3
bandi	7
bandig	30
bandigá	1
bandigán	4
bandiga	3
bandigé	4
bandigéá	1
bandigén	2
bandigesh	1
bandijáhá	14
bandijáhay	8
bandikka	1
bandit	7
bani	58
banjáhána	1
bannám	4
bannáma	1
bannámén	1
bannámi	4
bant	216
baptismah	1
bar	61
bará	14
barábar	5
barábari	1
barán	9
baráni	2
bara	7
barag	16
baragá	12
baraga	10
baragay	6
baragi	1
barant	23
baray	4
barbád	10
barbáda	2
bard	1
baré	60
barét	8
baresh	3
bari	1
barjáh	24
barjáha	15
barkat	32
barkatá	7
barkata	17
barkati	3
barók	6
barónki	3
barpay	1
barr	9
barri	3
barward	2
barwarda	3
barhakk	8
barhakkén	7
barhakki	1
bass	48
bassa	5
bast	49
basta	1
bastag	32
bastagant	6
bastagat	11
bastagatant	1
bastagén	5
bastaká	1
bastant	12
bastesh	1
basti	3
batal	2
batalá	1
batos	1
bathák	2
batháka	3
bay	96
bayán	30
bayáná	1
bayána	4
bayag	61
bayagá	71
bayagay	37
bayagi	20
bayagién	1
bayókén	6
baz	1
bazén	1
bazter	3
bazzag	40
bazzagá	1
bazzagán	1
bazzagáni	4
bazzaga	2
bazzagé	1
bazzagén	1
bazzagi	18
bazzagia	2
bazhn	31
bazhnák	5
bazhnáká	2
bazhnáké	1
bé	55
béárámi	2
béasar	1
béayb	12
béaybén	2
béaybia	1
bébáwar	4
bébáwarén	2
bébahá	2
bébaháén	2
bébar	4
bébarén	3
bébarkatén	3
béchokk	1
bédarwarén	1
bédináni	1
béezzat	12
béezzata	6
béezzati	4
béezzatiá	1
béezzatia	1
bégáh	6
bégáhá	10
bégáha	1
bégáhay	10
bégánag	4
bégonáh	4
bégonáhén	3
bégwáh	11
bégwáha	10
bégwáhi	2
bégwáhiay	1
bégwáhiéá	1
béh	4
béhá	8
béhawrén	1
béhayál	6
béhayála	1
béhi	3
béhósh	1
béhósha	1
béhodáén	2
béhodái	2
béhodáiay	1
béhomirén	15
béhormat	1
béhormati	1
béhormatiá	2
béimán	1
békár	2
békárá	1
békárén	2
békarár	3
békarári	2
békebr	12
békebri	5
békecchahén	1
békerdén	1
békesás	6
békesása	1
békesásén	2
bél	1
bématth	2
bématthén	2
bémayár	7
bémayára	3
bémayári	2
bémayáriay	6
bémósomén	1
bén	17
bénag	3
bénaga	1
bénangén	2
bénangi	2
bénangi‌esh	1
bénangiá	3
bépahréziá	1
béparwáhi	1
bépassaw	1
bépet	1
bérán	15
bérána	6
bérahmia	1
bérand	2
béray	2
bérisshag	1
bésár	4
bésári	1
bésamar	2
bésamara	1
bésamariá	1
béshakk	11
bésharap	1
béshopánkén	2
bét	77
bétáhir	5
bétáhirié	2
bétawár	35
bétawára	3
bétawári	2
bétránag	3
béwahd	4
béwapá	6
béwapáén	1
béwas	4
béwasén	3
béwata	1
bézár	9
bézára	2
bézári	1
bézobánén	3
bebáhénit	4
bebán	39
bebárt	26
bebajjant	1
bebaksh	13
bebakshét	4
bebakshi	3
bebakshit	5
beband	1
bebandán	1
bebandant	3
bebandanti	1
bebandén	2
bebandét	8
bebandit	5
bebant	113
bebar	3
bebarán	1
bebarant	8
bebarén	1
bebarét	7
bebay	34
bebén	23
bebét	107
bebit	294
bebóján	1
beborrán	1
beborrét	2
beborrit	3
bebu	1
bebuténant	1
bechár	70
bechárán	3
bechárant	4
bechárén	7
bechárét	38
bechárit	7
bechakkásant	1
bechakkásét	2
bechakkásit	1
bechandhét	3
bechillé	1
bechokkiti	1
bedár	44
bedárant	14
bedárén	3
bedárét	47
bedárit	14
bedáshténant	2
bedátén	2
bedant	91
bedanti	4
beday	99
bedayán	25
bedayát	7
bedayant	41
bedayay	6
bedayén	8
bedayét	74
bedayi	1
beddh	7
bederrit	1
bedistén	2
bedozzant	1
bedranjant	3
bedróhit	3
begéchit	1
begéján	1
begéjant	3
begéjét	1
begéjit	3
begendán	5
begendant	15
begenday	2
begendén	4
begendét	5
begendit	22
begepténant	2
beger	45
begeráénant	1
begerán	7
begerant	16
begeray	1
begerén	8
begerét	15
begipt	36
begisshén	2
begisshénán	2
begisshénant	3
begisshénit	3
begisshéniti	1
begoddhi	2
begoddhit	2
begréwét	6
begwázén	5
begwázénant	1
begwázénén	5
begwázénét	10
begwázénit	1
begwaj	1
begwajén	1
begwapén	1
begwash	45
begwashán	15
begwashant	15
begwashanti	1
begwashén	19
begwashét	46
begwashit	26
begwazét	2
begwazit	10
behesht	1
beheshtá	3
bejall	2
bejallit	2
bejanán	8
bejanant	12
bejanén	4
bejanét	18
bejant	20
bekan	95
bekanán	90
bekanátay	1
bekanant	145
bekananti	1
bekanay	35
bekanén	50
bekanét	161
bekanéti	6
bekani	3
bekant	272
bekap	9
bekapán	1
bekapant	7
bekapay	1
bekapét	4
bekapit	15
bekasshant	7
bekasshén	1
bekasshét	5
bekasshit	1
bekatthán	1
bekatthét	1
bekenz	1
bekenzán	1
bekeshit	1
bekóshárénán	1
bekóshárénant	4
bekóshárénit	2
bekortén	8
bekorténant	3
bekosh	4
bekoshán	5
bekoshant	7
bekoshanti	3
bekoshén	3
bekoshéni	1
bekoshét	6
bekoshit	10
beladdhén	1
beladdhét	1
beladdhit	1
belaggetén	1
belékit	1
bell	50
bellant	1
bellét	15
belléti	2
belli	5
bellit	4
belóth	13
belóthán	12
belóthant	3
belóthay	4
belóthén	5
belóthét	22
belóthetén	2
belóthit	20
bemánán	5
bemánant	3
bemánay	2
bemánét	13
bemánit	17
bemannay	2
bemannén	1
bemannét	7
bemannit	5
bemerant	2
bemerén	3
bemerit	12
bemoshant	5
bemoshit	7
bemoshtén	1
benádénit	1
bendát	11
bendátá	3
bendáta	2
bendáti	2
benebeshténán	1
benebis	3
benebisán	4
benebisén	1
benebisit	2
benend	14
benendárénét	3
benendant	3
benendét	3
benendit	3
benósh	1
benósháni	1
benóshén	2
benóshét	4
benóshit	3
bepahrézét	1
bepósh	1
bepóshén	5
bepoteray	1
bepoterét	2
bepoterit	3
bepróshán	1
bepróshant	2
bepróshét	1
bepróshit	4
berakkant	4
berakkén	59
berakkénán	2
berakkénét	3
berakkénit	17
berakkéniti	1
berakkét	1
berasát	9
berasant	2
berasay	1
berasénán	8
berasénant	4
berasénay	1
berasénét	4
berasit	24
berasiti	2
beraw	90
berawán	9
berawant	13
berawén	18
berawét	61
berawt	47
beródénit	2
berod	1
berodant	2
berombit	1
besách	1
besárháyant	2
besáyant	1
besabz	1
besaggán	4
besaggét	4
besaggit	8
besendit	1
besingárét	1
besóchit	1
beshkon	14
beshkonán	2
beshkonant	9
beshkonay	1
beshkonén	1
beshkonét	7
beshkont	19
beshkotén	3
beshód	7
beshódán	3
beshóday	1
beshódét	3
betápét	1
betach	3
betachant	3
betachét	1
betachit	3
betakénét	2
betarr	1
betarrát	1
betarrant	7
betarrén	5
betarrénant	2
betarrénit	4
betarrit	7
betorsénén	1
betorsénit	1
betorsét	6
betosant	1
bethagalén	7
bethokkét	2
bethokkit	2
bezán	743
bezánán	3
bezánant	23
bezánay	3
bezánén	5
bezánét	43
bezánt	23
bezántén	9
bezortén	1
bezur	24
bezurant	3
bezurén	3
bezurét	19
bezurit	9
bigánagén	1
bigár	2
bigári	1
bimm	3
bimmá	6
bimmé	3
bimnák	1
biná	27
bináiay	1
bist	7
bistomi	1
bit	652
bó	2
bóa	3
bóg	5
bógé	2
bóhériay	1
bójagá	3
bójagay	3
bójét	6
bójig	52
bójigá	78
bójigán	4
bójiga	1
bójigay	40
bójigé	8
bójigéá	17
bójigesh	2
bójit	1
bósah	1
bósóchay	1
bósht	8
bóshtáténán	1
bóshtant	3
bóshtét	9
bóshtit	2
bótk	2
boddhag	3
boddhagá	1
boddhagi	1
boddhet	1
boddhetagén	1
boddhit	1
boh	4
bohtám	35
bohtámá	11
bohtámán	6
bohtáma	5
bohtámay	1
bohtámé	3
bohtámesh	1
bojit	4
bokhár	1
bokk	2
bokkagi	9
bokket	7
bokketagant	1
bolandén	1
bon	12
boná	18
bonag	1
bonagá	1
bonagáni	1
bonaga	2
bondhá	5
bondhé	1
bonén	2
bongéj	40
bongéjá	11
bongéja	7
bongéjay	1
bongéji	2
bonhesht	10
bonheshté	1
bonjáh	1
bonjáhá	1
bonjáhi	2
bonmál	2
bonmálá	2
bonpirok	10
bonpirokán	2
bonred	9
bonredá	2
bonredi	1
bonyád	8
bonyádá	1
bonyáday	1
bonyádi	2
borj	5
borjay	7
borjé	6
borr	5
borráént	1
borrán	1
borrag	7
borragá	4
borraga	1
borragay	1
borrant	2
borrét	2
borret	7
borretag	2
borretagat	1
borretant	1
borrit	3
borrók	3
borróké	1
borrókén	1
borrok	4
bort	93
bortag	11
bortagant	2
bortagat	7
bortant	18
bortesh	7
borti	2
borz	36
borzá	15
borzád	16
borzádá	3
borzáda	8
borzádi	5
borzádiá	1
borza	7
borzagá	1
borzén	71
borztawári	11
borzter	7
borztera	3
borzterén	4
bot	16
botán	9
botáni	9
botay	3
boté	4
botén	2
botk	1
botkant	1
botparast	1
botparasti	1
bozán	2
bránzá	2
brát	153
brátá	39
brátán	103
brátáni	24
brátay	32
brátayga	3
bráté	6
brátéá	5
brátén	2
brátesh	4
bráti	8
brahdár	1
brahdára	2
brahdárén	1
bucch	2
bucchok	2
bud	1
burr	1
bustagé	1
but	855
bután	18
buta	63
butag	353
butagán	39
butagant	91
butagat	83
butagatán	1
butagatant	31
butagay	28
butagén	39
butagénán	1
butagéné	1
butagét	24
butant	344
butay	5
butén	26
buténán	3
buténant	3
buténay	4
buténén	1
buténét	3
butét	5
butená	1
bwánant	1
bwárt	33
bwapsit	1
bwar	8
bwarán	8
bwarant	11
bwaray	2
bwarén	6
bwarét	14
byá	51
byáay	2
byáét	58
byáji	2
byár	17
byárán	11
byárant	14
byárén	8
byárét	36
byárit	19
byátkén	1
byátkénant	1
byáyán	10
byáyát	2
byáyant	10
byayt	41
cháder	7
cháderesh	3
chágerd	7
chágerdá	51
chágerday	3
chák	1
cháké	1
chál	1
cháláki	2
chánigán	1
cháplusi	2
chár	35
chárá	1
chárag	1
cháragá	47
cháragi	1
chárant	5
cháray	3
chárchóbah	1
chárchóbahé	2
chárdáráni	1
chárdah	4
chárdiwál	5
chárén	33
chárénag	1
chárénók	1
chárét	3
cháret	59
cháretag	2
cháretant	4
cháreti	6
chárig	2
chárigi	1
chárit	9
chárkaldári	1
cháromi	11
cháromiay	1
chárpádén	5
chárráháni	3
chárráhay	1
chársad	4
chársadé	1
cháshént	1
chát	5
chátá	9
chátay	14
chátéá	3
cháti	1
cha	3624
chagal	4
chagala	2
chagali	2
chagaljáhay	1
chahr	2
chahra	4
chak	4
chakk	12
chakká	9
chakkás	7
chakkásá	11
chakkásán	5
chakkásag	4
chakkásagá	12
chakkásaga	1
chakkásay	2
chakkásét	1
chakkáset	5
chakkásit	3
chakki	2
chalandhén	2
challah	2
chambandoki	1
chamdidá	1
chamdistén	4
chamm	65
chammá	21
chammán	44
chammána	3
chammánesh	1
chammáni	21
chammag	2
chammagá	2
chammagé	4
chammay	12
chammé	6
chamméá	3
chammesh	9
chammi	12
chammó	1
chamshánká	1
chamzáherá	2
chandhagá	3
chandhagay	9
chandhén	1
chandhént	2
chandhet	3
chandhetant	3
chandhók	1
chapp	51
chappén	14
chappig	3
charágáhá	1
charágáhé	1
charag	1
charagá	6
chari	1
charp	3
charpa	2
charpzobáni	1
chashagá	1
chashet	1
chashetag	1
chatthetant	1
chawath	3
chawl	14
chawlán	6
chawláni	3
chawli	3
ché	235
chér	71
chérá	60
chéra	14
chérandari	3
chérandaria	1
chérandém	2
chéray	5
chérdastáni	1
chérdasta	2
chérdastén	2
chérdastiá	8
chérén	4
chérénána	2
chérgéján	3
chéri	1
chéria	1
chérokái	15
che	68
checch	1
chehrag	2
chehragá	3
chehragé	1
chel	18
chelá	1
chell	16
chellán	1
chellag	5
chellaga	3
chellagiay	2
chellagshódiay	1
chen	5
chenag	2
chenaga	2
chenant	1
chenkadar	13
chenókay	1
cherág	11
cherágá	9
cherágán	7
cherágáni	1
cherágay	6
cherágé	2
cherágéay	2
cherágesh	1
cherágjáhá	1
cherágjáhay	3
cherekk	6
chest	62
chesta	7
chesti	1
chestia	1
chet	15
chetag	3
chetagén	2
chi	40
chiá	803
chié	7
chihál	7
chihálán	1
chihálé	1
chihália	1
chillé	1
chilléá	1
chilleká	1
chinchok	10
chippokán	3
chizz	94
chizzá	18
chizzán	34
chizzána	8
chizzáni	33
chizzay	10
chizzé	135
chizzéá	5
chizzon	4
chó	70
chón	115
chónáhá	5
chóna	6
chónaká	5
chónén	61
chónéné	1
chórawáni	2
chórawa	1
chórhawáni	2
chóth	3
chóthén	1
chokk	532
chokká	88
chokkán	80
chokkána	2
chokkáni	46
chokka	18
chokkag	2
chokkagá	1
chokkagán	2
chokkay	91
chokké	49
chokkéá	2
chokkéay	12
chokkesh	13
chokket	8
chokketi	3
chokki	24
chokkzátk	1
chokmátén	3
cholla	1
cholli	1
chondh	34
chondhán	5
chondha	2
chondhé	12
chondhi	2
chont	11
chopp	8
chosh	138
chosha	17
choshén	76
chotthetag	1
chureg	3
chussagá	2
dáb	7
dábá	28
dábéá	1
dábén	2
dábesh	1
dád	2
dádá	1
dádgáh	4
dádras	8
dádrasi	25
dádrasiá	11
dádrasia	12
dádrasiay	14
dáemá	6
dáemi	5
dáktar	6
dáktarán	1
dáktaré	3
dám	22
dámá	21
dámán	2
dámay	1
dámé	2
dámesh	6
dámon	4
dámoná	2
dán	9
dáná	17
dánáén	17
dánán	4
dánag	6
dánagé	3
dánagéá	1
dánagi	1
dánay	12
dánesh	1
dár	29
dárá	2
dárán	26
dáráni	4
dárag	26
dáragá	51
dáraga	8
dáragay	2
dárant	21
dáranti	2
dáray	25
dáré	5
dáréay	3
dárén	1
dárét	13
dárit	46
dárók	4
dárókán	4
dártahtagé	1
dártrásh	1
dártráshay	1
dáru	1
dáruán	1
dásá	1
dásht	66
dáshta	14
dáshtag	31
dáshtagant	9
dáshtagat	4
dáshtagati	1
dáshtant	21
dáshtén	2
dáshti	2
dát	715
dáta	24
dátag	156
dátagant	30
dátaganti	1
dátagat	37
dátagatant	11
dátagén	66
dátagéná	1
dátagénán	2
dátagénáni	1
dátagénay	1
dátagi	3
dátant	193
dátanti	3
dátesh	6
dáti	24
dáton	1
dáwá	1
dáwáé	2
dáwaria	2
dadrasiá	19
dagá	3
dagábázén	1
dah	27
dahén	18
dahl	4
dahomi	3
dahyakká	2
dahyakka	1
dalil	2
dalilán	4
dalilána	1
dalilé	1
dalwat	11
dalwatá	1
dalwatáni	8
dam	9
damán	6
damáná	107
damáné	3
damánokéá	2
damag	4
damagá	33
damagán	22
damagáni	4
damagay	31
damagé	2
damagi	1
dametag	1
damk	4
damkáni	1
damka	1
damkéá	1
damki	2
dant	165
dantán	11
dantáná	1
dantána	7
dantesh	1
danti	3
danz	7
danzán	2
dap	43
dapá	104
dapádapén	1
dapa	1
dapay	15
dapbandén	1
dapi	3
dapják	4
dapjáká	2
dapjákesh	1
daptar	2
dar	392
darámad	3
darámadán	2
darámadén	6
darándhéh	8
darándhéha	2
darándhéhén	1
darándhéhi	1
darándhéhiá	4
darándhéhiay	2
dara	75
darag	6
daragay	1
daragé	1
darajat	2
darangázé	1
darbárá	3
darbári	1
darbésh	5
darbéshén	3
darbéshi	2
dard	6
dardán	2
dardána	1
dardáni	2
darda	2
dardnákén	2
dargáhá	21
dargatá	2
daria	1
darigay	1
dark	3
darkár	1
darkawm	25
darkawmá	1
darkawmán	22
darkawmáni	31
darkawmén	24
darkawmi	1
darmán	3
darmáná	2
darmolki	1
darnyámá	8
darp	4
darpáni	2
darpé	5
darráént	33
dars	37
darsa	2
darshán	11
darshána	9
darun	8
daruná	15
darunay	1
darunná	2
darwázag	34
darwázagá	28
darwázagáni	7
darwázaga	1
darwázagay	16
darwázagéay	1
darwázagesh	3
darwázagi	2
darwázagpánén	1
darwar	14
darwarán	1
darwaráni	2
darwaré	1
daryá	24
daryáay	48
daryáchah	4
daryái	3
daryáyá	32
daryáyán	1
daspachi	2
daspachiá	1
dast	164
dastá	303
dastán	26
dastáni	12
dasta	11
dastay	28
dasté	6
daste	1
dastesh	2
dasti	28
dasht	3
dashtay	2
dawá	1
dawlatay	4
dawr	108
dawra	21
dawri	4
dawria	3
day	31
dayán	122
dayáná	8
dayánesh	2
dayag	135
dayagá	95
dayaga	58
dayagay	14
dayagi	12
dayant	59
dayanti	3
dayay	50
dayén	8
dayét	24
dayger	2
daynkár	2
daynkárá	2
daynkárána	1
dayók	15
dayóká	4
dayókay	11
dayóké	3
dayókén	3
dayóki	1
dazbandi	34
dazbandián	1
dazbandia	10
dazbandiesh	7
dazbandii	2
dazbój	2
dazbójáni	1
dazgatth	6
dazgir	34
daznebeshtá	31
dém	326
démá	435
démáter	5
déma	11
démay	4
démdará	4
démgir	1
démi	37
démpán	2
démpáné	1
démpániá	7
démpániay	2
démpánii	1
démterá	13
dér	16
dérá	6
déra	3
dérén	3
dérigén	3
dega	449
degah	3
degará	3
degarán	33
degarána	4
degaráni	13
degaray	2
degaré	11
degaréá	7
degaréay	4
dehkán	4
dehkánáni	1
dehkáné	4
del	126
delá	214
delán	9
delána	5
deláni	4
dela	7
delay	57
delbaddhi	19
delbaddhiá	3
delbaddhia	3
delbaddhiay	2
delbaddhié	3
delbaddhiesh	1
deldári	1
deldozzi	1
deldhaddh	2
deldhaddhi	1
delér	3
deléri	10
delesh	12
delgáhá	1
delgarmi	1
delgir	1
delgósh	37
delgóshá	5
delgósha	1
delgóshesh	2
delgóshi	1
deli	5
delia	1
deljam	27
deljama	1
deljamén	3
deljami	9
deljamia	1
delkasshiána	1
delmánag	10
delon	10
delpachén	1
delpasond	2
delprósh	2
delranj	5
delrésh	1
delsetki	6
delsetkié	1
delsyáh	6
delsyáha	1
delsyáhi	1
delshát	1
deltaparkah	17
deltaparkaha	1
deltrakk	5
delwassh	2
delwasshi	1
deragi	1
derant	1
derit	1
derr	1
derrán	2
derrit	4
derrókén	4
dert	6
dertagpocchén	1
derham	2
derhamay	1
deshtár	5
didárá	2
dinár	6
dinárá	2
dináray	4
dináré	7
dináréá	1
dinay	3
dindóstén	1
dini	235
dist	241
dista	4
distag	60
distagant	9
distagat	12
distagatant	6
distagén	7
distagénán	5
distagénáni	10
distagénesh	1
distaget	1
distagi	2
distagó	1
distagon	1
distant	24
distén	1
distesh	39
distet	1
disti	61
diston	7
diwál	6
diwálá	2
diwálay	2
diwálé	2
diwáléay	3
diwán	10
diwáná	20
diwánán	3
diwánay	31
diwánjáh	1
diwánjáhá	2
diwánjáhay	2
diwánjáhé	3
dóchag	1
dód	14
dórán	1
dóst	137
dóstá	1
dóstán	5
dóstáni	2
dósta	55
dósté	1
dóstén	15
dóstera	4
dósterén	3
dóstesh	1
dósti	7
dóstiá	3
dóstia	1
dóstiay	2
dóstwáh	6
dóshi	5
dótkagatant	1
dózah	5
dózahá	2
dózoh	1
dózohay	2
do	188
doá	1
doay	1
dochár	19
dochára	2
dodel	2
dodelán	1
dodelén	1
dodeli	1
doén	76
doénán	23
doénáni	10
doénesh	1
doéni	2
doi	1
dokkánán	1
domi	162
domiá	5
domigi	2
domká	3
donyá	30
donyáay	72
donyáayg	1
donyáé	1
donyái	17
donyáié	2
donyáyá	53
dopóstén	17
dopósti	2
dopóstiá	1
dopóstiay	1
dordánag	4
dordánagán	19
dordánagén	11
doru	5
dorui	1
dosad	6
dotal	6
dottoka	1
dozobáni	1
dozz	10
dozzán	5
dozza	2
dozzbázáré	3
dozzé	3
dozzén	1
dozzesh	2
dozzesha	1
dozzetag	1
dozzi	10
dozziá	3
dozhmán	3
dozhmána	2
dozhmen	59
dozhmená	4
dozhmenán	28
dozhmenáni	49
dozhmena	3
dozhmenay	7
dozhmené	7
dozhmeni	3
dozhmenia	2
dráh	105
dráha	27
dráhi	13
dráhia	1
drája	2
drájén	12
drájiá	2
drájkassh	1
drájkassha	4
drásh	1
drachk	45
drachká	15
drachkán	3
drachkáni	9
drachkay	19
drachké	15
drachkéay	11
drachkesh	1
drahagá	3
drahbát	22
drahbátán	1
drahbáta	6
drahbakshi	43
drahbakshiá	3
drahbakshia	2
drahbakshiay	2
drahbakshion	1
dranjag	5
dranjanti	1
dranzag	1
drapshán	7
drapshag	6
drapshagá	4
drapshant	1
drapshénit	1
drapshet	3
drapshit	4
drapshnák	2
drapshnáka	1
drapshnákén	1
drapshnáki	4
drapshókén	3
dratk	6
dratkag	1
dratkagatant	1
dratkesh	3
drekk	3
drekké	3
drik	2
dróg	9
drógáni	1
dróga	7
drógband	4
drógbandá	1
drógbanda	2
drógbandé	5
drógé	1
drógén	35
drógéné	1
dróget	1
drógi	2
dróhag	9
dróhaga	4
dróhagi	6
dróhit	20
dróhók	7
dróhóká	1
dróshom	6
dróshomá	14
dróshomay	4
dróshoméá	1
dróshomi	1
drót	2
drostigén	4
droshagá	2
droshaga	2
droshant	4
droshét	1
droshit	2
drud	40
dur	104
durá	12
dura	14
durchári	1
durén	11
duriá	1
durter	3
dwá	160
dwáay	7
dwáen	1
dwáesh	4
dwáhayr	1
dwái	19
dwáyá	24
dwáyána	2
dwáyáni	4
dwázdah	39
dwázdahá	2
dwázdahén	48
dwázdahénán	1
dwázdahénáni	1
dháh	13
dháhé	1
dhaddh	13
dhagár	17
dhagárá	21
dhagárán	4
dhagáráni	15
dhagáray	13
dhagáré	5
dhagáréá	1
dhagáresh	1
dhagáron	1
dhal	6
dhandhór	1
dhangar	10
dhangarán	5
dhangaráni	10
dhann	37
dhanná	61
dhanni	6
dhawl	10
dhawlá	321
dhawldár	3
dhawldára	2
dhawldárén	7
dhawlén	35
dhawlesh	2
dhéh	2
dhikk	7
dhillay	2
dhilléay	2
dhók	10
dhóká	2
dhókán	2
dhókáni	9
dhóké	4
dhókéá	3
dhókéay	1
dhókén	1
dhókesh	1
dhóki	1
dhól	2
dhóloká	2
dhólokay	3
dhólokéay	1
dhobbah	4
dhobbahá	3
dhokkál	10
dhokkálé	7
dhokkáli	1
dhundh	2
dhundhwárén	2
é	2028
émen	5
émenén	2
émeni	15
émenia	2
émeniay	13
én	112
ér	226
éra	31
érahtay	2
érahti	3
érdast	1
érdasta	5
éresh	3
éresha	1
érgwátá	2
érgwátén	1
éri	3
éria	2
érkap	1
érkapay	1
érmósh	8
érmósha	1
érnendá	2
ét	147
éwak	4
éwaká	5
ebádatay	2
eblisay	1
eblisé	1
ebrat	2
ebraté	1
ed	32
edá	105
eday	3
ehtebár	3
ehtebára	1
ehtebáré	1
ehtebári	1
ehtiár	28
ehtiárá	17
ehtiáray	2
ehtiárdáráni	2
ehtiárdárén	1
ehtiáré	6
ehtiári	5
ehwat	1
ehwaté	4
ejáray	3
ejázat	15
ejázatá	1
ejázata	1
ejázati	7
elájá	1
elhám	7
elhámá	5
elháma	1
elhámay	2
elhámé	4
elháméá	1
elhámi	1
elmi	1
embari	1
emtehán	5
enjir	3
enjira	1
enjiray	20
enkár	5
enkára	9
enkáray	4
enkadar	1
enna	10
ensán	40
ensáná	10
ensánán	1
ensánáni	1
ensánay	131
ensáné	7
ensánéá	1
ensánéay	5
ensáni	12
ensáp	29
ensápay	7
enshapi	5
ent	2233
entezár	11
entezárá	12
enti	4
erádah	8
espanjé	3
espét	14
espétén	1
espéti	2
espétpóshén	6
estár	26
estárán	4
estáray	2
esh	118
eshán	55
esháni	36
eshárah	6
eshárahá	3
esháraha	2
eshiá	89
eshiay	68
eshkaráni	3
eshkonag	5
eshkonagá	72
eshkonaga	3
eshkonagay	2
eshkonant	9
eshkonay	10
eshkonét	8
eshkonók	1
eshkonóké	1
eshkont	20
eshkot	84
eshkotag	36
eshkotagant	7
eshkotagat	8
eshkotagatesh	1
eshkotagén	2
eshkotagénán	1
eshkotagénáni	2
eshkotagi	1
eshkotant	16
eshkotesh	1
eshkoti	2
eshkoton	2
esht	12
eshtáp	12
eshtápi	10
eshtápiá	3
eshtag	3
eshtagant	2
eshtagat	1
eshtant	2
eshti	2
ezzat	36
ezzata	6
ezzatmand	2
ezzatmandén	1
ezzatmandiay	1
gál	24
gálá	3
gálwárá	2
gám	28
gámá	2
gáma	11
gámay	1
gámi	2
gár	105
gára	15
gárat	1
gárén	25
gárénáni	3
gári	4
gárhi	2
gach	1
gadróshagá	1
gahetagén	2
gajj	2
gajján	1
gajja	3
gal	63
galá	3
galáénant	1
galáénit	1
galé	3
gallahén	1
gallénag	3
galléni	1
gallénit	1
gallént	2
galléntag	1
galléntant	1
galuesh	1
gam	14
gamá	1
gamig	14
gamnák	4
gamnákén	1
gamwár	2
gamwáriá	1
gand	1
gandagi	2
gandagián	2
gandagia	1
gandah	5
gandaha	1
gandahén	8
gandahi	1
gandahkárián	1
gandahter	1
gandalán	7
gandaláni	1
gandali	4
gandom	8
gandomán	1
gandoma	2
gandomay	8
gandomi	5
ganj	6
ganjá	1
ganjay	1
ganjé	5
ganók	11
ganókáni	3
ganókay	1
ganóké	3
ganókéay	3
ganóki	1
ganterén	1
gapp	56
gappán	6
gappáni	4
gappa	1
gappay	3
gappesh	1
garaz	4
garazán	1
gardá	2
garda	3
garday	4
gardén	1
gardét	7
gardená	17
garib	18
garibén	4
garibiá	2
gark	4
garm	3
garmágay	4
garmi	3
garmiá	4
garrá	1
garrán	3
garray	4
garri	2
garrián	1
garriay	1
garrmáré	1
gasarhá	1
gat	2
gaybguia	1
gayr	5
gayrat	2
gazab	9
gazabá	12
géchét	1
gég	1
géga	2
gégén	4
géján	1
géjag	3
géjagá	7
géjaga	5
géjagi	1
géjant	1
géjét	2
géjit	7
gésh	51
géshá	3
géshén	17
géshter	122
géshterá	1
géshtera	13
géshterén	11
géshterénáni	1
géshteresha	1
gétk	25
gétka	4
gétkag	8
gétkant	5
gechén	118
gechéna	11
gechéni	4
gechénién	5
gechénkáriá	1
gedám	1
gedán	2
gedándóch	1
gedáné	1
gehbudi	1
gehter	13
gehterén	7
gel	5
gelag	2
gelagdár	1
gelagé	2
geli	1
gellahgozár	1
gend	13
gendán	9
gendag	16
gendagá	67
gendaga	9
gendagi	1
gendant	15
genday	20
gendén	4
gendét	34
gendit	32
gendok	5
gendoká	2
gept	223
gepta	10
geptag	27
geptagán	1
geptagant	7
geptagat	16
geptagatant	1
geptagén	6
geptagét	1
geptant	30
geptén	3
ger	5
geráénaga	1
geráénant	2
geráénay	1
geráénók	1
geráént	3
geráéntag	3
gerám	2
gerán	16
geráná	1
gerag	25
geragá	31
geraga	23
geragay	8
geragi	1
gerant	21
geray	5
gerét	5
gerept	1
gereptára	1
gerókáni	1
gerrán	4
gerrénant	1
gesar	2
gestá	9
gestáh	1
gimmorénant	1
gimmorit	2
gimmort	5
gimmortag	2
gimmortagay	3
ginsárté	2
gipt	30
gir	1
gisshant	1
gisshénag	6
gisshénagá	6
gisshénaga	3
gisshénant	1
gisshénit	2
gisshént	5
gisshéntag	3
gisshéntagant	4
gisshéntagat	1
gisshéntagén	11
gisshet	1
gittó	4
góé	1
gój	5
gók	20
gókán	2
gókáni	6
gókay	5
góki	1
gókort	1
gón	2210
góna	6
gónag	2
góricháni	1
górromá	1
gósh	106
góshá	9
góshán	15
góshána	4
gósha	38
góshesh	3
góshi	11
gósht	9
góshtá	7
gobbá	2
god	22
godán	2
goday	3
goddhá	1
goddhag	4
goddhi	44
goddhit	1
godé	2
godéá	8
godéay	5
godesh	3
godi	4
godshódé	1
godhsará	12
gohár	25
gohárá	3
gohárán	4
goháray	3
goháré	2
gohárzátk	1
gol	4
goláésh	15
goláéshi	1
golám	67
golámá	8
golámán	3
goláma	3
golámay	10
golámé	3
goláméay	3
golámi	10
golámiá	16
golay	1
gom	1
gomán	8
gománá	5
gomána	8
gománesh	4
gománi	1
gombod	2
gombodá	1
gomráh	18
gomráha	5
gomráhén	6
gomráhi	1
gomráhiá	3
gomráhiáni	1
gomráhiay	2
gomsár	13
gomsára	12
gonáh	87
gonáhá	40
gonáhán	56
gonáhána	11
gonáháni	30
gonáha	8
gonáhay	25
gonáhé	9
gonáhéay	3
gonáhen	1
gonáhesh	5
gonáhi	8
gonahkár	21
gonahkárá	1
gonahkárán	11
gonahkárána	1
gonahkáráni	13
gonahkára	2
gonahkáré	8
gonahkáréá	2
gonahkárén	24
gonahkárter	1
gong	5
gonga	3
gongén	3
goptárá	1
gork	4
gorkáni	2
gorrán	1
gorraga	1
gorunákén	4
gorunáki	2
gorur	2
gorhá	730
gotthá	2
gothlóp	1
gozarán	1
grákáni	2
grámband	1
grán	22
gránbár	1
gránbaháén	3
gránbara	1
gránén	19
gránkimmatén	6
gránter	3
gránterén	5
grét	2
grétag	1
grétesh	1
gréti	9
gréwán	7
gréwána	1
gréwag	12
gréwagá	17
gréwant	5
gréwét	2
grók	3
grókay	3
grókéay	4
gwáh	9
gwáhi	43
gwáhiá	13
gwáhián	1
gwáhia	21
gwáhiay	1
gwáhié	4
gwáhiesh	3
gwáhii	1
gwájáragá	1
gwánk	32
gwánka	22
gwánki	13
gwáragá	2
gwárénit	6
gwárént	4
gwáréntag	1
gwárit	2
gwásh	3
gwáshá	3
gwáshay	3
gwát	32
gwátá	5
gwáta	4
gwátag	1
gwátay	10
gwáté	8
gwátéá	4
gwátesha	2
gwáti	7
gwáz	2
gwáza	1
gwázénagá	1
gwázénant	4
gwázénén	2
gwázénit	5
gwázént	17
gwázéntag	5
gwázéntagant	3
gwázéntagat	3
gwázéntant	2
gwázenagá	6
gwázentagén	1
gwahtagén	2
gwajaga	1
gwajagay	1
gwam	6
gwandh	6
gwandhén	12
gwandhter	1
gwandhterén	2
gwandhteréné	1
gwapant	2
gwaptagén	3
gwar	8
gwará	143
gwarái	1
gwarán	15
gwarándh	13
gwarándhá	4
gwarándhay	7
gwaráni	2
gwaragán	1
gwaragáni	1
gwarambázi	3
gwaray	20
gwarbám	4
gwarbámá	3
gwarm	3
gwarmá	10
gwarmay	19
gwarméay	1
gwarmósh	1
gwart	6
gwask	6
gwaská	1
gwaski	1
gwaskpaymén	1
gwast	37
gwasta	3
gwastag	9
gwastagat	5
gwastagén	11
gwastant	8
gwash	1
gwashán	152
gwashag	32
gwashagá	86
gwashaga	33
gwashagay	2
gwashagi	9
gwashagia	1
gwashant	63
gwashanti	6
gwashay	32
gwashén	7
gwashét	28
gwashit	236
gwashók	1
gwasht	963
gwashtánk	9
gwashtánká	1
gwashta	5
gwashtag	65
gwashtagant	8
gwashtagat	48
gwashtagatanti	1
gwashtagatesh	3
gwashtagati	15
gwashtagaton	1
gwashtagén	7
gwashtagesh	2
gwashtaget	2
gwashtagi	4
gwashtant	45
gwashtanti	3
gwashtén	1
gwashten	1
gwashtesh	177
gwashti	580
gwashton	16
gwatr	2
gwazán	19
gwazag	3
gwazagá	16
gwazagay	1
gwazant	8
gwazit	7
gyábán	3
gyábáná	52
gyábánán	7
gyábánána	3
gyábánay	7
gyábánén	1
gyábáni	6
hájat	1
hák	9
hákán	3
hákay	2
hákem	34
hákemá	3
hákemán	4
hákemáni	6
hákema	2
hákemay	3
hákemé	2
hákemén	2
hákemi	9
hákemiá	1
hákemia	8
hákemiay	1
hákemiesh	1
hákién	6
hákshániesh	1
hál	106
hálá	19
hálán	4
háláni	1
hála	3
hálatá	2
hálatéá	1
hálay	4
hálesh	11
háli	4
hálig	3
háligén	5
hálporsi	1
hálporsió	1
hálrasáni	1
hámósh	3
hándán	3
hándáná	3
hánwádah	1
hánwár	1
hár	19
hárá	4
hármal	1
hásén	16
háterá	15
habakkah	24
habakkaha	1
habar	381
habará	151
habarán	137
habarána	14
habaránesh	2
habaráni	95
habaránigi	1
habara	46
habaray	65
habaré	24
habaresh	24
habaret	1
habari	21
habaria	3
habaron	5
habarzánté	1
haddá	6
haddh	8
haddhé	1
hajálat	3
hakdár	3
hakdiwán	6
hakdiwáná	17
hakdiwánána	3
hakdiwánáni	1
hakdiwánay	8
hakk	24
hakká	14
hakka	2
hakkal	33
hakkalán	3
hakkén	3
hakkesh	1
hakrasiá	1
halák	3
halákatay	1
halás	34
halása	10
halási	3
halásiá	6
halásiay	4
halk	4
hallént	3
halletant	1
hallit	1
halwat	6
halwatá	5
halwaté	1
ham	1087
hamá	1444
hamáiá	63
hamáiay	58
hamáiayg	3
hamángor	1
hamángora	1
hamáyán	42
hamáyáni	28
hamáyánig	6
hamáyánigi	1
hambáwara	1
hambal	2
hambalán	1
hamband	1
hamdap	3
hamdard	1
hamdarwar	4
hamdast	3
hamdel	6
hamdeli	8
hamdiwán	1
hamdróshom	2
hamdróshomén	1
hamé	376
hamedá	32
hamesh	53
hameshiá	5
hameshiay	6
hamgotth	1
hamgranch	2
hamgranchén	1
haminchok	35
haminchoká	2
haminchoka	1
haminkadar	6
hamkár	7
hamkáráni	2
hamkárén	3
hamkáresh	1
hamkásag	4
hamkópag	1
hamlah	9
hamlahesh	1
hamlasun	1
hammolkiay	1
hamódá	186
hamóday	2
hamok	9
hamráh	143
hamráhá	3
hamráhán	19
hamráháná	1
hamráháni	3
hamráha	15
hamráhén	5
hamráhi	7
hamráhiá	66
hamráhiay	2
hamrang	2
hamsáheg	6
hamsáhegá	16
hamsáhegán	8
hamsáhegána	2
hamsáhegay	1
hamsáhegi	1
hamsetk	4
hamsetki	4
hamshawr	6
hamtawár	3
hamtawári	2
hamwán	4
hand	22
hankén	1
hankéná	6
hankénán	3
hankéné	1
hanósh	5
hanshóné	2
hapt	85
haptád	11
haptádén	2
haptag	1
haptagay	10
haptagé	1
haptagéá	1
haptén	25
hapténán	1
haptomi	14
haptomiá	1
har	358
hará	1
haráb	10
harába	6
harábénán	1
harábi	2
haráni	1
harché	106
hardal	3
hardalay	2
haré	6
haréá	1
haréay	1
harkas	177
harkasá	52
harkasa	1
harkasay	11
harkasé	2
harkasesh	1
harkat	2
harp	1
harwahd	14
hasadd	16
hasadday	1
hast	138
hast‌ent	1
hastán	1
hastant	5
hastat	104
hastati	1
hastét	1
hastent	26
hastenti	3
hasti	19
hastiá	8
hastiay	8
hastiéá	6
hastómand	11
hastómandán	1
hastómandáni	1
hastómandén	4
hastómandiay	3
hasht	6
hashtád	3
hashtomi	9
hatáay	1
hataray	1
hattá	5
haw	63
hawá	19
hawál	3
hawár	10
hawára	2
hawárén	1
hawasnáki	1
hawass	2
hawr	13
hawrá	4
hawrán	2
hawra	3
hawz	1
hay	1
hayál	35
hayálá	50
hayálán	4
hayálána	1
hayáláni	7
hayála	8
hayáldáriá	6
hayáldárii	3
hayálé	4
hayálesha	1
hayáli	5
hayké	1
haymah	3
hayr	1
hayrán	98
hayrána	2
hayráni	6
hayrát	18
hayrátán	1
hayrátáni	1
hayráta	1
hayráté	4
hayráti	7
hayrátién	1
hayrat	2
hayraté	3
hayratéá	1
haywán	7
hayyá	2
hayzarán	4
hayzarána	2
hayzaráné	1
hayzaránia	2
hazánag	1
hazánagá	5
hazánagay	7
hazár	40
hazárán	5
hazáray	3
hazári	1
hazhdah	2
hazhdahén	1
héd	3
hél	7
héldár	1
hecch	28
heccha	10
hecchesh	5
hecchi	4
hech	202
hechbar	108
hechbara	27
hechi	1
hechkas	45
hechkasá	39
hechkasa	4
hechkasay	3
hechkaséá	2
hechkaséay	8
hechkasesh	3
hechkasi	1
hekmat	12
hekmatá	4
hekmata	2
hekmatay	1
hekmaté	1
helápá	55
helár	4
hers	6
hesáb	46
hesábá	29
hesába	8
hesábdár	5
hesábdáray	1
hesábdáré	1
hesábdáriá	1
hesábesh	1
hesábi	1
hesht	4
hezmat	18
hezmatá	32
hezmatán	1
hezmata	5
hezmaté	1
hezmatesh	2
hezmatkár	67
hezmatkárá	33
hezmatkárán	23
hezmatkáráni	12
hezmatkára	1
hezmatkáray	10
hezmatkáré	17
hezmatkáréay	1
hezmatkárén	7
hezmatkáresh	1
hezmatkári	10
hezmatkáriá	8
hezmatkáriay	5
hezhm	13
hezhmá	12
hillaté	3
hirán	4
hiránán	1
hirróp	4
hirrópá	1
hódh	3
hón	48
hóná	27
hónáni	3
hónáp	1
hóna	1
hónay	11
hónchak	1
hónchaka	1
hóndh	2
hóni	1
hónig	2
hónigáni	2
hónigé	3
hónigéá	1
hónigén	2
hór	52
hórá	1
hóra	2
hóré	1
hóriá	2
hórigá	26
hórk	5
hósh	8
hóshag	10
hóshagán	2
hóshagay	1
hóshagesh	3
hóshi	1
hóshmandán	2
hóshmandén	4
hóshmandi	1
hobb	5
hodá	559
hodáay	1010
hodábond	30
hodábondá	21
hodábondán	3
hodábonda	5
hodábonday	6
hodábondesh	1
hodábondi	4
hodáé	13
hodáesh	16
hodáyán	7
hodáyáni	8
hodók	2
hodónák	13
hodónáki	3
hojj	3
hojja	1
hojjesh	3
hokkah	2
hokkahay	1
hokm	140
hokmá	31
hokmán	8
hokmána	2
hokmáni	14
hokma	14
hokmay	12
hokmé	8
hokmi	23
hokmrán	3
hokumatáni	1
hokumatay	7
hokumaté	3
hokumatéay	3
hokumati	2
homir	7
homirá	5
homiray	4
honará	1
honaré	1
honarmand	1
honarmandán	2
hord	2
hordén	3
hordokén	2
horm	3
hormay	1
hoshdár	4
hoshetagén	1
hoshk	32
hoshká	2
hoshka	6
hoshkén	11
hoshkéná	1
hoshki	8
hoshkiá	7
hoshkiay	1
hozzhár	45
hozzhárbáshay	2
hukk	3
hukkáni	20
hukki	1
hulig	2
hurt	4
hurta	4
imán	47
imáná	11
imána	9
imánay	10
imándár	1
imánesh	7
imánesha	1
imánet	1
imáni	1
imánó	4
in	1
inchok	19
inchoká	1
inchoka	1
inchokén	1
inkadar	4
iráz	7
irázger	1
irázgiri	1
jádugar	1
jádugaré	1
jádugari	3
jáez	1
jágah	67
jágahá	66
jágahán	14
jágahána	2
jágaháni	2
jágaha	9
jágahay	8
jágahé	22
jágahéá	21
jágahéay	3
jágahesh	3
jágahi	2
jágahó	1
jáh	94
jáhá	29
jáhán	6
jáha	31
jáhé	15
jáhéá	5
jáhi	4
ják	5
jám	12
jámá	7
jámag	9
jámagá	1
jámagán	2
jámagay	3
jámagé	2
jámagesh	2
jámé	5
ján	48
jáná	46
jána	3
jánay	25
jándar	6
jándará	2
jánéá	1
jáni	3
jánon	4
jánsócha	2
jánsóchén	1
jánshóán	4
jánwar	16
jánwaráni	7
jár	36
járá	17
jára	11
járé	1
járesha	1
jári	4
jária	3
járhé	1
járhén	4
járhig	1
jásus	11
jásusesh	1
jáwar	7
jáwará	2
jáwaráni	4
jáwara	1
jáydád	1
jabin	9
jabiná	27
jahán	16
jaháná	63
jahána	1
jahánay	59
jahannam	5
jahl	21
jahlá	7
jahlád	16
jahlagá	3
jahli	3
jahltera	1
jahmenend	35
jahmenendán	4
jahmenendáni	1
jahmenenda	7
jahmenenday	1
jahmenendén	4
jahmenendi	1
jahmenendiay	1
jal	3
jalájósh	2
jaláwatan	4
jalandaray	1
jalashkag	5
jalashkénag	1
jalashkók	1
jalládi	1
jallagá	1
jallagay	1
jalletén	1
jambar	12
jambará	3
jambaráni	6
jambaréá	7
jambaréay	1
jamburén	1
jamurang	1
jamurangén	6
jan	39
janá	17
janáénag	4
janáénagá	1
janáént	6
janáéntag	2
janán	42
janáná	3
janag	50
janagá	40
janaga	8
janagay	13
janagi	1
janant	42
janay	19
jané	8
janén	112
janéná	39
janénán	26
janénáni	8
janénay	17
janéné	36
janénéá	13
janénéay	9
janét	8
jang	25
jangá	18
jangáni	2
janga	9
jangal	1
jangalé	1
jangali	4
jani	2
janjál	5
janjálá	2
janjála	1
janjálé	1
janók	9
janókáni	1
janókén	3
janózám	7
janózámá	9
janózámán	2
janózámáni	4
janózámay	3
janózámé	4
janózáméay	8
janózámén	2
janózámi	3
jant	47
jarré	4
jarhashkénit	1
jasad	1
jashn	11
jashnay	2
jashné	7
jat	129
jata	7
jatag	22
jatagant	1
jatagat	3
jatagatant	2
jatagén	4
jatagénán	1
jatant	14
jatesh	5
jati	1
jawén	2
jawr	2
jazirah	1
jazirahá	7
jazirahay	6
jazirahéá	1
jazirahéay	1
jél	10
jélá	20
jélána	1
jéla	4
jélay	14
jéliáni	1
jérhag	1
jérhagá	3
jérhah	8
jérhahá	1
jérhaháni	1
jérhahay	1
jérhahé	3
jérhet	1
jehagá	2
jeld	2
jend	28
jendá	17
jenday	75
jendayg	1
jenek	61
jeneká	23
jenekán	20
jeneka	1
jenekay	17
jenekéá	5
jenekéay	5
jeneki	2
jenekok	1
jenjeshk	2
jenjeshkán	3
jenn	51
jenná	12
jennán	19
jennána	5
jennáni	9
jenna	1
jennay	3
jenné	10
jennéá	1
jenni	21
jennián	1
jenniáni	2
jenteray	2
jenteri	3
jergahá	1
jerhahán	1
jesm	95
jesmá	14
jesmáni	3
jesmay	6
jesmi	12
jest	1
jestant	5
jetá	29
jetáén	4
jetái	1
jetáia	1
jetáiay	1
jik	1
jón	15
jóná	13
jóna	4
jónay	8
jóné	1
jónesh	9
jóni	2
jópah	6
jópaháni	1
jórh	66
jórhénán	1
jórhénagá	3
jórhénagay	3
jórhénét	1
jórhénit	1
jórhénók	3
jórhént	8
jórhéntag	2
jórhéntagant	2
jórhéntagat	4
jórhéntagén	3
jórhéntagéna	1
jórhi	4
jobbah	5
jog	3
jogá	1
jogé	1
johd	28
johdá	12
johda	6
johdesh	4
johdi	4
johl	6
johlánkén	10
johlánki	4
johlánkián	8
johlén	10
johli	2
johliesh	1
johlterén	5
jolgoménaga	3
jombán	1
jombagá	1
jomp	2
jompá	3
jompána	1
jompéay	2
jonubá	2
jonubay	4
jonubi	5
jonzag	2
jopt	1
jopté	1
jorm	1
joryat	5
jorhénti	1
jost	182
jostá	9
jostán	1
josta	20
jostay	1
josté	6
jostesh	39
josti	62
jostia	1
joston	2
jotká	4
jozám	3
jozámay	2
jwáb	63
jwábé	1
káay	5
káén	2
kágad	24
kágadá	2
kágadáni	2
kágaday	4
kágadé	6
kágadesh	1
kágadon	2
káh	7
káhán	3
káháni	2
káhay	5
káhdán	1
káhdánéay	4
káhem	2
káhokáni	1
káigar	6
káigarén	2
kámel	5
kámelén	3
kámyáb	15
kámyábi	2
kánthé	1
kánuná	5
kápár	5
kápáráni	4
kápára	3
kápar	4
kár	268
kárá	91
kárán	89
kárána	22
káráni	77
kára	66
kárant	16
káray	36
kárband	3
kárchay	2
kárdár	2
kárdárá	1
kárdárán	1
kárdáray	1
kárdáré	1
káré	61
káréá	6
káréay	1
kárén	4
kárét	9
kárendah	8
kárendahán	4
kárendahay	1
kárendahéá	1
káresh	9
káresha	2
kárgéj	1
kári	14
kárit	35
kárkerd	1
kárkerdá	2
kármarz	11
kármarza	6
kármaster	11
kármasterá	1
kármastera	2
káró	1
kárwáná	3
kárwánsaráay	1
kárwánsaráéá	1
kárzántiá	1
kásagá	1
kásed	46
kásedá	3
kásedán	25
kásedáná	1
kásedáni	28
káseday	3
kásedesh	5
kásedi	5
kásediá	2
kásediay	2
káshá	1
káshay	2
káshki	3
káyán	25
káyant	24
kázi	5
káziá	1
kázián	6
káziáni	2
kázia	1
káziay	4
kázié	2
káziéá	1
kabáh	13
kabáhá	5
kabáhay	8
kabáhé	5
kabáhesh	2
kabáhi	4
kabilah	6
kabilahá	3
kabilahán	4
kabilaháni	5
kabilahay	3
kabilahéay	1
kabr	48
kabrá	19
kabrán	2
kabrána	1
kabráni	8
kabra	2
kabray	62
kabré	4
kabréá	1
kabrestán	1
kabrestáná	4
kabrestáné	1
kabresh	4
kabz	2
kadama	1
kaddhan	12
kaddhana	1
kadén	27
kadéná	4
kadéna	8
kadi	11
kadr	2
kadresh	1
kahbag	1
kahbagi	1
kahól	3
kahólá	1
kahóli	1
kahr	18
kahra	2
kahta	2
kai	22
kaiga	1
kalág	26
kalágesh	1
kalágia	1
kalát	22
kalátá	21
kalátay	3
kalam	8
kalamá	8
kalamah	1
kaldár	2
kaldárá	1
kaldárán	1
kaldáray	1
kaldáron	1
kall	11
kallag	1
kallagán	4
kallagé	3
kallagéá	1
kam	7
kamál	2
kamásh	38
kamáshá	4
kamáshán	16
kamásháná	1
kamásháni	9
kamáshay	2
kamáshén	2
kamáshesh	2
kamáshi	1
kamak	1
kamaká	1
kamarbandé	2
kamarzesh	2
kambáwar	1
kambáwarán	4
kambáwari	1
kambáwariay	1
kamdid	1
kamezzatii	1
kamm	27
kamma	3
kammé	79
kammén	11
kammié	3
kammok	6
kammoká	1
kammoké	16
kammokén	1
kammokéné	1
kamnehádén	1
kamrá	4
kamsharapa	4
kamter	10
kamtera	5
kamzántén	2
kamzórián	2
kan	218
kanáénagá	4
kanáént	14
kanáéntag	3
kanáéntagant	2
kanáéntagat	3
kanáéntant	2
kanán	304
kanáná	21
kanána	4
kanát	9
kanag	295
kanagá	343
kanaga	80
kanagay	72
kanagesh	4
kanagi	19
kanant	283
kanay	121
kandán	1
kandána	1
kandagán	1
kandet	7
kandh	1
kandhil	1
kanén	54
kanét	270
kanéti	1
kanisah	14
kanisahá	23
kanisahán	7
kanisahána	1
kanisaháni	14
kanisahay	18
kanisahé	1
kanisahéá	2
kanók	25
kanókán	8
kanókáni	10
kanókay	1
kanóké	3
kanókéay	1
kanókén	26
kant	679
kanti	3
kap	13
kapán	10
kapáná	3
kapag	10
kapagá	7
kapagay	9
kapagi	2
kapant	21
kapar	4
kapét	6
kapit	39
kapódaráni	2
kapót	12
kapótay	2
kapótéay	6
kapon	13
kaponá	3
kapona	2
kaponay	4
kappa	1
kapt	167
kaptán	5
kapta	1
kaptag	21
kaptagant	14
kaptagat	11
kaptagatant	1
kaptagén	8
kaptant	53
kaptay	1
kaptén	7
karár	3
karáray	4
karáré	1
karná	1
karnáay	1
karó	1
karóján	2
karójant	3
karójét	1
karójit	2
karójók	2
karr	4
karrách	1
karráni	1
karrén	1
karzant	1
karzarwáhi	1
karzit	5
kas	56
kasá	13
kasán	10
kasánén	26
kasánénán	2
kasáni	2
kasániá	5
kasániay	1
kasánokén	6
kasánokénán	3
kasay	5
kasb	1
kasé	168
kaséá	55
kaséay	23
kass	35
kassá	15
kassárá	1
kassé	2
kasséá	4
kasséay	1
kassi	1
kassh	15
kasshán	7
kasshag	18
kasshagá	28
kasshaga	4
kasshagay	4
kasshakán	4
kasshant	10
kasshét	3
kasshet	40
kassheta	2
kasshetag	5
kasshetagat	2
kasshetagatant	2
kasshetagati	1
kasshetagén	2
kasshetagénáni	1
kasshetant	7
kassheti	1
kasshit	14
kast	3
kaster	13
kastera	1
kasterén	24
kasterénay	2
kasterénéá	1
kasteri	1
kash	10
kashá	20
kashagá	1
kashter	2
kashti	5
katthay	1
katthén	1
katthét	2
katthet	6
kattheta	4
katthetag	6
katthetagant	2
katthit	1
kathi	3
kathiay	2
kawl	40
kawlá	9
kawlay	7
kawlé	2
kawm	87
kawmá	42
kawmán	28
kawmáni	46
kawma	3
kawmay	65
kawmé	10
kawméá	3
kawméay	5
kawmi	4
kawrá	43
kawray	24
kawsháni	3
kawshbandán	1
kawshbandáni	3
kawshi	3
kay	140
kayá	35
kayd	7
kaydi	1
kaydiáni	1
kaydién	1
kayl	7
kaylá	3
kayléá	1
kayt	191
kénag	2
kénagá	1
kénagán	1
kénaga	1
kénagé	1
ke	6487
kebr	8
kebré	2
kelisá	14
kelisáay	28
kelisáyá	9
kelisáyáni	2
kelit	2
kelitán	1
kelitdár	8
kelitdárá	4
kellét	1
kenzán	3
kenzant	3
kenzet	7
kenzetagat	1
kenzetant	1
kenzit	2
kerd	10
kerdá	16
kerdán	4
kerdár	2
kerdáray	2
kerday	4
kerdéay	1
kerdi	1
keréh	1
kerm	5
kerr	40
kerrá	467
kerráni	1
kerray	1
kerré	9
kerréá	3
kesás	26
kesásá	25
kessah	24
kessahá	7
kessaháni	1
kessahesh	3
kessahi	4
keshár	13
keshárá	11
keshárán	10
kesháráni	7
kesháray	9
keshag	6
keshaga	4
keshagi	1
keshant	3
keshit	3
keshká	9
keshók	1
kesht	13
keshtagat	1
keshtagén	5
ketáb	112
ketábá	33
ketábán	16
ketábáni	14
ketába	10
ketábay	30
ketábesha	2
khalij	1
kharidár	2
khiánat	6
kihorr	1
kiluá	1
kiluay	1
kilumitar	5
kimmat	4
kimmatá	1
kimmatay	1
kimmaté	5
kimmati	2
kóchán	1
kóchandhán	1
kóchandhagá	1
kóchant	1
kódakáni	3
kódhál	1
kóh	23
kóhá	28
kóhán	7
kóha	1
kóhay	49
kóhé	4
kóhéá	2
kóhéay	15
kóhestáni	1
kóhestagáni	2
kóndhán	17
kóndháni	1
kónsagán	1
kópag	1
kópagá	13
kópagán	2
kór	35
kórá	3
kórán	4
kóráni	3
kóra	1
kóray	5
kóré	6
kóréá	2
kóréay	2
kórén	15
kóresh	1
kósh	8
kóshá	8
kóshárénagá	6
kóshárénagay	1
kóshárénant	3
kóshárénit	3
kóshárént	1
kóshay	13
kóshesh	3
kótkagén	2
kóth	4
kóthi	5
kóthiá	7
kobl	1
kochalpaymén	1
kochek	7
kochekán	2
kochekáni	6
kodám	4
kodáma	2
kodóh	6
kodrantesay	1
kodrat	20
kodratá	17
kodratay	3
kodraté	3
kojá	92
kojáet	1
kojám	53
kojámiá	3
kojámiet	1
kolaw	44
kolawá	5
kolawána	1
kolaway	5
kolawé	1
kolawesh	1
kolawi	4
kolóndhán	1
kom	1
komak	42
komaká	33
komaka	3
komaké	3
komakkár	2
komakkárán	1
komb	1
kombáray	1
kombáréay	1
kombé	2
kombpaymén	1
kompén	2
konandahkári	6
kondhá	5
kondhán	10
kondháni	2
kondhé	2
kondhéá	1
konnat	5
konnatá	1
konth	4
konthagán	5
konthagén	1
konthagi	9
konthband	1
kopp	5
koppa	2
koppénag	1
koppi	3
kopr	15
koprán	1
kopra	2
kopray	1
kopré	1
korbán	2
korbánig	58
korbánigá	10
korbánigán	7
korbániga	6
korbánigay	6
korbánigén	5
korbánigesh	1
korbánjáh	5
korbánjáhá	6
korbánjáhay	9
korbánjáhé	1
korbánjáhon	1
korósá	7
korósay	5
korósbángá	4
korrag	3
korragá	5
korragay	4
korragé	1
korragéá	1
korragén	4
korragesh	4
korragi	1
korsi	2
korsh	3
korshi	1
kort	1560
korta	95
kortag	360
kortagant	57
kortagat	96
kortagatant	20
kortagati	1
kortagén	73
kortagénán	5
kortagénáni	6
kortant	296
kortesh	4
korti	14
korus	1
koshag	30
koshagá	21
koshagay	29
koshagi	4
koshant	4
koshanti	3
koshay	2
koshén	4
koshét	1
koshit	9
koshókén	3
kosht	26
koshta	4
koshtag	4
koshtagant	6
koshtagatant	1
koshtant	5
koshtesh	4
koshti	5
kot	1
kotth	9
kotthá	3
kotthay	1
kotthesh	2
kotthit	2
kothom	4
kothomay	1
krinzhagé	1
kuchah	2
kuchahá	1
kuchahán	1
kukkár	64
kukkárá	10
kukkára	8
kukkáré	7
kukkáresh	8
kukkári	5
kunzag	13
kunzagé	7
kunzagesh	1
kurahá	3
kurhahén	1
kwahn	1
kwahnén	40
láhek	26
láheka	1
láheki	3
láhekiá	1
lákártaget	1
lálech	8
lálechá	2
lálecha	1
lánch	6
lánchá	3
lánchi	1
lánká	7
lánka	1
lánkbandáni	2
lánkbanday	1
lánkbandi	1
lánkigá	1
lánkigé	1
láp	7
lápá	36
lápay	6
lápi	4
lápporr	5
lápporra	1
lápporri	1
láprechéá	1
lápsérá	1
lát	1
láthari	5
labz	32
labzá	2
labzay	3
labzé	1
labzesh	2
labzi	3
labzon	1
lacchénti	1
lachéá	1
laddhant	2
laddhanti	1
laddhét	1
laddhet	1
lagám	4
lagan	3
lagata	1
lagatmál	5
lagatmála	4
lagget	51
laggetag	2
laggetant	45
lahm	1
lahmá	1
lahtén	234
lahténá	49
lahténáni	1
lahténa	8
lahténi	1
laj	1
lajj	11
lajja	4
lakk	2
lakkáni	6
lakkén	1
lakoshit	1
lakosht	1
lambá	22
lambán	4
lambáni	1
lambi	3
lang	27
langá	6
langán	1
langé	1
langéá	1
lankok	4
lankoká	6
lankoki	1
lansh	1
lapáshán	1
lapáshant	2
larz	2
larzáná	1
larzag	1
larzagá	9
larzant	2
larzénag	8
larzet	7
lashkar	20
lashkará	4
lashkaray	24
latth	25
latthán	3
lattha	1
latthé	4
latthesh	4
lékaga	1
lékit	3
lés	5
léth	4
létha	2
léthénag	3
léthénit	1
léthént	3
lézgi	1
lebzá	1
lebzi	3
lell	3
lelláni	1
lellén	2
lellek	1
lelleká	1
lemá	2
lepton	3
letter	1
lewára	1
ligiun	1
ligiuná	1
litar	3
litará	1
litaray	2
litrá	2
lóg	48
lógá	218
lógán	15
lógáni	2
lóga	3
lógay	107
lógbánokay	3
lógé	11
lógéá	6
lógéay	8
lógi	16
lógwájah	4
lógwájahá	2
lónj	2
lónján	1
lóp	1
lóparén	1
lót	5
lóth	19
lótháénag	2
lótháént	22
lóthán	34
lóthag	14
lóthagá	4
lóthaga	1
lóthant	16
lóthay	37
lóthén	8
lóthét	27
lóthet	109
lóthetag	15
lóthetagant	1
lóthetagat	5
lóthetagatant	2
lóthetagén	4
lóthetant	28
lóthetesh	8
lóthetet	1
lótheti	12
lóthit	44
lóthók	16
lóthóka	1
lóthókén	2
locch	1
lokkaddé	1
lonkah	2
lonth	4
lonthán	7
lotth	5
lulok	3
má	442
mádarzádén	2
máh	31
máhá	15
máha	2
máhallah	10
máhay	6
máhekánia	2
máhig	24
máhigá	12
máhigán	7
máhigána	1
máhigáni	2
máhiga	1
máhigay	17
máhigé	6
máhigesh	4
máhigi	10
máhigiray	1
máhigiri	2
máhigiriá	3
máhigiriay	1
máhórán	7
máhóréay	1
mái	1
mál	61
málá	10
málán	2
máláni	1
mála	1
málay	7
máldár	2
máldáré	1
máldárén	7
málé	4
málek	6
máli	8
máliát	15
máliátá	1
máliáta	1
máliátgir	16
máliátgirán	5
máliátgiráni	3
máliátgiray	2
máliátgiré	4
máliátgirén	8
mália	1
máló	1
málwáriá	3
mámánag	2
mán	111
máná	94
mánáé	1
mánái	3
mánáyá	9
mána	16
mánag	7
mánagén	1
mánagi	2
mánant	3
mánén	3
mánét	4
mánit	25
mánmayátkén	1
már	16
márá	237
márán	2
máráni	2
máré	2
máret	3
márhi	1
márhiá	1
márhián	3
márhiána	1
márhiáni	1
márhiay	2
máshomá	6
mát	76
mátá	58
mátárá	1
mátay	30
mátesh	1
máti	5
mabáhénét	1
mabán	1
mabát	5
mabakshét	5
mabakshit	1
mabandét	6
mabandit	3
mabant	17
mabarant	1
mabarét	2
mabay	17
mabén	3
mabét	37
mabit	87
maborrét	1
mabutén	6
mabuténant	1
maccháni	1
macchay	2
macchet	2
machárét	1
machárit	1
machakkás	2
machekkit	1
machkadag	1
madán	4
madárét	7
madátén	3
madáténant	2
madag	2
madant	3
madat	18
madatá	12
maday	18
madayán	1
madayant	1
madayén	1
madayét	8
maddhi	5
maddhiá	1
maddhiay	1
maddhii	1
magéjit	1
magendán	1
magendant	5
magendét	1
magendit	2
magerét	5
magipt	4
magréwét	4
magreb	3
magrebay	3
magrur	2
magwash	1
magwashant	4
magwashét	10
magwashit	3
magwazét	1
magwazit	1
mahárá	3
maháresh	1
mahluk	11
mahluká	8
mahlukay	6
mahpel	1
mahsus	4
mahtal	12
majan	5
majanét	11
majant	4
majlesá	1
makan	91
makanáénant	1
makanán	6
makanát	2
makanátay	1
makana	3
makanant	14
makanay	8
makanén	2
makanét	65
makanéti	1
makant	33
makapán	1
makapét	8
makapit	6
makasshit	2
makorténant	3
makoshant	2
makoshén	1
makr	4
maksad	33
maksadá	6
malámat	5
malár	5
malárán	1
maladdhén	1
malaggit	3
malakah	8
malakoshit	2
malandh	5
malandhesh	2
malékán	1
malgórán	3
mallet	1
malóth	1
malóthét	1
malóthetén	1
malóthi	1
mamánit	2
mamannant	5
mamannit	8
mamerit	1
man	1267
maná	637
mana	91
manah	3
manaha	2
mandr	12
mandrá	1
manebis	1
manebisán	1
manend	4
manendit	2
manesha	1
mangal	1
mani	1418
manig	12
manigá	4
manigi	8
manigia	1
mann	8
mannán	5
mannag	6
mannagá	8
mannagay	1
mannagi	2
mannant	14
mannén	1
mannént	2
mannét	3
mannet	18
manneta	3
mannetag	5
mannetagant	1
mannetagó	1
mannetant	4
mannit	18
mannóger	7
mannógerán	3
mannógeráni	1
mannógeré	2
mannógeriá	1
mannók	10
mannókén	1
manó	5
manóshét	1
manorondhét	1
mansabdár	1
mansabdárá	1
mansabdáráni	2
mant	29
mantagat	2
mantagatant	2
mantagén	2
mantagét	3
mantant	22
maóshtét	1
maóshtit	3
mapoter	1
mapoterit	1
maprósh	1
maproshit	1
marasénit	1
marasit	5
marawán	1
marawant	1
marawét	5
marawt	7
mard	142
mardá	81
mardán	4
mardáni	2
marday	36
mardé	101
mardéá	30
mardéay	19
mardén	69
mardéná	1
mardénchokk	1
mardéné	1
mardesh	5
mardi	8
mardom	589
mardomá	46
mardomán	429
mardománá	6
mardomána	20
mardománi	276
mardománig	3
mardoma	7
mardomay	36
mardomé	102
mardoméá	16
mardoméay	19
mardomesh	19
mardomesha	1
mardomi	37
mardomshomári	4
mardomshomáriay	1
mark	37
marká	49
marka	2
markay	68
markéá	2
markig	7
maróchi	35
maróchigá	5
maróchigén	14
marz	8
marháh	1
marháhá	3
marháhdárén	3
masih	147
maskará	15
mast	6
mastén	10
master	73
masterá	22
masterán	4
masteráni	6
mastera	12
masteray	11
masteré	5
masterén	112
masterénáni	1
masteréna	1
masteréné	5
masteri	6
masteria	3
masteriay	2
mastiá	1
mashamóshét	2
mashk	1
mashká	3
mashódán	1
mashódant	2
mashrek	3
matarr	1
matarrant	5
matarrit	3
mators	16
matorsét	30
mathagalét	1
mawárt	5
mawapsét	2
mawar	4
mawarát	1
mawarant	3
mawarét	9
mawj	9
mawján	3
mawjáni	4
may	370
mayár	26
mayárá	1
mayárán	8
mayárána	2
mayáray	2
mayárbár	9
mayárbára	5
mayárbáriay	2
mayárbárié	1
mayáré	17
mayárét	3
mayári	3
mayárig	47
mayáriga	18
mayárigesh	1
mayárigi	1
mayárit	6
mayárnámag	1
mayárnámagé	3
mayátkén	1
mayátkénán	1
mayátkénét	1
mayáyán	1
mayáyant	4
mayayt	4
maydán	3
maydánjáhá	2
mayg	4
maygi	3
maylét	6
maylit	1
maym	5
mayshomay	4
mazán	2
mazánán	1
mazánant	1
mazánét	3
mazánt	2
mazántén	1
mazan	47
mazana	11
mazanén	414
mazanénáni	2
mazangwarm	7
mazangwarmá	2
mazangwarmay	31
mazangwarmi	1
mazani	28
mazaniá	5
mazania	8
mazaniay	4
mazanion	1
mazanmardé	1
mazanomr	1
mazanráhay	1
mazanshánén	8
mazurét	2
méchéntag	1
méháni	2
méhkotth	1
mén	4
ména	1
mérhi	1
mérhié	1
mésh	5
méshá	4
méshán	5
mésháni	3
méshay	3
méshé	1
métag	18
métagá	13
métagán	4
métagána	1
métagáni	1
métaga	1
métagay	2
métagéá	8
mehmán	30
mehmáná	1
mehmánán	5
mehmánáni	6
mehmána	3
mehmándár	2
mehmándárá	1
mehmáné	1
mehmáni	5
mehmániá	8
mehmánián	3
mehmánia	2
mehmániay	7
mehmánié	3
mehmánjáh	1
mehmánjáhá	3
mehmánjáhay	3
mehr	129
mehrá	28
mehráni	6
mehra	15
mehrabán	20
mehrabánén	2
mehrabániá	2
mehrabánia	1
mehrabániay	2
mehray	13
mehré	4
mehri	6
mekka	1
melk	2
melkat	6
melkatá	4
melkatay	1
melkaté	1
melkay	1
membar	5
menendjáh	5
mennat	11
mennatá	1
mennatesh	1
mennatgiri	2
mennatgiriá	1
mennatgiria	1
mennatgiriay	1
mennatgiriesh	1
mennati	1
mennatwár	9
menzelá	2
merag	2
meragá	5
meragi	7
merant	8
merét	7
mergiay	2
merit	3
mermeránk	1
mermeránkén	1
merh	1
merha	1
mesál	74
mesálá	2
mesálán	5
mesáláni	2
mesálay	11
mesálé	19
mesáli	2
mestág	34
mestágá	27
mestága	5
mestágay	20
mestágé	4
mestágesh	6
mestágesha	1
mestági	11
metretes	1
miládá	2
miládiá	4
milion	1
milyun	1
miná	1
mináé	1
mir	1
mirás	24
mirásá	7
mirásay	3
mirásé	2
missénti	2
mitar	3
mitara	1
mitaray	2
mizz	3
móh	10
móha	2
móhé	4
móhéá	1
móhéay	4
mójezah	61
mójezahá	6
mójezahán	2
mójezahána	2
mójezaháni	5
mójezahé	3
mókal	6
mókala	1
móled	11
móledá	5
móledán	3
móleday	5
móledé	7
móledéá	4
mómband	1
mórdánagé	2
mósom	7
mósomá	3
mósoma	1
mósh	1
móshay	5
mótk	17
mótka	2
mótkay	2
mobárak	7
mobárakiá	1
mocch	76
moccha	20
mocchi	13
mocchiá	14
mocchián	1
mocchiáni	1
mocchiay	24
mocchié	6
mocchii	3
modám	73
modáma	1
moháserah	2
mohimmá	1
mohkam	8
mohkama	1
mohkamén	3
mohkamter	1
mohr	48
mohra	10
mohrband	1
mohrén	20
mohrter	3
mohrtera	2
mohtáj	6
moj	2
mojén	1
mokhber	1
molk	35
molká	71
molkay	26
molké	1
molkéá	12
molkesh	6
molki	3
molur	1
mondrik	1
mondriki	1
mondh	14
mondhéay	1
mondhén	13
mondhesh	2
monshiá	1
mopt	12
moptá	6
morád	10
morádá	3
morádáni	2
morádig	2
mordárén	3
mordag	21
mordagán	48
mordagáni	38
mordagay	7
mordagé	2
morg	22
morgá	3
morgán	11
morgé	6
morid	210
moridá	10
moridán	229
moridáná	7
moridána	1
moridánesh	1
moridáni	52
moriday	3
moridé	9
moridéá	3
moridesh	4
moridi	5
moridiá	2
moridiay	1
morr	6
morresh	1
mort	40
mortag	27
mortagant	3
mortagat	8
mortagatant	1
mortagén	12
mortagénáni	1
mortant	16
morwáred	1
morwáredá	1
morwáredán	1
morwáredé	1
mosibatáni	3
mosh	6
moshag	13
moshagá	3
moshit	3
moshkeléá	1
mosht	28
moshtag	10
moshtagén	5
moshtant	5
mozz	18
mozzá	8
mozza	5
mozzay	3
mozzé	10
mozzesh	1
mozzi	1
mozzuréay	2
mud	9
mudán	5
mudána	1
mudáni	4
mudé	1
mull	3
munjá	1
myáná	4
náárám	2
nábáwar	2
nábáwarán	2
nábáwaráni	4
nábáwarén	2
nábáwari	3
nábáwariá	1
nábud	1
nábudén	1
nách	6
náchár	2
nácháriá	1
nádán	12
nádénag	2
nádénit	3
nádént	4
nádelgósh	2
nádelkasshi	1
nádóst	6
nádráh	32
nádráhá	2
nádráhán	6
nádráhánesh	1
nádráháni	11
nádráhay	1
nádráhé	4
nádráhén	7
nádráhesh	4
nádráhi	11
nádráhiá	7
nádráhián	3
nádráhiáni	1
nádráhiay	1
nádráhié	2
nágahán	6
náhakk	1
náhakkay	1
náhakkén	3
náhakki	1
náhodá	1
náhodáay	1
náhudag	5
náhudagén	9
nájórh	8
nájórhén	2
nájórhi	2
nájórhiá	6
nájórhiáni	2
nájórhié	1
nájórhter	1
nákár	3
nákára	2
náláhekén	3
nálant	1
nálat	8
nálata	3
nálaté	1
náli	1
nám	161
námá	123
námay	52
námaygi	11
námdárén	8
námdária	1
námé	5
námén	95
náménaga	1
námént	1
náméntagat	2
náméntagatesh	1
náméntagén	2
náméntant	2
námesh	6
námesha	2
námi	39
námién	1
námkaptén	2
námó	1
námus	2
nán	60
náná	5
nánáni	2
nána	1
nánay	23
náné	3
nánesh	6
náni	16
nánó	1
nánwár	1
náomét	1
nápádár	1
nápák	13
nápáka	11
nápákén	3
nápákiay	1
nápahréziána	1
náparmániá	3
náparmániesh	1
nápashómán	1
náráhén	9
nárásti	1
nárahbandén	2
nárawá	1
nárazá	5
nárazái	2
nárazáiay	1
násarpad	8
násarpadán	2
násarpadén	4
násuresha	1
násharén	3
náshari	3
náshariá	2
násharián	2
náshogr	1
náshtá	1
nátepák	3
nátepáka	2
nátepáki	7
nátepákiá	1
nátepákié	1
nátwán	4
náwánendah	1
názánti	3
názántiá	2
názántiay	1
názénán	24
názénk	4
názorkén	3
názorkter	1
na	304
naán	42
naant	46
naat	46
naatant	17
naatén	1
naatét	1
naay	11
nabán	8
nabárt	4
nabáyad	5
nabajján	2
nabakshét	1
nabakshit	2
nabandag	2
nabant	23
nabay	7
nabayag	1
nabayókén	1
nabét	6
nabi	44
nabiá	12
nabián	15
nabiáni	37
nabia	1
nabiay	101
nabié	11
nabiéá	4
nabii	1
nabit	131
nabójit	1
naborrán	2
naborrit	2
nabort	4
nabut	55
nabután	1
nabutag	32
nabutagán	3
nabutagant	14
nabutagat	19
nabutagatén	1
nabutagén	3
nabutagénán	1
nabutagét	2
nabutant	15
nabutét	2
nabuteni	6
nachandhetaget	1
nachandhetagon	1
nachashant	2
nachashit	2
nachent	1
nachokket	1
nadárant	4
nadárét	1
nadárit	9
nadásht	8
nadáshtag	4
nadát	39
nadátag	11
nadátagat	1
nadátagi	1
nadátant	1
nadáti	2
nadant	17
nadayay	9
nadayét	1
naderrén	1
naderrit	2
nadertagat	1
nadist	13
nadistag	12
nadistagat	3
nadistant	1
nadistantesh	1
nadistesh	3
nadisti	3
nadiston	2
nadr	12
nadra	10
nadrapshit	2
nadrigé	1
nadrigén	1
naén	7
naét	9
naent	149
naeshkonagá	1
naeshkonant	1
naeshkot	1
naeshkotag	3
naeshkotesh	2
naesht	4
naeshtag	1
naeshtagat	2
naeshtant	2
nagan	16
naganá	1
naganán	2
naganáni	2
naganay	5
nagané	3
nagani	2
nagéjant	1
nagendán	7
nagendagá	2
nagendant	3
nagenday	3
nagendén	1
nagendét	14
nagendit	10
nagept	7
nageptag	4
nageptagesh	1
nageptesh	1
nageray	3
nagwázénit	1
nagwast	8
nagwastag	2
nagwastant	1
nagwashán	7
nagwashant	1
nagwashét	1
nagwashit	3
nagwasht	17
nagwashtag	3
nagwashtagat	1
nagwashtagon	1
nagwashtant	1
nagwashti	1
nagwazit	1
nahallagi	1
nahigá	1
nahigé	1
najanán	1
najanant	1
najant	5
najatag	9
najórhéntag	1
nakanán	37
nakanag	4
nakanagá	6
nakanagay	4
nakanant	33
nakanay	19
nakanén	5
nakanét	37
nakant	126
nakapant	4
nakapit	5
nakapt	6
nakaptag	8
nakaptagat	3
nakaptagét	1
nakarzán	4
nakarzit	7
nakasshet	2
nakasshetag	1
nakasshetagant	1
nakasshit	1
nakeshtag	1
nakeshtagat	1
nakeshtagéna	4
nakort	101
nakortag	52
nakortagant	3
nakortagat	13
nakortagatant	1
nakortagén	2
nakortant	17
nakortesh	1
nakotthit	1
naksh	6
nakshband	1
nal	2
nalakoshit	1
nalarzán	4
nalóthán	11
nalóthant	1
nalóthay	1
nalóthén	2
nalóthét	1
nalóthet	5
nalóthetag	6
nalóthetagó	1
nalótheti	8
nalóthit	2
namánán	1
namánit	10
namannán	2
namannag	3
namannaga	1
namannant	8
namannay	4
namannét	3
namannet	35
namannetag	4
namannetagat	1
namannetant	1
namannit	17
namannók	6
namannókán	1
namant	7
namantagatant	1
namb	1
naméchéntag	1
namerant	4
namerit	14
namirán	4
namiránén	55
namortag	5
namortagat	6
namosht	1
nanebeshtag	1
naneshtagat	1
nang	2
nangár	4
nangar	4
nangaresh	3
nanóshán	3
naóshtátag	1
naóshtátagant	1
nap	20
napasgir	3
napoterit	1
naprat	11
naprata	35
napratesh	2
naprati	1
napróshagá	1
napróshtant	1
napsáni	2
napusset	1
napussit	2
narakketagat	2
naranjénagá	1
narasénit	1
narasét	3
naraset	6
narasetag	8
narasetagat	9
narasit	13
narasiti	2
narawán	1
narawant	1
narawt	6
narén	8
narénag	1
narétk	2
naretk	1
narm	6
narma	2
narmdel	4
narmdeli	2
narmi	1
narópit	1
nasendókén	1
nasl	56
naslá	9
naslay	3
nasorénant	1
nasorénét	1
nashahárt	3
nashódant	1
nashóréntagant	1
nashoshtagén	2
nashoshtant	1
nashot	4
nashotag	2
nashotagán	2
nashotagatant	2
nashotant	3
natorsay	1
natorsi	4
natorsit	3
nathagalán	1
nathahetant	1
nawántag	10
nawántagó	1
nawárt	14
nawártag	2
nawártagat	3
nawad	6
nawahkén	1
nawarán	5
nawarant	3
nawarén	1
nawarét	7
nawassh	3
nawasshi	1
nawkar	6
nawkarán	4
nawkaray	5
nayárán	8
nayárant	5
nayárét	4
nayárit	8
nayátk	5
nayátkag	13
nayátkagán	9
nayátkagant	1
nayátkagat	2
nayátkant	1
nayáwort	18
nayáwortag	9
nayáyán	1
nayáyant	1
nayayt	11
naylán	1
naylant	2
naylay	4
naylit	12
nayzaha	1
nayzahbandén	1
nayzahé	1
nayzahesh	1
nazánán	17
nazánant	9
nazánay	6
nazánén	10
nazánét	28
nazánt	48
nazántag	7
nazántagi	1
nazántagó	1
nazántesh	4
nazánti	1
nazm	1
nazort	14
nazurán	1
nazurag	2
nazurant	1
nazza	2
nazzik	57
nazziká	78
nazzika	1
nazzikén	9
nazziki	4
nazzikié	1
nazzikter	7
nék	27
nékén	54
néki	26
nékiá	11
nékián	1
nékia	3
nékiay	8
nékié	3
nékkár	1
nékkárén	1
néknámén	2
ném	9
némá	16
némag	15
némagá	333
némagán	7
némagána	1
némagay	8
némagé	5
némagéá	1
némróchá	10
némróchay	6
némtamán	1
némzadag	1
nést	154
néstá	1
néstant	2
néstat	44
néstent	6
nézgár	9
nézgárán	7
nézgáráni	2
nézgárén	9
nézgári	2
nézgáriay	1
nebesht	4
nebeshtánk	5
nebeshtánkán	2
nebeshtánkáni	1
nebeshtánka	81
nebeshtag	15
nebeshtagant	4
nebeshtagat	3
nebeshtagén	4
nebeshtagénáni	1
nebeshtagon	2
nebeshtah	30
nebeshtahán	2
nebeshtahay	2
nebeshtant	4
nebeshtesh	1
nebeshti	1
nebisán	1
nebisag	55
nebisagá	15
nebisagay	3
nebisagi	1
nebisant	1
nebisén	1
nebisit	5
nebisók	5
nebisóka	1
nebisókay	1
nebisóké	1
nedárag	4
nedáragá	2
nedáragay	2
negahpán	20
negahpáná	4
negahpánáni	1
negahpánay	1
negahpánén	8
negahpánesh	1
negahpáni	3
negahpániá	19
negahpánia	2
negahpánié	1
negahpániesh	1
negahpánion	1
negrán	4
nehálé	1
neherr	11
neherrán	3
neját	22
nejátá	3
nekénkén	2
nemunah	5
nemunahay	1
nend	5
nendá	5
nendárénay	1
nendárénit	1
nendárént	1
nendáréntant	2
nendag	1
nendagá	3
nendagay	5
nendagesh	3
nendant	4
nenday	2
nendét	1
nendesh	1
nendi	1
nendia	2
nendit	13
nendók	15
nendókán	1
nendókay	1
nendóké	2
nendókén	6
nepád	1
nepádá	3
nepádán	4
nepádáni	3
nepáday	3
nepádi	1
neshán	6
nesháné	3
nesháni	47
neshániá	4
neshánián	4
neshániána	1
neshániáni	4
neshánia	6
neshániay	4
neshánié	19
neshániesh	1
neshár	4
neshárá	1
neshah	1
nesht	78
neshtán	1
neshtag	37
neshtagán	1
neshtagant	8
neshtagat	39
neshtagatant	16
neshtagatén	2
neshtagén	25
neshtagét	1
neshtant	19
neshtén	1
nezará	2
nezór	20
nezórén	7
nezóri	1
nezórián	1
nezórii	1
nibag	21
nibaga	7
nibagé	4
nimmón	4
nimmóná	1
nimmóné	4
nimmónéay	1
niyaté	1
nók	7
nókén	81
nókéné	1
nóki	5
nóksará	10
nósh	5
nóshá	1
nóshán	4
nósháni	2
nósha	2
nóshagá	2
nóshagi	2
nóshant	1
nóshét	1
nóshet	3
nósheta	1
nóshetag	1
nóshit	3
nograh	6
nograhén	4
noh	4
nohá	3
nohén	6
nohomi	11
nojumi	18
nojumián	3
nojumiáni	2
nokká	4
noksána	1
noksáné	1
noktahéay	1
nomásag	11
nonnok	26
nonnoká	10
nonnokáni	3
nonnokay	17
nonnoké	5
nonnokén	9
nonnokesh	2
norondhán	2
norondhag	1
norondhagá	2
nun	476
nuna	4
nur	11
nuray	3
nyáda	1
nyám	3
nyámá	209
nyámatán	2
nyámi	2
óbádag	18
óbádagán	5
ódá	279
óday	28
óláká	1
ópár	11
ópárá	6
ópára	2
ópáray	1
ópáré	3
óshtárénag	4
óshtárénant	1
óshtárént	11
óshtáréntant	1
óshtárénti	2
óshtát	46
óshtátag	45
óshtátagán	2
óshtátagant	5
óshtátagat	21
óshtátagatán	1
óshtátagatant	12
óshtátagay	4
óshtátagén	8
óshtátagét	2
óshtátant	16
óshtátesh	1
óshtag	5
óshtagay	2
óshtant	3
óshtét	3
óshtit	6
óshtók	1
ózhnág	3
o	13597
ogdah	4
ogdahá	1
ogdahdár	2
omét	19
ométá	10
ométa	4
ométay	5
omété	5
ométesh	2
ométi	1
ométwár	12
ométwára	1
ométwári	6
ométwáriay	1
omr	17
omray	5
omri	5
oo	900
ord	5
orosh	14
orosha	5
oroshesh	1
ostád	66
ostádá	4
ostádáni	5
ostáda	1
ostáday	2
ostádé	3
ostáné	1
oshterá	3
oshteray	5
otág	3
ozré	2
ozw	6
páband	4
pábandterén	1
pábondi	7
pád	212
pádá	10
pádán	50
pádána	4
pádáni	40
pádánon	1
pádára	1
páda	24
pádé	2
páde	1
pádesh	4
pádi	17
pádmáliá	1
pádon	4
pádunán	1
páedag	2
páedagé	6
pák	129
páka	2
pákdámoniá	1
pákén	271
pákéná	3
páki	36
pákizagiay	3
pákshódi	66
pákshódiá	11
pákshódia	21
pákshódiay	3
pákshódié	2
pákshódiesh	1
pákshódii	2
pákshódókén	29
pákterén	1
pákwandhén	3
pákwandhi	1
pál	10
pála	2
pálapásh	1
pálay	1
pánch	8
páneg	2
pánzdah	3
pánzdahomi	1
párthiéay	3
páru	1
pásá	6
pásán	2
páspáni	1
páshag	1
páshk	5
páshka	4
pátrápán	1
páydárén	1
páydári	1
pa	2670
pacch	7
pacchá	1
pach	101
pacha	27
pachali	4
pachén	1
pad	25
padá	429
padánkán	1
padánkáni	1
padag	4
padard	8
padarda	1
paddar	76
paddara	33
paddaresh	1
paddari	3
paddaria	2
padelén	1
padmozza	3
padmozzay	1
padmozzesha	1
padréch	20
padréchá	16
padréchay	3
padrombén	2
pagár	1
paggáh	4
pahell	25
pahella	1
pahelli	2
pahelliá	1
pahellia	2
pahelliay	2
pahelliesh	1
pahk	6
pahlugá	4
pahlugay	1
pahlugi	1
pahm	12
pahnát	1
pahnátá	15
pahnátán	1
pahr	14
pahra	13
pahré	2
pahréz	13
pahrézé	1
pahrézét	1
pahrézkár	31
pahrézkárá	5
pahrézkárán	13
pahrézkáráni	13
pahrézkára	2
pahrézkárén	20
pahrézkári	5
pahrézkáriá	5
pahrézkária	1
pahrézkáriay	5
pahresh	1
pai	2
pajjáh	38
pajjáha	24
pajjáhesh	3
pajjáhi	1
pajjáhia	1
pajjár	6
pajjárá	2
pajjárag	3
pajjáragá	4
pajjáré	1
pajjárénáni	1
pajjárénagá	2
pajjárénit	2
pajjárént	2
pajjáréntag	2
pajjárók	4
pajjárókán	1
pajjáróki	1
pakár	26
pakká	21
pakkáén	2
pakkái	1
palárán	2
palashti	1
palgár	46
palgára	6
palgárag	1
palgárén	5
palgári	16
palgáriá	10
palgáriay	13
palgárié	1
palgártagén	7
palgártagénán	7
palgártagénána	1
palit	21
palita	2
palitén	17
paliti	1
pall	3
paméshká	387
panáh	23
panáha	11
panáhé	1
panáhén	5
panch	54
panchá	1
panchén	9
panchsad	1
pand	2
pandal	10
pandalá	3
pandaláni	2
pandala	12
pandalé	3
panjáh	9
panjáhá	1
panjáhay	1
panjagáni	2
pannám	2
pannámi	1
pant	4
parastesh	27
parasteshá	2
parastesha	13
parasteshay	6
parasteshesh	2
parasteshgáh	27
parasteshgáhá	66
parasteshgáhán	3
parasteshgáháni	1
parasteshgáhay	86
parasteshgáhé	5
parasteshgáhi	2
parchá	101
pardah	4
pardahá	1
pardaha	1
pardahé	1
pardahéá	1
paréshán	67
paréshánén	1
parésháni	8
paréshánián	2
park	13
parka	1
parmáit	1
parmán	48
parmáná	6
parmánán	2
parmánána	1
parmánáni	7
parmánay	3
parmánbardári	3
parmánbardáriá	10
parmánbardárié	1
parmánesh	1
parmáni	12
parwáh	8
parwáha	1
parwáhesh	1
parwáhia	1
parzónag	9
parzónagá	2
parzónagay	20
parzónagpaymén	2
pas	36
pasán	25
pasáni	24
pasay	8
pasili	2
pasond	12
passaw	199
passawá	39
passawán	2
passawa	16
passawé	8
passawesh	5
passawi	20
passhagá	1
pashal	15
pashk	1
pashká	7
pashkéá	1
pashómán	41
pashómána	3
pashómánén	1
pashómáni	3
pashómániá	3
pashómániay	4
pashómániesh	2
pasht	33
pashta	3
patát	5
patátagén	3
patk	1
patkagén	1
patth	8
patthay	1
patthet	1
pathakk	3
pawj	5
pawjá	4
pawji	26
pawjián	4
pawjiáni	4
payádagén	1
payádaká	3
paygám	10
paygámá	1
paygámay	5
paygámesh	2
paygambar	14
paygambarán	5
paygambarána	2
paygambaráni	4
paygambaray	5
paygambaré	17
paygambaréá	3
paygambaréay	3
paygambaresh	1
paygambari	4
paygambaria	2
paygambariay	4
paygambariesha	1
paym	12
paymá	340
paymánah	1
paymánahéá	2
paymánkári	3
paymén	37
payradá	1
paysahá	4
paysahi	2
paysalah	4
paywast	1
pazzór	1
pazzóró	1
pazhm	1
pazhmá	2
pazhmordah	1
péch	1
pédá	86
pédáesh	26
pédáeshá	10
pédáeshay	9
pédáeshi	9
pédák	44
pélag	3
pélek	7
pér	2
pérá	1
péré	5
pérózi	3
pésar	127
pésará	97
pésara	3
pésarigén	14
pésarigéná	4
pésarigénán	1
pésh	124
péshá	13
péshánigá	3
pésha	36
péshahay	1
péshesh	1
péshgáh	6
péshgám	2
péshgói	53
péshgóián	4
péshgóia	2
péshi	6
péshia	7
péshigén	4
péshjáhá	24
péshromb	2
péshwá	78
péshwáay	14
péshwáé	4
péshwáéay	2
péshwái	4
péshwáiay	1
péshwáyá	14
péshwáyán	18
péshwáyáni	8
péshwáziá	5
péshzánti	2
pétiá	4
pétiay	7
pétk	2
pétkagat	1
pétkagén	1
pegr	43
pegrá	12
pegra	3
pegresh	1
pegri	4
pegrig	2
pelán	1
pellés	3
pellésá	2
pendhagá	4
pendhagé	1
pendhagi	1
pendhógeré	1
pendhógeriay	1
per	311
pera	49
pernám	13
perrénán	1
perrénag	1
perrénagá	1
perrénant	2
perrénit	3
perrénókén	1
perrént	2
perréntag	2
peryát	22
peryáta	16
peryátay	2
perh	1
pet	285
petá	115
petán	3
petáni	1
petay	111
peté	4
petnah	5
petnahsázé	1
petthetant	1
pilláshká	6
pilsup	1
pinaga	3
pir	16
piránsariá	1
pira	1
pirén	5
pirénán	15
pirénáni	7
piréné	1
pirok	10
pirokán	11
pirokáni	12
piroki	11
pissh	2
pléndh	3
pléndhi	1
póh	1
pól	3
pólá	1
póla	1
pólé	1
pólengé	2
pólesha	1
póst	9
póstá	7
póstén	3
pósh	3
póshák	21
pósháká	7
póshákán	3
póshákáni	1
pósháka	3
póshákay	1
póshákesh	2
pósháki	10
póshákó	1
póshén	1
póshet	2
póshetagat	3
póshetagatant	1
póshi	1
pocch	18
pocchán	6
poccháni	1
poccha	3
pocchesh	1
pocchi	3
pog	4
pogán	2
pogáni	2
pol	12
polant	3
polet	1
poletag	2
poll	8
pollá	1
polláni	3
polla	1
pollé	2
polli	4
por	4
poráni	2
pora	1
porarzesh	6
porarzeshén	1
porazábén	1
porbarén	1
porbarkatén	1
porehtebár	1
porkebr	7
pormarháhén	1
pormehr	2
pormehrén	4
porr	90
porra	5
porrén	2
pors	18
porsá	5
porsa	2
porsay	14
porsé	2
porsesha	1
porsig	2
porsiga	2
porshawkatén	11
portawár	1
porwákén	4
porzórén	4
porzórter	1
posht	21
poshtá	44
poshtesh	1
poshti	7
poshtpad	7
poshtpadá	2
poténk	1
poténkáni	1
poterén	3
poterét	1
poterit	2
potert	15
poterta	1
potertag	3
potertagat	1
potertagay	1
potertant	6
pothán	2
práhén	7
préb	6
prébá	4
préba	1
prébi	1
prébkár	1
préshtag	46
préshtagá	44
préshtagán	15
préshtagáni	16
préshtaga	3
préshtagay	6
préshtagé	29
préshtagéá	10
préshtagéay	1
préshtagi	2
pretk	2
prishk	2
prósh	18
próshán	2
prósha	6
próshag	4
próshagá	7
próshaga	2
próshant	4
próshay	2
próshét	4
próshit	8
prósht	10
próshta	1
próshtag	8
próshtagatant	2
próshtant	7
proshag	1
proshagá	2
prosht	9
proshtagant	1
puch	1
puhár	1
pujgeláni	1
purah	45
puraha	7
purahi	1
purchénk	2
purr	2
pussagá	3
pusset	1
pussit	2
puttár	1
pyálah	5
pyálahá	3
pyálahay	3
pyálahé	2
ráh	189
ráhá	220
ráhán	5
ráha	18
ráhay	46
ráhé	16
ráhéá	3
ráhesh	7
ráhesha	1
ráhi	28
ráhó	1
ráhon	1
ráj	3
rájay	1
rájdaptar	1
rámag	1
rást	68
rásta	12
rástén	93
rásténá	3
rásténa	50
rásti	73
rástiá	33
rástiay	29
rástié	1
ráston	1
ráz	15
rázán	3
rázé	4
rázig	3
rabbál	1
rabbi	3
rabédag	2
rabédagá	1
rabédagán	1
rabédagáni	2
rabédagay	1
rad	44
rada	20
radé	2
radén	15
radi	2
radián	3
radiáni	2
radié	3
radkár	11
radkárá	1
radkárán	4
radkárána	1
radkáráni	7
radkáré	2
radkárén	5
radkáresh	1
radkárián	1
radkárter	1
rag	2
rah	20
rahádag	21
rahband	40
rahbandá	5
rahbandán	6
rahbandáni	19
rahbanday	5
rahbandé	2
rahbandesh	1
rahbariá	1
rahchár	17
rahdári	2
rahdáriá	3
rahdarbaria	1
rahgwazén	1
rahm	29
rahma	6
rahmat	43
rahmatá	9
rahmatán	7
rahmatána	2
rahmatáni	10
rahmatay	18
rahmaté	2
rahmatén	1
rahmati	5
rahmdel	2
rahmdeli	1
rahsará	2
rahsarán	3
rahsarána	1
rahshón	15
rahshónán	2
rahshóni	7
rahshóniá	2
rahzan	1
rahzané	4
rajók	1
rajókéá	1
rajókén	2
rakkag	5
rakkagá	5
rakkagay	4
rakkant	2
rakkén	3
rakkénán	3
rakkénag	24
rakkénagá	27
rakkénaga	4
rakkénagay	13
rakkénét	1
rakkénit	37
rakkénók	32
rakkénóká	1
rakkénóka	1
rakkénókay	3
rakkénóké	4
rakkénókén	16
rakként	9
rakkénta	7
rakkéntag	16
rakkéntagant	1
rakkéntagén	1
rakkéntant	4
rakkénti	6
rakkét	1
rakket	5
rakketa	10
rakketag	4
rakketagant	1
rakketay	1
rakkit	15
ramag	13
ramagá	5
ramagay	8
ramagé	3
ramagesh	1
raméz	5
ramézá	1
raméza	2
ramz	4
rand	341
randá	353
randa	8
randé	44
randesh	1
randgir	10
randgiri	4
randgiriá	46
randgirii	1
randi	1
randterá	8
rang	16
rangé	1
ranj	6
ranja	2
ranjé	1
ranjéá	1
ranjénagá	2
rasadé	1
rasagá	19
rasagi	4
rasant	11
rasénán	1
rasénag	5
rasénagá	5
rasénaga	1
rasénagay	2
rasénagi	1
rasénant	3
rasénét	2
rasénit	2
rasénitesh	1
rasént	21
raséntag	6
raséntagant	1
raséntesh	1
rasénti	3
rasét	4
raset	93
rasetag	41
rasetagán	2
rasetagat	16
rasetagatán	1
rasetagatant	4
rasetagati	1
rasetagén	2
rasetagesh	1
rasetant	44
rasetén	10
rasetesh	3
raseti	3
rasit	84
rasm	9
rasmá	2
rasmán	5
rasmi	1
rastákhiz	4
rastahá	1
rastgári	1
rastgária	1
raw	4
rawá	29
rawáj	3
rawáján	1
rawájáni	3
rawája	1
rawájaká	1
rawán	157
rawána	17
rawánén	1
rawánesh	1
rawáni	3
rawag	16
rawagá	88
rawaga	2
rawagay	16
rawagi	11
rawant	12
raway	7
rawén	9
rawét	11
rawók	1
rawókén	2
rawt	53
razá	32
razáay	3
razámand	1
razáyá	12
réchán	1
réchag	8
réchaga	6
réchant	3
réchét	1
réchit	3
rédag	3
rék	1
rékáni	7
répénant	1
répénit	1
répént	1
résant	2
résh	5
rétk	1
rétkant	2
rechant	3
red	8
redá	8
reday	3
repk	19
repké	2
retk	18
retkagén	10
retkant	14
rezk	2
riákárán	1
riákári	1
risshag	14
rishkamáshén	1
rishkand	15
rishkanda	5
rishkandé	2
róbáhá	1
róch	217
róchá	346
róchán	58
rócháni	13
rócha	11
róchag	12
róchaga	13
róchagay	6
róchay	67
róché	92
róchéá	6
róchéay	8
róchi	4
róchigén	3
róchmozz	1
ród	1
ródarátk	5
ródarátká	4
ródarátkay	1
ródarátki	2
ródénit	2
ródént	9
rógen	37
rógenesh	2
rógeni	1
rók	15
róka	5
rókén	7
rókesh	1
rón	6
róná	1
rónay	1
rónend	9
rónendá	11
rónenday	3
rónendi	5
rónkárána	1
róshen	2
rótán	2
rótag	3
róti	1
rózig	1
rózigá	2
róziga	2
rózigay	1
rodán	4
rodant	3
rodit	11
rodóm	7
rodómá	6
rodóma	3
rodómi	1
rogurogu	2
rohézag	3
roksat	17
roksata	6
roksati	2
romb	15
rombá	6
rombagay	1
rombay	5
rombé	28
rombént	3
rombénta	1
rombit	2
ronán	2
ronagay	2
ronant	3
ronay	2
ronit	1
ronók	10
ronókáni	1
ropt	1
roptag	2
rost	33
rostag	3
rostagat	1
rostant	5
rozz	1
rozhn	24
rozhná	20
rozhnág	6
rozhnága	6
rozhnái	14
rozhnáiá	19
rozhnáia	1
rozhnáiay	6
rozhnáié	2
rozhnáterén	1
rozhnay	5
rozhné	3
ru	6
ruá	5
ruh	99
ruhá	64
ruhán	8
ruháni	5
ruhánién	9
ruha	3
ruhay	47
ruhé	13
ruhéay	3
ryá	6
sáchók	1
sáchókén	1
sád	6
sádán	2
sádah	1
sáh	20
sáhá	26
sáha	3
sáhat	39
sáhatá	29
sáhatáni	2
sáhatay	2
sáhaté	6
sáhatéá	7
sáhay	13
sáhél	3
sáhéla	1
sáheb	5
sáheg	7
sáhegá	27
sáhegay	2
sáhegéá	2
sáhel	6
sáheráni	1
sáhi	9
sáken	2
sál	68
sálá	58
sálán	12
sálánet	1
sálárá	52
sálay	16
sálé	4
sáléá	4
sálgerah	1
sálgerahá	1
sáli	2
sálig	1
sálónk	17
sálónká	8
sálónkay	5
sámánesh	1
sáng	17
sángá	5
sánga	2
sánkalán	1
sáp	15
sápén	7
sár	11
sárt	3
sárhát	5
sárháyán	2
sárháyag	5
sárháyant	2
sát	16
sátá	2
sáthetag	1
sáz	8
sázag	1
sázant	9
sázesh	8
sázet	1
sázger	53
sabáhá	17
sabáha	1
sabáhay	3
sabak	31
sabaká	1
sabakán	4
sabakáni	1
sabaka	12
sabakesha	1
sabakon	1
sabaktani	2
sabr	27
sabz	9
sabza	3
sabzagá	1
sabzagán	2
sabzaga	1
sabzagé	7
sabzagén	3
sad	22
sadáp	1
saday	1
saddak	9
saggag	5
saggagá	10
saggagay	2
saggagi	4
saggét	1
sagget	6
saggetag	3
saggetant	1
saggit	6
sahdáráni	2
sahig	100
sahiga	6
sahigi	1
sahigiá	1
sahl	1
sahn	5
saht	2
sajjahén	830
sajjahénán	66
sajjahénána	6
sajjahénáni	51
sajjahéna	2
sajjahénesh	1
sajjahéni	4
sakk	186
sakkén	33
sakki	69
sakkiá	1
sakkián	6
sakkiána	6
sakkiáni	20
sakkiay	5
sakterén	3
saláh	10
saláhá	4
saláhay	3
saláhesh	3
saláhkárán	1
salám	13
salámat	3
salámatén	3
salámati	11
salámatiay	6
salib	40
salibá	14
salibáni	1
saliba	1
salibay	29
salibesh	1
sallah	7
sallaha	6
salwátesh	1
samát	3
samáta	1
samar	16
samará	10
samaráni	1
samara	4
samaré	3
sambálók	4
sambahénét	1
saná	39
sanái	1
sanáyá	6
sanáyán	3
sanduk	3
sanduké	1
sangara	1
sangat	17
sangatán	1
sangatay	1
sangati	1
sangin	3
sangini	1
santh	3
sapá	2
sapar	20
sapará	20
saparán	2
sapara	1
saparay	4
saparé	1
saparéá	5
sapt	16
saptáni	1
sapté	3
sar	272
sará	1260
sarán	1
sara	31
saray	29
sarbatag	3
sarbolanda	1
sarborá	15
sarchammag	8
sarchammaga	1
sardár	11
sardárán	1
sardáray	2
sardáré	1
sardárzádagé	1
sardast	3
sardiáni	1
sardhagár	6
sardhagárá	23
sardhagárán	2
sardhagáray	8
saresh	3
saresha	1
sareshta	2
sareshtay	12
sargardán	6
sargardána	3
sargardánén	1
sargrána	1
sargwast	12
sargwastá	6
sargwastán	2
sargwastáni	2
sargwastay	3
sargwastesh	3
sargwazay	45
sari	26
saria	1
sarjáhé	3
sarjam	87
sarjamá	5
sarjama	13
sarjamén	30
sarjamesh	1
sarjami	6
sarjamiá	11
sarkári	1
sarkap	1
sarkasshén	1
sarkash	5
sarkashiá	1
sarkech	13
sarkecha	12
sarmachár	1
sarmacháray	3
sarmachárén	5
sarmaster	2
sarók	44
saróká	13
sarókán	28
sarókáni	33
saróké	10
sarókén	1
sarókiá	10
sarok	1
sarpad	59
sarpada	29
sarpadesha	1
sarpadiá	1
sarperáz	3
sarperáza	7
sarpósh	1
sarráp	2
sarrápán	1
sarrápáni	3
sarréch	45
sarrécha	7
sarréchén	7
sarsabzén	4
sarshakun	5
sarshakuna	4
sarunán	1
sarwatmandiay	1
sarzáherá	6
sarzáheri	1
sarzanesh	1
sarzaneshay	1
sarzobáni	1
sarhál	1
sarhálán	3
sarháláni	2
sarhálay	1
sarhag	3
sarhetag	1
sarhit	1
satá	125
satáyá	5
sawádá	1
sawab	8
sawabá	86
sawaba	8
sawabay	1
sawabéá	2
sawabsáz	2
sawabsáza	6
sawdá	4
sawdáger	2
sawdágeráni	4
sawdágeréay	1
sawdágeri	1
sawdágeriá	2
sawdágeria	1
sawgát	3
sawgátá	2
sawgáté	2
sawgátesh	1
sawgand	3
sawn	8
sawnán	2
sawnay	2
say	125
sayá	10
sayay	1
sayén	19
sayénán	1
sayénáni	1
sayl	5
saylá	2
saymi	41
saymiesh	1
sayomi	13
séd	2
sénag	1
sénagá	6
sénagán	1
sér	22
sérá	14
séra	9
séréni	1
sérláp	3
sésad	8
sehr	2
sekkahi	1
seláh	3
seláhán	3
seláhband	5
selkáriána	1
selkáriáni	1
selkáriay	1
sell	22
sellén	29
selli	1
selliáni	1
selterén	2
sendag	8
seng	53
sengá	9
sengán	1
sengáni	1
sengay	6
sengdel	2
sengdeliá	2
sengdeliay	2
sengé	19
sengéay	1
sengén	4
sengmarmarén	3
sengsár	11
sengsára	5
sepáhig	37
sepáhigán	36
sepáhigáni	13
sepáhigay	3
sepáhigé	2
sepáhigéá	1
sepáhigesh	2
sepáhigi	2
sepat	12
sepordah	10
sepordaha	2
serr	1
serrénit	2
serret	2
sest	13
setama	1
setk	29
setka	1
sezá	54
sezáay	4
sezái	1
sezáwár	2
sezáwára	1
sezáyá	8
sezáyána	2
si	17
sién	2
simsarán	10
simsari	1
singár	1
singáretagesh	1
sób	6
sóbé	3
sóbén	13
sóbéna	6
sóchagá	2
sóchaga	5
sóchagi	10
sóchant	2
sóchit	5
sóchókén	2
sóchoki	3
sódet	2
sóhána	1
sój	42
sójá	1
sóján	3
sójáni	2
sója	25
sójé	2
sórén	2
sóri	20
sórián	7
sóriáni	19
sóriay	1
sórié	4
sótk	3
sótkagén	1
sótkant	4
sobáreg	1
sobakk	9
sobakka	2
sobakkén	1
sobakki	2
sobakter	1
sochagá	3
sochit	2
sohayliga	1
sohbat	4
sohbati	1
sohbay	6
sohl	51
sohlay	1
sohongó	1
sohr	11
sohrá	1
sohray	1
sohrchakén	1
sohrén	3
sojdah	17
sojdahesh	1
sojj	1
sojjá	1
sokkáné	1
sokkánesh	1
sombolay	2
song	20
songá	2
songay	2
songi	16
songiáni	1
sonnat	38
sonnata	3
sonnati	2
soprah	5
sor	1
sorag	1
soragá	1
sorénag	6
sorénagá	1
sorént	1
soret	1
sost	6
sotk	4
sráchag	3
srapay	1
srén	3
sréná	3
sréni	1
srénproshtagén	1
stádiá	1
stádios	4
stater	1
suchenay	3
sudommi	1
sug	1
sugia	1
sur	58
surá	6
sura	5
suray	19
suri	3
sutt	11
suttá	7
suttán	1
suttáni	1
sutta	2
swár	47
swáren	1
swáriá	1
swás	3
swásá	2
swásán	2
syád	16
syáh	3
syáhag	1
syáhagá	1
syáhaga	4
syási	5
syahgarr	4
syahgarrá	3
syahgarray	3
syahgarrién	1
syahgwátán	3
syahgwátéá	2
syahmárzádagán	4
syahróchié	1
sycomorus	1
shábásh	4
shádán	22
shádána	9
shádahi	47
shádehi	21
shádehia	7
shádehiay	3
shádkámi	3
shádkámiáni	2
shádmán	10
shádmána	4
shádmáni	16
shádmániá	9
shádmániay	13
shádmánié	1
sháerán	1
sháeré	1
shágerd	2
shágerdán	2
shágerdesh	1
sháh	1
sháhánagén	1
sháhed	25
sháhedán	1
sháhedáni	1
sháheda	1
sháhedé	2
sháhedesh	1
sháhedi	25
sháhediá	6
sháhedia	9
sháhediay	7
sháhedié	5
sháhediesha	1
sháhi	2
shál	7
shám	13
shámá	14
shámay	11
shámé	1
shámesh	2
shán	109
sháné	1
sháng	24
shánga	6
shángén	1
shánt	1
shántagénáni	1
shántol	4
shátórén	1
shahár	16
shahárt	6
shahárti	1
shahid	1
shahm	10
shahmáni	1
shahmát	5
shahmátán	3
shahmáté	3
shahmátesh	2
shahma	1
shahmé	1
shahr	74
shahrá	200
shahrán	22
shahráni	7
shahra	2
shahray	129
shahré	8
shahréá	19
shahréay	2
shahri	2
shahrwand	1
shakk	8
shakka	1
shakkay	1
shakké	1
shakket	3
shallák	10
shamálah	2
shambehay	4
shamóshit	2
shamóshkárén	1
shamoshtag	5
shamoshtagat	1
shamoshtagi	1
shap	37
shapá	56
shapay	25
shapé	10
shapéá	3
shapi	5
shapnémá	8
sharáb	30
sharábá	10
sharába	5
sharábay	2
sharábén	1
sharábesh	4
sharábi	1
sharábián	1
sharábié	2
sharábwáriay	1
sharap	26
sharapá	3
sharapa	5
sharapdár	4
sharapdára	4
sharapdárén	10
sharapdártera	1
sharapé	1
sharapéá	1
sharapi	1
sharikdár	20
sharikdárén	3
sharikdári	1
sharkerdén	1
sharkerdi	1
sharkerdiá	3
sharm	4
sharmendag	20
sharmendaga	9
sharmnákén	3
sharr	62
sharra	8
sharrang	1
sharrén	87
sharréné	1
sharri	13
sharriá	7
sharriay	4
shartbandi	5
sharter	24
shartera	7
sharterén	18
sharteri	1
shast	5
shash	20
shashá	5
shashén	5
shashomi	11
shatalkár	2
shatalkárán	9
shatalkáráni	1
shatalkárén	1
shatalkári	1
shatay	1
shawk	3
shawkat	50
shawkatá	32
shawkata	6
shawkatay	11
shawkaté	7
shawkatéá	1
shawkati	7
shawr	85
shawrá	3
shawrán	1
shawra	3
shawré	7
shawresh	8
shawret	1
shawri	4
shayray	1
shayré	5
shayri	9
shaytáni	3
shérá	1
sheddatay	1
shegánán	1
shegána	3
shehm	5
shekár	8
shekárá	12
shekára	4
shekáré	3
shekáyat	2
shekáyata	1
shekl	8
shená	1
sheneké	3
sheng	63
shenz	3
sherr	11
sherrá	1
sherré	1
shezz	12
shikka	2
shirá	3
shiragay	2
shiri	1
shirmechén	2
shód	5
shódag	4
shódagá	7
shódaga	1
shódagay	1
shóday	3
shódit	3
shódókén	1
shóház	46
shóházá	66
shóháza	9
shóna	1
shór	3
shórénit	2
shórént	3
shóréntant	4
shóresh	5
shóreshá	2
shóresha	3
shóreshay	2
shóreshé	3
shóreshesh	3
shóreshgariay	1
shóreshi	1
shósheng	1
shobén	9
shobéná	5
shobénag	2
shobénagá	1
shobénay	1
shobéné	2
shodá	9
shodagá	1
shodig	23
shodiga	3
shodigén	3
shogr	9
shográ	21
shogresh	2
shogrgozáriay	5
shogri	20
shohbah	1
shomá	898
shomái	1
shomál	3
shomálá	1
shomáli	6
shomárá	443
shomay	393
shomayg	6
shomaygá	2
shomaygi	9
shopánk	22
shopánká	2
shopánkán	8
shopánkáni	1
shopánka	3
shopánki	8
shopánkiá	2
shoru	4
shoruhát	3
shoruhátá	1
shosht	7
shoshtagant	2
shoshtant	14
shot	304
shotán	6
shota	6
shotag	10
shotagán	3
shotagant	6
shotagat	10
shotagatán	2
shotagatant	3
shotagay	1
shotagét	8
shotant	140
shotay	1
shotén	9
shotét	1
shummán	1
shwánag	3
shwánagán	1
táb	5
tábán	1
tába	5
tábi	1
tábiré	1
táchénét	1
táchéntant	3
táé	3
tágaté	2
táit	1
táitán	1
táj	3
tájá	3
tájé	8
tájeráni	7
ták	8
táká	2
táka	3
tákesh	1
táki	2
tákid	4
tálán	29
tálána	6
tálánt	11
tálántá	1
tálánté	3
tálánti	5
tálár	2
tálárá	1
tálim	37
tálimá	9
tálimán	4
tálimáni	2
tálima	17
tálimay	5
tálimi	4
tálimia	1
tám	3
támá	3
támdár	1
támdárter	1
támó	1
tán	702
tánke	166
tápagá	6
tásay	1
tásé	2
táséay	1
táwán	11
táwána	3
táwánbára	1
táwánbárén	1
tab	1
tabá	1
tabáh	21
tabáhi	8
tabáhiá	1
tabáhiay	2
tabaká	1
tabakéay	5
tablig	1
tachán	11
tacháná	22
tachána	1
tachag	2
tachant	6
tachit	4
tachk	46
tachkátachk	8
tachkén	5
tachki	4
tagár	4
tagáray	1
tagáréay	2
tahá	336
tahár	15
tahára	4
tahárdém	1
tahárén	5
tahári	13
taháriá	16
tahárié	2
taháróki	10
tahárókiá	13
tahárterén	5
tahambolay	2
tahay	3
tahdid	2
tahlén	2
tahm	5
tahná	141
tahnaká	1
tahr	5
tahrén	5
tahrik	4
taht	22
tahtá	12
tahtál	4
tahtán	1
tahtáni	2
tahtagén	1
tahtagi	2
tahtarun	6
tahtaruná	6
tahtarunay	11
tahtay	18
tahtéay	4
tahti	2
tai	959
taig	12
taigá	1
taiga	1
tak	4
takán	1
takánsar	2
takabbor	4
takénén	1
takrár	2
tal	5
talák	4
talákán	2
talákána	1
taláka	1
taláknámahé	3
talár	25
talárá	10
taláray	7
taláwagá	4
taláwagé	1
talag	3
talwasagá	1
tamán	13
tamánén	5
tamáshá	3
tamásháay	1
tamah	15
tamahá	1
tamard	2
tambu	19
tambuá	8
tangaw	2
tangawáni	1
tangaway	1
taningah	16
tank	2
tanka	1
tankén	4
tantaná	24
tap	1
tapá	1
tapar	3
tapéá	1
tapi	3
tapig	3
tará	409
tarjomán	1
tarr	26
tarrán	8
tarrag	13
tarragá	10
tarragay	12
tarrant	7
tarrén	3
tarrénagay	1
tarrénant	1
tarrénay	2
tarrénit	7
tarrént	44
tarréntant	1
tarret	54
tarretagat	3
tarretagatant	1
tarretagét	1
tarretant	30
tarrit	19
tartib	1
taruná	2
tasallá	9
tasallái	1
tatk	6
tatkag	3
tatkant	10
taw	931
tawár	105
tawárá	28
tawára	21
tawáray	4
tawáré	33
tawáréá	3
tawáresh	1
tawári	12
tawbah	10
tawk	1
tawkal	14
tawrátay	6
tawrénit	1
tawréntagant	1
tayábá	20
tayábay	4
tayábdapá	1
tayábesh	1
tayábgwar	1
tayábgwaray	1
tayábi	2
tayár	78
tayára	11
tayári	13
tayáriá	14
tayária	1
tayáriay	6
tayárjórhi	1
tayárjórhiay	1
tayl	1
télánk	6
tézáster	1
tézén	5
teláh	5
teláhá	3
teláháni	2
teláhén	6
tepák	4
tepáki	2
tepákiá	1
tók	4
tóká	40
tóki	1
tóré	1
tóshag	4
toh	6
toha	1
tohesh	1
tohia	1
tohm	38
tohmá	4
tohmán	3
tohmáni	13
tohma	1
tohmat	10
tohmay	11
tohmi	5
tohpah	15
tohpahá	1
tok	3
tompéá	1
tonnig	15
tonniga	7
toré	24
tors	24
torsá	32
torsagá	2
torsé	8
torsénag	1
torsesh	5
torset	31
torsetag	1
torsetesh	12
torseti	8
torsi	1
torsit	9
torsnák	2
torsnákén	8
tosant	1
trákénit	2
trán	25
tráná	4
trána	7
tránagá	13
tránagi	1
tránesh	1
tráni	6
tránia	3
tráshag	1
tráshtagati	1
tráshtagén	1
traddán	1
trakkant	2
trakket	2
trampáni	1
trampé	1
trishkoké	1
trond	5
trondén	27
trondi	6
trondiá	3
tronset	1
tropshén	5
tuday	1
tuppán	21
tuppáná	9
tuppána	1
tuppáné	7
tuppánén	2
tuppáni	1
turag	5
turagé	1
tusk	1
tuskén	2
twán	20
twáná	8
twána	2
twánay	2
twáné	4
twáni	7
twánmandén	1
tyáter	1
thál	14
thálán	1
tháláni	6
thálé	5
tháléá	3
tháléay	1
thángán	1
thagal	18
thagala	9
thagalant	2
thagalénaga	1
thagalénit	3
thagaletag	1
thagalit	4
thapp	1
thappá	2
thappi	5
thappig	2
thappigén	7
thappigia	1
thayks	3
thékah	3
théki	15
thékiá	5
thékián	1
thékiáni	2
thékia	2
thékié	4
thél	15
thélán	1
thélay	3
théldánáni	1
thélé	1
thélesh	4
thélkáhay	5
the	1
thekk	2
thekké	1
thóli	3
thóliá	5
thóliay	2
thólié	3
thóliéá	1
thóliéay	1
thórán	1
thokkagá	1
thokkét	1
thokket	1
thokkit	1
thokkor	4
thokkorán	2
thokkorána	2
thokkoráni	1
thokkora	4
thong	7
thuhén	3
wáb	54
wábá	44
wábáni	3
wába	2
wábé	15
wábéá	1
wábénag	4
wábi	1
wábjáhé	1
wád	4
wádah	38
wádahán	1
wádaháni	1
wádaha	1
wádahi	1
wáday	3
wádi	2
wádók	4
wádóka	1
wáhag	53
wáhagá	14
wáhagán	13
wáhagáni	21
wáhagay	5
wáhagdár	10
wáhagdárter	1
wáhagé	4
wáhagesh	2
wáhond	36
wáhondá	5
wáhondáni	1
wáhonda	16
wáhonday	2
wájah	105
wájahá	12
wájahán	5
wájaháni	3
wájahay	3
wájahén	4
wájahesh	2
wájahi	1
wájahia	1
wák	92
wáká	16
wáka	6
wákay	2
wáké	1
wáki	2
wáli	21
wáliá	5
wáliay	10
wám	14
wámán	3
wámána	8
wámáni	5
wáma	4
wámdár	11
wámdárá	2
wámdáray	1
wámesh	1
wánagá	10
wánaga	1
wánay	1
wánéntagant	2
wánét	1
wánendah	3
wánók	2
wánókán	1
wánt	2
wántant	1
wápas	1
wápént	7
wár	7
wáres	1
wáresáni	1
wárning	3
wárt	106
wártag	21
wártagant	3
wártagat	3
wártant	18
wártia	1
wárhay	1
wátarr	2
wáwaylá	1
wáz	2
wázia	1
wázmand	2
wa	24
wabá	2
wadár	5
wadárá	30
wadára	3
wadáresh	1
wadárig	10
wadi	15
wadia	4
wahd	106
wahdá	398
wahdán	5
wahdáni	2
wahda	2
wahday	10
wahdé	799
wahdéá	19
wahdi	40
wahshi	2
wajud	3
wakiléá	1
walwalahé	2
wandh	2
wandhá	1
wandhál	5
wandhála	1
wandhálesh	1
wandháli	1
wandhé	1
wapádár	16
wapádára	2
wapádárén	3
wapádári	12
wapádáriá	9
wapk	6
wapkay	3
wapt	8
waptag	9
waptagán	1
waptagat	7
waptagatant	1
waptagén	3
waptagét	1
warák	64
waráká	13
warákána	1
waráka	15
warákay	11
waráké	19
warákéay	3
warákesha	1
waráki	8
warákó	1
warákon	2
warán	4
warag	36
waragá	59
waragán	1
waraga	4
waragay	11
waragesh	4
waragi	2
warant	23
waray	1
ward	19
warén	1
warét	7
warná	24
warnáay	3
warnáé	9
warnáesh	1
warnái	4
warnáyá	4
warnáyán	5
warók	7
warókén	2
warh	6
warhá	14
warhén	15
was	12
wasá	2
wasilahá	8
wassig	4
wassigá	1
wassigay	1
wassh	65
wasshá	2
wasshán	10
wasshátk	27
wasshátká	6
wasshátka	8
wasshátkesh	1
wasshátki	2
wasshátkié	1
wassha	9
wasshén	86
wasshi	18
wasshiá	3
wasshián	3
wasshia	3
wasshié	2
waswasahá	1
waswasaha	1
washáwázáni	52
washbóén	7
washdel	5
washnám	3
washnáma	1
washnámén	1
washnámi	1
washnód	4
washnóda	3
washnódiá	3
washtámi	1
washtámiá	1
washwáhagi	3
wat	319
watá	179
wata	28
watbrát	1
watbrátén	1
watgarazi	3
wati	2427
watig	5
watigáni	1
watiga	3
watigia	2
watkoshi	1
watkoshiá	1
watmánwat	13
watmánwatá	39
watsar	10
watsará	2
waylánkén	1
waylánki	3
wayrán	9
wayránén	2
wayráni	1
wayrániay	2
wejdán	5
wejdáná	2
wejdáné	1
yá	188
yáddáshté	1
yádgárén	1
yági	7
yágia	3
yágié	1
yágién	1
yánke	1
yát	33
yátá	17
yáta	7
yátmáná	4
yátmánén	2
yázdah	3
yázdahén	12
yázdahénán	1
yázdahomi	1
yak	609
yakdánagén	7
yakdár	5
yakdegará	27
yakdegaray	1
yakdegaresh	1
yakdel	3
yakdeliá	1
yakdomiá	40
yakdomiay	14
yakgwáp	1
yakjáh	59
yakjáha	3
yakján	1
yakk	24
yakká	6
yakké	148
yakkéá	68
yakkéay	18
yakkén	52
yakkéná	2
yakpaymá	1
yakráh	2
yaksad	6
yakshambehay	6
yakwahd	2
yal	1
yalah	155
yalaha	32
yalahesh	2
yalahia	1
yatim	1
yektáén	1
zá	8
záher	81
záherá	2
záhera	14
zál	1
záná	32
zánán	50
zánag	39
zánagá	17
zánaga	33
zánagi	2
zánant	22
zánay	27
zánén	41
zánét	60
zánóger	45
zánógerá	6
zánógerán	20
zánógeráni	9
zánógeré	1
zánt	150
zántá	10
zánta	4
zántag	8
zántagant	6
zántagat	6
zántagatesh	1
zántagati	2
zántagi	2
zántant	6
zántay	1
zántéá	1
zántén	1
zántesh	10
zánti	12
zántkár	19
zántkáráni	1
zántkáré	1
zántkáréay	2
zántkárén	3
zántkári	4
zántkáriá	1
zántkáriay	1
zántkárter	3
zántkártera	1
zánton	4
zár	3
zári	12
zárié	5
zát	2
zátá	2
záyagay	3
zabáddánesh	1
zabur	121
zadag	1
zaheri	2
zahirán	1
zahm	22
zahmá	13
zahmán	1
zahmáni	6
zahma	3
zahmat	5
zahmaté	4
zahmatkasshán	1
zahmatwár	1
zahmay	2
zahmé	5
zahméá	1
zahmi	1
zahmkósh	1
zahr	43
zahrá	2
zahrápá	1
zahra	4
zahré	2
zahrichk	4
zahrichkán	1
zahrichkáni	1
zahrichkay	4
zahrnákén	1
zahrnáki	1
zahrréch	1
zakat	4
zakatán	1
zakata	1
zalur	2
zalurat	12
zaluratán	1
zaluratáni	4
zalurién	1
zamánag	6
zamánagá	38
zamánagán	8
zamánagáni	1
zamánagay	29
zamánat	2
zamir	3
zamzil	7
zamzilá	2
zamzilán	2
zamzili	1
zang	1
zangá	2
zanga	3
zangesh	1
zank	3
zarbaté	1
zardárán	1
zardárén	7
zargaré	1
zarparast	1
zarr	55
zarrá	4
zarrán	16
zarráni	6
zarra	6
zarray	7
zarré	11
zarresh	1
zarri	5
zarturag	4
zarturagá	1
zarturagay	1
zawál	26
zawála	10
zaytunay	18
zaytuni	2
zébá	7
zébáiá	3
zébáiesh	1
zémelá	1
zémelay	1
zéwar	1
zéwari	1
zebahr	6
zegr	10
zekk	7
zekká	2
zekkán	4
zekkána	1
zekkáni	1
zekka	1
zelzelah	3
zemestán	2
zemestáná	3
zemin	65
zeminá	63
zeminay	103
zeminchandh	1
zeminchandha	3
zeminchandhé	2
zemindáray	1
zemindáré	1
zemini	7
zemmah	8
zemmahwár	1
zemmahwári	4
zemmahwáriá	1
zená	23
zenáay	2
zenái	1
zenahkárán	1
zenahkáré	1
zenahkárén	5
zenahkáriá	1
zenahkáriay	1
zend	76
zendá	58
zendáná	1
zendáp	8
zendápa	1
zendápay	3
zenda	24
zendag	119
zendagá	2
zendaga	61
zendagén	13
zendagéná	1
zendagénáni	7
zendagi	4
zendagia	3
zendaká	2
zenday	66
zendéá	1
zendesh	1
zendesha	1
zendi	3
zendmán	4
zendmáná	2
zendmána	3
zendmánay	12
zer	5
zerá	3
zeray	5
zerbári	2
zerkerrán	1
zi	2
zimm	3
zimmé	1
zirragay	1
zór	70
zórá	21
zórákén	8
zóráki	6
zórákiá	5
zórákter	5
zóránsaria	1
zóráwarén	11
zóra	3
zórbord	3
zóré	4
zóri	1
zórmand	17
zórmandán	2
zórmandáni	1
zórmandén	6
zórmandtera	1
zórmandterén	2
zobán	33
zobáná	71
zobánán	9
zobánáni	1
zobánay	14
zobáné	3
zobáni	5
zobánok	3
zolm	12
zort	80
zorta	3
zortag	20
zortagat	1
zortagén	2
zortant	30
zorti	4
zreng	2
zurag	11
zuragá	15
zurant	4
zurén	1
zurét	2
zurit	9
zut	7
zutt	34
zutter	3
zyádahén	2
zyádahi	1
zyán	3
zyána	5
zyáratjáhá	1
zyáratjáhay	3
zhámbalénag	2
zhámbalénit	1
zhámbalént	4